model,case_id,trace_id,base_is_correct,base_entity,n_sentences,n_boundaries,reasoning_tokens,total_tokens,converge_boundary,converge_boundary_frac,converge_token,converge_token_frac,p_at_convergence,p_first,p_final,converge_boundary_strict,converge_token_frac_strict,curve
deepseek-r1-distill-qwen-1.5b,0148cedaed162d8c1591e7dad5de6dec,ee1afd8dfd3ddf52704ccdfbbee09fd4ae3e9aa980578ee05ce86b54000fe45e,True,Major Depressive Disorder,24,25,484,823,17,0.7083333333333334,657,0.6797520661157025,1.0,0.21052631578947367,1.0,17,0.6797520661157025,"[0.2105, 0.05, 0.1111, 0.2105, 0.2, 0.1579, 0.15, 0.2, 0.0526, 0.2, 0.1, 0.0588, 0.0526, 0.2353, 0.45, 0.1053, 0.7368, 1.0, 0.9474, 1.0, 1.0, 1.0, 1.0, 1.0, 1.0]"
deepseek-r1-distill-qwen-1.5b,0148cedaed162d8c1591e7dad5de6dec,c6482395954871c37d60f36d233dcd579e00065383303710a4be205bbdaa4eb8,False,Dementia,11,12,196,534,11,1.0,524,1.0,1.0,0.0,1.0,11,1.0,"[0.0, 0.0, 0.0, 0.0, 0.0, 0.0, 0.0, 0.0, 0.2105, 0.25, 0.6316, 1.0]"
deepseek-r1-distill-qwen-1.5b,02b15d84011aa2ed96dcb904e63129bb,87cc6962263e6fb1fa5257f65e0bf076859f887cd6d0d47a2bfbb414e6e32b63,True,Chronic Lung Disease,17,18,407,583,17,1.0,570,1.0,1.0,0.05,1.0,17,1.0,"[0.05, 0.0, 0.0, 0.05, 0.0, 0.0, 0.0, 0.0, 0.1, 0.0, 0.2, 0.2778, 0.3529, 0.6842, 0.6667, 0.5556, 0.5294, 1.0]"
deepseek-r1-distill-qwen-1.5b,02b15d84011aa2ed96dcb904e63129bb,0f06f6990d5d116905f7015cfdb32c45450e9c9707c1751eef1a8d35e92680df,False,Chronic Respiratory Failure,16,17,320,506,13,0.8125,427,0.825,0.8,0.1,0.7,16,1.0,"[0.1, 0.1, 0.1053, 0.1579, 0.15, 0.0, 0.0526, 0.2632, 0.0, 0.5, 0.9444, 0.6842, 0.95, 0.8, 0.85, 0.95, 0.7]"
deepseek-r1-distill-qwen-1.5b,07dbd8eabfba4b1d9d665331dea90335,a4a5eace3266797d140ed765b79af36db63dc56eb7080c8bf39e5076e528db34,True,Hemorrhage,13,14,290,460,11,0.8461538461538461,408,0.8620689655172413,0.8,0.10526315789473684,0.65,11,0.8620689655172413,"[0.1053, 0.0, 0.0, 0.0, 0.2, 0.2632, 0.15, 0.3158, 0.7, 0.7, 0.9, 0.8, 0.75, 0.65]"
deepseek-r1-distill-qwen-1.5b,07dbd8eabfba4b1d9d665331dea90335,8f06066e2ff4a57947358486c2d012cc162e70a54f6817cdda1c480c2fe2ea0b,False,Postpartum Hemorrhage,12,13,298,474,6,0.5,283,0.41946308724832215,0.85,0.0,1.0,6,0.41946308724832215,"[0.0, 0.05, 0.05, 0.1579, 0.1, 0.05, 0.85, 0.8, 0.85, 1.0, 1.0, 1.0, 1.0]"
deepseek-r1-distill-qwen-1.5b,0a50a7f439c2c0e933b8132ed7650075,b5e583d720abdab994e5a7659026ae0fdc601f7055821ce42d66c68ad8a1eee1,True,Seizure,22,23,540,845,16,0.7272727272727273,678,0.7129629629629629,0.55,0.2777777777777778,0.7,21,0.9203703703703704,"[0.2778, 0.3684, 0.4737, 0.45, 0.5263, 0.45, 0.5, 0.35, 0.3684, 0.4444, 0.05, 0.2632, 0.3158, 0.5, 0.35, 0.5, 0.55, 0.5, 0.6, 0.5263, 0.75, 0.5, 0.7]"
deepseek-r1-distill-qwen-1.5b,0a50a7f439c2c0e933b8132ed7650075,9e81d999ae819b1ffb1d10d749cc1e31a5ef82615f96197d78f256d47a917d2b,False,Myocardial Infarction,13,14,303,607,11,0.8461538461538461,537,0.8052805280528053,1.0,0.05555555555555555,1.0,11,0.8052805280528053,"[0.0556, 0.0, 0.0, 0.1, 0.0, 0.05, 0.0, 0.0, 0.0, 0.0, 0.45, 1.0, 0.9, 1.0]"
deepseek-r1-distill-qwen-1.5b,11340d814fe69bcd7dec113898fd5947,0d460432dbaf1d4aa85f066f1a649e9d1a4b6220b49461d7e210ca0c678e24e5,True,Major Depressive Disorder,24,25,560,2276,23,0.9583333333333334,2245,0.9660714285714286,1.0,0.7,1.0,23,0.9660714285714286,"[0.7, 0.3158, 0.5294, 0.7368, 0.7368, 0.4211, 0.2632, 0.0526, 0.2222, 0.1667, 0.2222, 0.3529, 0.0588, 0.0588, 0.25, 0.1053, 0.2222, 0.2778, 0.3684, 0.5, 0.4737, 0.5, 0.5882, 1.0, 1.0]"
deepseek-r1-distill-qwen-1.5b,11340d814fe69bcd7dec113898fd5947,263a60d68001bf29f7779947e5ed0eec2d8acad9cf3c2a0f6d4f5a17e92682ab,False,Acute Respiratory Distress Syndrome,12,13,289,2008,9,0.75,1903,0.6885813148788927,0.8571428571428571,0.0,1.0,9,0.6885813148788927,"[0.0, 0.0526, 0.1111, 0.0, 0.5556, 0.4211, 0.375, 0.625, 0.6842, 0.8571, 0.9412, 1.0, 1.0]"
deepseek-r1-distill-qwen-1.5b,14a87d69ccc079d85a0f5d57dc4a7bdb,6b82eca76a3eabc699a4ebbba263d97ca4b9064f0ffef3eb56e12e83514dc7e8,True,Hypogonadism,25,26,551,735,18,0.72,558,0.7096188747731398,1.0,0.0,1.0,18,0.7096188747731398,"[0.0, 0.1, 0.1053, 0.0, 0.0, 0.0, 0.05, 0.0, 0.0, 0.0, 0.05, 0.0, 0.0, 0.1053, 0.05, 0.5789, 0.7, 0.75, 1.0, 1.0, 1.0, 1.0, 1.0, 1.0, 1.0, 1.0]"
deepseek-r1-distill-qwen-1.5b,14a87d69ccc079d85a0f5d57dc4a7bdb,bdba34dfaf32dd6fc394db5d93d8f550b94deb375e3dea9df9f76b9bc4f5ab9a,False,Normozoospermia,16,17,389,573,14,0.875,491,0.8329048843187661,1.0,0.10526315789473684,1.0,14,0.8329048843187661,"[0.1053, 0.0, 0.2105, 0.15, 0.0556, 0.25, 0.3684, 0.45, 0.4211, 0.2105, 0.1053, 0.35, 0.45, 0.25, 1.0, 0.95, 1.0]"
deepseek-r1-distill-qwen-1.5b,224470287933cd1645a9c37f922eb1c8,3f10ebe700c4b44efecfe1c78d7061ed389ddc5983d764b967f93354bcc24fe0,True,Conus longisular defect,14,15,336,511,6,0.42857142857142855,294,0.4107142857142857,0.8888888888888888,0.0,1.0,9,0.6041666666666666,"[0.0, 0.0, 0.0, 0.0, 0.0, 0.0, 0.8889, 0.9, 0.75, 0.95, 1.0, 1.0, 1.0, 1.0, 1.0]"
deepseek-r1-distill-qwen-1.5b,224470287933cd1645a9c37f922eb1c8,ff5790ffd5e562bcebcb995747fb1f0b6a25abf0cb14b4b7cd9409e139496cec,False,Left Ventricular Infarction,11,12,217,388,11,1.0,373,1.0,0.4,0.0,0.4,11,1.0,"[0.0, 0.05, 0.0, 0.0, 0.0, 0.0, 0.0, 0.0, 0.0, 0.0, 0.1, 0.4]"
deepseek-r1-distill-qwen-1.5b,24686977bb5ff6eaee7dac452c92c4be,b11889e8bf70a17d789aa9a9495414e3ae411ca8ebf62587286d50dcaaec695a,True,Neuroendocrine disorder affecting the pituitary gland,15,16,373,2308,15,1.0,2285,1.0,1.0,0.0,1.0,15,1.0,"[0.0, 0.0, 0.0, 0.0, 0.0556, 0.0, 0.0625, 0.0588, 0.1053, 0.0625, 0.1176, 0.1333, 0.3529, 0.1111, 0.1765, 1.0]"
deepseek-r1-distill-qwen-1.5b,24686977bb5ff6eaee7dac452c92c4be,381ca75b7c0ddd98480d90e33e8c4716a0009a5ad3c6a80b8b9c87c240ac952f,False,Polyuria,23,24,607,2590,13,0.5652173913043478,2228,0.5205930807248764,0.8888888888888888,0.0,1.0,13,0.5205930807248764,"[0.0, 0.0, 0.0, 0.0526, 0.3158, 0.25, 0.6667, 0.375, 0.3889, 0.1765, 0.3529, 0.3846, 0.15, 0.8889, 0.9, 1.0, 1.0, 1.0, 1.0, 1.0, 0.8824, 0.9375, 1.0, 1.0]"
deepseek-r1-distill-qwen-1.5b,258c0f33efb3e637962b4ea8f6971d09,fcc94381a4a81af4cc0dfc020d3a18e2c592868fe1d8aaaf3f47457c57f2716d,True,Tendinitis,22,23,457,745,16,0.7272727272727273,597,0.7024070021881839,0.85,0.05263157894736842,1.0,18,0.787746170678337,"[0.0526, 0.3, 0.2105, 0.3158, 0.1, 0.1053, 0.3, 0.35, 0.3, 0.25, 0.3, 0.5263, 0.4, 0.35, 0.4, 0.75, 0.85, 0.7895, 1.0, 1.0, 0.9474, 1.0, 1.0]"
deepseek-r1-distill-qwen-1.5b,258c0f33efb3e637962b4ea8f6971d09,45580d9b2fc6452748e77325969f38c11d2705e2b4c453037ee855d08fde29e0,False,Progressive External Rotator Cuff Syndrome,20,21,548,842,14,0.7,654,0.6897810218978102,0.85,0.0,1.0,14,0.6897810218978102,"[0.0, 0.0, 0.0, 0.0, 0.0, 0.0, 0.0, 0.0, 0.0, 0.0, 0.0, 0.0, 0.0, 0.0, 0.85, 1.0, 1.0, 1.0, 1.0, 1.0, 1.0]"
deepseek-r1-distill-qwen-1.5b,2600ed7d2340c964a027e94ed65d75f2,7f1f6b82ef5e25e39e07a85fb8c180fd630dc0f4d0e410ad39441e7e2f4ebe2c,True,Macular erythema,13,14,340,1374,13,1.0,1360,1.0,1.0,0.0,1.0,13,1.0,"[0.0, 0.0, 0.0, 0.0, 0.0, 0.0, 0.0, 0.0, 0.0, 0.55, 0.45, 0.55, 0.4, 1.0]"
deepseek-r1-distill-qwen-1.5b,27f2b910c19b40bb9f36ce9a3a8909af,7f56193ae6571139bc6c4c351d58d867d99a4f7137a4a059adc61befc3670ddd,True,Anemia due to Kidney Disease,30,31,596,3643,28,0.9333333333333333,3593,0.9446308724832215,0.5882352941176471,0.0,0.6470588235294118,28,0.9446308724832215,"[0.0, 0.0, 0.0, 0.0, 0.0, 0.0, 0.0, 0.0, 0.0, 0.0, 0.0, 0.0588, 0.0, 0.0, 0.0625, 0.0588, 0.0588, 0.1111, 0.0, 0.125, 0.1875, 0.1333, 0.0, 0.125, 0.0, 0.0588, 0.0, 0.1111, 0.5882, 0.6667, 0.6471]"
deepseek-r1-distill-qwen-1.5b,27f2b910c19b40bb9f36ce9a3a8909af,48dbc4f58e401e673e37bfdc5f0559a8d94e801f6e3eccd89c53ca4fb6f14ad5,False,Aorto-ventricular disease,15,16,421,3507,12,0.8,3353,0.7672209026128266,1.0,0.0,0.8333333333333334,12,0.7672209026128266,"[0.0, 0.0, 0.0, 0.0, 0.0, 0.0, 0.0, 0.0, 0.0, 0.7647, 0.7647, 0.625, 1.0, 1.0, 0.8235, 0.8333]"
deepseek-r1-distill-qwen-1.5b,288897f502a272f8f0b8b999354a154d,648e47b2f1bafb52f22a376678ffd418b9643888c2690725865820989aa57871,True,Pseudophoria,30,31,662,1049,11,0.36666666666666664,492,0.2930513595166163,0.8421052631578947,0.0,1.0,13,0.36253776435045315,"[0.0, 0.05, 0.05, 0.0, 0.0, 0.0, 0.0, 0.0, 0.0, 0.0, 0.0, 0.8421, 0.7895, 0.9, 0.95, 0.9474, 0.8, 0.8421, 0.85, 0.85, 0.8421, 0.85, 1.0, 0.8, 1.0, 0.95, 1.0, 1.0, 1.0, 1.0, 1.0]"
deepseek-r1-distill-qwen-1.5b,288897f502a272f8f0b8b999354a154d,73f65b45ebe36218250cc8e29d89c0610a621f25dd7c53041013a43f96ae602f,False,Glaucoma,25,26,548,861,20,0.8,735,0.7974452554744526,0.8,0.2631578947368421,1.0,20,0.7974452554744526,"[0.2632, 0.3, 0.25, 0.3684, 0.25, 0.2632, 0.3889, 0.45, 0.2632, 0.2632, 0.3, 0.25, 0.4, 0.3684, 0.2105, 0.35, 0.5, 0.35, 0.5789, 0.4706, 0.8, 0.8947, 1.0, 1.0, 1.0, 1.0]"
deepseek-r1-distill-qwen-1.5b,28891dd6ff7aaeaf92456def52f81530,aa521f3e28f4916295cb2e725bb2b37c9d817103daff60b39bc5fe7f59ad0e4a,False,Mitochondrial Encephalomyopathy,17,18,374,2066,8,0.47058823529411764,1833,0.42780748663101603,0.8333333333333334,0.3684210526315789,1.0,15,0.8155080213903744,"[0.3684, 0.2105, 0.3889, 0.5556, 0.3889, 0.4706, 0.8421, 0.6316, 0.8333, 0.75, 0.9, 0.8421, 0.9, 0.95, 0.75, 0.8889, 0.8947, 1.0]"
deepseek-r1-distill-qwen-1.5b,28c328b44b6a8b287cd1e29bfc9c17eb,9984bbbbdfb5cfffa8c8c4deab96a974512bad7429e299d0ab0ebf41db09a4bb,True,Benign Lung Cyst,22,23,438,622,13,0.5909090909090909,421,0.5707762557077626,0.85,0.0,1.0,19,0.8493150684931506,"[0.0, 0.0, 0.0, 0.0, 0.0, 0.0, 0.0, 0.0, 0.0, 0.0, 0.0, 0.25, 0.35, 0.85, 0.95, 0.95, 0.7, 0.8, 0.7, 0.95, 0.9, 0.85, 1.0]"
deepseek-r1-distill-qwen-1.5b,28c328b44b6a8b287cd1e29bfc9c17eb,894c92c28ffdac20775618973fe349aa89ea1537fdf4324946b0bb34a0046b21,False,Pulmonary Embolism,13,14,313,498,7,0.5384615384615384,312,0.4504792332268371,1.0,0.0,1.0,7,0.4504792332268371,"[0.0, 0.05, 0.1053, 0.0, 0.0, 0.15, 0.1667, 1.0, 1.0, 0.95, 1.0, 1.0, 0.9, 1.0]"
deepseek-r1-distill-qwen-1.5b,34d053d3a9b3a1f013655f7223718de7,7c7927bff5ee0774be9aef84c7c448e46779016700f311a59a354759131fbada,True,Hyperpolarized brain tumor,19,20,490,2416,13,0.6842105263157895,2212,0.6142857142857143,0.8235294117647058,0.0,1.0,13,0.6142857142857143,"[0.0, 0.0, 0.0625, 0.0, 0.0, 0.0526, 0.0526, 0.0, 0.0, 0.0, 0.1053, 0.5, 0.6842, 0.8235, 0.9, 0.9474, 0.8235, 0.9474, 1.0, 1.0]"
deepseek-r1-distill-qwen-1.5b,34d053d3a9b3a1f013655f7223718de7,bd1c42956754bb8a31b345726739faa97d55bb2c5695f12dbe6cdbe49073f8ef,False,Brain tumor,17,18,475,2394,6,0.35294117647058826,2052,0.2968421052631579,0.3888888888888889,0.5,0.29411764705882354,15,0.8778947368421053,"[0.5, 0.5789, 0.6842, 0.3529, 0.4444, 0.5, 0.3889, 0.5, 0.5263, 0.2222, 0.4118, 0.5294, 0.5, 0.5556, 0.5294, 0.25, 0.35, 0.2941]"
deepseek-r1-distill-qwen-1.5b,34f92cdb48573ee3ec1837da4f60ff3f,0fe9572e5f2e6c50c401a94f66da2484c57065ce77e70c860ccaffa2fe73d10e,True,Hip Dislocation,21,22,490,763,19,0.9047619047619048,695,0.8938775510204081,1.0,0.10526315789473684,1.0,19,0.8938775510204081,"[0.1053, 0.1053, 0.1667, 0.2, 0.0526, 0.1053, 0.2105, 0.1111, 0.1053, 0.2222, 0.1579, 0.05, 0.2105, 0.25, 0.5556, 0.3684, 0.2941, 0.45, 0.7895, 1.0, 1.0, 1.0]"
deepseek-r1-distill-qwen-1.5b,34f92cdb48573ee3ec1837da4f60ff3f,1d303053c4cfffd679962b60248d7aa4ef720c1cec0b6d1eb09c675b8b87e6d8,False,Tendinitis,18,19,391,665,18,1.0,648,1.0,0.9,0.05,0.9,18,1.0,"[0.05, 0.2, 0.2632, 0.2, 0.2105, 0.0526, 0.35, 0.45, 0.5, 0.3, 0.4, 0.85, 0.85, 0.85, 0.65, 0.45, 0.6, 0.7, 0.9]"
deepseek-r1-distill-qwen-1.5b,3544e050c3ae29b6422ea56dc506cd8d,10440d64944cb4b04259fa0866f5c39f13c14a3ec68e800226d14ecf0fb3dd8c,True,Pemphigus Foliaceus,15,16,414,2332,5,0.3333333333333333,2009,0.2898550724637681,0.8421052631578947,0.3125,1.0,5,0.2898550724637681,"[0.3125, 0.25, 0.3333, 0.2105, 0.7895, 0.8421, 1.0, 0.8947, 0.9375, 1.0, 1.0, 1.0, 1.0, 1.0, 1.0, 1.0]"
deepseek-r1-distill-qwen-1.5b,3544e050c3ae29b6422ea56dc506cd8d,6f472928b351e8ed88a421560162e88675a03d052b0c72d383a82a0a4f38b04c,False,Autoimmune Heart Disease,15,16,346,2248,15,1.0,2235,1.0,0.95,0.0,0.95,15,1.0,"[0.0, 0.0, 0.0, 0.0, 0.0, 0.0, 0.0, 0.0, 0.0588, 0.0, 0.1538, 0.0, 0.0667, 0.1667, 0.6667, 0.95]"
deepseek-r1-distill-qwen-1.5b,40548af835e36bf1d06c74be11ea5d70,e2369a8ca08930662838b00f852448d7482c231ececdb07d532ce1be315a47ea,True,Anemia,27,28,537,730,11,0.4074074074074074,437,0.4823091247672253,0.65,0.2631578947368421,0.55,26,0.9776536312849162,"[0.2632, 0.3158, 0.1, 0.15, 0.15, 0.1579, 0.1053, 0.05, 0.2, 0.6, 0.6, 0.65, 0.65, 0.6316, 0.75, 0.8, 0.75, 0.7, 0.5789, 0.4737, 0.6316, 0.7222, 0.7368, 0.6316, 0.65, 0.7895, 0.6, 0.55]"
deepseek-r1-distill-qwen-1.5b,40548af835e36bf1d06c74be11ea5d70,cd4da146f3776bed01d57bdbf5c7cff0b2fab800c546bc473c378d2ba44d2f10,False,Anemia of Chronic Kidney Disease,17,18,430,623,14,0.8235294117647058,508,0.7674418604651163,0.7368421052631579,0.0,0.75,14,0.7674418604651163,"[0.0, 0.0526, 0.0, 0.0, 0.0, 0.0, 0.0556, 0.1875, 0.2, 0.1053, 0.25, 0.2, 0.35, 0.6842, 0.7368, 0.8947, 0.8, 0.75]"
deepseek-r1-distill-qwen-1.5b,46f5a66a841fae109fc92ccdb9448abe,815d205a2d02ee837d647abff0a201fb5855c454eb76603e6a9b722c82e35f1d,True,Delusional Disorder,12,13,274,1527,7,0.5833333333333334,1377,0.5182481751824818,0.8,0.0,1.0,12,1.0,"[0.0, 0.1053, 0.0, 0.0667, 0.3158, 0.75, 0.5556, 0.8, 0.65, 0.7368, 0.9, 0.7895, 1.0]"
deepseek-r1-distill-qwen-1.5b,46f5a66a841fae109fc92ccdb9448abe,8bb7522de9e2bf7d116b11d5de0e81e78dcd2805d4e0c9db945ff0e324a9b74e,False,Delirium,17,18,409,1666,17,1.0,1644,1.0,0.9473684210526315,0.0,0.9473684210526315,17,1.0,"[0.0, 0.0, 0.0, 0.0625, 0.0, 0.0, 0.0, 0.0, 0.0, 0.0, 0.0, 0.0, 0.05, 0.15, 0.1, 0.15, 0.0526, 0.9474]"
deepseek-r1-distill-qwen-1.5b,47601c56544121804558b55dbddc694b,fad55dffbf12a10c82a5564e06481aa8732c5df831b30d053d74347af7a36235,True,Bacterial papulo-nodular lesion,15,16,248,444,14,0.9333333333333333,404,0.9758064516129032,0.85,0.0,0.95,14,0.9758064516129032,"[0.0, 0.0, 0.0, 0.0, 0.0, 0.0, 0.0, 0.0, 0.25, 0.0526, 0.0, 0.05, 0.5, 0.3, 0.85, 0.95]"
deepseek-r1-distill-qwen-1.5b,47601c56544121804558b55dbddc694b,e1b06e27e5a263c29c4f9e5a546a42f2e343ae107c5767fac089a55bbdd94eff,False,Pancreatic tumor,18,19,336,511,16,0.8888888888888888,476,0.9345238095238095,0.75,0.0,0.7,16,0.9345238095238095,"[0.0, 0.0, 0.0, 0.0, 0.0, 0.0, 0.0, 0.0, 0.0, 0.1, 0.15, 0.45, 0.6, 0.35, 0.45, 0.5, 0.75, 0.85, 0.7]"
deepseek-r1-distill-qwen-1.5b,48d8738209cbe3d0f3490417e6c37914,6e62df769f83996a8943dd5c9dbcd027c90df26e0051eae37671d209a6492707,True,Genitalia,14,15,358,560,12,0.8571428571428571,496,0.8547486033519553,0.45,0.0,0.4,12,0.8547486033519553,"[0.0, 0.0, 0.05, 0.0, 0.0526, 0.0, 0.0, 0.1, 0.05, 0.2105, 0.1, 0.0, 0.45, 0.5, 0.4]"
deepseek-r1-distill-qwen-1.5b,48d8738209cbe3d0f3490417e6c37914,27ac2f9e76f54c7129c4aea14b3fc0f92ed64410ed11ebe8b10738530524b2ad,False,Congenital Elliptical Genitalia,14,15,341,545,10,0.7142857142857143,419,0.6715542521994134,0.9473684210526315,0.0,1.0,10,0.6715542521994134,"[0.0, 0.0, 0.0, 0.0, 0.0, 0.0, 0.0, 0.0, 0.0, 0.0, 0.9474, 0.8947, 1.0, 1.0, 1.0]"
deepseek-r1-distill-qwen-1.5b,4d6344707f7581b02e4f545c4d51d472,106e93cdd451ac26a419f7af4a05ac155b83d659fad41949a0d0f817c4dfbbf4,True,Chronic Active Hepatitis B,13,14,346,660,12,0.9230769230769231,607,0.8872832369942196,0.5,0.1,0.3,12,0.8872832369942196,"[0.1, 0.0, 0.0, 0.05, 0.0, 0.0, 0.05, 0.0, 0.05, 0.1, 0.0, 0.15, 0.5, 0.3]"
deepseek-r1-distill-qwen-1.5b,4d6344707f7581b02e4f545c4d51d472,9471abe262c6dcfd8ef78fa75b5cf8ca47ed795a3e890211f730efe273378eeb,False,Acute Hepatitis B,11,12,276,595,7,0.6363636363636364,470,0.6159420289855072,0.85,0.6,1.0,7,0.6159420289855072,"[0.6, 0.5, 0.5, 0.35, 0.55, 0.2, 0.45, 0.85, 0.85, 0.85, 0.85, 1.0]"
deepseek-r1-distill-qwen-1.5b,5355d6e5738c1e76aa8f1441131c9295,653b3b14990f8c972536c22eeab1cfc8e1fac63c44a9c3a0514f4182f5853d74,True,Pedal edema,18,19,461,667,14,0.7777777777777778,537,0.7462039045553145,1.0,0.0,1.0,14,0.7462039045553145,"[0.0, 0.05, 0.05, 0.0, 0.0, 0.0, 0.15, 0.1579, 0.15, 0.0, 0.0, 0.0, 0.05, 0.0, 1.0, 1.0, 1.0, 1.0, 1.0]"
deepseek-r1-distill-qwen-1.5b,5355d6e5738c1e76aa8f1441131c9295,9c4b8585eb1a3e58cfbd5285546deeea5ba0f8f6b0c1bc17e842e86e3a28d184,False,Kidney Stones,13,14,274,487,11,0.8461538461538461,395,0.7372262773722628,0.4,0.10526315789473684,0.2777777777777778,11,0.7372262773722628,"[0.1053, 0.0, 0.0, 0.0, 0.0526, 0.0, 0.0, 0.2105, 0.2105, 0.0556, 0.4444, 0.4, 0.2353, 0.2778]"
deepseek-r1-distill-qwen-1.5b,5bebb5ccb1b21ef642e37fb57088d0af,8f64fca2cf5c4ac5610e5efa873ff50be1ad5e8453ef0052a5973e275969ca83,True,Multiple Sclerosis,15,16,333,520,5,0.3333333333333333,253,0.27627627627627627,0.9375,0.05,1.0,5,0.27627627627627627,"[0.05, 0.15, 0.25, 0.2778, 0.35, 0.9375, 1.0, 0.9444, 0.8889, 0.9444, 1.0, 1.0, 1.0, 1.0, 1.0, 1.0]"
deepseek-r1-distill-qwen-1.5b,5e08bb89aa461993e01a5790857ce599,d39dbc976a37c1cc929ceb464ffe096ac96e7f821672131f1d3065408c5651bb,True,Non-diagnostic Findings,23,24,444,747,23,1.0,736,1.0,0.5263157894736842,0.0,0.5263157894736842,23,1.0,"[0.0, 0.2, 0.0, 0.05, 0.0, 0.15, 0.1, 0.05, 0.0526, 0.15, 0.0526, 0.0, 0.2, 0.1, 0.1, 0.15, 0.05, 0.15, 0.1667, 0.45, 0.05, 0.2632, 0.25, 0.5263]"
deepseek-r1-distill-qwen-1.5b,5e08bb89aa461993e01a5790857ce599,f90c6ddd05c7bec55c0048de18b12c115b295e269c754627c523bbcde02abf6b,False,Hypoventilation,16,17,429,734,16,1.0,721,1.0,0.5789473684210527,0.0,0.5789473684210527,16,1.0,"[0.0, 0.0, 0.0, 0.0, 0.0, 0.0, 0.0, 0.0, 0.0, 0.0, 0.0, 0.0, 0.05, 0.0, 0.0, 0.05, 0.5789]"
deepseek-r1-distill-qwen-1.5b,5e7abd32af948047598121dd03ac97b6,c75dab1440466cbfd2f4df3e06b9d06eb4be56fa42797e33cf1e899847a733e3,True,Varicella,11,12,258,419,6,0.5454545454545454,288,0.5387596899224806,0.8823529411764706,0.05,1.0,6,0.5387596899224806,"[0.05, 0.0, 0.0, 0.1111, 0.0, 0.7647, 0.8824, 1.0, 1.0, 1.0, 1.0, 1.0]"
deepseek-r1-distill-qwen-1.5b,5e7abd32af948047598121dd03ac97b6,ef1568a38594caea52218ca557af1ada3a0be52ddc8e21b01a5e99e71fa79fa7,False,Viral arthralgia or viral conjunctivitis,14,15,309,492,14,1.0,458,1.0,0.6842105263157895,0.0,0.6842105263157895,14,1.0,"[0.0, 0.0, 0.0, 0.0, 0.0, 0.0, 0.0, 0.0, 0.0, 0.0, 0.0, 0.0, 0.0, 0.0, 0.6842]"
deepseek-r1-distill-qwen-1.5b,61f7d8bcb43d0bd0621b066d85eb2529,5c0790417a9692e88a1327d8d8c06cdc22271ad904a85d79fbe23f8a4403c24f,True,Lymphangioinflammatory Disease,23,24,519,4469,19,0.8260869565217391,4332,0.7764932562620424,1.0,0.0,1.0,19,0.7764932562620424,"[0.0, 0.0, 0.0, 0.0, 0.0, 0.0, 0.0, 0.0, 0.0, 0.0, 0.0, 0.0, 0.0, 0.0, 0.0, 0.0526, 0.0556, 0.0, 0.0556, 1.0, 1.0, 1.0, 0.9375, 1.0]"
deepseek-r1-distill-qwen-1.5b,61f7d8bcb43d0bd0621b066d85eb2529,5feafad827a5de546de591df851e957241791850875304c5dcc33cf4ea9098c2,False,Lyme Disease,21,22,575,4521,17,0.8095238095238095,4340,0.7147826086956521,0.8333333333333334,0.9,1.0,17,0.7147826086956521,"[0.9, 0.95, 1.0, 0.7895, 0.75, 0.6842, 0.5, 0.85, 0.5556, 0.6, 0.45, 0.55, 0.6, 0.6842, 0.7368, 0.7778, 0.6, 0.8333, 1.0, 1.0, 1.0, 1.0]"
deepseek-r1-distill-qwen-1.5b,633420a679153f203fc61a88a953629e,eac4c27d808a8d57672ecb9b96fe1b298a37455510c9de6cca9aa84c0a521c7e,True,Normal Findings,16,17,361,715,14,0.875,655,0.8670360110803325,0.75,0.0,0.6,14,0.8670360110803325,"[0.0, 0.0556, 0.0, 0.0, 0.0, 0.0, 0.05, 0.0, 0.05, 0.0, 0.0, 0.0, 0.0, 0.0, 0.75, 0.7, 0.6]"
deepseek-r1-distill-qwen-1.5b,633420a679153f203fc61a88a953629e,c5e1b4f25ae439208c2ff872b68a0d9fe4cdc4cbfc80cd240d145fc3445ac498,False,Gastrointestinal Infection,17,18,409,765,16,0.9411764705882353,715,0.9119804400977995,0.8947368421052632,0.05,0.8,16,0.9119804400977995,"[0.05, 0.0, 0.0, 0.0, 0.0, 0.0, 0.05, 0.0556, 0.4, 0.1579, 0.45, 0.3684, 0.55, 0.45, 0.3158, 0.2222, 0.8947, 0.8]"
deepseek-r1-distill-qwen-1.5b,69e678eb784186f4820bb4b3d48b33b9,4f6e228c4b44ce7820221aff7d111cd2311e9958fa6ec5a855e97879f1503e3b,True,Pneumonia,11,12,253,2232,9,0.8181818181818182,2149,0.8023715415019763,0.3684210526315789,0.75,0.5,11,1.0,"[0.75, 0.7895, 0.7895, 0.5, 0.6, 0.5263, 0.6667, 0.625, 0.5263, 0.3684, 0.25, 0.5]"
deepseek-r1-distill-qwen-1.5b,69e678eb784186f4820bb4b3d48b33b9,efb22ecc031bbfcd3613e83aa8b0dc82135a8cabcc8758b24543b51da13d5282,False,Bronchitis,24,25,493,2445,12,0.5,2179,0.4726166328600406,0.9,0.25,1.0,19,0.7849898580121704,"[0.25, 0.1765, 0.3158, 0.3684, 0.2778, 0.45, 0.4737, 0.5882, 0.6842, 0.4444, 0.6667, 0.6842, 0.9, 0.9412, 0.9474, 0.9, 0.95, 0.8421, 0.7895, 0.95, 0.9, 1.0, 1.0, 1.0, 1.0]"
deepseek-r1-distill-qwen-1.5b,6a6759f19289095fe5bdee59a062046c,8a7bd474250d0ae19560f48257af2c25690caaa22894d03e1adfdb15325e0d27,True,Loxoscelism,17,18,366,686,7,0.4117647058823529,447,0.40710382513661203,0.9,0.0,1.0,12,0.6967213114754098,"[0.0, 0.0, 0.0, 0.0, 0.0, 0.0, 0.0, 0.9, 0.7895, 1.0, 0.9, 0.7895, 0.95, 1.0, 1.0, 1.0, 1.0, 1.0]"
deepseek-r1-distill-qwen-1.5b,6a6759f19289095fe5bdee59a062046c,ac554413195b08c38277d604e55a620b496124926af7d88b54e5e237c732429c,False,Abscess,18,19,428,737,14,0.7777777777777778,623,0.7593457943925234,0.95,0.2,1.0,14,0.7593457943925234,"[0.2, 0.25, 0.0556, 0.25, 0.25, 0.3, 0.2, 0.0, 0.0, 0.0526, 0.2778, 0.2105, 0.0, 0.1, 0.95, 1.0, 1.0, 1.0, 1.0]"
deepseek-r1-distill-qwen-1.5b,6c4cccbdfe3340d1de38720b444b4e83,7ea1194b6b49037ced36f2bcf6e39dd03816b86c59d04d419a4efb2ead7f6861,True,Neck Tumor,23,24,485,703,23,1.0,689,1.0,1.0,0.0,1.0,23,1.0,"[0.0, 0.0526, 0.0, 0.0, 0.0, 0.0526, 0.0, 0.0, 0.0, 0.0526, 0.0, 0.0526, 0.0, 0.0, 0.1, 0.0, 0.1, 0.2778, 0.5263, 0.2941, 0.7, 0.5263, 0.6111, 1.0]"
deepseek-r1-distill-qwen-1.5b,6c4cccbdfe3340d1de38720b444b4e83,2996679bdd2724e69512be7cb86dc0c749c70c7196afec636907817d2d0c35f7,False,Muscle Myopathy,14,15,314,532,13,0.9285714285714286,492,0.9171974522292994,0.9444444444444444,0.0,0.85,13,0.9171974522292994,"[0.0, 0.0, 0.0, 0.0, 0.0, 0.0, 0.0, 0.0, 0.0, 0.0, 0.0, 0.0, 0.5, 0.9444, 0.85]"
deepseek-r1-distill-qwen-1.5b,6cae95de019b8b107893b29e2418ab4a,76ffdc7f3ec2f1690267fd6db564c6d1f6111a9476a9144929020b15d9de6312,False,Fungal skin infection,13,14,305,588,12,0.9230769230769231,540,0.8819672131147541,0.4444444444444444,0.1111111111111111,0.4,12,0.8819672131147541,"[0.1111, 0.1053, 0.0, 0.1053, 0.0556, 0.0526, 0.0588, 0.2778, 0.0556, 0.0667, 0.1111, 0.15, 0.4444, 0.4]"
deepseek-r1-distill-qwen-1.5b,711f389c59ebfcb9eb04d37c86efae77,4bc7d104b031d6e0fa3e6037285d54572acfe64fbeaa5a9799f0fd71cd3ac16b,True,Dysmenorrhea,17,18,424,671,15,0.8823529411764706,588,0.8419811320754716,0.85,0.0,0.8421052631578947,15,0.8419811320754716,"[0.0, 0.0, 0.0, 0.15, 0.0526, 0.0, 0.05, 0.0, 0.05, 0.15, 0.15, 0.1579, 0.1579, 0.7, 0.7, 0.85, 1.0, 0.8421]"
deepseek-r1-distill-qwen-1.5b,711f389c59ebfcb9eb04d37c86efae77,1b94cd7d03c0f60171c43f5651471cb97879b520734b2a14a09af2fda8d8a0ea,False,Menopausal Syndrome,16,17,427,669,11,0.6875,525,0.6885245901639344,0.85,0.10526315789473684,0.8421052631578947,11,0.6885245901639344,"[0.1053, 0.2, 0.0, 0.1, 0.05, 0.1053, 0.3684, 0.4, 0.55, 0.55, 0.4, 0.85, 0.7895, 0.8421, 0.75, 0.9, 0.8421]"
deepseek-r1-distill-qwen-1.5b,715eb949cafa36ccc69ff816a68a68bd,fe6a59f2cce8e873c80c017f8e147c8d3ee8636b8fba74af4b23ff057002d57d,True,Shock,18,19,445,3205,15,0.8333333333333334,3146,0.8786516853932584,0.85,0.2777777777777778,1.0,15,0.8786516853932584,"[0.2778, 0.1111, 0.1053, 0.3, 0.05, 0.1875, 0.1579, 0.0526, 0.25, 0.45, 0.3, 0.5, 0.5, 0.45, 0.3, 0.85, 1.0, 1.0, 1.0]"
deepseek-r1-distill-qwen-1.5b,715eb949cafa36ccc69ff816a68a68bd,b89538da70fda4fb97928198bf1f289047e7f2f9504eb1af97cd66c15e9a6d94,False,Traumatic brain injury,26,27,541,3317,18,0.6923076923076923,3116,0.66728280961183,0.7222222222222222,0.0,0.9,24,0.9149722735674677,"[0.0, 0.0, 0.0, 0.0, 0.0, 0.0526, 0.0, 0.05, 0.0, 0.7, 0.7647, 0.8947, 0.9474, 0.85, 0.85, 0.7368, 0.7778, 0.6471, 0.7222, 0.8667, 0.6471, 0.6429, 0.5263, 0.6842, 0.75, 0.75, 0.9]"
deepseek-r1-distill-qwen-1.5b,719442a3ee1c00332a6b77c30ce987cd,76885d845832e8197a82668cb6478561b10628c238344606a2b9610f2aaec830,False,Varicella zoster,22,23,613,870,18,0.8181818181818182,718,0.7830342577487766,1.0,0.0,1.0,18,0.7830342577487766,"[0.0, 0.0, 0.0, 0.05, 0.0, 0.0, 0.0, 0.0, 0.0, 0.0, 0.05, 0.0, 0.0, 0.0, 0.9, 1.0, 0.85, 0.6, 1.0, 1.0, 1.0, 1.0, 1.0]"
deepseek-r1-distill-qwen-1.5b,7351fe5f8ee14ff826bc262030efc469,7eecde4d2031061c2b7dfb7ffee2ba5f798445559758353fa77ac09045950f86,True,Joint symptoms,14,15,443,853,9,0.6428571428571429,693,0.6794582392776524,0.9473684210526315,0.05,1.0,9,0.6794582392776524,"[0.05, 0.0, 0.0, 0.0526, 0.0, 0.1053, 0.1, 0.1053, 0.05, 0.9474, 0.9474, 1.0, 0.95, 0.95, 1.0]"
deepseek-r1-distill-qwen-1.5b,7351fe5f8ee14ff826bc262030efc469,de8a30ea5842d30a4104ff37dd18c6e9cf12a4887a1bde4980653b96a2a7d76f,False,Thrombotic thrombocytopenic purpura,20,21,474,928,6,0.3,529,0.2890295358649789,0.1,0.0,0.3,19,0.9430379746835443,"[0.0, 0.0, 0.0, 0.0, 0.0, 0.0, 0.1, 0.05, 0.0, 0.0526, 0.0, 0.05, 0.0, 0.0, 0.05, 0.0, 0.05, 0.1, 0.0, 0.15, 0.3]"
deepseek-r1-distill-qwen-1.5b,7d75815cb2310bdcf17826679b94cee2,4c6be318f5e532ab7b0807565fa6b69e50181939ce499de89ab907eaa3966f00,True,Renal insufficiency,16,17,383,2778,15,0.9375,2742,0.9399477806788512,0.6842105263157895,0.17647058823529413,0.5555555555555556,15,0.9399477806788512,"[0.1765, 0.0, 0.0556, 0.1053, 0.0, 0.0526, 0.0526, 0.0, 0.1579, 0.1053, 0.0526, 0.2, 0.0, 0.0556, 0.0, 0.6842, 0.5556]"
deepseek-r1-distill-qwen-1.5b,839d5849b985de3b732f197086218847,c71a7caefdd036eabb8056c1d42bd4194c31360e0436bc434cd8543161ac7f94,True,Interstitial pneumonia,16,17,381,725,16,1.0,707,1.0,1.0,0.0,1.0,16,1.0,"[0.0, 0.0588, 0.0526, 0.0, 0.0, 0.0, 0.0, 0.0625, 0.0, 0.1, 0.0556, 0.05, 0.1579, 0.15, 0.2632, 0.5, 1.0]"
deepseek-r1-distill-qwen-1.5b,839d5849b985de3b732f197086218847,06589cbbc7e515388053919cbc34e2b7414194ef1b9a2bc429636685408db942,False,Interstitial cystitis,23,24,494,833,14,0.6086956521739131,602,0.5587044534412956,0.8947368421052632,0.05,1.0,18,0.7672064777327935,"[0.05, 0.0, 0.0, 0.0, 0.0, 0.0, 0.0, 0.0, 0.0, 0.0, 0.0, 0.3, 0.4211, 0.7, 0.8947, 0.7368, 0.9, 0.7, 0.9, 1.0, 1.0, 1.0, 1.0, 1.0]"
deepseek-r1-distill-qwen-1.5b,855d2426bc87f84b919fa59d39097374,b862139dff3b7cfa33bc18bf996b92cc055c10b5a2505a95862ffb78c88ad7c1,True,Illegal Immigration,13,14,268,444,12,0.9230769230769231,421,0.9626865671641791,1.0,0.0,1.0,12,0.9626865671641791,"[0.0, 0.0, 0.0, 0.0, 0.0, 0.0, 0.0, 0.0, 0.0, 0.0, 0.6316, 0.55, 1.0, 1.0]"
deepseek-r1-distill-qwen-1.5b,855d2426bc87f84b919fa59d39097374,9fd55c340a83feea263efe1a6ffab188e5c06f3103f75dfc3700563d4eb297a8,False,Panic Disorder,17,18,348,522,12,0.7058823529411765,421,0.7413793103448276,0.85,0.05,0.9,14,0.8477011494252874,"[0.05, 0.1053, 0.0526, 0.05, 0.0, 0.0556, 0.0, 0.6, 0.1579, 0.2353, 0.2105, 0.1667, 0.85, 0.6667, 0.75, 0.9, 0.95, 0.9]"
deepseek-r1-distill-qwen-1.5b,85684e0c092976faa0b788ef96b0a1ff,4caec528381fd2f051aa9a0fa3127f59ad6d3bccf33b6f2ad881631fb7827d8c,True,Myogenic Cardiomyopathy,25,26,709,1141,22,0.88,1042,0.8801128349788434,1.0,0.0,1.0,22,0.8801128349788434,"[0.0, 0.0, 0.0, 0.0, 0.0, 0.0, 0.0, 0.0, 0.0, 0.0, 0.0, 0.0, 0.0, 0.0, 0.0, 0.0, 0.0, 0.0, 0.0, 0.0, 0.0, 0.0, 1.0, 1.0, 1.0, 1.0]"
deepseek-r1-distill-qwen-1.5b,85684e0c092976faa0b788ef96b0a1ff,0cf3d005dc73bae6ce33a1d3c5a3278f37c20b509cb8871504d53e8626d7f769,False,Chronic Kidney Disease,22,23,432,862,14,0.6363636363636364,690,0.6296296296296297,0.9473684210526315,0.0,1.0,20,0.9074074074074074,"[0.0, 0.05, 0.0, 0.0526, 0.9, 0.95, 0.9, 0.85, 0.6316, 0.7368, 0.75, 0.85, 0.8, 0.5789, 0.9474, 0.95, 0.9, 0.7895, 0.8421, 0.75, 0.9, 1.0, 1.0]"
deepseek-r1-distill-qwen-1.5b,8b5ae4c8982f0b55e7334ff4117d6a4f,d8a348bedc1ff6ee91cb22af14f03ba5aa435fc8ec229ca9e534ec0dfb960ba9,True,Oral Diabetes,20,21,415,575,14,0.7,436,0.691566265060241,0.9473684210526315,0.0,1.0,14,0.691566265060241,"[0.0, 0.0, 0.0, 0.0, 0.0, 0.0, 0.0, 0.0, 0.0, 0.0, 0.0, 0.0, 0.0, 0.0, 0.9474, 1.0, 1.0, 1.0, 1.0, 1.0, 1.0]"
deepseek-r1-distill-qwen-1.5b,8b5ae4c8982f0b55e7334ff4117d6a4f,f97ff0ef7fcf7904b95cb77a6d681139aa36f15d26bd1381ead422926815a93b,False,Oral Thrush,14,15,289,450,10,0.7142857142857143,356,0.7162629757785467,1.0,0.0,1.0,10,0.7162629757785467,"[0.0, 0.0, 0.1, 0.05, 0.0, 0.0, 0.0, 0.15, 0.25, 0.3, 1.0, 1.0, 1.0, 1.0, 1.0]"
deepseek-r1-distill-qwen-1.5b,8c88e2f998f2ec7a396f40c6d5452b84,919a2131ce4b20bc235cc195b45d7349c42bb49c364f2db894eaeafb5f963506,True,Peripapillary Retinopathy,20,21,460,820,15,0.75,695,0.7630434782608696,0.8,0.0,1.0,19,0.967391304347826,"[0.0, 0.0, 0.0, 0.0, 0.0, 0.0, 0.0, 0.0, 0.0, 0.0, 0.0, 0.0, 0.0, 0.0, 0.9, 0.8, 0.65, 0.75, 0.7, 0.9, 1.0]"
deepseek-r1-distill-qwen-1.5b,8c88e2f998f2ec7a396f40c6d5452b84,102f8d05b06ca9ede8725f2977c52d0f9c9e9b2504a6d32720dc2cb138cbf604,False,Preeclampsia,25,26,582,940,18,0.72,743,0.6855670103092784,0.8947368421052632,0.0,1.0,20,0.8006872852233677,"[0.0, 0.2353, 0.1053, 0.2353, 0.2105, 0.1053, 0.1579, 0.0, 0.2, 0.0, 0.1667, 0.1053, 0.0, 0.2, 0.0588, 0.0588, 0.0526, 0.1667, 0.8947, 0.75, 0.9474, 1.0, 1.0, 1.0, 1.0, 1.0]"
deepseek-r1-distill-qwen-1.5b,8d4129f4074a7419ef8017429041fac4,11c066c073d2a398f8c97f9b5f6059dde06da9e45a9bde10296a1e283f7efdd9,True,Aardvark's Disease,19,20,377,552,12,0.631578947368421,397,0.6259946949602122,0.9,0.0,1.0,12,0.6259946949602122,"[0.0, 0.0, 0.0, 0.0, 0.0, 0.0, 0.0, 0.0, 0.0, 0.0, 0.9, 0.6842, 0.9, 0.9, 0.95, 1.0, 0.85, 0.9, 0.8421, 1.0]"
deepseek-r1-distill-qwen-1.5b,8d4129f4074a7419ef8017429041fac4,708e4108262f582ed0c8c94c663502396dff4ee512203abfee81db7c16245924,False,Tendinitis,16,17,332,505,10,0.625,367,0.6204819277108434,0.75,0.1,0.55,10,0.6204819277108434,"[0.1, 0.0, 0.1, 0.05, 0.0, 0.0, 0.05, 0.85, 0.9474, 0.85, 0.75, 0.7, 0.65, 0.6316, 0.75, 0.6, 0.55]"
deepseek-r1-distill-qwen-1.5b,8e99e185c9670ed801211fba5a2e93f9,7e5d91db88839b1ff3c56c3228e3e686735fbc7a3706c8f9dbbe81da71141095,True,Avirilism,14,15,345,509,14,1.0,496,1.0,0.95,0.0,0.95,14,1.0,"[0.0, 0.0, 0.0, 0.0, 0.0, 0.0, 0.0, 0.0, 0.3684, 0.7222, 0.15, 0.2, 0.45, 0.05, 0.95]"
deepseek-r1-distill-qwen-1.5b,8e99e185c9670ed801211fba5a2e93f9,11a3865fb7b261a7c7a89f6a645dfbee956d6b4cbefaa5e29533bec4cba5d0a3,False,Chickenpox,18,19,378,541,10,0.5555555555555556,370,0.5793650793650794,0.8235294117647058,0.1,1.0,12,0.6640211640211641,"[0.1, 0.1667, 0.0, 0.0, 0.25, 0.2632, 0.8421, 0.2778, 0.7368, 0.7368, 0.8235, 0.7895, 0.8947, 1.0, 0.95, 1.0, 1.0, 1.0, 1.0]"
deepseek-r1-distill-qwen-1.5b,967834058a7e6f5cb903d6d983ecba7e,31ccf840380fe031fbd21fbca23c47b57f92510733a407ce121596142d455567,False,Chronic Kidney Disease,16,17,419,651,12,0.75,552,0.7947494033412887,0.85,0.15789473684210525,1.0,16,1.0,"[0.1579, 0.1053, 0.2, 0.05, 0.2, 0.3, 0.4, 0.3, 0.3, 0.1, 0.25, 0.4, 0.85, 0.85, 0.7, 0.7, 1.0]"
deepseek-r1-distill-qwen-1.5b,99056c3c2db73e4929ee1df107d73688,f28d747ee72e210aaba0e44b2b1db75d60eded9bc316d94e10d11838cee062db,True,Benign Condition,15,16,361,702,13,0.8666666666666667,658,0.9168975069252078,1.0,0.0,0.95,13,0.9168975069252078,"[0.0, 0.0, 0.0, 0.0, 0.0, 0.0, 0.0, 0.0, 0.0, 0.1, 0.0526, 0.05, 0.1053, 1.0, 1.0, 0.95]"
deepseek-r1-distill-qwen-1.5b,99056c3c2db73e4929ee1df107d73688,dd0cc503c45e3079b4c8bb6798619cd35098539cdb545af925d447f52579e6a7,False,Iron Deficiency,17,18,367,706,16,0.9411764705882353,683,0.9700272479564033,0.95,0.05,0.95,16,0.9700272479564033,"[0.05, 0.0, 0.0, 0.05, 0.0526, 0.0, 0.0526, 0.0, 0.0, 0.1, 0.05, 0.7368, 0.55, 0.8947, 0.85, 0.5882, 0.95, 0.95]"
deepseek-r1-distill-qwen-1.5b,9c22e95143200153a9b0c049452517e1,1a648b3fe9445d60c7fd32dd4b32008c16acaed350ad9ebf125ae7701d333413,True,Systemic Lupus Erythematosus,23,24,673,3179,12,0.5217391304347826,2849,0.537890044576523,1.0,0.6,1.0,12,0.537890044576523,"[0.6, 0.7222, 0.55, 0.6842, 0.65, 0.4118, 0.7895, 0.5263, 0.2, 0.4211, 0.4375, 0.4, 1.0, 1.0, 0.85, 0.95, 1.0, 0.95, 0.95, 0.9, 1.0, 1.0, 1.0, 1.0]"
deepseek-r1-distill-qwen-1.5b,9c22e95143200153a9b0c049452517e1,25f627b1ad4a91c7d0af3879381537134781a629f780232ab5d7a44bcc5b405b,False,Infectious Network Syndrome,25,26,662,3163,16,0.64,2895,0.6163141993957704,1.0,0.0,1.0,16,0.6163141993957704,"[0.0, 0.0, 0.0, 0.0, 0.0, 0.0, 0.0, 0.0, 0.0, 0.0, 0.0, 0.0, 0.0, 0.0, 0.0, 0.0, 1.0, 0.9474, 0.9444, 1.0, 0.9444, 1.0, 1.0, 1.0, 1.0, 1.0]"
deepseek-r1-distill-qwen-1.5b,9d8432d3b13c02fb04b55e0a74c6c063,ea2cff444a41cf1d0cbc8057ac9e81ea829127d597ac9a37267b81ec4b73cc14,True,Subcleroil syndrome,29,30,706,1783,28,0.9655172413793104,1738,0.9575070821529745,0.85,0.0,1.0,28,0.9575070821529745,"[0.0, 0.0526, 0.1, 0.0, 0.1176, 0.0, 0.8, 0.7368, 0.5263, 0.3889, 0.45, 0.3889, 0.5, 0.7368, 0.9, 0.55, 0.35, 0.4118, 0.3889, 0.3684, 0.2105, 0.35, 0.3, 0.4737, 0.1, 0.2, 0.25, 0.55, 0.85, 1.0]"
deepseek-r1-distill-qwen-1.5b,9d8432d3b13c02fb04b55e0a74c6c063,59061cfe86839e20b159e9c9cb1aee5268a49f57b2a382b7711df4f169496c5a,False,Angina Pectoris,26,27,633,1711,20,0.7692307692307693,1517,0.7187993680884676,0.5,0.0,0.7,25,0.976303317535545,"[0.0, 0.0, 0.0, 0.0, 0.0, 0.0, 0.0, 0.0, 0.0, 0.0, 0.0, 0.0588, 0.0, 0.0, 0.0, 0.0, 0.0, 0.0, 0.0, 0.0, 0.5, 0.55, 0.6, 0.55, 0.4, 0.55, 0.7]"
deepseek-r1-distill-qwen-1.5b,a255fd4b2fac78a3faaf47bd17cd723f,a60a9f3525a806b149de08c55a6b338e99b259b53ede3dcc351d9fc4e741ce5b,True,Anemia of Bone or Muscle,14,15,393,599,12,0.8571428571428571,510,0.8346055979643766,0.9444444444444444,0.0,1.0,12,0.8346055979643766,"[0.0, 0.0, 0.0, 0.0, 0.0, 0.0, 0.0, 0.1111, 0.0, 0.6842, 0.3158, 0.5789, 0.9444, 1.0, 1.0]"
deepseek-r1-distill-qwen-1.5b,a255fd4b2fac78a3faaf47bd17cd723f,7645105f709276395f35b233deb33e6a384cfdfa25c12c0cde4b630ebe8ef09e,False,Chronic Kidney Disease,20,21,442,695,18,0.9,575,0.8891402714932126,0.7,0.05,0.7,18,0.8891402714932126,"[0.05, 0.1, 0.1, 0.0556, 0.05, 0.15, 0.2105, 0.15, 0.1579, 0.25, 0.3, 0.2778, 0.2632, 0.3, 0.2105, 0.0, 0.3158, 0.3889, 0.7, 0.75, 0.7]"
deepseek-r1-distill-qwen-1.5b,ab0226a3a9dc01c8c9b91a47198bed63,d583085fd15d9275f16dfaf2dfc0d4e96bec8c6a587e3ab73269adfe528b2cab,True,Gastroenteritis,21,22,554,858,21,1.0,845,1.0,0.45,0.0,0.45,21,1.0,"[0.0, 0.05, 0.0, 0.0, 0.0, 0.0, 0.0, 0.0, 0.0, 0.0, 0.0, 0.0, 0.0, 0.1579, 0.2778, 0.1579, 0.5556, 0.3125, 0.3333, 0.85, 0.8, 0.45]"
deepseek-r1-distill-qwen-1.5b,ab0226a3a9dc01c8c9b91a47198bed63,3f1d040fe37bc8d88cbe6af93ee0a92602f74a96a95d1a1c6697f2fd99383b48,False,Gastroesophageal reflux disease (GERD),17,18,333,640,0,0.0,291,0.0,0.95,0.95,1.0,2,0.07507507507507508,"[0.95, 0.75, 0.95, 0.9, 0.85, 0.95, 0.85, 0.85, 1.0, 1.0, 0.95, 1.0, 1.0, 1.0, 1.0, 1.0, 1.0, 1.0]"
deepseek-r1-distill-qwen-1.5b,ab79da6338f2deff095e1bf3b5b4d9f0,3e68f7a1084358c68cbaaf31efd0b7ab7a367a6cc4109d36fce19a7c0b021e8e,True,Testicular Atrophy,13,14,255,464,8,0.6153846153846154,329,0.5215686274509804,0.95,0.3,1.0,8,0.5215686274509804,"[0.3, 0.2222, 0.2105, 0.3, 0.35, 0.2, 0.3158, 0.55, 0.95, 0.95, 0.85, 0.95, 1.0, 1.0]"
deepseek-r1-distill-qwen-1.5b,ab79da6338f2deff095e1bf3b5b4d9f0,1b7fcaf9ac1e4d92c48b5cc7411857956e1d37a76383f60fd767a7d204799386,False,Amyotrophic Lateral Sclerosis,16,17,354,564,12,0.75,453,0.7259887005649718,0.95,0.05263157894736842,1.0,12,0.7259887005649718,"[0.0526, 0.05, 0.15, 0.0, 0.1, 0.05, 0.05, 0.05, 0.1, 0.1, 0.05, 0.1, 0.95, 1.0, 1.0, 1.0, 1.0]"
deepseek-r1-distill-qwen-1.5b,b1e59a85b6e9c1e020d2392193d668fb,58053f44a43b851654721150ab107eaec67d121c68eb5d1c9cca7cc785e51a02,True,Rotational Gait Disorder,14,15,359,731,11,0.7857142857142857,644,0.7938718662952646,0.9473684210526315,0.0,1.0,11,0.7938718662952646,"[0.0, 0.05, 0.0, 0.0, 0.45, 0.4, 0.45, 0.45, 0.2, 0.7368, 0.5, 0.9474, 1.0, 1.0, 1.0]"
deepseek-r1-distill-qwen-1.5b,b1e59a85b6e9c1e020d2392193d668fb,e99a9005365972b05d8745fdcd817a2eaeac028f7954dd4a77c80f636feec1c4,False,Sleep Apnea,14,15,323,698,11,0.7857142857142857,607,0.7678018575851393,0.9,0.1,1.0,11,0.7678018575851393,"[0.1, 0.1, 0.0, 0.05, 0.05, 0.0556, 0.0, 0.1, 0.0526, 0.1, 0.75, 0.9, 1.0, 1.0, 1.0]"
deepseek-r1-distill-qwen-1.5b,b1e9764076e3a29c4c3c4738b878b57a,e681dd153d4c9bac14741403ee7a43208209f95e535b9f26bc636e6e1be0afaf,False,Traumatic Brain Injury,10,11,251,1871,3,0.3,1661,0.22310756972111553,1.0,0.17647058823529413,1.0,3,0.22310756972111553,"[0.1765, 0.1579, 0.3889, 1.0, 0.95, 0.9412, 1.0, 0.95, 1.0, 1.0, 1.0]"
deepseek-r1-distill-qwen-1.5b,b456600e51f08dfb7754936792b3800e,e893756dbf3f11475a4a35d9f6910f24a946c5479372eab6d2550b0a0c6c8c1a,True,Thrombocytopenia,17,18,423,590,16,0.9411764705882353,532,0.900709219858156,0.8,0.0,0.9473684210526315,16,0.900709219858156,"[0.0, 0.05, 0.0, 0.0, 0.0, 0.0, 0.05, 0.0, 0.0, 0.0, 0.05, 0.0, 0.0, 0.0, 0.1053, 0.0, 0.8, 0.9474]"
deepseek-r1-distill-qwen-1.5b,b456600e51f08dfb7754936792b3800e,416c5f89c3016f5f61fa108da25b8cbc24a87e563fad21557c67f70eef00486d,False,Anemia of Chronic Disease,16,17,260,425,9,0.5625,302,0.5807692307692308,1.0,0.05263157894736842,1.0,9,0.5807692307692308,"[0.0526, 0.0, 0.0667, 0.15, 0.0556, 0.05, 0.15, 0.05, 0.5789, 1.0, 1.0, 1.0, 1.0, 0.95, 1.0, 1.0, 1.0]"
deepseek-r1-distill-qwen-1.5b,b9e317df6f71d14e177013c57587becf,2124a2d9464abe3b08a456d57e1ac007fbe4b370bd6ba0938afff1f0e986bc06,True,Benign Cerebellar Tumor,12,13,297,462,11,0.9166666666666666,423,0.9090909090909091,0.65,0.05263157894736842,0.65,11,0.9090909090909091,"[0.0526, 0.1, 0.0526, 0.1111, 0.1, 0.0, 0.0, 0.2, 0.3333, 0.45, 0.9, 0.65, 0.65]"
deepseek-r1-distill-qwen-1.5b,b9e317df6f71d14e177013c57587becf,1fbe39f4df7ed8f9c951ce99aa1ff7a87ec701a418c0d201a93c93a2c363e82f,False,Multiple Sclerosis,12,13,303,471,5,0.4166666666666667,274,0.39933993399339934,1.0,0.55,1.0,5,0.39933993399339934,"[0.55, 0.25, 0.5, 0.35, 0.3158, 1.0, 0.85, 0.8421, 0.85, 0.8333, 0.9, 0.9474, 1.0]"
deepseek-r1-distill-qwen-1.5b,bcac057435ccb3a54effa545db18a3d1,66ec359a894190e9f93c93238ff6c45f1b3474be7065941a501d582377f5287e,True,Reticulosis,16,17,473,664,13,0.8125,577,0.8435517970401691,0.85,0.0,1.0,13,0.8435517970401691,"[0.0, 0.0, 0.0, 0.0, 0.0, 0.0, 0.0, 0.0, 0.45, 0.5, 0.35, 0.3, 0.6, 0.85, 0.95, 1.0, 1.0]"
deepseek-r1-distill-qwen-1.5b,bcac057435ccb3a54effa545db18a3d1,6b29b99cf7808f9bf3e157bf6d638c577363706382846b84032e46c306e25b83,False,Herpes Zoster,14,15,378,571,7,0.5,335,0.41534391534391535,1.0,0.0,0.95,7,0.41534391534391535,"[0.0, 0.0526, 0.0, 0.0, 0.0, 0.0, 0.0, 1.0, 0.95, 0.9, 1.0, 1.0, 1.0, 1.0, 0.95]"
deepseek-r1-distill-qwen-1.5b,beea037b8f8cec59caa352ec11f501da,61f0d9c33055ff20bbe31192c05515847709bfdb0765caa20d6848a3179f936c,True,Biharboxylic Sinicosis,17,18,398,565,10,0.5882352941176471,362,0.5376884422110553,0.9473684210526315,0.0,1.0,10,0.5376884422110553,"[0.0, 0.0, 0.0, 0.0, 0.0, 0.0, 0.0, 0.0556, 0.6842, 0.7368, 0.9474, 0.8235, 1.0, 0.9474, 0.9444, 0.85, 0.95, 1.0]"
deepseek-r1-distill-qwen-1.5b,bf8e15580571e5c3976117c303cf144e,15dfa87102e8e2c566ed0f9603d7a0448011278af872bc95254c01a6ef10d486,True,Catharticomyoma,16,17,336,518,11,0.6875,401,0.7113095238095238,1.0,0.0,1.0,11,0.7113095238095238,"[0.0, 0.0, 0.0, 0.0, 0.0, 0.0, 0.0, 0.0, 0.0, 0.0, 0.0, 1.0, 1.0, 1.0, 1.0, 1.0, 1.0]"
deepseek-r1-distill-qwen-1.5b,c13ba1d468ea408964a3ccd245638056,21f02bee8a91053ed09b1bf31948601e3003e959d829113ee7b7c56c963602b5,True,Benign Tumor,7,8,126,288,6,0.8571428571428571,261,0.8809523809523809,0.8947368421052632,0.1,1.0,6,0.8809523809523809,"[0.1, 0.1579, 0.1, 0.25, 0.25, 0.75, 0.8947, 1.0]"
deepseek-r1-distill-qwen-1.5b,c13ba1d468ea408964a3ccd245638056,15081f40f25c49c93d63e975b503e72c6e26c7c37e4ad933ffd3aa5a17d7d8f3,False,Cyst,14,15,263,423,11,0.7857142857142857,365,0.8174904942965779,0.6,0.0,0.7,11,0.8174904942965779,"[0.0, 0.05, 0.0, 0.05, 0.0, 0.05, 0.1579, 0.1579, 0.35, 0.4211, 0.4, 0.6, 0.55, 0.75, 0.7]"
deepseek-r1-distill-qwen-1.5b,c150008220a1497832471d8e8d4e2edb,b3a9db9b635cf2a7106549ac10368dfd11459f81cb46b908b33d521ae205025c,True,Anemia,17,18,365,673,17,1.0,662,1.0,0.95,0.0,0.95,17,1.0,"[0.0, 0.0, 0.0, 0.0, 0.0, 0.1, 0.05, 0.0, 0.0, 0.1, 0.0, 0.0526, 0.05, 0.0, 0.25, 0.9, 0.65, 0.95]"
deepseek-r1-distill-qwen-1.5b,c150008220a1497832471d8e8d4e2edb,c3e58a17aabda42e8ec04d4933e510b81ae553879e27e1376405b16bbd2b17a6,False,Conjunctivitis or mucosal pallor,22,23,460,782,22,1.0,757,1.0,0.8,0.0,0.8,22,1.0,"[0.0, 0.0, 0.0, 0.0, 0.0, 0.0, 0.0, 0.0, 0.0, 0.0, 0.0, 0.0, 0.0, 0.0, 0.1579, 0.0526, 0.1579, 0.1667, 0.3158, 0.05, 0.15, 0.2632, 0.8]"
deepseek-r1-distill-qwen-1.5b,c4ce6239240ed6d8489f1ee8bf9a4784,abf6ed0c3945b155a3b2ab0be91fc53f591244521a169ea378584645ca0054bf,True,Retinoblastoma,19,20,552,1040,17,0.8947368421052632,951,0.8731884057971014,0.5,0.10526315789473684,0.45,17,0.8731884057971014,"[0.1053, 0.05, 0.0, 0.1, 0.0, 0.0526, 0.05, 0.0, 0.0556, 0.1, 0.0, 0.05, 0.0, 0.0, 0.0, 0.0526, 0.05, 0.5, 0.55, 0.45]"
deepseek-r1-distill-qwen-1.5b,c4ce6239240ed6d8489f1ee8bf9a4784,5c639afba7050cec2c827a8c779689235937f6ca2bdedfdba2c7b49b0c356e5f,False,Multiple Sclerosis,13,14,324,805,10,0.7692307692307693,696,0.7006172839506173,1.0,0.3,1.0,10,0.7006172839506173,"[0.3, 0.5263, 0.4444, 0.5556, 0.5789, 0.7, 0.6316, 0.7895, 0.7222, 0.45, 1.0, 1.0, 1.0, 1.0]"
deepseek-r1-distill-qwen-1.5b,c95386c8d35897f730a382e76e5ae272,795a516f90636270ca7cd4f83439e14b9c00bc33a558966a0dd971e0208db99e,True,Benign tumor,17,18,309,500,13,0.7647058823529411,389,0.6796116504854369,0.9,0.2,1.0,13,0.6796116504854369,"[0.2, 0.05, 0.3, 0.25, 0.3684, 0.1, 0.2, 0.15, 0.2632, 0.2, 0.65, 0.6, 0.7, 0.9, 1.0, 1.0, 1.0, 1.0]"
deepseek-r1-distill-qwen-1.5b,c95386c8d35897f730a382e76e5ae272,ba209520247ac94a7d5f91ffccdab43b8362e7502a8946e5e3df670836de1783,False,Fibroadenoma,24,25,421,614,13,0.5416666666666666,400,0.5249406175771971,0.9,0.0,1.0,13,0.5249406175771971,"[0.0, 0.0, 0.0, 0.0, 0.0, 0.0, 0.0, 0.0, 0.0, 0.0, 0.0, 0.0, 0.0, 0.9, 1.0, 1.0, 1.0, 1.0, 1.0, 1.0, 1.0, 1.0, 1.0, 1.0, 1.0]"
deepseek-r1-distill-qwen-1.5b,cc91c75860966ea7d69d7a716a857add,a406a1317552d8f2d1bb33035077b8109e822df7caa9146d0297a71aa8d5cbff,True,Left hemisphere neurological disorder,30,31,687,1067,29,0.9666666666666667,994,0.925764192139738,0.23529411764705882,0.0,0.38461538461538464,29,0.925764192139738,"[0.0, 0.0, 0.0, 0.0, 0.0, 0.0, 0.0, 0.0, 0.0, 0.0, 0.0, 0.0, 0.0, 0.0, 0.0, 0.0, 0.0, 0.0, 0.0, 0.0, 0.0, 0.0, 0.0, 0.0, 0.0, 0.05, 0.05, 0.0556, 0.0, 0.2353, 0.3846]"
deepseek-r1-distill-qwen-1.5b,cc91c75860966ea7d69d7a716a857add,537eb01af2ebf3b96bdf37ddfc79e68bbd7decc5b90106086b162619c578ec28,False,Hypertension,22,23,556,927,20,0.9090909090909091,872,0.9244604316546763,1.0,0.05263157894736842,1.0,20,0.9244604316546763,"[0.0526, 0.1111, 0.0526, 0.1, 0.0, 0.0556, 0.0, 0.25, 0.0, 0.1579, 0.1, 0.1053, 0.15, 0.4, 0.3, 0.3158, 0.35, 0.2105, 0.3889, 0.2632, 1.0, 1.0, 1.0]"
deepseek-r1-distill-qwen-1.5b,cee4809157546a43546571ac67323953,b601a454f5b33353323a9f646da53f012f505c1ebfc845306eff8bf777de3b17,True,Periodontal Disease,17,18,356,528,9,0.5294117647058824,330,0.4803370786516854,0.8888888888888888,0.05263157894736842,1.0,9,0.4803370786516854,"[0.0526, 0.1, 0.35, 0.2105, 0.1, 0.1, 0.15, 0.15, 0.2, 0.8889, 1.0, 0.8421, 1.0, 0.8824, 0.9412, 0.9474, 1.0, 1.0]"
deepseek-r1-distill-qwen-1.5b,cee4809157546a43546571ac67323953,8cde12120fdc2262dde4765c614e6ba30852d4a4adacf57487df74f47971b3e1,False,Abscess,15,16,324,517,15,1.0,483,1.0,0.95,0.2,0.95,15,1.0,"[0.2, 0.2105, 0.45, 0.2, 0.3684, 0.2632, 0.2105, 0.3, 0.45, 0.2778, 0.5789, 0.7, 0.65, 0.85, 0.6111, 0.95]"
deepseek-r1-distill-qwen-1.5b,d35ff55eca6c7f6db36a73934025f3c5,12fedf0ff9e4e18b250c0db7c5e9cec2257362ba9e046247e38e561f75f7961a,False,Athlete's Foot or Athlete's Crush,18,19,381,594,13,0.7222222222222222,454,0.6640419947506562,0.75,0.0,0.9,17,0.9448818897637795,"[0.0, 0.0, 0.0, 0.0, 0.0, 0.0, 0.0, 0.0, 0.0, 0.0, 0.7, 0.7, 0.7, 0.75, 0.75, 0.65, 0.7, 0.9, 0.9]"
deepseek-r1-distill-qwen-1.5b,d9520eadbc83f9f98a8fb0442b0a7acc,bd5fd08aee6c509a6e2cc521302566cf109e1023694c70848e5c3b5e3aa1e9ef,True,Alcohol Intoxication,13,14,350,675,12,0.9230769230769231,637,0.9285714285714286,0.7647058823529411,0.0,0.5789473684210527,12,0.9285714285714286,"[0.0, 0.0, 0.0, 0.0, 0.0526, 0.0667, 0.1667, 0.0588, 0.2105, 0.0769, 0.0625, 0.1765, 0.7647, 0.5789]"
deepseek-r1-distill-qwen-1.5b,d9520eadbc83f9f98a8fb0442b0a7acc,3c38a5909dc39821a58de41adb8790c36fcc33204bfdd9ac87015bd77851f6ad,False,Alcohol Use Disorder,19,20,482,806,18,0.9473684210526315,770,0.950207468879668,1.0,0.05,1.0,18,0.950207468879668,"[0.05, 0.0, 0.0, 0.0, 0.0526, 0.05, 0.0526, 0.05, 0.0, 0.0526, 0.0, 0.6, 0.85, 0.75, 0.8947, 0.6316, 0.5263, 0.75, 1.0, 1.0]"
deepseek-r1-distill-qwen-1.5b,d9e1496466a6206a8617add56ddce386,46c20d0417c106acfaec3ba286c92a3d6ed81e4a01e0d6094fe06bc8e8642381,False,Obstruction of the abdominal muscles,20,21,478,687,17,0.85,593,0.8556485355648535,0.9285714285714286,0.0,1.0,17,0.8556485355648535,"[0.0, 0.0, 0.0, 0.0, 0.0, 0.0, 0.0, 0.0, 0.0, 0.0, 0.0, 0.0, 0.0, 0.0, 0.0, 0.0, 0.05, 0.9286, 0.8889, 1.0, 1.0]"
deepseek-r1-distill-qwen-1.5b,da2bd7e45b94e13e1fb97126ca03fcc4,ba4b60c6582cc91ec87fd7a14a42c312bc698609147ab4f02b2e9b1c4c6f1070,True,Benign Tumor,12,13,286,452,12,1.0,440,1.0,1.0,0.05,1.0,12,1.0,"[0.05, 0.05, 0.0, 0.0, 0.0, 0.05, 0.5, 0.5, 0.2, 0.45, 0.5789, 0.35, 1.0]"
deepseek-r1-distill-qwen-1.5b,da2bd7e45b94e13e1fb97126ca03fcc4,2b75be2dc786ca988873de0bdade100af04415b92c54853cedf5de4b360f9d12,False,Liver Tumor,21,22,537,703,20,0.9523809523809523,653,0.9292364990689013,0.7857142857142857,0.0,0.9444444444444444,20,0.9292364990689013,"[0.0, 0.0, 0.0, 0.0, 0.0, 0.0, 0.0, 0.0, 0.0, 0.05, 0.5556, 0.4737, 0.5, 0.5789, 0.5789, 0.7368, 0.6667, 0.3684, 0.3529, 0.45, 0.7857, 0.9444]"
deepseek-r1-distill-qwen-1.5b,df37dd0f3c463be2b4787059b63a9028,da8d610e80e5358f47dd14bbedf270993bfd78448d9e23c57447bf73d7d649c2,True,Tendular Dysfunction,15,16,295,503,11,0.7333333333333333,396,0.6779661016949152,0.8,0.0,0.8947368421052632,13,0.8779661016949153,"[0.0, 0.0, 0.0, 0.0, 0.0, 0.0, 0.05, 0.0, 0.4, 0.5, 0.3333, 0.8, 0.75, 0.8421, 1.0, 0.8947]"
deepseek-r1-distill-qwen-1.5b,df37dd0f3c463be2b4787059b63a9028,3871b0b98e698ba090287d6ff5e026d324e003ef4fa974db1e212e2f91f52efc,False,Hemiopsia,11,12,234,443,9,0.8181818181818182,375,0.7649572649572649,0.8,0.0,1.0,9,0.7649572649572649,"[0.0, 0.0, 0.0, 0.0, 0.0, 0.0, 0.0, 0.0, 0.0, 0.8, 0.9444, 1.0]"
deepseek-r1-distill-qwen-1.5b,dfa32d028f082d978149d2633a2c8bf3,af6b7ed322a504801ff11359206481163eef70f72220670382f3ab0cc757a87e,True,Viral Pneumonia,16,17,313,1467,6,0.375,1240,0.30990415335463256,0.8,0.5,1.0,13,0.7987220447284346,"[0.5, 0.6, 0.75, 0.65, 0.6316, 0.5789, 0.8, 0.75, 0.85, 0.6842, 0.7368, 0.85, 0.7368, 1.0, 1.0, 1.0, 1.0]"
deepseek-r1-distill-qwen-1.5b,dfa32d028f082d978149d2633a2c8bf3,93f6f9c850f8252791591283e6f14057432814edd65ec72954dfe8095796073f,False,Lung Cancer,13,14,280,1434,8,0.6153846153846154,1307,0.5857142857142857,0.9,0.2631578947368421,1.0,8,0.5857142857142857,"[0.2632, 0.15, 0.3, 0.3, 0.25, 0.25, 0.0, 0.1, 0.9, 1.0, 0.95, 0.95, 0.85, 1.0]"
deepseek-r1-distill-qwen-1.5b,e71511f59eb934d904d9e69b91fb59ac,053f492ef95eba4fc89f47b95a883783c9aeeab946c9bd04eb4685b5d09ebc33,True,Congenital varicella-zoster infection,15,16,389,2736,7,0.4666666666666667,2476,0.37017994858611825,0.8823529411764706,0.42105263157894735,1.0,7,0.37017994858611825,"[0.4211, 0.2778, 0.2632, 0.4118, 0.3684, 0.2941, 0.6471, 0.8824, 1.0, 0.95, 1.0, 1.0, 1.0, 1.0, 1.0, 1.0]"
deepseek-r1-distill-qwen-1.5b,e71511f59eb934d904d9e69b91fb59ac,cdad052eff2882629a445692f7785f6c60566efdcd80eaf5a82e603094900f3c,False,Perinatal brain injury,23,24,590,2949,22,0.9565217391304348,2895,0.9542372881355933,0.6,0.0,0.6923076923076923,22,0.9542372881355933,"[0.0, 0.0, 0.0, 0.0, 0.0, 0.0, 0.0, 0.0, 0.0, 0.0, 0.125, 0.0769, 0.0, 0.0, 0.0, 0.0, 0.0, 0.0769, 0.0588, 0.1, 0.0625, 0.0556, 0.6, 0.6923]"
deepseek-r1-distill-qwen-1.5b,e84545b4073db0c4d84a58b5f4243d50,26be26e0cc8d73afc5e12edda3409078905173aef0fc9de0b2639497e7fad826,True,Hyperosmolar Hypothyroidism,27,28,756,993,25,0.9259259259259259,918,0.9312169312169312,0.8333333333333334,0.0,0.95,27,1.0,"[0.0, 0.0, 0.0, 0.0, 0.0, 0.0, 0.0, 0.0556, 0.0, 0.0, 0.0526, 0.1, 0.1, 0.0, 0.0, 0.0, 0.0526, 0.6316, 0.7895, 0.9474, 0.7368, 0.55, 0.8947, 0.95, 0.6842, 0.8333, 0.7368, 0.95]"
deepseek-r1-distill-qwen-1.5b,e84545b4073db0c4d84a58b5f4243d50,a214769b28b9965f19d32afc651543eb87a80cd9a34f1f27e027f6be5b537ad6,False,Dipsogenic Diabetes Insipidus,17,18,537,790,15,0.8823529411764706,688,0.88268156424581,0.9473684210526315,0.05,1.0,15,0.88268156424581,"[0.05, 0.1, 0.1053, 0.05, 0.1176, 0.1111, 0.0, 0.0556, 0.0, 0.0, 0.0, 0.0, 0.3684, 0.35, 0.2105, 0.9474, 1.0, 1.0]"
deepseek-r1-distill-qwen-1.5b,e9c3b2227f99155be055e871c23ef702,ef0bcc3fb77ab0a202c0119c48e8b764e44a0d7808c343844b4c54bb1f32e368,True,Delirium,15,16,388,721,11,0.7333333333333333,599,0.729381443298969,0.85,0.0,1.0,13,0.9123711340206185,"[0.0, 0.1053, 0.0, 0.0, 0.0, 0.0526, 0.0, 0.0, 0.1, 0.5789, 0.25, 0.85, 0.7895, 1.0, 1.0, 1.0]"
deepseek-r1-distill-qwen-1.5b,e9c3b2227f99155be055e871c23ef702,88566b1732718b6186eb985e1d13c4c51f43ee9194b764e80996b238e3da8b71,False,Schizophrenia,10,11,156,484,4,0.4,377,0.391025641025641,0.8,0.3684210526315789,1.0,4,0.391025641025641,"[0.3684, 0.3684, 0.4, 0.6316, 0.8, 0.9412, 0.9375, 0.9444, 1.0, 1.0, 1.0]"
deepseek-r1-distill-qwen-1.5b,ead218181cb76fdbdefd5ea17e01be5b,48e36e94da7a73f340f79e91a93332120ad92261a08bbccf966dfe3b399248e2,True,Hypoparathyroidism,20,21,451,630,17,0.85,526,0.7982261640798226,0.95,0.0,1.0,17,0.7982261640798226,"[0.0, 0.0, 0.05, 0.0, 0.0, 0.1, 0.0, 0.0, 0.0526, 0.1, 0.0, 0.0, 0.1053, 0.4, 0.3158, 0.55, 0.15, 0.95, 1.0, 1.0, 1.0]"
deepseek-r1-distill-qwen-1.5b,ead218181cb76fdbdefd5ea17e01be5b,8d8ef2cef5b67c2fc2a6114a39f6d7bceb22c1703213245bab6f1a9c81485668,False,Sepsis,24,25,493,736,21,0.875,606,0.8924949290060852,0.8333333333333334,0.0,1.0,21,0.8924949290060852,"[0.0, 0.0, 0.0, 0.05, 0.1, 0.0, 0.0, 0.0588, 0.1, 0.1, 0.0, 0.0526, 0.0, 0.0667, 0.0556, 0.1053, 0.4444, 0.7, 0.65, 0.3529, 0.6111, 0.8333, 1.0, 1.0, 1.0]"
deepseek-r1-distill-qwen-1.5b,f03a4eea989b069fe918734d9e1c2644,467e18b12ba6a6a7d4956167664107b3861998402a50a90bb9629f4d55b1df42,True,Testicular pseudoblastoma,14,15,270,448,10,0.7142857142857143,356,0.7148148148148148,1.0,0.0,1.0,10,0.7148148148148148,"[0.0, 0.0, 0.0, 0.0, 0.0, 0.0, 0.7, 0.6316, 0.7, 0.5, 1.0, 1.0, 1.0, 1.0, 1.0]"
deepseek-r1-distill-qwen-1.5b,f03a4eea989b069fe918734d9e1c2644,aee0bc0f20a4d32b514036bd8a1569d94eb73db08b2b7613ee3d0f9400e192cd,False,Testicular hyperplasia,11,12,215,392,9,0.8181818181818182,327,0.7627906976744186,0.85,0.1,1.0,9,0.7627906976744186,"[0.1, 0.0526, 0.0526, 0.15, 0.1176, 0.0556, 0.1579, 0.1176, 0.1053, 0.85, 1.0, 1.0]"
deepseek-r1-distill-qwen-1.5b,f31c3814e305d57f67bdcfac27ec4bc2,9fc8c5306fb9e7475699cf84460f81ec9615f3c47084d9ff99c14928f883de7b,True,Sepsis,18,19,480,913,9,0.5,607,0.4,1.0,0.0,1.0,9,0.4,"[0.0, 0.0526, 0.0, 0.0556, 0.0, 0.15, 0.05, 0.0, 0.0, 1.0, 1.0, 1.0, 1.0, 0.95, 1.0, 1.0, 1.0, 1.0, 1.0]"
deepseek-r1-distill-qwen-1.5b,f31c3814e305d57f67bdcfac27ec4bc2,f8149ecfe9ddefc6a407ca5d46d1645670c583987c556f5612ffab248b754e16,False,Anemia,23,24,506,989,19,0.8260869565217391,830,0.8201581027667985,0.85,0.1,1.0,19,0.8201581027667985,"[0.1, 0.1, 0.1111, 0.1579, 0.1053, 0.2105, 0.1111, 0.3158, 0.05, 0.35, 0.3889, 0.45, 0.5, 0.2632, 0.4, 0.2105, 0.2632, 0.2632, 0.6842, 0.85, 0.9444, 1.0, 1.0, 1.0]"
deepseek-r1-distill-qwen-1.5b,f448710697f1d3734fbc187ad15c748c,7d601798256d0d04c11f12822ed3556dea9aa5a39673b56d51b977b35546a3ae,False,Breast cyst,16,17,312,488,8,0.5,309,0.46794871794871795,1.0,0.1,1.0,8,0.46794871794871795,"[0.1, 0.2, 0.2222, 0.1111, 0.2, 0.25, 0.2, 0.1, 1.0, 1.0, 1.0, 1.0, 1.0, 1.0, 1.0, 1.0, 1.0]"
deepseek-r1-distill-qwen-1.5b,f5479a460521f2a3b96e7924882b06d9,31e4dc3b41e5380edb678b0e6753b50234d81d85b9298920d6562d6cc1107bc6,True,Fracture,17,18,354,633,15,0.8823529411764706,577,0.8813559322033898,0.6875,0.0,0.8666666666666667,15,0.8813559322033898,"[0.0, 0.0, 0.0556, 0.0, 0.0, 0.0, 0.0, 0.0, 0.0667, 0.0, 0.0, 0.0, 0.0, 0.0, 0.6154, 0.6875, 0.8333, 0.8667]"
deepseek-r1-distill-qwen-1.5b,f5479a460521f2a3b96e7924882b06d9,edcc369aab5fb1981239524c59a5c46461d98b69fc46362e274f4287c68a0c83,False,Pelvic and Femur Fracture,14,15,278,563,7,0.5,386,0.4352517985611511,0.8,0.2631578947368421,1.0,11,0.7985611510791367,"[0.2632, 0.1765, 0.1667, 0.4, 0.5263, 0.5263, 0.65, 0.8, 0.6842, 0.8421, 0.7368, 0.8421, 1.0, 1.0, 1.0]"
deepseek-r1-distill-qwen-1.5b,fb9fdfc495c899901c9c864e13bfeaff,b9774713aaeec51f6f786a926dcfbf5c648db806578e511f22945151bae4c4b8,True,Hypermobileal Growth Disorder,25,26,544,841,18,0.72,644,0.6709558823529411,1.0,0.0,1.0,18,0.6709558823529411,"[0.0, 0.0, 0.0, 0.0, 0.0, 0.0, 0.0, 0.0, 0.0, 0.0, 0.0, 0.0, 0.0, 0.0526, 0.1, 0.0, 0.1053, 0.1053, 1.0, 0.8333, 1.0, 0.9412, 0.95, 0.9412, 1.0, 1.0]"
deepseek-r1-distill-qwen-1.5b,fb9fdfc495c899901c9c864e13bfeaff,35d77f580a13d3d70b77a41553c5952d6c2d66085792fc14587e1103ef3d8cec,False,Ehlers-Danlos Syndrome,17,18,339,633,14,0.8235294117647058,533,0.7492625368731564,1.0,0.15,1.0,14,0.7492625368731564,"[0.15, 0.05, 0.15, 0.0526, 0.1111, 0.2, 0.0, 0.05, 0.1, 0.1, 0.1, 0.1579, 0.0, 0.0, 1.0, 1.0, 1.0, 1.0]"
deepseek-r1-distill-llama-8b,0148cedaed162d8c1591e7dad5de6dec,27dbb45201348d70823adfdca95200f5c8c2ee3b24a64dc84de965840815880f,True,Major Depressive Disorder,24,25,489,852,10,0.4166666666666667,502,0.35787321063394684,0.8,0.45,1.0,10,0.35787321063394684,"[0.45, 0.65, 0.4, 0.4, 0.5, 0.3, 0.35, 0.4, 0.8, 0.55, 0.8, 0.85, 0.9, 0.85, 0.85, 0.95, 1.0, 1.0, 1.0, 1.0, 1.0, 1.0, 1.0, 1.0, 1.0]"
deepseek-r1-distill-llama-8b,0148cedaed162d8c1591e7dad5de6dec,45095cd2b713a92049be4ba974a8f72a37673c2ce1701304fcd4734cec9072e7,False,Alzheimer's Disease,15,16,308,698,14,0.9333333333333333,605,0.9025974025974026,1.0,0.25,1.0,14,0.9025974025974026,"[0.25, 0.25, 0.35, 0.3, 0.4, 0.2, 0.25, 0.4, 0.55, 0.4, 0.5, 0.45, 0.85, 0.55, 1.0, 1.0]"
deepseek-r1-distill-llama-8b,07dbd8eabfba4b1d9d665331dea90335,ee8306d9a343eb7662aac0384d02583b22f5ba5caf5d2fc299ba5c771f132df0,True,Uterine Inversion,12,13,271,492,9,0.75,367,0.7712177121771218,0.8,0.05263157894736842,0.9,9,0.7712177121771218,"[0.0526, 0.05, 0.1, 0.1, 0.15, 0.1, 0.1579, 0.3, 0.6, 0.8, 0.8, 0.95, 0.9]"
deepseek-r1-distill-llama-8b,07dbd8eabfba4b1d9d665331dea90335,4a15e830255f4d54bd75252426a10c92d23029fbf33a3c61c6800580a289894d,False,Retained Placenta,16,17,351,555,6,0.375,284,0.358974358974359,0.85,0.45,1.0,10,0.5982905982905983,"[0.45, 0.4, 0.45, 0.3, 0.2, 0.3, 0.85, 0.7, 0.85, 0.75, 0.95, 0.9, 0.85, 0.85, 1.0, 1.0, 1.0]"
deepseek-r1-distill-llama-8b,0a3c768a49d4110f6c1604ace9951ee5,2736b19c3a56ddf934c4801fef2c26bbc03c5e7d6bf5686d62c9f487f02522f8,True,Generalized Anxiety Disorder,20,21,385,730,17,0.85,658,0.8467532467532467,0.3,0.15,0.15,19,0.9506493506493506,"[0.15, 0.3684, 0.1, 0.3, 0.1, 0.15, 0.1, 0.05, 0.25, 0.1, 0.25, 0.25, 0.15, 0.15, 0.25, 0.5, 0.45, 0.3, 0.4, 0.35, 0.15]"
deepseek-r1-distill-llama-8b,0a3c768a49d4110f6c1604ace9951ee5,47ffe9b1482b1a323cb47c233f5481796fbf7c6427efb82c8f5ed222fadfc490,False,Obsessive-Compulsive Disorder,25,26,455,797,22,0.88,719,0.8505494505494505,0.8,0.0,0.65,22,0.8505494505494505,"[0.0, 0.0, 0.0, 0.0, 0.0, 0.0, 0.0, 0.0, 0.0, 0.0, 0.0, 0.0, 0.0, 0.0, 0.0, 0.0, 0.0, 0.0, 0.0, 0.0, 0.25, 0.35, 0.8, 0.7895, 0.65, 0.65]"
deepseek-r1-distill-llama-8b,0a50a7f439c2c0e933b8132ed7650075,e2e79daa3ec7908fe38d7fb3750c9a0554c59cf5751deda16de2c4c3eb76779a,True,Psychogenic Non-Epileptic Seizure,36,37,650,947,16,0.4444444444444444,562,0.4276923076923077,0.95,0.35,1.0,16,0.4276923076923077,"[0.35, 0.45, 0.25, 0.45, 0.4, 0.45, 0.45, 0.35, 0.4, 0.55, 0.6, 0.65, 0.65, 0.55, 0.55, 0.75, 0.95, 1.0, 1.0, 0.95, 0.95, 1.0, 1.0, 1.0, 1.0, 1.0, 1.0, 1.0, 0.95, 0.9, 0.95, 0.95, 1.0, 1.0, 0.95, 1.0, 1.0]"
deepseek-r1-distill-llama-8b,0a50a7f439c2c0e933b8132ed7650075,840b16aeaf26155d45c5a4c57be53b756e5a6c7f7f59a23c60d32da1150ca61a,False,Generalized Tonic-Clonic Seizure,26,27,514,813,23,0.8846153846153846,714,0.8365758754863813,1.0,0.25,1.0,23,0.8365758754863813,"[0.25, 0.2, 0.2, 0.1, 0.05, 0.1, 0.2, 0.0526, 0.15, 0.3, 0.15, 0.2, 0.25, 0.05, 0.2, 0.2, 0.25, 0.2, 0.55, 0.4, 0.4, 0.25, 0.5, 1.0, 1.0, 1.0, 1.0]"
deepseek-r1-distill-llama-8b,11340d814fe69bcd7dec113898fd5947,2a6eb317d534ffdf8d09c3556997e621001a203998a7b73becf59860c137e759,True,Major Depressive Disorder,19,20,446,2141,18,0.9473684210526315,2105,0.9484304932735426,0.55,0.1,0.45,18,0.9484304932735426,"[0.1, 0.15, 0.15, 0.1, 0.35, 0.15, 0.15, 0.0, 0.05, 0.1, 0.2, 0.4, 0.2, 0.45, 0.45, 0.4, 0.5, 0.15, 0.55, 0.45]"
deepseek-r1-distill-llama-8b,11340d814fe69bcd7dec113898fd5947,15e22e7dc0215ed22d7baa06b06c9931916b319c90a2012acf76c2d73968460d,False,Delirium,31,32,686,2405,25,0.8064516129032258,2222,0.7871720116618076,0.85,0.1,1.0,25,0.7871720116618076,"[0.1, 0.1, 0.15, 0.15, 0.2, 0.25, 0.2, 0.25, 0.3, 0.3, 0.25, 0.1, 0.15, 0.2, 0.1, 0.3, 0.25, 0.2, 0.25, 0.3, 0.5, 0.65, 0.45, 0.65, 0.65, 0.85, 0.9, 1.0, 1.0, 1.0, 1.0, 1.0]"
deepseek-r1-distill-llama-8b,14a87d69ccc079d85a0f5d57dc4a7bdb,bb4c3d60a0b9f0b3aef61dbcfd0461e2112f9d4063890fbeb0bd5645520c6427,True,Oligozoospermia,28,29,635,858,27,0.9642857142857143,771,0.9574803149606299,0.75,0.75,0.8947368421052632,27,0.9574803149606299,"[0.75, 0.55, 0.85, 0.8, 0.8, 0.9, 0.85, 0.75, 0.75, 0.9, 0.95, 0.8, 1.0, 1.0, 0.95, 0.8, 1.0, 1.0, 0.95, 0.8, 0.9, 0.4, 0.55, 0.45, 0.55, 0.25, 0.2632, 0.75, 0.8947]"
deepseek-r1-distill-llama-8b,14a87d69ccc079d85a0f5d57dc4a7bdb,7c421ce91de8f65fee6e42cf0049ec206b032f90447198a1a5a89f899512387d,False,Asthenozoospermia,36,37,775,1054,26,0.7222222222222222,683,0.6709677419354839,0.8947368421052632,0.0,1.0,26,0.6709677419354839,"[0.0, 0.05, 0.0, 0.0, 0.0, 0.0, 0.0, 0.15, 0.1, 0.1, 0.0, 0.05, 0.1, 0.2, 0.05, 0.2, 0.05, 0.0526, 0.15, 0.1, 0.0526, 0.05, 0.0, 0.45, 0.7778, 0.7, 0.8947, 0.9, 0.85, 1.0, 0.9, 1.0, 1.0, 1.0, 1.0, 1.0, 1.0]"
deepseek-r1-distill-llama-8b,224470287933cd1645a9c37f922eb1c8,f4a5415d549a2fbf75d21cd84415ce7251794d52acbc3b2f7b9460d2d41428a0,True,Ventricular Septal Defect,21,22,511,681,13,0.6190476190476191,473,0.6203522504892368,0.95,0.05,1.0,13,0.6203522504892368,"[0.05, 0.1, 0.15, 0.15, 0.15, 0.2105, 0.15, 0.15, 0.1, 0.2632, 0.6, 0.6, 0.6842, 0.95, 0.8, 1.0, 1.0, 1.0, 1.0, 1.0, 1.0, 1.0]"
deepseek-r1-distill-llama-8b,224470287933cd1645a9c37f922eb1c8,bc6e3cffed5e9c0a9043d4cb0c8fa7badf6126010a18d93f19a578ea6b9012f7,False,Wolff-Parkinson-White Syndrome,82,83,1696,2006,79,0.9634146341463414,1763,0.9475235849056604,0.9,0.0,1.0,81,0.9846698113207547,"[0.0, 0.0, 0.0, 0.0, 0.0, 0.0, 0.0, 0.0, 0.05, 0.3, 0.0, 0.1053, 0.0, 0.15, 0.4211, 0.2, 0.4, 0.5263, 0.55, 0.65, 0.6316, 0.65, 0.6111, 0.9, 0.85, 1.0, 0.75, 0.7368, 0.85, 0.9, 0.95, 0.9, 0.8, 0.6111, 0.9, 0.8, 0.9, 0.9, 0.9, 1.0, 1.0, 0.85, 0.8, 0.8, 0.9, 0.65, 0.55, 0.7, 0.5789, 0.65, 0.65, 0.7368, 0.6, 0.7368, 0.75, 0.75, 0.5, 0.45, 0.25, 0.7, 0.3684, 0.3158, 0.35, 0.5789, 0.55, 0.4, 0.7, 0.7368, 0.6, 0.9, 0.7, 0.65, 0.4737, 0.1, 0.55, 0.75, 0.6, 0.8421, 0.6, 0.9, 0.7368, 0.95, 1.0]"
deepseek-r1-distill-llama-8b,258c0f33efb3e637962b4ea8f6971d09,04a174c82a9607878d1ad922e4f2a9b6017aefcf5262c1d95bccf0d72fca7bd5,True,Hand Infection,66,67,1335,1681,0,0.0,273,0.0,0.0,0.0,0.2,0,0.0,"[0.0, 0.0, 0.0, 0.0, 0.0, 0.0, 0.0, 0.0, 0.0, 0.0, 0.0, 0.0, 0.0, 0.0, 0.0, 0.0, 0.0, 0.0, 0.0, 0.0, 0.0, 0.0, 0.0, 0.0, 0.0, 0.0, 0.0, 0.0, 0.0, 0.0, 0.0, 0.0, 0.0, 0.0, 0.0, 0.0, 0.0, 0.0, 0.0, 0.0, 0.05, 0.0, 0.0, 0.05, 0.0, 0.0, 0.0, 0.0, 0.0, 0.0, 0.0, 0.0, 0.1, 0.05, 0.1, 0.0, 0.05, 0.0, 0.0, 0.05, 0.0, 0.05, 0.1579, 0.05, 0.1, 0.1, 0.2]"
deepseek-r1-distill-llama-8b,258c0f33efb3e637962b4ea8f6971d09,da128cb039c62f162ba4bf79f5b8f73765fc121106841db602b0837f5fa81e68,False,Spotted fever group rickettsiosis,17,18,402,691,6,0.35294117647058826,416,0.35572139303482586,1.0,0.05,1.0,6,0.35572139303482586,"[0.05, 0.1, 0.0, 0.0, 0.15, 0.1, 1.0, 1.0, 1.0, 1.0, 1.0, 1.0, 1.0, 1.0, 1.0, 1.0, 1.0, 1.0]"
deepseek-r1-distill-llama-8b,2600ed7d2340c964a027e94ed65d75f2,2b2c009a026c01b4ce7c51edd13d23b52731612175d5d8d2776e5312c783912b,True,Chikungunya,88,89,1596,2856,77,0.875,2432,0.8941102756892231,0.8,0.2,1.0,79,0.906641604010025,"[0.2, 0.3, 0.35, 0.3, 0.2778, 0.0, 0.15, 0.2105, 0.2105, 0.1053, 0.1053, 0.4444, 0.25, 0.15, 0.1053, 0.15, 0.3684, 0.1, 0.2, 0.1579, 0.1053, 0.2353, 0.4211, 0.1579, 0.3, 0.1579, 0.0667, 0.3333, 0.1053, 0.1667, 0.1176, 0.1538, 0.0, 0.2308, 0.1579, 0.3333, 0.3889, 0.5789, 0.5263, 0.6842, 0.8947, 0.85, 0.7368, 0.55, 0.8421, 0.8947, 0.9, 0.6316, 0.8333, 0.7368, 0.7778, 0.8, 0.6316, 0.7368, 0.7778, 0.7895, 0.85, 0.7, 0.75, 0.7368, 0.65, 0.95, 0.4211, 0.55, 0.9, 0.9, 0.8, 0.7, 0.75, 0.6, 0.65, 0.8, 0.55, 0.6842, 0.6, 0.7368, 0.5, 0.8, 0.65, 0.85, 0.9, 0.95, 0.95, 1.0, 1.0, 1.0, 1.0, 1.0, 1.0]"
deepseek-r1-distill-llama-8b,2600ed7d2340c964a027e94ed65d75f2,db7a61ef054987c9eaf3f2f8b521ac885d30d8bd49dfc76fb1ae2b3111818eaa,False,Dengue fever,57,58,1278,2295,48,0.8421052631578947,2098,0.8552425665101722,0.85,0.15,1.0,48,0.8552425665101722,"[0.15, 0.1053, 0.2, 0.25, 0.2632, 0.1, 0.2632, 0.1053, 0.1053, 0.2, 0.15, 0.4, 0.0, 0.1, 0.0, 0.1111, 0.1, 0.1053, 0.05, 0.0556, 0.0, 0.1111, 0.1053, 0.2222, 0.0, 0.3, 0.3158, 0.35, 0.25, 0.25, 0.35, 0.4, 0.35, 0.55, 0.2, 0.3, 0.15, 0.25, 0.1579, 0.3684, 0.4737, 0.35, 0.65, 0.5, 0.75, 0.65, 0.5556, 0.7778, 0.85, 0.9, 0.85, 0.85, 0.85, 0.85, 0.85, 1.0, 1.0, 1.0]"
deepseek-r1-distill-llama-8b,27f2b910c19b40bb9f36ce9a3a8909af,29bc6b265f85b5225cdbe974085d9ab266c223b5390345236410b5911a0d40c9,True,Hemolytic anemia,20,21,516,3277,20,1.0,3261,1.0,1.0,0.45,1.0,20,1.0,"[0.45, 0.5, 0.35, 0.5, 0.45, 0.65, 0.5789, 0.9, 0.7368, 0.8, 0.75, 0.6, 0.55, 0.65, 0.75, 0.95, 0.8, 0.6, 0.7, 0.75, 1.0]"
deepseek-r1-distill-llama-8b,27f2b910c19b40bb9f36ce9a3a8909af,37482509ed310e7b2be59ad4305be91ed012ab490bcb3175e9a2918266d5d5ef,False,Acute Liver Injury,43,44,987,3745,37,0.8604651162790697,3568,0.8338399189463019,0.3,0.0,0.2,41,0.950354609929078,"[0.0, 0.05, 0.0, 0.0, 0.0, 0.05, 0.15, 0.15, 0.0, 0.05, 0.0, 0.1, 0.05, 0.1, 0.1, 0.1, 0.05, 0.2, 0.0, 0.0, 0.15, 0.2, 0.2, 0.1, 0.15, 0.1, 0.25, 0.15, 0.15, 0.25, 0.2, 0.3, 0.25, 0.3, 0.3, 0.25, 0.55, 0.3, 0.15, 0.3, 0.5, 0.25, 0.1, 0.2]"
deepseek-r1-distill-llama-8b,288897f502a272f8f0b8b999354a154d,ae5e6caf2d62c2d911a6e7fc3d57ea80c29b352d7676c9fce9d1b88bbfae19fb,True,Brainstem Nystagmus,39,40,906,1219,37,0.9487179487179487,1153,0.9481236203090507,0.95,0.0,1.0,37,0.9481236203090507,"[0.0, 0.0, 0.0, 0.0, 0.0, 0.0, 0.0, 0.0, 0.0, 0.0, 0.0, 0.0, 0.0, 0.0, 0.0, 0.0, 0.0, 0.0, 0.0, 0.0, 0.0, 0.0, 0.0, 0.0, 0.0, 0.0, 0.0, 0.0, 0.05, 0.0, 0.0, 0.0, 0.0, 0.0, 0.0, 0.05, 0.7, 0.95, 1.0, 1.0]"
deepseek-r1-distill-llama-8b,288897f502a272f8f0b8b999354a154d,e215731979293af160f453af4651706f6171a024c11ffe77e2ddc1ad2a7166db,False,Post-traumatic Oculomotor Dysfunction,66,67,1346,1657,66,1.0,1640,1.0,0.6,0.0,0.6,66,1.0,"[0.0, 0.0, 0.0, 0.0, 0.0, 0.0, 0.0, 0.0, 0.0, 0.0, 0.0, 0.0, 0.0, 0.0, 0.0, 0.0, 0.0, 0.0, 0.0, 0.0, 0.0, 0.0, 0.0, 0.0, 0.0, 0.0526, 0.0, 0.1, 0.05, 0.0, 0.0, 0.0, 0.0, 0.0, 0.05, 0.0, 0.05, 0.05, 0.0, 0.0, 0.0, 0.1667, 0.0, 0.05, 0.0, 0.05, 0.0, 0.0, 0.0, 0.05, 0.05, 0.0, 0.0, 0.0, 0.05, 0.0, 0.0, 0.05, 0.0, 0.0, 0.0, 0.0526, 0.0, 0.0, 0.0, 0.0526, 0.6]"
deepseek-r1-distill-llama-8b,28891dd6ff7aaeaf92456def52f81530,33d67a62d3832ccebaa4914112faddfd1b76e9699262d2e614d5aa95dfc0fdb8,True,Leigh syndrome,21,22,536,2201,10,0.47619047619047616,1856,0.3787313432835821,0.8,0.05,1.0,10,0.3787313432835821,"[0.05, 0.4211, 0.35, 0.5, 0.45, 0.35, 0.25, 0.25, 0.45, 0.55, 0.8, 0.9, 0.95, 0.95, 1.0, 1.0, 1.0, 1.0, 1.0, 1.0, 1.0, 1.0]"
deepseek-r1-distill-llama-8b,28891dd6ff7aaeaf92456def52f81530,92746bc89412e4aa021bddc1037277ca68fd947d3209f2291fd132f88f0aaebd,False,MELAS syndrome,21,22,507,2192,19,0.9047619047619048,2080,0.8422090729783037,0.55,0.25,0.6,19,0.8422090729783037,"[0.25, 0.3158, 0.2, 0.15, 0.25, 0.25, 0.15, 0.25, 0.15, 0.35, 0.2, 0.2105, 0.35, 0.25, 0.15, 0.3, 0.3, 0.25, 0.3, 0.55, 0.65, 0.6]"
deepseek-r1-distill-llama-8b,28c328b44b6a8b287cd1e29bfc9c17eb,5a98da09422dbcf15a94aaa04d4ca8f8c40511a69b8cd44fca9bb0dcc07590ef,True,Parasitic infection,32,33,736,985,22,0.6875,652,0.654891304347826,0.75,0.0,0.95,30,0.936141304347826,"[0.0, 0.0, 0.0, 0.0, 0.0526, 0.0526, 0.0, 0.0, 0.0, 0.0, 0.0, 0.0, 0.1, 0.0526, 0.05, 0.0, 0.4, 0.25, 0.3, 0.15, 0.6, 0.85, 0.75, 0.8, 0.85, 0.75, 0.75, 0.65, 0.8421, 0.6316, 0.8421, 0.8947, 0.95]"
deepseek-r1-distill-llama-8b,28c328b44b6a8b287cd1e29bfc9c17eb,610180b4f3bf8a80655f8b1cb13191453ffa68d6bfa825de2f5d1d866e7c24b0,False,Pulmonary Histoplasmosis,32,33,611,847,23,0.71875,605,0.7119476268412439,0.9473684210526315,0.0,0.9411764705882353,23,0.7119476268412439,"[0.0, 0.0, 0.0, 0.0, 0.05, 0.0, 0.0, 0.0, 0.0, 0.0, 0.0, 0.0, 0.0, 0.0, 0.0, 0.0, 0.0, 0.0, 0.4211, 0.6842, 0.5789, 1.0, 0.5789, 0.9474, 0.9, 0.8947, 0.8, 0.8235, 0.8889, 0.9444, 0.8421, 1.0, 0.9412]"
deepseek-r1-distill-llama-8b,34d053d3a9b3a1f013655f7223718de7,c321eabb2c3a50bbde690b2a134b57a9555ba163da312300faa16821ed0bf9bd,True,Primary central nervous system lymphoma,27,28,556,2469,17,0.6296296296296297,2218,0.5863309352517986,0.8,0.3,1.0,17,0.5863309352517986,"[0.3, 0.45, 0.2778, 0.4, 0.3, 0.15, 0.3684, 0.3158, 0.3158, 0.45, 0.45, 0.1, 0.35, 0.4211, 0.35, 0.3158, 0.15, 0.8, 1.0, 1.0, 1.0, 1.0, 1.0, 1.0, 1.0, 1.0, 1.0, 1.0]"
deepseek-r1-distill-llama-8b,34d053d3a9b3a1f013655f7223718de7,d5c43ccbf9d107d11895286c65260d27c895eeaca935c898fcbe076441552485,False,Glioma,17,18,419,2322,11,0.6470588235294118,2165,0.6515513126491647,0.15,0.05,0.35,17,1.0,"[0.05, 0.0, 0.05, 0.05, 0.0, 0.1, 0.0, 0.0, 0.1, 0.0, 0.05, 0.15, 0.2, 0.2, 0.0, 0.1, 0.05, 0.35]"
deepseek-r1-distill-llama-8b,34f92cdb48573ee3ec1837da4f60ff3f,0c1ace8d2027a8f842b6d71f390502e725d554f997aba7e46c6819b23160d54a,True,Hip Dislocation,24,25,554,902,18,0.75,619,0.6696750902527075,0.5,0.0,0.7,20,0.8068592057761733,"[0.0, 0.1, 0.1, 0.0, 0.05, 0.0, 0.0, 0.1, 0.05, 0.05, 0.1, 0.1, 0.1, 0.2, 0.2, 0.3, 0.3, 0.6, 0.5, 0.3, 0.6, 0.7, 0.65, 0.7, 0.7]"
deepseek-r1-distill-llama-8b,34f92cdb48573ee3ec1837da4f60ff3f,1888bd01d49493572312418ba85aaf4948306d10aeb02650bf146ca7a7df9e8c,False,Hip Abductor Strain,23,24,510,898,21,0.9130434782608695,708,0.9019607843137255,1.0,0.0,1.0,21,0.9019607843137255,"[0.0, 0.0, 0.0, 0.0, 0.0, 0.0, 0.0, 0.0, 0.0, 0.0, 0.0, 0.0, 0.0, 0.0, 0.0, 0.0, 0.0, 0.0, 0.3, 0.2, 0.05, 1.0, 1.0, 1.0]"
deepseek-r1-distill-llama-8b,3544e050c3ae29b6422ea56dc506cd8d,7b02ff7a706095d730e77a93b9c64de8ec3422fd5edafa4869221e30b1e928bf,True,Pemphigus Foliaceus,31,32,654,2619,24,0.7741935483870968,2353,0.7553516819571865,0.8,0.65,1.0,29,0.8914373088685015,"[0.65, 1.0, 0.85, 0.85, 0.7, 0.75, 0.7, 0.75, 0.8, 0.9, 0.8, 1.0, 0.9, 0.9, 0.95, 0.75, 0.7895, 0.65, 0.6, 0.6, 0.95, 0.85, 0.6, 0.7, 0.8, 0.75, 0.7, 0.95, 0.7, 0.85, 1.0, 1.0]"
deepseek-r1-distill-llama-8b,3544e050c3ae29b6422ea56dc506cd8d,12be89bd93d0a6b74368b9dd037bf828f32268a09c5e2f085f6f1bce5c76a308,False,Systemic Lupus Erythematosus,36,37,866,2742,36,1.0,2725,1.0,1.0,0.15,1.0,36,1.0,"[0.15, 0.0, 0.4, 0.3, 0.25, 0.0, 0.2, 0.05, 0.1, 0.1, 0.1, 0.2, 0.15, 0.1, 0.2105, 0.1, 0.1, 0.1, 0.15, 0.15, 0.1, 0.1, 0.2105, 0.15, 0.35, 0.15, 0.1, 0.3, 0.15, 0.15, 0.25, 0.2, 0.45, 0.65, 0.7, 0.6, 1.0]"
deepseek-r1-distill-llama-8b,392e2a9bea699b47177b6179d80b2b23,90d62ab1f1cf2b81d9da23c6cc6a7c00c5943b9ff2ef534bf7ed68be76269505,True,Crohn's disease with Clostridioides difficile colitis,27,28,588,2777,26,0.9629629629629629,2744,0.9880952380952381,0.4,0.0,0.5,26,0.9880952380952381,"[0.0, 0.0, 0.0, 0.0, 0.0, 0.0, 0.0, 0.05, 0.0, 0.0, 0.0, 0.0, 0.0, 0.0, 0.0, 0.0, 0.05, 0.0, 0.0, 0.0, 0.0, 0.05, 0.05, 0.05, 0.2, 0.15, 0.4, 0.5]"
deepseek-r1-distill-llama-8b,392e2a9bea699b47177b6179d80b2b23,a6f9aed6da14ee44ee1cc8f7f0bd2d27177f0a2be51ea8e4f128d2c361d5840c,False,Pulmonary sarcoidosis,21,22,509,2684,20,0.9523809523809523,2650,0.9567779960707269,1.0,0.0,1.0,20,0.9567779960707269,"[0.0, 0.0, 0.05, 0.1579, 0.0526, 0.15, 0.05, 0.05, 0.05, 0.1053, 0.2, 0.25, 0.1, 0.0, 0.1053, 0.2778, 0.3, 0.25, 0.1, 0.1, 1.0, 1.0]"
deepseek-r1-distill-llama-8b,3ffd64fa59b0f373586831b18ec69d1f,50649c6142c8fa814bae1eeb384a22d1956ec62fef763a62b5dddf28684cebe2,True,Systemic Lupus Erythematosus,38,39,855,3581,21,0.5526315789473685,3194,0.5684210526315789,0.8421052631578947,0.05,0.7,36,0.9590643274853801,"[0.05, 0.2, 0.05, 0.1053, 0.1, 0.1, 0.05, 0.2105, 0.1579, 0.1, 0.05, 0.15, 0.25, 0.2105, 0.3, 0.2105, 0.2, 0.75, 0.8, 0.85, 0.5263, 0.8421, 0.8, 0.9, 0.95, 0.9, 0.95, 0.9, 0.8947, 0.8, 0.9, 0.95, 0.8, 0.8, 0.9, 0.9, 0.85, 0.85, 0.7]"
deepseek-r1-distill-llama-8b,3ffd64fa59b0f373586831b18ec69d1f,c85c65e43332569128bcce99f546977140851ae56dd3c4c1286203296bfa945a,False,Infective Endocarditis,28,29,800,3524,23,0.8214285714285714,3346,0.7975,0.9,0.3,0.95,23,0.7975,"[0.3, 0.45, 0.4211, 0.3, 0.15, 0.15, 0.2, 0.3158, 0.1, 0.2222, 0.1579, 0.1, 0.15, 0.15, 0.25, 0.05, 0.1, 0.2, 0.35, 0.25, 0.0, 0.35, 0.4, 0.9, 0.95, 0.95, 1.0, 1.0, 0.95]"
deepseek-r1-distill-llama-8b,40548af835e36bf1d06c74be11ea5d70,1292880a10b64a4ea7a1d9b9176020b4100b9e201279ad50b0eb07989771de39,True,Aplastic Anemia,32,33,768,1104,20,0.625,618,0.5807291666666666,0.9473684210526315,0.0,0.8,23,0.6875,"[0.0, 0.0, 0.0, 0.0, 0.0, 0.0, 0.05, 0.2, 0.2, 0.05, 0.2105, 0.1, 0.15, 0.15, 0.1, 0.0526, 0.05, 0.1, 0.35, 0.45, 0.9474, 0.95, 0.75, 0.95, 0.8, 0.8, 0.95, 0.8, 0.85, 0.85, 1.0, 0.8, 0.8]"
deepseek-r1-distill-llama-8b,40548af835e36bf1d06c74be11ea5d70,df2a9cbea4cd288b1fc88059c192d88ab4c2fcd77d996e358dc491c7a268a42d,False,Viral Infection,28,29,616,876,27,0.9642857142857143,763,0.9594155844155844,0.8,0.05,0.95,27,0.9594155844155844,"[0.05, 0.0, 0.0, 0.15, 0.1, 0.25, 0.3, 0.1, 0.1053, 0.1, 0.2, 0.1, 0.15, 0.05, 0.05, 0.1, 0.1, 0.3158, 0.05, 0.15, 0.1053, 0.15, 0.15, 0.45, 0.3, 0.4, 0.45, 0.8, 0.95]"
deepseek-r1-distill-llama-8b,42657169f520db24ecd36735fa5fcd7f,15c7974d27700be1906eb723d18706367ee8907cc0ebbc617dc225f9e21f5640,True,Anticholinergic Syndrome,22,23,467,865,20,0.9090909090909091,751,0.9100642398286938,1.0,0.0,1.0,20,0.9100642398286938,"[0.0, 0.1, 0.05, 0.1, 0.1, 0.2, 0.05, 0.15, 0.0, 0.15, 0.25, 0.15, 0.0, 0.2, 0.15, 0.15, 0.15, 0.0, 0.05, 0.35, 1.0, 1.0, 1.0]"
deepseek-r1-distill-llama-8b,42657169f520db24ecd36735fa5fcd7f,3e3e3566a388a5fa4fc69b499d0a5f01859916169650dcb579772e918e53d239,False,Alcohol Withdrawal,26,27,593,933,20,0.7692307692307693,739,0.6964586846543002,0.95,0.1,1.0,20,0.6964586846543002,"[0.1, 0.25, 0.45, 0.35, 0.25, 0.3, 0.2, 0.45, 0.3, 0.3, 0.35, 0.2, 0.2632, 0.35, 0.4, 0.4, 0.5, 0.25, 0.3, 0.45, 0.95, 1.0, 1.0, 1.0, 1.0, 1.0, 1.0]"
deepseek-r1-distill-llama-8b,44182d567f7978b8cf0aa37c5ce0d4aa,0d094537c86fdd6d5e696f79c15143443807d5deb974e757dfdb8f94bf3a8e63,True,Acute Hepatitis,80,81,1743,2023,77,0.9625,1864,0.9690189328743546,0.85,0.05,1.0,77,0.9690189328743546,"[0.05, 0.1, 0.0, 0.1, 0.15, 0.05, 0.0, 0.05, 0.05, 0.1, 0.35, 0.0, 0.1, 0.2, 0.0, 0.1, 0.25, 0.25, 0.2, 0.4, 0.3, 0.3, 0.25, 0.25, 0.35, 0.25, 0.2, 0.65, 0.7, 0.7, 0.8, 0.7, 0.4, 0.65, 0.5, 0.75, 0.5789, 0.6, 0.6, 0.65, 0.7, 0.8947, 0.55, 0.8, 0.6, 0.55, 0.75, 0.65, 0.8, 0.8947, 0.8, 0.6, 0.7, 0.8, 0.8, 0.85, 0.65, 0.4, 0.25, 0.4211, 0.45, 0.2, 0.25, 0.35, 0.3, 0.4211, 0.45, 0.35, 0.45, 0.1, 0.3, 0.2, 0.45, 0.5263, 0.65, 0.4211, 0.75, 0.85, 1.0, 1.0, 1.0]"
deepseek-r1-distill-llama-8b,44182d567f7978b8cf0aa37c5ce0d4aa,cdd909fbf1c000620ad8b1a3daed68d5ab1716dafe053ebe4d435bf4419f004f,False,Acute Cholestasis,25,26,515,789,24,0.96,661,0.9436893203883495,0.8,0.15,0.9,24,0.9436893203883495,"[0.15, 0.15, 0.1, 0.1, 0.1, 0.0, 0.15, 0.05, 0.25, 0.2, 0.2, 0.45, 0.1, 0.25, 0.3, 0.2778, 0.05, 0.35, 0.45, 0.2632, 0.15, 0.4, 0.25, 0.25, 0.8, 0.9]"
deepseek-r1-distill-llama-8b,46f5a66a841fae109fc92ccdb9448abe,400a4196c8108d0a599303a11040261262dc98ad7242e7d869b99cb27d2a05ba,True,Psychotic Disorder,28,29,548,1813,27,0.9642857142857143,1734,0.968978102189781,0.85,0.05,0.9,27,0.968978102189781,"[0.05, 0.0, 0.0, 0.05, 0.0, 0.0, 0.0, 0.0, 0.05, 0.0, 0.0, 0.0, 0.0, 0.05, 0.15, 0.05, 0.1053, 0.1, 0.1, 0.0, 0.0, 0.0526, 0.15, 0.0526, 0.0, 0.15, 0.1, 0.85, 0.9]"
deepseek-r1-distill-llama-8b,46f5a66a841fae109fc92ccdb9448abe,40b1fc304247328dd639b26b9305ad30478abb00a5119a9aad6397785b0363f8,False,Hypertensive Crisis,50,51,864,2118,50,1.0,2067,1.0,1.0,0.5,1.0,50,1.0,"[0.5, 0.4, 0.45, 0.25, 0.15, 0.45, 0.3158, 0.2, 0.4, 0.2632, 0.3, 0.15, 0.3, 0.2, 0.35, 0.4, 0.35, 0.3, 0.15, 0.25, 0.25, 0.3, 0.25, 0.3, 0.3, 0.25, 0.4, 0.1053, 0.45, 0.25, 0.15, 0.3, 0.3, 0.35, 0.25, 0.3, 0.2105, 0.15, 0.3684, 0.4, 0.3158, 0.2632, 0.4737, 0.2, 0.5, 0.4211, 0.65, 0.95, 1.0, 0.7, 1.0]"
deepseek-r1-distill-llama-8b,47601c56544121804558b55dbddc694b,244b2dd519efc342fd518926e39b8f1868293a57804ce7a075895621b4aa3a58,True,Syphilis,13,14,212,412,11,0.8461538461538461,340,0.8443396226415094,0.7,0.3,0.8,13,1.0,"[0.3, 0.45, 0.3, 0.3, 0.25, 0.45, 0.35, 0.65, 0.6, 0.65, 0.9, 0.7, 0.6, 0.8]"
deepseek-r1-distill-llama-8b,47601c56544121804558b55dbddc694b,a43a163b84eff0abc620b0241612010eed1b85992e332e337c2c3bf3aced209f,False,Tertiary syphilis,15,16,327,557,13,0.8666666666666667,431,0.8256880733944955,0.3684210526315789,0.0,0.4,13,0.8256880733944955,"[0.0, 0.05, 0.05, 0.0, 0.05, 0.1053, 0.0, 0.05, 0.0, 0.0, 0.0, 0.05, 0.0, 0.3684, 0.2, 0.4]"
deepseek-r1-distill-llama-8b,48d8738209cbe3d0f3490417e6c37914,ef5ebd82fe7e6662c27a6553ab9939e8411f0d2bd04019bc2b4493e864f70c4a,True,Congenital Adrenal Hyperplasia,23,24,726,1031,14,0.6086956521739131,543,0.48622589531680444,0.95,0.2,0.9,14,0.48622589531680444,"[0.2, 0.1, 0.1, 0.05, 0.1053, 0.0, 0.1, 0.1053, 0.05, 0.05, 0.55, 0.35, 0.5, 0.75, 0.95, 0.9, 0.9, 0.9, 1.0, 0.95, 0.95, 0.9, 0.85, 0.9]"
deepseek-r1-distill-llama-8b,48d8738209cbe3d0f3490417e6c37914,a3c412448459c9d45b6fb79eca3b610b5c050e378885c76fdcea5c58a7586bcd,False,Complete Androgen Insensitivity Syndrome,20,21,412,740,14,0.7,471,0.6820388349514563,0.85,0.10526315789473684,1.0,14,0.6820388349514563,"[0.1053, 0.05, 0.1, 0.0, 0.1579, 0.05, 0.05, 0.0, 0.0, 0.0, 0.0, 0.0, 0.0, 0.05, 0.85, 1.0, 0.95, 1.0, 1.0, 1.0, 1.0]"
deepseek-r1-distill-llama-8b,4abc3a40659612c935b6036cf7018466,9c809905529b9af68322a5e26886ee31418bb20a756a80462e6c1837a8aeb404,True,Referred otalgia post tympanoplasty,24,25,483,796,12,0.5,511,0.4389233954451346,0.8,0.5,1.0,18,0.6956521739130435,"[0.5, 0.45, 0.45, 0.7, 0.7, 0.45, 0.6, 0.6, 0.65, 0.8, 0.6, 0.5263, 0.8, 0.75, 0.8, 0.75, 0.7, 0.65, 1.0, 0.85, 1.0, 1.0, 0.95, 1.0, 1.0]"
deepseek-r1-distill-llama-8b,4abc3a40659612c935b6036cf7018466,5a1f2aa986762005093761db54b93e9718da0de3059b3cf7f780ca9ebe8eb54e,False,House-Brachmann Syndrome,24,25,510,824,21,0.875,748,0.8803921568627451,0.9,0.0,1.0,21,0.8803921568627451,"[0.0, 0.0, 0.05, 0.0, 0.0, 0.0, 0.0, 0.0, 0.0, 0.0526, 0.05, 0.05, 0.05, 0.0, 0.0, 0.0, 0.0, 0.0, 0.0, 0.05, 0.0, 0.9, 0.9, 1.0, 1.0]"
deepseek-r1-distill-llama-8b,4ac69654711e8b95f09faca42e95c605,a88294d386290ed77394a75f93f722ba50c76f16ef40ce50be07123f3c45e067,True,Myelodysplastic Syndrome,26,27,667,3225,14,0.5384615384615384,2848,0.4587706146926537,0.95,0.45,1.0,14,0.4587706146926537,"[0.45, 0.3684, 0.55, 0.55, 0.5, 0.7, 0.5, 0.6667, 0.55, 0.5263, 0.85, 0.6111, 0.5, 0.6, 0.95, 0.8421, 1.0, 0.95, 1.0, 1.0, 1.0, 1.0, 0.9474, 1.0, 1.0, 1.0, 1.0]"
deepseek-r1-distill-llama-8b,4ac69654711e8b95f09faca42e95c605,686e4f0d1455fa28c65f8dc6e9f17976f1719d1931205a079e747cc1240e1958,False,Hemolytic Anemia,39,40,945,3503,39,1.0,3487,1.0,0.5,0.15,0.5,39,1.0,"[0.15, 0.05, 0.15, 0.1, 0.0, 0.05, 0.0, 0.1, 0.0526, 0.05, 0.1, 0.1, 0.2632, 0.15, 0.55, 0.4, 0.4, 0.5, 0.5, 0.55, 0.4, 0.45, 0.6, 0.45, 0.85, 0.6316, 0.7, 0.6, 0.5, 0.65, 0.5, 0.4, 0.4, 0.55, 0.45, 0.45, 0.3, 0.95, 0.85, 0.5]"
deepseek-r1-distill-llama-8b,4d6344707f7581b02e4f545c4d51d472,515d24b464a98f98f2e4179aa1493729d61733e2237c41652dd55aca452300ab,True,Chronic Hepatitis B,15,16,370,714,14,0.9333333333333333,633,0.927027027027027,0.8,0.15,1.0,14,0.927027027027027,"[0.15, 0.2, 0.1, 0.0, 0.15, 0.0, 0.05, 0.1, 0.4, 0.45, 0.6, 0.3, 0.55, 0.3, 0.8, 1.0]"
deepseek-r1-distill-llama-8b,4d6344707f7581b02e4f545c4d51d472,58c47f52652bda9de4ab99d5dc0068855c7833a201150129d768903ebe5112c3,False,Acute Hepatitis B,25,26,483,787,15,0.6,585,0.6107660455486542,0.9,0.8,1.0,15,0.6107660455486542,"[0.8, 0.8, 0.75, 0.8, 0.75, 0.75, 0.55, 0.65, 0.65, 0.55, 0.65, 0.6, 0.75, 0.9, 0.65, 0.9, 0.9, 0.9, 0.9, 1.0, 0.95, 0.95, 1.0, 1.0, 1.0, 1.0]"
deepseek-r1-distill-llama-8b,5355d6e5738c1e76aa8f1441131c9295,3a9e283c1d7c794806bff172f46a9fcb6dc9629675c13c7e69d462a1e10f35a6,True,Right Heart Failure,24,25,444,671,23,0.9583333333333334,613,0.9527027027027027,0.8,0.6,1.0,23,0.9527027027027027,"[0.6, 0.3, 0.25, 0.5263, 0.4211, 0.5, 0.5, 0.4, 0.3, 0.5, 0.3684, 0.5789, 0.6316, 0.65, 0.5789, 0.1, 0.0, 0.05, 0.05, 0.05, 0.0, 0.15, 0.15, 0.8, 1.0]"
deepseek-r1-distill-llama-8b,5355d6e5738c1e76aa8f1441131c9295,c7cf9c2c52d51b3d37ea84d144a8b75553c2dc743ce9e167753cb371d4d2525b,False,Tricuspid regurgitation,18,19,398,658,18,1.0,588,1.0,0.45,0.1,0.45,18,1.0,"[0.1, 0.0, 0.1, 0.1, 0.15, 0.05, 0.1, 0.3, 0.1, 0.1, 0.45, 0.5, 0.25, 0.35, 0.35, 0.2, 0.45, 0.9474, 0.45]"
deepseek-r1-distill-llama-8b,5bebb5ccb1b21ef642e37fb57088d0af,1334c2219f6825866234107496b1ab36d550365152b3e911a120d8c985d16556,True,Cervical Anterolateral Cord Syndrome,15,16,282,556,14,0.9333333333333333,417,0.9113475177304965,0.95,0.15,1.0,14,0.9113475177304965,"[0.15, 0.3, 0.2, 0.4, 0.2, 0.05, 0.2, 0.1, 0.05, 0.1, 0.15, 0.15, 0.3, 0.7, 0.95, 1.0]"
deepseek-r1-distill-llama-8b,5bebb5ccb1b21ef642e37fb57088d0af,b8ac0c9a91a9c4bddcc138f7bd5c996c660eada8d913064ce820645129f0ddb5,False,Cervical Radiculopathy,17,18,289,467,7,0.4117647058823529,269,0.3771626297577855,0.85,0.4,1.0,7,0.3771626297577855,"[0.4, 0.5263, 0.65, 0.45, 0.6, 0.7, 0.6316, 0.85, 0.9, 0.9, 0.8, 0.8947, 0.95, 1.0, 1.0, 1.0, 1.0, 1.0]"
deepseek-r1-distill-llama-8b,5e08bb89aa461993e01a5790857ce599,d30829900a1615c6ae8232e3471d4390caadc2f28a4236fced955a120c16e5e9,True,Non-Small Cell Lung Cancer,33,34,700,999,26,0.7878787878787878,817,0.7614285714285715,1.0,0.6,1.0,26,0.7614285714285715,"[0.6, 0.4737, 0.35, 0.55, 0.35, 0.55, 0.55, 0.45, 0.6, 0.4, 0.55, 0.3, 0.55, 0.65, 0.3158, 0.45, 0.75, 0.95, 0.6, 0.55, 0.6, 0.75, 0.6, 0.65, 0.5, 0.65, 1.0, 1.0, 1.0, 1.0, 1.0, 1.0, 1.0, 1.0]"
deepseek-r1-distill-llama-8b,5e08bb89aa461993e01a5790857ce599,21fec8baae280a7bf20973e43a2e1c3543e2b55268fe762ce0750e79904cea53,False,Small cell lung carcinoma,43,44,863,1201,4,0.09302325581395349,365,0.09385863267670916,0.2,0.3,0.4,42,0.9710312862108922,"[0.3, 0.25, 0.15, 0.4, 0.2, 0.05, 0.2, 0.15, 0.15, 0.2, 0.2, 0.35, 0.1, 0.25, 0.25, 0.1, 0.1, 0.3, 0.25, 0.1, 0.2, 0.2, 0.25, 0.15, 0.3, 0.3, 0.3, 0.2632, 0.3, 0.2, 0.15, 0.15, 0.1, 0.15, 0.05, 0.1, 0.1053, 0.0, 0.0, 0.0, 0.05, 0.1, 0.3, 0.4]"
deepseek-r1-distill-llama-8b,5e7abd32af948047598121dd03ac97b6,a845e6d2fb9ed4317b72d707f6270159e380e110219b798337c66c1acebe3356,True,Varicella,40,41,764,925,25,0.625,595,0.5837696335078534,0.95,0.5,1.0,25,0.5837696335078534,"[0.5, 0.35, 0.45, 0.7, 0.9, 0.8, 0.75, 0.55, 0.75, 0.75, 0.75, 0.2, 0.8, 0.85, 0.5, 0.7, 0.85, 0.55, 0.45, 0.75, 0.85, 0.55, 0.6, 0.45, 0.55, 0.95, 0.95, 1.0, 1.0, 0.95, 1.0, 1.0, 1.0, 1.0, 1.0, 1.0, 1.0, 1.0, 1.0, 1.0, 1.0]"
deepseek-r1-distill-llama-8b,5e7abd32af948047598121dd03ac97b6,284fdf0b9c697e84f2f8dfffa8c344369f30363d601915ea6c95018f61b05bb2,False,Measles,40,41,898,1059,36,0.9,920,0.8585746102449888,0.85,0.25,1.0,36,0.8585746102449888,"[0.25, 0.3, 0.25, 0.4, 0.4, 0.3, 0.35, 0.15, 0.45, 0.1, 0.15, 0.05, 0.15, 0.3, 0.2, 0.2105, 0.15, 0.65, 0.25, 0.4, 0.2, 0.2, 0.2632, 0.2105, 0.05, 0.2105, 0.4211, 0.15, 0.15, 0.3, 0.2, 0.7, 0.7, 0.4, 0.55, 0.6, 0.85, 1.0, 1.0, 1.0, 1.0]"
deepseek-r1-distill-llama-8b,633420a679153f203fc61a88a953629e,da6775582e15a40297307a81ef8e8babac161db7deee539c3f5fb251700cc432,True,Irritable Bowel Syndrome,22,23,507,908,6,0.2727272727272727,450,0.24260355029585798,0.85,0.4,1.0,6,0.24260355029585798,"[0.4, 0.5, 0.5, 0.35, 0.7895, 0.6, 0.85, 1.0, 0.95, 1.0, 1.0, 1.0, 1.0, 1.0, 1.0, 1.0, 1.0, 1.0, 1.0, 1.0, 1.0, 1.0, 1.0]"
deepseek-r1-distill-llama-8b,633420a679153f203fc61a88a953629e,32e181cf35f8e99af5545e4aa761c8be3d052ec6054ecda3da417320f886853e,False,Giardiasis,24,25,521,861,12,0.5,554,0.43570057581573896,1.0,0.3,1.0,12,0.43570057581573896,"[0.3, 0.3, 0.2, 0.3, 0.2, 0.2, 0.25, 0.25, 0.2, 0.15, 0.6842, 0.6842, 1.0, 1.0, 1.0, 1.0, 1.0, 1.0, 1.0, 1.0, 1.0, 1.0, 0.95, 1.0, 1.0]"
deepseek-r1-distill-llama-8b,6a6759f19289095fe5bdee59a062046c,d092833a194d4ba7d8236c9b5b41069b365faa0b4742bf632c9f6de1da094f0b,True,Spider bite,20,21,484,795,18,0.9,712,0.8698347107438017,0.55,0.15,0.6,18,0.8698347107438017,"[0.15, 0.45, 0.1, 0.15, 0.1, 0.15, 0.15, 0.2, 0.2, 0.1, 0.05, 0.3, 0.15, 0.05, 0.45, 0.3, 0.4, 0.2, 0.55, 0.65, 0.6]"
deepseek-r1-distill-llama-8b,6a6759f19289095fe5bdee59a062046c,906e7d16ee2f621bd40bb1479616e7ae56796b4082a77b6843a018e69ad5c2f2,False,Snakebite,22,23,432,735,15,0.6818181818181818,575,0.6574074074074074,0.8,0.0,1.0,15,0.6574074074074074,"[0.0, 0.0, 0.05, 0.0, 0.05, 0.1, 0.0, 0.0, 0.0, 0.0, 0.1, 0.1, 0.65, 0.65, 0.7, 0.8, 0.8, 1.0, 1.0, 1.0, 1.0, 1.0, 1.0]"
deepseek-r1-distill-llama-8b,6c4cccbdfe3340d1de38720b444b4e83,1608e68f5b14728d95efd22f5897afd6d6d3dea639662325514b274386a0325f,True,Carotid Body Paraganglioma,20,21,476,734,15,0.75,529,0.6848739495798319,1.0,0.05263157894736842,1.0,15,0.6848739495798319,"[0.0526, 0.15, 0.0, 0.0, 0.05, 0.0, 0.0, 0.15, 0.1, 0.05, 0.0, 0.0, 0.0, 0.0, 0.5, 1.0, 1.0, 1.0, 1.0, 1.0, 1.0]"
deepseek-r1-distill-llama-8b,6c4cccbdfe3340d1de38720b444b4e83,612efa26528030b05babe06c0852463be91a43e6b75f57a0ed239b1aa0bdd665,False,Hemangioma,16,17,385,647,10,0.625,432,0.5948051948051948,0.8,0.5,1.0,10,0.5948051948051948,"[0.5, 0.45, 0.4, 0.45, 0.1, 0.6, 0.5, 0.45, 0.5, 0.55, 0.8, 1.0, 0.9474, 0.95, 1.0, 1.0, 1.0]"
deepseek-r1-distill-llama-8b,6cae95de019b8b107893b29e2418ab4a,a61435db14cbe6b839996a2e066148290766418826db8dadc86787e71b688dd6,True,Arthropod bite reaction,118,119,2871,3155,118,1.0,3141,1.0,0.95,0.25,0.95,118,1.0,"[0.25, 0.25, 0.25, 0.3, 0.5, 0.4, 0.3, 0.45, 0.4, 0.45, 0.3, 0.2778, 0.4, 0.25, 0.55, 0.5, 0.65, 0.55, 0.4, 0.55, 0.35, 0.25, 0.5263, 0.4, 0.3889, 0.7, 0.55, 0.4, 0.6316, 0.45, 0.2632, 0.5, 0.5, 0.65, 0.3684, 0.35, 0.5, 0.15, 0.3158, 0.05, 0.2632, 0.6, 0.55, 0.4, 0.65, 0.45, 0.6842, 0.4, 0.4, 0.4, 0.75, 0.65, 0.45, 0.65, 0.4737, 0.5, 0.45, 0.45, 0.45, 0.45, 0.4, 0.55, 0.5, 0.35, 0.4, 0.45, 0.35, 0.65, 0.45, 0.35, 0.55, 0.5, 0.35, 0.4, 0.55, 0.3684, 0.65, 0.55, 0.65, 0.6, 0.75, 0.5, 0.6, 0.65, 0.6316, 0.65, 0.6, 0.45, 0.6, 0.65, 0.55, 0.55, 0.65, 0.7, 0.6, 0.25, 0.25, 0.15, 0.4, 0.3, 0.2, 0.25, 0.5, 0.4, 0.4, 0.3684, 0.4, 0.4, 0.45, 0.35, 0.4, 0.4, 0.45, 0.4, 0.5, 0.45, 0.35, 0.55, 0.95]"
deepseek-r1-distill-llama-8b,6cae95de019b8b107893b29e2418ab4a,61a27527a51ec71cae730d367801b4024ab1a18d273388642dff7179b12fc87e,False,Contact dermatitis,27,28,641,973,20,0.7407407407407407,729,0.7160686427457098,0.85,0.21052631578947367,1.0,20,0.7160686427457098,"[0.2105, 0.25, 0.35, 0.4211, 0.45, 0.35, 0.5263, 0.45, 0.7, 0.65, 0.6, 0.4, 0.35, 0.5, 0.6, 0.8, 0.5, 0.8, 0.6, 0.6, 0.85, 1.0, 1.0, 0.95, 1.0, 1.0, 1.0, 1.0]"
deepseek-r1-distill-llama-8b,711f389c59ebfcb9eb04d37c86efae77,98e5eaf2d9d8395500a37bffba1025224702ebb1716a3eace63609b25feb768a,True,Dysmenorrhea,22,23,535,778,16,0.7272727272727273,596,0.6841121495327103,0.85,0.15789473684210525,1.0,20,0.8953271028037383,"[0.1579, 0.4, 0.2, 0.1053, 0.05, 0.1, 0.25, 0.25, 0.4, 0.3, 0.45, 0.65, 0.5, 0.4737, 0.45, 0.55, 0.85, 0.85, 0.85, 0.75, 0.95, 1.0, 1.0]"
deepseek-r1-distill-llama-8b,711f389c59ebfcb9eb04d37c86efae77,72ecdfa18f1ac4d0d9ddd8c35b1f9212684e7ea7715a0b1b004e80045d16805c,False,Menorrhagia,21,22,411,654,17,0.8095238095238095,551,0.781021897810219,1.0,0.15,1.0,17,0.781021897810219,"[0.15, 0.05, 0.05, 0.1, 0.1, 0.05, 0.05, 0.15, 0.0, 0.1, 0.1, 0.3, 0.3, 0.1, 0.35, 0.05, 0.45, 1.0, 1.0, 1.0, 1.0, 1.0]"
deepseek-r1-distill-llama-8b,715eb949cafa36ccc69ff816a68a68bd,22e7f77eed30959148e475aa66989782ea4ff031cb69ca1d216db6c62155a90a,True,Sepsis with Disseminated Intravascular Coagulation,34,35,783,3338,30,0.8823529411764706,3243,0.8952745849297573,0.8421052631578947,0.6,1.0,33,0.9897828863346104,"[0.6, 0.4211, 0.5556, 0.3158, 0.45, 0.3889, 0.3158, 0.3, 0.45, 0.4737, 0.7, 0.3684, 0.3889, 0.4, 0.3684, 0.6111, 0.35, 0.3684, 0.4, 0.3684, 0.55, 0.4737, 0.45, 0.3, 0.2353, 0.2, 0.7, 0.8889, 0.8889, 0.6875, 0.8421, 0.85, 0.7895, 1.0, 1.0]"
deepseek-r1-distill-llama-8b,715eb949cafa36ccc69ff816a68a68bd,92bbdf14896503e1feb0bb000b26c4115a7d47d8b5e4ecfb9a0b4c037a806f3e,False,Rocky Mountain Spotted Fever,21,22,518,3075,8,0.38095238095238093,2743,0.38803088803088803,0.9,0.25,1.0,8,0.38803088803088803,"[0.25, 0.2105, 0.2, 0.2, 0.2105, 0.2, 0.25, 0.45, 0.9, 0.95, 0.8947, 0.9, 0.9474, 0.9474, 1.0, 1.0, 1.0, 1.0, 1.0, 1.0, 1.0, 1.0]"
deepseek-r1-distill-llama-8b,719442a3ee1c00332a6b77c30ce987cd,9e2e42ffcd71b857c9d14e4d92f46369eb65bea371f5be3ca51782550e2e9e01,True,Von Willebrand disease,31,32,650,892,24,0.7741935483870968,706,0.7353846153846154,0.9,0.1,1.0,24,0.7353846153846154,"[0.1, 0.2, 0.1, 0.2, 0.1, 0.05, 0.1, 0.1053, 0.0, 0.2, 0.2, 0.05, 0.15, 0.1, 0.4, 0.3, 0.15, 0.25, 0.15, 0.25, 0.3, 0.5, 0.15, 0.2105, 0.9, 1.0, 1.0, 1.0, 1.0, 1.0, 1.0, 1.0]"
deepseek-r1-distill-llama-8b,719442a3ee1c00332a6b77c30ce987cd,1ff8fe30d7fd176fcf7612f8fb999c2a1da6f1df8aea704426d15e1e86463004,False,Immune Thrombocytopenia,29,30,715,1004,22,0.7586206896551724,782,0.7748251748251749,0.8947368421052632,0.3333333333333333,1.0,24,0.8545454545454545,"[0.3333, 0.35, 0.35, 0.1, 0.15, 0.4, 0.15, 0.0, 0.15, 0.2632, 0.15, 0.25, 0.45, 0.45, 0.5, 0.35, 0.65, 0.4737, 0.85, 0.7368, 0.55, 0.7368, 0.8947, 0.75, 0.95, 1.0, 1.0, 1.0, 1.0, 1.0]"
deepseek-r1-distill-llama-8b,7351fe5f8ee14ff826bc262030efc469,a4cb48cb80a39d186af78d3bec6b38e109b4a6ba81e63d71bb3b86d8a383a312,True,Hemophilia,39,40,776,1163,39,1.0,1149,1.0,1.0,0.2,1.0,39,1.0,"[0.2, 0.3, 0.1, 0.35, 0.2, 0.15, 0.15, 0.4, 0.05, 0.35, 0.2, 0.15, 0.05, 0.2, 0.1, 0.2, 0.3, 0.05, 0.1, 0.05, 0.05, 0.05, 0.0, 0.05, 0.05, 0.1, 0.1, 0.05, 0.05, 0.3, 0.3, 0.3, 0.5, 0.55, 0.45, 0.4, 0.65, 0.65, 0.6, 1.0]"
deepseek-r1-distill-llama-8b,7351fe5f8ee14ff826bc262030efc469,acf1ac38490dee9e2fd44ad2ad3afbc9af56eada556bce8617772d596ea0122d,False,Von Willebrand disease,36,37,704,1091,31,0.8611111111111112,957,0.8295454545454546,0.85,0.4,1.0,31,0.8295454545454546,"[0.4, 0.35, 0.35, 0.4, 0.4, 0.55, 0.6, 0.55, 0.35, 0.65, 0.55, 0.5, 0.7, 0.3, 0.65, 0.75, 0.8, 0.8, 0.7, 0.85, 0.7, 0.9, 0.7, 0.7, 0.1, 0.05, 0.05, 0.35, 0.5, 0.45, 0.45, 0.85, 0.9, 1.0, 0.95, 1.0, 1.0]"
deepseek-r1-distill-llama-8b,7d75815cb2310bdcf17826679b94cee2,3d23548e8682cb1e0bca8b1d0330e84b6a16b59efdf6a835deddc07b9bcf7e5d,True,Diffuse glomerulonephritis,27,28,589,2792,24,0.8888888888888888,2701,0.8760611205432938,1.0,0.0,1.0,24,0.8760611205432938,"[0.0, 0.0, 0.0, 0.0, 0.05, 0.0, 0.05, 0.0, 0.05, 0.0, 0.0, 0.05, 0.0, 0.0, 0.0, 0.0, 0.0, 0.0, 0.05, 0.0, 0.0, 0.05, 0.0, 0.0, 1.0, 1.0, 1.0, 1.0]"
deepseek-r1-distill-llama-8b,7d75815cb2310bdcf17826679b94cee2,2fdeb58b9e545dea7d2d6a55b01e448fdca6d3bfffa35ccef37ee40325b44ad0,False,Focal Segmental Glomerulosclerosis,45,46,1075,3278,37,0.8222222222222222,3032,0.7879069767441861,1.0,0.2,1.0,37,0.7879069767441861,"[0.2, 0.2105, 0.5, 0.25, 0.25, 0.4, 0.5, 0.25, 0.3, 0.25, 0.4, 0.35, 0.2, 0.2632, 0.3, 0.4, 0.35, 0.2, 0.15, 0.15, 0.55, 0.15, 0.3, 0.3, 0.6, 0.25, 0.1, 0.25, 0.3, 0.2, 0.4211, 0.2, 0.1, 0.2, 0.25, 0.55, 0.6, 1.0, 1.0, 1.0, 1.0, 1.0, 1.0, 1.0, 1.0, 1.0]"
deepseek-r1-distill-llama-8b,839d5849b985de3b732f197086218847,03b5bb439d6ce305b48d8c783856f6f45fdff8992666c8569152010c6436595f,True,Pneumocystis pneumonia,23,24,505,888,15,0.6521739130434783,624,0.6079207920792079,0.95,0.5,1.0,15,0.6079207920792079,"[0.5, 0.6, 0.35, 0.55, 0.45, 0.5, 0.75, 0.45, 0.4, 0.7, 0.55, 0.45, 0.5, 0.65, 0.55, 0.95, 1.0, 0.95, 1.0, 1.0, 1.0, 1.0, 1.0, 1.0]"
deepseek-r1-distill-llama-8b,839d5849b985de3b732f197086218847,d2d50b42c41641b21a4407f253f62037b8e697392225f39d2d7e8d101c8a0731,False,Histoplasmosis,33,34,630,1016,23,0.696969696969697,717,0.6349206349206349,0.85,0.15,1.0,23,0.6349206349206349,"[0.15, 0.2105, 0.25, 0.2, 0.45, 0.5, 0.4, 0.35, 0.25, 0.4, 0.2, 0.4, 0.35, 0.4, 0.45, 0.3, 0.4, 0.6, 0.55, 0.35, 0.5, 0.35, 0.3, 0.85, 0.95, 0.95, 1.0, 1.0, 1.0, 1.0, 1.0, 1.0, 1.0, 1.0]"
deepseek-r1-distill-llama-8b,855d2426bc87f84b919fa59d39097374,80ceea1f485a1faab44e317d91dd81aae3f490f471b88991eadcf56472cbf6f7,True,Schizophrenia,17,18,319,529,11,0.6470588235294118,352,0.5987460815047022,1.0,0.15,1.0,11,0.5987460815047022,"[0.15, 0.35, 0.05, 0.55, 0.25, 0.2, 0.15, 0.1579, 0.3, 0.6, 0.5, 1.0, 0.95, 1.0, 0.95, 1.0, 1.0, 1.0]"
deepseek-r1-distill-llama-8b,855d2426bc87f84b919fa59d39097374,988a577d226f4f129f31ae5d22044613e4e9d8e82edd39d5c66ebc12036f1614,False,Fregoli's Delusion,22,23,358,596,21,0.9545454545454546,496,0.9357541899441341,0.8421052631578947,0.0,1.0,21,0.9357541899441341,"[0.0, 0.0, 0.0, 0.0, 0.0, 0.0, 0.0, 0.0, 0.0, 0.0, 0.05, 0.0, 0.9444, 1.0, 0.8824, 0.8889, 0.6111, 0.6111, 0.7222, 0.5263, 0.7059, 0.8421, 1.0]"
deepseek-r1-distill-llama-8b,88537bcf54e128709d3d84d9a954aa6f,4e28e65dc3e5a3d2fe5c67886131d2692b734090f4ed7cdf3dc694b138bbb05e,True,Leukocytoclastic Vasculitis,24,25,500,1919,19,0.7916666666666666,1753,0.806,1.0,0.0,0.95,19,0.806,"[0.0, 0.05, 0.0, 0.0, 0.1579, 0.1, 0.0, 0.0, 0.0, 0.05, 0.05, 0.0526, 0.0, 0.2, 0.05, 0.0, 0.05, 0.05, 0.0, 1.0, 1.0, 1.0, 1.0, 1.0, 0.95]"
deepseek-r1-distill-llama-8b,88537bcf54e128709d3d84d9a954aa6f,5751348456308492a79406255a681d92fb82d853fa3bb45a24f02c5a6e5562a6,False,Erythema Nodosum,32,33,726,2091,28,0.875,1971,0.8553719008264463,0.9473684210526315,0.05,1.0,28,0.8553719008264463,"[0.05, 0.0, 0.25, 0.1053, 0.15, 0.0, 0.3, 0.1053, 0.05, 0.1, 0.0526, 0.0, 0.1053, 0.25, 0.15, 0.15, 0.1053, 0.1, 0.25, 0.0, 0.1053, 0.2, 0.25, 0.05, 0.3, 0.2105, 0.15, 0.3, 0.9474, 1.0, 1.0, 1.0, 1.0]"
deepseek-r1-distill-llama-8b,8b5ae4c8982f0b55e7334ff4117d6a4f,b7941e86a19c339c5a5c70607cd9f6bf9b69bae5c42b3096429e54fb9e54fd14,True,Oral Mucositis,21,22,452,706,9,0.42857142857142855,334,0.4092920353982301,0.8,0.0,1.0,15,0.6039823008849557,"[0.0, 0.0, 0.0, 0.0, 0.15, 0.35, 0.35, 0.5, 0.65, 0.8, 0.9, 0.9, 0.9, 0.75, 0.75, 0.85, 0.85, 0.85, 0.95, 0.9, 1.0, 1.0]"
deepseek-r1-distill-llama-8b,8b5ae4c8982f0b55e7334ff4117d6a4f,900fd60f7c2273d0b48bd4fa1a326c272d039613176ebd0a95788e7922abc405,False,"Hand, foot, and mouth disease",20,21,470,644,5,0.25,253,0.22127659574468084,1.0,0.9,1.0,5,0.22127659574468084,"[0.9, 0.75, 0.65, 0.7, 0.5, 1.0, 1.0, 1.0, 1.0, 1.0, 1.0, 1.0, 1.0, 1.0, 1.0, 1.0, 1.0, 1.0, 1.0, 1.0, 1.0]"
deepseek-r1-distill-llama-8b,8c88e2f998f2ec7a396f40c6d5452b84,ae34cd0ae988e3bee090b06dfe0f8d9dd88d2edce324ef26612ad3800a99b22c,True,Congenital Toxoplasmosis,26,27,543,1121,15,0.5769230769230769,611,0.4972375690607735,0.8,0.42105263157894735,1.0,18,0.6372007366482505,"[0.4211, 0.35, 0.25, 0.3, 0.2, 0.15, 0.25, 0.2, 0.25, 0.6, 0.25, 0.35, 0.35, 0.7, 0.7, 0.8, 0.85, 0.75, 0.8, 0.8, 0.95, 0.9, 1.0, 1.0, 0.95, 0.95, 1.0]"
deepseek-r1-distill-llama-8b,8c88e2f998f2ec7a396f40c6d5452b84,52e3dcb7b727a7628ecb4168ea11eb2fea09998f44af586346ef41a2b11d8711,False,Bacterial Meningitis,31,32,678,1032,26,0.8387096774193549,867,0.775811209439528,0.95,0.05,1.0,26,0.775811209439528,"[0.05, 0.0, 0.0, 0.0, 0.0, 0.0, 0.05, 0.0, 0.0, 0.05, 0.0, 0.0, 0.05, 0.0, 0.05, 0.0, 0.05, 0.0, 0.05, 0.05, 0.0, 0.0, 0.0, 0.15, 0.1, 0.2, 0.95, 0.95, 1.0, 0.95, 1.0, 1.0]"
deepseek-r1-distill-llama-8b,8d4129f4074a7419ef8017429041fac4,81ae5957c5bc2f0f65682c9884574ebf1c926b30bd32c5471af49e1b4df19a21,True,Goiter,55,56,1145,1407,52,0.9454545454545454,1231,0.9353711790393013,0.5,0.15,0.6111111111111112,55,1.0,"[0.15, 0.3158, 0.05, 0.2105, 0.2632, 0.3, 0.1, 0.35, 0.1, 0.1053, 0.2, 0.5, 0.45, 0.25, 0.2, 0.25, 0.25, 0.4, 0.5, 0.2105, 0.4, 0.4737, 0.35, 0.1111, 0.2105, 0.2, 0.15, 0.2105, 0.15, 0.45, 0.3, 0.6111, 0.6667, 0.65, 0.5, 0.25, 0.6667, 0.6, 0.2222, 0.45, 0.4, 0.6, 0.7895, 0.6, 0.55, 0.4, 0.7368, 0.75, 0.5789, 0.5789, 0.7368, 0.55, 0.5, 0.3, 0.35, 0.6111]"
deepseek-r1-distill-llama-8b,8d4129f4074a7419ef8017429041fac4,37eedf564591546dda6c5949937798c6dfe1785b7d067ac2b39d1ef21b9b62e2,False,Hyperthyroidism,22,23,528,760,15,0.6818181818181818,495,0.634469696969697,0.95,0.0,1.0,15,0.634469696969697,"[0.0, 0.0, 0.0, 0.0, 0.0, 0.05, 0.1, 0.1, 0.15, 0.05, 0.15, 0.2632, 0.55, 0.5, 0.65, 0.95, 0.9, 0.95, 0.95, 0.9, 0.95, 1.0, 1.0]"
deepseek-r1-distill-llama-8b,8e99e185c9670ed801211fba5a2e93f9,b81b01a9181255c0fc1669fa4ac9313e02c64db71c6e9f46948a30a3c6bb016e,True,Scabies,22,23,423,585,4,0.18181818181818182,250,0.23404255319148937,0.8947368421052632,0.05,1.0,4,0.23404255319148937,"[0.05, 0.2, 0.2632, 0.2, 0.8947, 1.0, 1.0, 0.95, 0.9474, 1.0, 1.0, 1.0, 1.0, 1.0, 1.0, 1.0, 1.0, 1.0, 1.0, 1.0, 1.0, 1.0, 1.0]"
deepseek-r1-distill-llama-8b,8e99e185c9670ed801211fba5a2e93f9,e87b24d60bb54f824fd8dd8adcbe07435c7ed21afe2521b4e1c3a5957096e8be,False,Dermatophytosis,24,25,490,653,8,0.3333333333333333,305,0.3142857142857143,0.95,0.45,1.0,8,0.3142857142857143,"[0.45, 0.35, 0.6, 0.5, 0.6, 0.4, 0.6, 0.55, 0.95, 0.95, 0.8947, 1.0, 0.95, 0.95, 0.95, 0.95, 1.0, 0.95, 0.9474, 1.0, 0.8, 0.95, 0.85, 1.0, 1.0]"
deepseek-r1-distill-llama-8b,967834058a7e6f5cb903d6d983ecba7e,b626ccb4919418dac0712b24ad7c71e9ce141e6c1f6cc3fb3b58008654a9a7d6,True,Hemolytic anemia,21,22,533,852,21,1.0,744,1.0,0.25,0.05,0.25,21,1.0,"[0.05, 0.3, 0.05, 0.2, 0.1, 0.0, 0.0, 0.05, 0.35, 0.4, 0.5, 0.45, 0.5, 0.6, 0.55, 0.65, 0.85, 0.5, 0.6, 0.6, 0.5, 0.25]"
deepseek-r1-distill-llama-8b,967834058a7e6f5cb903d6d983ecba7e,c145a2ced834d978bb11ec1a064fcc1b8ae784afef8056be76275c25e5c95435,False,Iron deficiency anemia,32,33,795,1124,9,0.28125,405,0.2440251572327044,0.9,0.2,1.0,9,0.2440251572327044,"[0.2, 0.2, 0.15, 0.3, 0.05, 0.2, 0.55, 0.6, 0.75, 0.9, 0.8, 0.95, 0.9, 0.85, 0.95, 0.9, 1.0, 1.0, 1.0, 1.0, 1.0, 1.0, 1.0, 1.0, 1.0, 0.95, 1.0, 1.0, 1.0, 1.0, 1.0, 1.0, 1.0]"
deepseek-r1-distill-llama-8b,9c22e95143200153a9b0c049452517e1,743e063cc96740bdc93302041ba1bf86c29e84a60765570e7852f20973b8c929,True,Systemic Lupus Erythematosus,20,21,535,2906,0,0.0,2354,0.0,0.85,0.85,1.0,4,0.16448598130841122,"[0.85, 0.9444, 0.85, 0.7368, 0.8947, 0.8421, 0.8, 0.9474, 0.9, 1.0, 0.9, 0.9, 0.9474, 0.85, 0.85, 0.95, 0.9, 0.8, 0.9, 1.0, 1.0]"
deepseek-r1-distill-llama-8b,9c22e95143200153a9b0c049452517e1,f622b342f59da144662393e98e494088b4a58eda96597d78499b52354796cfaf,False,Central nervous system vasculitis,18,19,491,2890,16,0.8888888888888888,2792,0.8920570264765784,1.0,0.05,1.0,16,0.8920570264765784,"[0.05, 0.0, 0.1, 0.0, 0.0, 0.0, 0.0, 0.1111, 0.1053, 0.0, 0.0, 0.0556, 0.1, 0.1, 0.25, 0.7895, 1.0, 1.0, 1.0]"
deepseek-r1-distill-llama-8b,9d8432d3b13c02fb04b55e0a74c6c063,6de47ba540053227a4082fe11d06a5e6c6a4accedb16ad775a341e29614e0463,True,"Ehlers-Danlos Syndrome, Hypermobile Type",36,37,823,1891,36,1.0,1874,1.0,1.0,0.3157894736842105,1.0,36,1.0,"[0.3158, 0.15, 0.15, 0.05, 0.15, 0.0, 0.05, 0.05, 0.1, 0.1053, 0.15, 0.05, 0.1, 0.25, 0.2, 0.35, 0.2, 0.5789, 0.35, 0.25, 0.5, 0.2, 0.25, 0.25, 0.25, 0.1, 0.25, 0.3, 0.25, 0.25, 0.5, 0.2, 0.15, 0.15, 0.75, 0.75, 1.0]"
deepseek-r1-distill-llama-8b,9d8432d3b13c02fb04b55e0a74c6c063,96c3d260d41a8e21c2d085feb4928e9d442f52e01e307be35448a9495345655b,False,Acute Pericarditis,32,33,808,1875,26,0.8125,1715,0.8217821782178217,0.9,0.1,1.0,26,0.8217821782178217,"[0.1, 0.1, 0.0, 0.0, 0.1, 0.05, 0.0, 0.0526, 0.0, 0.0, 0.1, 0.05, 0.1, 0.0, 0.1, 0.0, 0.1, 0.05, 0.05, 0.05, 0.15, 0.0, 0.05, 0.05, 0.15, 0.75, 0.9, 0.95, 0.95, 1.0, 0.95, 0.95, 1.0]"
deepseek-r1-distill-llama-8b,a255fd4b2fac78a3faaf47bd17cd723f,512f09a385448cfa94adc6ed70eb8d17818cbb5eba0e5e4fb675207b28d618f9,True,Primary Hyperparathyroidism,47,48,946,1212,22,0.46808510638297873,594,0.4418604651162791,0.9473684210526315,0.2,1.0,22,0.4418604651162791,"[0.2, 0.15, 0.0, 0.05, 0.2, 0.15, 0.2, 0.2, 0.3, 0.3, 0.3, 0.2, 0.2, 0.3684, 0.25, 0.2, 0.35, 0.5263, 0.3158, 0.4, 0.4, 0.2632, 0.9474, 0.95, 0.9, 0.95, 0.95, 0.8421, 1.0, 1.0, 1.0, 1.0, 1.0, 0.95, 1.0, 1.0, 1.0, 1.0, 1.0, 1.0, 1.0, 1.0, 1.0, 1.0, 1.0, 1.0, 1.0, 1.0]"
deepseek-r1-distill-llama-8b,a255fd4b2fac78a3faaf47bd17cd723f,ec038bb7dc7b3f626e2be0cf8bcf1b12e831ac80b477192a7f5fa24d88ede1fe,False,Chronic Kidney Disease,34,35,696,944,27,0.7941176470588235,702,0.7557471264367817,0.8,0.15,1.0,27,0.7557471264367817,"[0.15, 0.3, 0.2632, 0.3684, 0.15, 0.2, 0.2, 0.2, 0.15, 0.15, 0.2, 0.15, 0.05, 0.4, 0.35, 0.15, 0.15, 0.25, 0.2105, 0.25, 0.15, 0.25, 0.15, 0.6, 0.55, 0.6, 0.45, 0.8, 1.0, 1.0, 1.0, 1.0, 1.0, 1.0, 1.0]"
deepseek-r1-distill-llama-8b,a670afa64f606d20eed4a435fc89d120,684b54e9cfb8f69e446452ee052c80ec6e3afac94f7eb50b602e2362687420b6,True,Idiopathic Intracranial Hypertension,35,36,637,916,21,0.6,566,0.6216640502354788,1.0,0.05263157894736842,1.0,21,0.6216640502354788,"[0.0526, 0.1, 0.15, 0.05, 0.05, 0.1, 0.3, 0.05, 0.05, 0.15, 0.2105, 0.4, 0.2, 0.1, 0.3, 0.05, 0.25, 0.3, 0.2, 0.2632, 0.2, 1.0, 1.0, 1.0, 1.0, 1.0, 1.0, 1.0, 0.95, 1.0, 1.0, 1.0, 1.0, 1.0, 1.0, 1.0]"
deepseek-r1-distill-llama-8b,a670afa64f606d20eed4a435fc89d120,43eebc3b5bc307ad7bef3024c2f0b23397a7da9e3a4692205f4144c108dfba7f,False,Encephalitis,64,65,1287,1563,64,1.0,1457,1.0,0.65,0.1,0.65,64,1.0,"[0.1, 0.05, 0.05, 0.0, 0.15, 0.05, 0.05, 0.15, 0.0, 0.05, 0.0, 0.05, 0.0, 0.1, 0.0, 0.0, 0.0, 0.0, 0.0, 0.0, 0.0, 0.05, 0.0, 0.0, 0.0, 0.0, 0.0, 0.05, 0.0, 0.05, 0.05, 0.0, 0.0, 0.0, 0.0, 0.0, 0.0, 0.0, 0.0, 0.0, 0.0, 0.0526, 0.0, 0.1, 0.0526, 0.0, 0.05, 0.05, 0.0, 0.0, 0.05, 0.0, 0.0, 0.0, 0.0, 0.15, 0.1, 0.1, 0.0, 0.2, 0.2, 0.05, 0.35, 0.05, 0.65]"
deepseek-r1-distill-llama-8b,ab0226a3a9dc01c8c9b91a47198bed63,1069e06d7a7b82a123f74b9f4c584e2690ad72a9c43d6eaf7a369ece42de40d8,True,Bacterial gastroenteritis,33,34,711,1056,0,0.0,284,0.0,0.0,0.0,0.1,0,0.0,"[0.0, 0.05, 0.05, 0.05, 0.0, 0.0, 0.0, 0.0, 0.0, 0.05, 0.05, 0.05, 0.05, 0.05, 0.05, 0.0, 0.05, 0.0, 0.0, 0.0, 0.0, 0.05, 0.0526, 0.0, 0.0, 0.1, 0.05, 0.05, 0.05, 0.05, 0.05, 0.0, 0.1, 0.1]"
deepseek-r1-distill-llama-8b,ab0226a3a9dc01c8c9b91a47198bed63,57efd2d4443653e22a87f5510b37e64c9b437b306ea4ab214715c523f9ee3ee5,False,Food poisoning,28,29,626,921,27,0.9642857142857143,905,0.9920127795527156,1.0,0.0,1.0,27,0.9920127795527156,"[0.0, 0.0, 0.0, 0.05, 0.0, 0.0, 0.15, 0.05, 0.15, 0.15, 0.05, 0.05, 0.1, 0.25, 0.25, 0.25, 0.25, 0.1, 0.15, 0.1, 0.3, 0.35, 0.35, 0.65, 0.75, 0.55, 0.55, 1.0, 1.0]"
deepseek-r1-distill-llama-8b,ab79da6338f2deff095e1bf3b5b4d9f0,9fc7e56bb3078b9ba81d492a5034f2c659291cc795535554163b90166a54a8fd,True,Neurogenic Muscle Atrophy,31,32,691,902,31,1.0,885,1.0,0.75,0.05,0.75,31,1.0,"[0.05, 0.0, 0.05, 0.0, 0.05, 0.0, 0.0, 0.05, 0.0, 0.0, 0.05, 0.0, 0.0, 0.0, 0.05, 0.0, 0.05, 0.0, 0.05, 0.1, 0.1, 0.15, 0.0, 0.0, 0.1, 0.0, 0.1, 0.05, 0.3, 0.3, 0.2, 0.75]"
deepseek-r1-distill-llama-8b,ab79da6338f2deff095e1bf3b5b4d9f0,46d9c42398ed08addd39cedc389d8aff888de1320efc10e06fa291bcc4c08dd3,False,Duchenne Muscular Dystrophy,23,24,486,695,8,0.34782608695652173,369,0.360082304526749,0.85,0.0,1.0,16,0.6275720164609053,"[0.0, 0.3, 0.25, 0.2105, 0.25, 0.2105, 0.0, 0.3684, 0.85, 0.9, 0.8, 0.75, 0.85, 0.9, 0.8, 0.75, 0.85, 0.9, 1.0, 1.0, 1.0, 1.0, 1.0, 1.0]"
deepseek-r1-distill-llama-8b,ab944ef1e6f39bfd785f38954f9458c1,7e28567d1dec20fe59d924b77eac53ea10d072c81dad93f5e21f4845ae082540,True,Cervical Spinal Cord Injury,24,25,506,847,21,0.875,736,0.8122529644268774,0.5,0.35,0.35,24,1.0,"[0.35, 0.25, 0.25, 0.15, 0.15, 0.3, 0.25, 0.25, 0.2, 0.0, 0.2, 0.35, 0.35, 0.25, 0.15, 0.2, 0.3, 0.05, 0.2, 0.35, 0.3, 0.5, 0.45, 0.65, 0.35]"
deepseek-r1-distill-llama-8b,ab944ef1e6f39bfd785f38954f9458c1,37d331a23312e9d06e5e172773eb14845c9ea4772e77eb761d6db33d61926c31,False,Brachial Plexus Injury,25,26,600,940,19,0.76,741,0.6933333333333334,1.0,0.5,1.0,19,0.6933333333333334,"[0.5, 0.5, 0.25, 0.6, 0.4, 0.5263, 0.7, 0.45, 0.55, 0.45, 0.3, 0.4, 0.3, 0.2, 0.35, 0.65, 0.15, 0.55, 0.75, 1.0, 1.0, 0.9474, 0.95, 1.0, 1.0, 1.0]"
deepseek-r1-distill-llama-8b,b1e59a85b6e9c1e020d2392193d668fb,aedef1d20920f177d3236736451bc1cf03adc9dac96511dcc7bdffe38c4b1011,True,Vestibular Neuritis,31,32,620,1024,17,0.5483870967741935,660,0.5,0.8,0.6,1.0,27,0.8758064516129033,"[0.6, 0.45, 0.5, 0.5, 0.5, 0.25, 0.3684, 0.55, 0.45, 0.55, 0.5, 0.45, 0.6, 0.6, 0.7, 0.8, 0.45, 0.8, 1.0, 0.9, 1.0, 0.85, 0.85, 0.9, 0.85, 0.8, 0.7, 0.85, 1.0, 1.0, 1.0, 1.0]"
deepseek-r1-distill-llama-8b,b1e59a85b6e9c1e020d2392193d668fb,ef42c89919623370c46e906a93fac3ef84a7a26e6be1bb64f0873a8a648450f0,False,Wallenberg's Syndrome,23,24,644,1007,18,0.782608695652174,827,0.7406832298136646,0.9,0.0,1.0,18,0.7406832298136646,"[0.0, 0.0, 0.0, 0.0, 0.0, 0.0, 0.0, 0.0, 0.0, 0.0, 0.0, 0.0, 0.0, 0.0, 0.0, 0.0, 0.0, 0.1, 0.9, 0.9, 1.0, 1.0, 1.0, 1.0]"
deepseek-r1-distill-llama-8b,b1e9764076e3a29c4c3c4738b878b57a,13f129b7603fce04bba9ac801c09281f62be9c15bfdb0b7023c5f18942a419b2,True,Psychogenic Non-Epileptic Seizures,40,41,819,2421,36,0.9,2288,0.8571428571428571,0.8,0.0,1.0,36,0.8571428571428571,"[0.0, 0.2, 0.1, 0.05, 0.1, 0.05, 0.15, 0.1, 0.1111, 0.0526, 0.05, 0.15, 0.15, 0.1, 0.05, 0.05, 0.1, 0.1, 0.15, 0.1, 0.05, 0.1, 0.1, 0.25, 0.0526, 0.0526, 0.1, 0.0, 0.05, 0.1, 0.1, 0.1, 0.1667, 0.1, 0.1, 0.65, 0.8, 1.0, 1.0, 1.0, 1.0]"
deepseek-r1-distill-llama-8b,b1e9764076e3a29c4c3c4738b878b57a,c5ba4ddd9a00007b4f6e584d87a67bed93ae68d8e424f8152ace50fae67b76cb,False,Post-Traumatic Epilepsy,37,38,844,2443,32,0.8648648648648649,2320,0.8696682464454977,1.0,0.55,1.0,32,0.8696682464454977,"[0.55, 0.5, 0.4, 0.55, 0.5789, 0.5, 0.35, 0.6, 0.35, 0.55, 0.35, 0.45, 0.5, 0.3, 0.3684, 0.1053, 0.6316, 0.5789, 0.6842, 0.6667, 0.5263, 0.35, 0.4, 0.85, 0.85, 0.75, 0.4737, 0.75, 0.5, 0.7895, 0.5789, 0.7778, 1.0, 1.0, 1.0, 1.0, 1.0, 1.0]"
deepseek-r1-distill-llama-8b,b2b6765627a78f61fac9ba35346d7b1d,bcbaa31d15fa005086585578c54db128250f06f458aa997cc993baebfb0d8354,True,Subphrenic Abscess,26,27,614,892,16,0.6153846153846154,632,0.6009771986970684,0.9,0.35,1.0,16,0.6009771986970684,"[0.35, 0.4, 0.4, 0.3, 0.45, 0.2632, 0.5, 0.1, 0.25, 0.45, 0.3, 0.4, 0.4, 0.4, 0.45, 0.4, 0.9, 1.0, 1.0, 0.9, 1.0, 1.0, 1.0, 1.0, 1.0, 1.0, 1.0]"
deepseek-r1-distill-llama-8b,b2b6765627a78f61fac9ba35346d7b1d,90b2e961aa426021759d392dc1f1a244fb7a79d29dd8d7aa36f5eb64776ee677,False,Small bowel obstruction,28,29,695,1019,24,0.8571428571428571,865,0.8661870503597122,1.0,0.05,1.0,24,0.8661870503597122,"[0.05, 0.1, 0.15, 0.05, 0.1, 0.1, 0.1, 0.05, 0.05, 0.1, 0.25, 0.2, 0.15, 0.25, 0.35, 0.35, 0.3, 0.15, 0.2, 0.25, 0.4, 0.15, 0.25, 0.5, 1.0, 0.9474, 1.0, 1.0, 1.0]"
deepseek-r1-distill-llama-8b,b456600e51f08dfb7754936792b3800e,5ac9f3b810c34ab7b31089634651c5a34a87257f96940eb953a6c5370b2ff828,True,Megakaryocytic Platelet Sequestration,28,29,529,791,26,0.9285714285714286,616,0.8809073724007561,0.95,0.0,1.0,26,0.8809073724007561,"[0.0, 0.0, 0.0, 0.0, 0.0, 0.0, 0.0, 0.0, 0.0, 0.0, 0.0, 0.0, 0.0, 0.0, 0.0, 0.0, 0.0, 0.0, 0.0, 0.0, 0.0, 0.1, 0.0, 0.0, 0.05, 0.0, 0.95, 0.85, 1.0]"
deepseek-r1-distill-llama-8b,b456600e51f08dfb7754936792b3800e,2afb15b7126280bdd9ffc4b334a7fdaa1975e7d15fd90356bfa45820c4ef005f,False,Platelet Function Disorder,98,99,2256,2422,98,1.0,2406,1.0,0.8333333333333334,0.05,0.8333333333333334,98,1.0,"[0.05, 0.05, 0.1, 0.0, 0.0, 0.0, 0.0, 0.0, 0.0, 0.0, 0.0, 0.05, 0.05, 0.05, 0.1, 0.05, 0.05, 0.1, 0.0, 0.0, 0.05, 0.1, 0.0526, 0.05, 0.1, 0.05, 0.0, 0.0, 0.0, 0.0, 0.0526, 0.0, 0.0, 0.0, 0.0526, 0.0, 0.0, 0.0, 0.05, 0.0, 0.0, 0.0, 0.05, 0.0, 0.0, 0.0, 0.05, 0.0, 0.0, 0.1, 0.0, 0.0, 0.0, 0.1053, 0.0, 0.05, 0.05, 0.0, 0.0, 0.1, 0.05, 0.0, 0.0, 0.0, 0.0, 0.15, 0.0, 0.1, 0.05, 0.0, 0.05, 0.0, 0.15, 0.05, 0.05, 0.0, 0.1053, 0.0, 0.0, 0.05, 0.0, 0.1, 0.05, 0.0, 0.0, 0.1, 0.2, 0.0, 0.05, 0.0, 0.0, 0.05, 0.0, 0.05, 0.05, 0.05, 0.05, 0.05, 0.8333]"
deepseek-r1-distill-llama-8b,b9e317df6f71d14e177013c57587becf,5ccaa8bafec6eef36fca4ab53a64170003b7499305a505bce4f95342bf77ac0b,True,Metastatic tumor,28,29,568,786,20,0.7142857142857143,516,0.6408450704225352,0.85,0.15789473684210525,1.0,25,0.846830985915493,"[0.1579, 0.2, 0.0, 0.05, 0.2, 0.1, 0.15, 0.1053, 0.25, 0.0, 0.0, 0.3, 0.8, 0.45, 0.8, 0.8, 0.6, 0.7368, 0.7368, 0.65, 0.85, 0.9474, 0.9, 0.75, 0.7, 0.8, 0.8, 1.0, 1.0]"
deepseek-r1-distill-llama-8b,b9e317df6f71d14e177013c57587becf,a0a3efb087814ebb57ee614b38a97cd7f93b645d79b81481a6d2de7ee7150cc3,False,Pilocytic Astrocytoma,22,23,479,734,10,0.45454545454545453,327,0.3653444676409186,1.0,0.2,1.0,10,0.3653444676409186,"[0.2, 0.1, 0.15, 0.0, 0.1053, 0.2, 0.1, 0.1, 0.05, 0.05, 1.0, 1.0, 1.0, 1.0, 1.0, 1.0, 1.0, 1.0, 1.0, 1.0, 1.0, 1.0, 1.0]"
deepseek-r1-distill-llama-8b,bc3da8074eec813548bda5ec813b8a9b,3203aa91976718e7e0789efade45b071e8bbd5084f4dcb15f5cb70f5ccdb1cf4,True,Graves disease,25,26,521,2703,12,0.48,2323,0.3704414587332054,0.8,0.85,1.0,14,0.44529750479846447,"[0.85, 0.8, 0.6316, 0.7, 0.85, 0.65, 0.6, 0.75, 0.7, 0.75, 0.5789, 0.55, 0.8, 0.7368, 1.0, 0.8, 0.9474, 0.85, 1.0, 1.0, 1.0, 1.0, 0.95, 0.9, 1.0, 1.0]"
deepseek-r1-distill-llama-8b,bc3da8074eec813548bda5ec813b8a9b,d4c26c678081f5b9f25b1203162c1937fde58dd5aab6740f0a089ebb53ea10b0,False,Schizophrenia,20,21,442,2631,10,0.5,2336,0.4660633484162896,0.9,0.05,1.0,10,0.4660633484162896,"[0.05, 0.05, 0.25, 0.3, 0.45, 0.3, 0.25, 0.4, 0.6, 0.6, 0.9, 0.8, 0.8, 1.0, 1.0, 1.0, 1.0, 1.0, 1.0, 1.0, 1.0]"
deepseek-r1-distill-llama-8b,bcac057435ccb3a54effa545db18a3d1,e1105a80f2c790b5afea5dab375853f4204fab766eaa79c385e9910525597802,True,Irritant Contact Dermatitis,38,39,751,943,29,0.7631578947368421,720,0.7230359520639148,0.95,0.0,1.0,29,0.7230359520639148,"[0.0, 0.0, 0.0, 0.0, 0.05, 0.0, 0.1, 0.05, 0.1, 0.1111, 0.0, 0.1053, 0.1, 0.2, 0.0, 0.1, 0.3889, 0.55, 0.35, 0.75, 0.5263, 0.7, 0.65, 0.75, 0.7, 0.4211, 0.65, 0.45, 0.6, 0.95, 0.95, 0.95, 0.95, 1.0, 1.0, 1.0, 0.9474, 1.0, 1.0]"
deepseek-r1-distill-llama-8b,bcac057435ccb3a54effa545db18a3d1,90b48b01652641b08bb227ed12f44862e8f3c4657788e599ab6b714ef66e9a58,False,Erythema associated with inflammatory bowel disease,36,37,694,964,34,0.9444444444444444,833,0.9452449567723343,0.4,0.0,0.6,34,0.9452449567723343,"[0.0, 0.0, 0.0, 0.0, 0.0, 0.0, 0.0, 0.0, 0.0, 0.0, 0.0, 0.0, 0.0, 0.0, 0.0, 0.0, 0.0, 0.0, 0.2, 0.05, 0.1, 0.05, 0.15, 0.0, 0.1053, 0.05, 0.1, 0.1053, 0.15, 0.05, 0.05, 0.35, 0.2, 0.15, 0.4, 0.4, 0.6]"
deepseek-r1-distill-llama-8b,bf8e15580571e5c3976117c303cf144e,ecd691d5c74666de3225311f8bef51128623c74603b0d166d2aa7dcbb10935f6,True,Tuberculosis,13,14,223,511,13,1.0,385,1.0,1.0,0.05,1.0,13,1.0,"[0.05, 0.15, 0.0, 0.05, 0.15, 0.25, 0.4211, 0.1, 0.15, 0.2632, 0.5, 0.4, 0.55, 1.0]"
deepseek-r1-distill-llama-8b,bf8e15580571e5c3976117c303cf144e,e632189d7b879d3d220a527231232b1b52efdfc102e86c778d6d3c1b47ee02ac,False,Trachoma,15,16,328,583,7,0.4666666666666667,315,0.46646341463414637,1.0,0.3,1.0,7,0.46646341463414637,"[0.3, 0.3, 0.2778, 0.25, 0.3, 0.3158, 0.3, 1.0, 0.9474, 0.95, 1.0, 1.0, 1.0, 1.0, 1.0, 1.0]"
deepseek-r1-distill-llama-8b,c13ba1d468ea408964a3ccd245638056,b8867214a8e79f755113398c9855fff88a65a7e6a640ec348c4b1b767f751d7d,True,Renal Abscess,22,23,433,695,16,0.7272727272727273,449,0.6905311778290993,0.85,0.6842105263157895,1.0,16,0.6905311778290993,"[0.6842, 0.7, 0.6842, 0.6842, 0.6842, 0.65, 0.6842, 0.5, 0.7, 0.5789, 0.75, 0.7895, 0.8, 0.7, 0.7, 0.55, 0.85, 0.9, 0.9, 0.9474, 1.0, 1.0, 1.0]"
deepseek-r1-distill-llama-8b,c13ba1d468ea408964a3ccd245638056,c5b25d7b6367602dff7f5b5b0595d79fc5a40c9b9a369d946b195783ce8fee10,False,Pyogenic liver abscess,19,20,433,597,19,1.0,583,1.0,1.0,0.0,1.0,19,1.0,"[0.0, 0.0, 0.0, 0.0, 0.0, 0.0, 0.0, 0.0, 0.0, 0.0, 0.05, 0.0, 0.0, 0.35, 0.6, 0.6, 0.55, 0.6316, 0.35, 1.0]"
deepseek-r1-distill-llama-8b,c150008220a1497832471d8e8d4e2edb,115fff0b0658196744757057d99dde5e995d42f1ae5a0ac2a72e0fe9472ef6b8,True,Iron deficiency anemia,30,31,721,1026,17,0.5666666666666667,702,0.5686546463245492,0.95,0.6,1.0,17,0.5686546463245492,"[0.6, 0.7895, 0.6, 0.6, 0.5, 0.5, 0.5, 0.35, 0.45, 0.15, 0.5, 0.2, 0.45, 0.35, 0.3, 1.0, 0.75, 0.95, 1.0, 0.95, 1.0, 1.0, 0.9, 0.95, 0.9, 0.95, 0.9, 1.0, 1.0, 1.0, 1.0]"
deepseek-r1-distill-llama-8b,c150008220a1497832471d8e8d4e2edb,613a1068fbf8b8b20ddcf112d1467b4cb80ef74ecf51ef334a038882346b23a5,False,Hemolytic anemia,47,48,1058,1366,38,0.8085106382978723,1121,0.7835538752362949,1.0,0.15,1.0,38,0.7835538752362949,"[0.15, 0.0, 0.15, 0.0, 0.05, 0.05, 0.05, 0.0, 0.1, 0.05, 0.15, 0.05, 0.1, 0.0, 0.0, 0.0, 0.0, 0.0, 0.1, 0.05, 0.0, 0.05, 0.0, 0.2, 0.2, 0.15, 0.0, 0.05, 0.05, 0.3, 0.35, 0.6, 0.45, 0.4, 0.3, 0.75, 0.75, 0.75, 1.0, 0.9, 0.9, 1.0, 0.95, 0.95, 0.95, 1.0, 1.0, 1.0]"
deepseek-r1-distill-llama-8b,c4ce6239240ed6d8489f1ee8bf9a4784,33da19fd8829965ef81c2be0c89b8d5fad1c99277f272a44b9ffd1e1e7002e20,True,Choroidal Emergency,24,25,536,1006,24,1.0,993,1.0,1.0,0.0,1.0,24,1.0,"[0.0, 0.0, 0.0, 0.0, 0.0, 0.0, 0.0, 0.0, 0.0, 0.0, 0.0, 0.0, 0.0, 0.0, 0.0, 0.0, 0.0, 0.0, 0.0, 0.0, 0.0, 0.0, 0.0, 0.0, 1.0]"
deepseek-r1-distill-llama-8b,c4ce6239240ed6d8489f1ee8bf9a4784,fc04cad9b3dbe91536a7dc5c98e26ba419e94b9bc14c8b293f512ec518137796,False,Optic Neuritis,33,34,705,1175,23,0.696969696969697,947,0.6950354609929078,1.0,0.55,1.0,23,0.6950354609929078,"[0.55, 0.8, 0.85, 0.7, 0.8, 0.75, 0.7, 0.65, 0.8, 0.6, 0.7, 0.65, 0.55, 0.75, 0.85, 0.8, 0.65, 0.85, 0.85, 0.8, 0.8, 0.55, 0.7, 1.0, 1.0, 1.0, 1.0, 0.95, 1.0, 1.0, 1.0, 1.0, 1.0, 1.0]"
deepseek-r1-distill-llama-8b,c95386c8d35897f730a382e76e5ae272,863f3097f141209f2e1f9e8a82acfafd8b951a39bd9b5b7751c4ffc7857db6e2,True,Keratoacanthoma,26,27,449,699,18,0.6923076923076923,469,0.6481069042316259,0.95,0.3,1.0,18,0.6481069042316259,"[0.3, 0.1579, 0.4, 0.1, 0.35, 0.35, 0.35, 0.2632, 0.2, 0.45, 0.55, 0.75, 0.6316, 0.7, 0.7895, 0.55, 0.65, 0.45, 0.95, 0.9, 0.9, 1.0, 0.95, 1.0, 1.0, 1.0, 1.0]"
deepseek-r1-distill-llama-8b,c95386c8d35897f730a382e76e5ae272,93091ad1b5205f3c5dea04749c0f5cff95ff6e8a52c1e26308504f4ec7f0415d,False,Merkel Cell Carcinoma,20,21,343,586,15,0.75,401,0.6501457725947521,1.0,0.058823529411764705,1.0,15,0.6501457725947521,"[0.0588, 0.0526, 0.0, 0.0588, 0.0526, 0.1111, 0.1, 0.05, 0.0526, 0.0526, 0.0556, 0.0, 0.1, 0.45, 0.2105, 1.0, 1.0, 1.0, 1.0, 1.0, 1.0]"
deepseek-r1-distill-llama-8b,cc91c75860966ea7d69d7a716a857add,87e90bb2c5913ea6261d0b77b02c91d5de5fde0db73bb215e249cba07b385161,False,Systemic lupus erythematosus,47,48,884,1244,29,0.6170212765957447,827,0.5497737556561086,0.9,0.3,1.0,29,0.5497737556561086,"[0.3, 0.35, 0.3, 0.3158, 0.2105, 0.3333, 0.2, 0.4737, 0.4211, 0.25, 0.3, 0.15, 0.2, 0.5, 0.3, 0.55, 0.7895, 0.5556, 0.6, 0.55, 0.8, 0.6, 0.8, 0.4737, 0.45, 0.7, 0.6, 0.8, 0.6, 0.9, 1.0, 1.0, 1.0, 0.95, 1.0, 1.0, 1.0, 1.0, 1.0, 1.0, 1.0, 1.0, 1.0, 1.0, 1.0, 1.0, 1.0, 1.0]"
deepseek-r1-distill-llama-8b,cee4809157546a43546571ac67323953,8438bb2d6e713a05af9cb8ec848349015b459a4f84db964c0da042cb3cf9ec5f,True,Traumatic lesion,22,23,440,612,22,1.0,598,1.0,0.2,0.1,0.2,22,1.0,"[0.1, 0.2, 0.05, 0.05, 0.05, 0.1, 0.1, 0.0, 0.05, 0.05, 0.4, 0.4, 0.85, 0.75, 0.6, 0.6316, 0.75, 0.8, 0.85, 0.8, 0.8, 0.8, 0.2]"
deepseek-r1-distill-llama-8b,cee4809157546a43546571ac67323953,c58046390dbf0f76a4c836e3d95c5b191bf54bc9a3c6f933c38e05527d6934a3,False,Ranula,29,30,553,733,19,0.6551724137931034,541,0.6925858951175407,1.0,0.15,1.0,19,0.6925858951175407,"[0.15, 0.1, 0.2, 0.15, 0.1579, 0.2, 0.05, 0.1579, 0.2, 0.2, 0.1, 0.15, 0.1, 0.35, 0.2, 0.05, 0.15, 0.75, 0.5, 1.0, 0.95, 1.0, 0.9, 0.9, 0.85, 0.9, 1.0, 1.0, 1.0, 1.0]"
deepseek-r1-distill-llama-8b,d2a373fbe65bd86a11545430c5394c7f,3295ffa7200be5b8316b813b180dcc5529c79e24b62d3f814be667b3a01f6d60,True,Hyperthyroidism,32,33,741,1008,21,0.65625,724,0.6342780026990553,0.75,0.05,0.95,29,0.8744939271255061,"[0.05, 0.1, 0.15, 0.15, 0.1, 0.15, 0.1053, 0.25, 0.5, 0.45, 0.3, 0.55, 0.35, 0.55, 0.35, 0.3, 0.5, 0.75, 0.4211, 0.7, 0.8, 0.75, 0.8, 0.7, 0.7, 0.65, 0.65, 0.6, 0.6, 0.9, 0.9, 0.8, 0.95]"
deepseek-r1-distill-llama-8b,d2a373fbe65bd86a11545430c5394c7f,901a2c8dacdc14d66a8e2cdb38ab067847723a237cdfb30171eedccc28d50938,False,Primary Hyperparathyroidism,34,35,848,1246,18,0.5294117647058824,649,0.4658018867924528,0.85,0.5789473684210527,1.0,18,0.4658018867924528,"[0.5789, 0.6, 0.55, 0.6, 0.7, 0.5, 0.65, 0.7, 0.65, 0.7, 0.7, 0.65, 0.5, 0.4, 0.7, 0.2632, 0.35, 0.65, 0.85, 0.95, 1.0, 1.0, 1.0, 1.0, 1.0, 1.0, 1.0, 1.0, 1.0, 1.0, 1.0, 1.0, 1.0, 1.0, 1.0]"
deepseek-r1-distill-llama-8b,d35ff55eca6c7f6db36a73934025f3c5,c3cd22c7f2600f83499aaab724db7ab6b3de6d66eec625fc12c6df3870774c52,True,Still's disease,30,31,644,937,26,0.8666666666666667,741,0.843167701863354,0.8,0.0,1.0,26,0.843167701863354,"[0.0, 0.1053, 0.0, 0.0, 0.0, 0.0, 0.0, 0.0, 0.0, 0.0, 0.1, 0.1, 0.0526, 0.05, 0.05, 0.1, 0.0, 0.15, 0.25, 0.4737, 0.6, 0.7, 0.55, 0.8, 0.75, 0.6, 0.8, 0.8, 1.0, 1.0, 1.0]"
deepseek-r1-distill-llama-8b,d35ff55eca6c7f6db36a73934025f3c5,830a0e60fefe99d85ea44da9853accef33ce9731864797193e2ad9e526f20c67,False,Viral myocarditis,18,19,355,660,10,0.5555555555555556,357,0.447887323943662,0.8333333333333334,0.0,1.0,10,0.447887323943662,"[0.0, 0.1, 0.0526, 0.0, 0.15, 0.05, 0.05, 0.0, 0.0556, 0.5263, 0.8333, 0.95, 0.95, 0.8421, 0.9474, 1.0, 1.0, 1.0, 1.0]"
deepseek-r1-distill-llama-8b,d5242ac7089552f0687edd0e403512da,8134b43e68f481c803ca9f5303cd73f373c60bc302026892540d876851a480d1,True,Chronic Granulomatous Disease,31,32,644,960,23,0.7419354838709677,733,0.672360248447205,1.0,0.3,1.0,23,0.672360248447205,"[0.3, 0.35, 0.35, 0.35, 0.55, 0.25, 0.3, 0.3, 0.2, 0.4, 0.15, 0.35, 0.3, 0.05, 0.25, 0.25, 0.25, 0.15, 0.2, 0.15, 0.05, 0.2, 0.2, 1.0, 1.0, 1.0, 1.0, 1.0, 1.0, 1.0, 1.0, 1.0]"
deepseek-r1-distill-llama-8b,d5242ac7089552f0687edd0e403512da,be94817b816f6aa50b50ed65764a5bd16dfa9d8bfa486f42740027ab67843d70,False,Severe Combined Immunodeficiency (SCID),21,22,464,779,17,0.8095238095238095,658,0.771551724137931,1.0,0.1,1.0,17,0.771551724137931,"[0.1, 0.1, 0.05, 0.3, 0.15, 0.35, 0.15, 0.35, 0.3, 0.25, 0.2, 0.3, 0.25, 0.3, 0.15, 0.3, 0.2, 1.0, 1.0, 1.0, 0.95, 1.0]"
deepseek-r1-distill-llama-8b,d9520eadbc83f9f98a8fb0442b0a7acc,39bca8797edb3b9dd0934b27b9f1efe5e2baf0952588f6018cc1b1ba030950c2,True,Neuroleptic Malignant Syndrome,24,25,543,859,18,0.75,714,0.7642725598526704,0.9,0.1,1.0,18,0.7642725598526704,"[0.1, 0.25, 0.2, 0.2, 0.15, 0.1, 0.3, 0.2, 0.15, 0.05, 0.2, 0.25, 0.4, 0.4, 0.05, 0.05, 0.0, 0.6, 0.9, 1.0, 1.0, 1.0, 1.0, 1.0, 1.0]"
deepseek-r1-distill-llama-8b,d9520eadbc83f9f98a8fb0442b0a7acc,be7a4c8d7e82f8bf014323e1088b6474e0a26057479ad0ba5c5c846248206d7c,False,Delirium Tremens,26,27,538,851,21,0.8076923076923077,739,0.8178438661710037,0.8,0.05,1.0,24,0.9312267657992565,"[0.05, 0.05, 0.0, 0.0, 0.05, 0.0, 0.1, 0.05, 0.05, 0.0, 0.05, 0.1, 0.1, 0.0, 0.0, 0.0, 0.05, 0.0, 0.15, 0.05, 0.65, 0.8, 0.9, 0.65, 0.8, 1.0, 1.0]"
deepseek-r1-distill-llama-8b,d9e1496466a6206a8617add56ddce386,a3ca988ba18098c3fc05f19fdfbc70964fbb74d4bc402abe1e20a74f996bc24e,True,Acute on chronic pancreatitis with biliary obstruction,24,25,532,790,24,1.0,715,1.0,1.0,0.0,1.0,24,1.0,"[0.0, 0.0, 0.0, 0.0, 0.0, 0.0, 0.0, 0.0, 0.0, 0.0, 0.1, 0.0, 0.05, 0.05, 0.0, 0.0, 0.0, 0.05, 0.0, 0.0, 0.0, 0.05, 0.0, 0.0, 1.0]"
deepseek-r1-distill-llama-8b,d9e1496466a6206a8617add56ddce386,b10044ea2070bfbf27d282c082da6df9a68c597d5b7ec4a0fa5f2e453216918f,False,Spontaneous bacterial peritonitis,21,22,377,621,17,0.8095238095238095,481,0.7904509283819628,1.0,0.05,1.0,17,0.7904509283819628,"[0.05, 0.05, 0.0, 0.1, 0.05, 0.1, 0.15, 0.1, 0.2105, 0.1, 0.25, 0.45, 0.45, 0.4, 0.25, 0.3, 0.6842, 1.0, 1.0, 1.0, 1.0, 1.0]"
deepseek-r1-distill-llama-8b,df37dd0f3c463be2b4787059b63a9028,756349557e68ee243a470ebdd87ca192ab030c8a33263171274bdd2109a91304,True,Functional Neurological Disorder,28,29,600,807,16,0.5714285714285714,545,0.5833333333333334,0.85,0.5263157894736842,1.0,20,0.6566666666666666,"[0.5263, 0.6, 0.5, 0.5, 0.95, 0.8, 0.6316, 0.55, 0.75, 0.7, 0.7, 0.5, 0.65, 0.7, 0.45, 0.65, 0.85, 0.75, 0.7, 0.7, 0.95, 1.0, 1.0, 1.0, 1.0, 1.0, 1.0, 1.0, 1.0]"
deepseek-r1-distill-llama-8b,df37dd0f3c463be2b4787059b63a9028,8e38f93b6117d26dabbf9440333585c1c798bddf6e16225fbc1d1f0bac4ee228,False,Transient Ischemic Attack,44,45,877,1086,44,1.0,1072,1.0,1.0,0.1,1.0,44,1.0,"[0.1, 0.15, 0.35, 0.2105, 0.1053, 0.15, 0.0, 0.15, 0.1, 0.1, 0.25, 0.2, 0.0, 0.0526, 0.15, 0.15, 0.2, 0.2, 0.3, 0.25, 0.15, 0.1, 0.0, 0.1579, 0.4, 0.2, 0.35, 0.5, 0.35, 0.45, 0.45, 0.7, 0.65, 0.65, 0.35, 0.2, 0.3, 0.0, 0.05, 0.1, 0.0, 0.1176, 0.5, 0.45, 1.0]"
deepseek-r1-distill-llama-8b,e71511f59eb934d904d9e69b91fb59ac,38e9b49306ce2dcca92ab03c7e35614a884850449dd15c2ad0d1346b4d4485eb,True,Congenital rubella syndrome,17,18,406,2667,4,0.23529411764705882,2323,0.1896551724137931,0.9,0.6,1.0,4,0.1896551724137931,"[0.6, 0.55, 0.45, 0.65, 0.9, 0.8421, 1.0, 1.0, 1.0, 1.0, 1.0, 1.0, 1.0, 1.0, 1.0, 1.0, 1.0, 1.0]"
deepseek-r1-distill-llama-8b,e71511f59eb934d904d9e69b91fb59ac,f8c862f096890be13df427dc8b51f2140df1d986774999ea20d518514fbed4d9,False,Congenital malaria,31,32,634,2893,29,0.9354838709677419,2825,0.9132492113564669,1.0,0.0,1.0,29,0.9132492113564669,"[0.0, 0.05, 0.05, 0.0, 0.05, 0.05, 0.0, 0.0, 0.0, 0.0, 0.0526, 0.0, 0.05, 0.05, 0.0, 0.0, 0.05, 0.25, 0.35, 0.4, 0.6, 0.8, 0.8, 0.9, 0.65, 0.8, 0.8, 0.35, 0.55, 1.0, 0.95, 1.0]"
deepseek-r1-distill-llama-8b,e84545b4073db0c4d84a58b5f4243d50,9d796eb3d89f9b6a737d257bbfbffabf7636c5b3944df80adbb9da71eeae7d5a,True,Diabetes Insipidus,30,31,779,1143,25,0.8333333333333334,869,0.8600770218228498,0.9,0.16666666666666666,1.0,28,0.9512195121951219,"[0.1667, 0.2632, 0.25, 0.3684, 0.25, 0.3, 0.25, 0.4, 0.25, 0.25, 0.2, 0.35, 0.55, 0.8947, 0.8, 0.9474, 0.95, 0.8, 0.95, 0.8421, 0.95, 0.9, 0.85, 0.7895, 0.6, 0.9, 1.0, 0.75, 0.9, 1.0, 1.0]"
deepseek-r1-distill-llama-8b,e84545b4073db0c4d84a58b5f4243d50,a650e92451aa7a6ab785c337cc53d2242339c4c0cb7aff1b5f8c6c79ec370c68,False,Syndrome of Inappropriate Antidiuretic Hormone Secretion,65,66,1402,1692,23,0.35384615384615387,824,0.4457917261055635,0.85,0.0,1.0,35,0.6412268188302425,"[0.0, 0.05, 0.1, 0.0526, 0.0526, 0.15, 0.1579, 0.1, 0.1, 0.4211, 0.4737, 0.6, 0.35, 0.5, 0.2632, 0.45, 0.5263, 0.35, 0.55, 0.5789, 0.75, 0.65, 0.6842, 0.85, 0.8421, 0.7895, 0.65, 0.65, 0.7895, 0.7778, 0.85, 0.8421, 0.85, 0.8, 0.75, 0.8421, 0.85, 0.8421, 0.9, 0.9474, 0.9474, 0.95, 0.95, 1.0, 0.95, 0.85, 0.9, 0.95, 0.95, 0.95, 1.0, 0.95, 1.0, 0.95, 1.0, 0.95, 1.0, 1.0, 1.0, 1.0, 0.95, 1.0, 1.0, 1.0, 1.0, 1.0]"
deepseek-r1-distill-llama-8b,e9c3b2227f99155be055e871c23ef702,4c000bcdba2eee8d38d245322c9c5c298a30c404c17bd3d8e1c439c73460a9c7,True,Stimulant Intoxication,32,33,747,1123,9,0.28125,491,0.24899598393574296,0.8,0.6,0.7,30,0.9049531459170014,"[0.6, 0.65, 0.75, 0.65, 0.5, 0.5, 0.85, 0.6, 0.6, 0.8, 0.7, 0.75, 0.65, 0.8947, 0.95, 0.9, 1.0, 0.85, 0.85, 0.95, 0.8, 0.85, 0.9, 0.9, 0.85, 0.95, 0.85, 0.85, 0.85, 0.9, 0.8, 0.85, 0.7]"
deepseek-r1-distill-llama-8b,e9c3b2227f99155be055e871c23ef702,2de9a972b231dde0bb27a3871ccbd3dcca47002ff66dd8c458955c4c89d7b5b4,False,Antipsychotic Overdose,34,35,655,1016,22,0.6470588235294118,742,0.667175572519084,0.8,0.0,1.0,22,0.667175572519084,"[0.0, 0.0, 0.0, 0.0, 0.0, 0.0, 0.0, 0.0, 0.0, 0.0, 0.0556, 0.0526, 0.05, 0.05, 0.05, 0.0, 0.0, 0.0, 0.0, 0.05, 0.1, 0.6, 0.8, 1.0, 1.0, 1.0, 1.0, 0.95, 1.0, 1.0, 1.0, 1.0, 1.0, 1.0, 1.0]"
deepseek-r1-distill-llama-8b,ead218181cb76fdbdefd5ea17e01be5b,8d820a224ef608360910949b064fcede8836bd31c2d46d9dbd2d393c01e3f7ae,True,Hypocalcemia,33,34,685,860,31,0.9393939393939394,805,0.9386861313868613,1.0,0.2,1.0,31,0.9386861313868613,"[0.2, 0.1, 0.05, 0.05, 0.1053, 0.0, 0.05, 0.0, 0.0, 0.05, 0.05, 0.1, 0.3, 0.05, 0.05, 0.0, 0.05, 0.05, 0.0, 0.05, 0.1, 0.2, 0.3, 0.2, 0.35, 0.15, 0.45, 0.25, 0.25, 0.45, 0.35, 1.0, 1.0, 1.0]"
deepseek-r1-distill-llama-8b,ead218181cb76fdbdefd5ea17e01be5b,631e66de2b0070ce133baa363c6a10ff5d05d5a3c565abf501aea15744f5a9d2,False,Hypovitaminosis D,22,23,476,755,10,0.45454545454545453,372,0.4411764705882353,0.8,0.0,0.8947368421052632,18,0.8235294117647058,"[0.0, 0.05, 0.0, 0.1, 0.3, 0.05, 0.1, 0.2, 0.0, 0.0, 0.8, 0.7, 0.75, 0.9, 0.85, 0.75, 0.85, 1.0, 0.75, 0.7895, 0.75, 0.8947, 0.8947]"
deepseek-r1-distill-llama-8b,f03a4eea989b069fe918734d9e1c2644,4ce76ccb7525163b14d4d058bcc02fd6bcfc69984cdda0d0921a13a89817a3f2,True,Spermatic stromal inflammation,20,21,450,677,14,0.7,462,0.6644444444444444,1.0,0.0,1.0,14,0.6644444444444444,"[0.0, 0.0, 0.0, 0.0, 0.0, 0.0, 0.0, 0.0, 0.0, 0.05, 0.0, 0.0, 0.0, 0.1, 1.0, 1.0, 1.0, 1.0, 1.0, 1.0, 1.0]"
deepseek-r1-distill-llama-8b,f03a4eea989b069fe918734d9e1c2644,89705211939e26e0566e0900300b70b83d79dced6081833aba9bed0c9ccc8c99,False,Mumps orchitis,19,20,447,622,14,0.7368421052631579,506,0.767337807606264,0.8,0.0,1.0,14,0.767337807606264,"[0.0, 0.0, 0.0, 0.0, 0.0, 0.0, 0.0, 0.0, 0.0, 0.15, 0.0, 0.0526, 0.75, 0.75, 0.8, 0.95, 1.0, 1.0, 1.0, 1.0]"
deepseek-r1-distill-llama-8b,f31c3814e305d57f67bdcfac27ec4bc2,4ef14ff668b442aa321052041a7f5eab453d7e9421b7503b48306eeb58e3adfc,True,Sickle Cell Disease,39,40,872,1275,7,0.1794871794871795,529,0.15940366972477063,0.95,0.7,1.0,7,0.15940366972477063,"[0.7, 0.45, 0.55, 0.75, 0.5, 0.75, 0.65, 0.95, 1.0, 0.95, 1.0, 0.95, 0.95, 0.85, 0.95, 0.9, 0.95, 0.95, 1.0, 0.95, 1.0, 0.9, 1.0, 1.0, 1.0, 1.0, 0.95, 1.0, 1.0, 0.9, 1.0, 1.0, 1.0, 1.0, 1.0, 1.0, 1.0, 1.0, 0.95, 1.0]"
deepseek-r1-distill-llama-8b,f31c3814e305d57f67bdcfac27ec4bc2,ff791900a72b98081acae2642b6544235c19a514e2cc26383b070cdf327e15df,False,Beta-thalassemia,33,34,767,1172,18,0.5454545454545454,780,0.5084745762711864,0.8,0.3,1.0,28,0.8370273794002607,"[0.3, 0.25, 0.15, 0.35, 0.4, 0.1, 0.15, 0.05, 0.65, 0.65, 0.65, 0.4, 0.45, 0.75, 0.75, 0.6, 0.9, 0.75, 0.8, 0.7, 0.85, 0.8, 0.85, 0.85, 0.8, 0.9, 0.9, 0.7, 1.0, 1.0, 1.0, 1.0, 1.0, 1.0]"
deepseek-r1-distill-llama-8b,f448710697f1d3734fbc187ad15c748c,c89ed532eadeade299de382ea6ee9248b597b40961b9476a7c60df885ee06573,True,Breast fibroma,25,26,532,742,12,0.48,409,0.4642857142857143,1.0,0.05,0.9473684210526315,12,0.4642857142857143,"[0.05, 0.0556, 0.0556, 0.25, 0.15, 0.0526, 0.0, 0.0, 0.05, 0.4, 0.7368, 0.7, 1.0, 0.9, 1.0, 0.8947, 0.8947, 0.8947, 0.9, 0.9, 0.9444, 0.8421, 0.95, 0.8947, 1.0, 0.9474]"
deepseek-r1-distill-llama-8b,f448710697f1d3734fbc187ad15c748c,46c1e2001f439e3cfe0152d7027b140cf534a328d4c9af46fcdcc463ececa683,False,Fibroadenoma,26,27,480,708,16,0.6153846153846154,451,0.6020833333333333,0.85,0.6842105263157895,1.0,16,0.6020833333333333,"[0.6842, 0.45, 0.8, 0.55, 0.45, 0.7, 0.6, 0.65, 0.4, 0.55, 0.5, 0.4, 0.25, 0.5, 0.5263, 0.45, 0.85, 0.8, 0.95, 0.95, 1.0, 1.0, 0.95, 1.0, 1.0, 1.0, 1.0]"
deepseek-r1-distill-llama-8b,f5479a460521f2a3b96e7924882b06d9,94a4697417992e5cb54e3357b25729581f4adcf67d6adf43c110e8e583535360,True,Neurogenic Erectile Dysfunction,21,22,361,640,21,1.0,625,1.0,0.8,0.0,0.8,21,1.0,"[0.0, 0.0, 0.0, 0.1, 0.05, 0.0, 0.0, 0.05, 0.0, 0.1053, 0.05, 0.15, 0.15, 0.05, 0.05, 0.05, 0.0, 0.2, 0.0, 0.1053, 0.15, 0.8]"
deepseek-r1-distill-llama-8b,f5479a460521f2a3b96e7924882b06d9,9dcaf5ddd5343c427496b9fa556dc646ece6baaec7ff28ed6826f6d56b7ea6d0,False,Post-Traumatic Stress Disorder,27,28,498,777,19,0.7037037037037037,589,0.6526104417670683,0.8,0.1,1.0,19,0.6526104417670683,"[0.1, 0.05, 0.0, 0.0, 0.1, 0.05, 0.0, 0.0, 0.05, 0.15, 0.0, 0.1, 0.1, 0.1, 0.1, 0.0, 0.0, 0.0526, 0.2, 0.8, 0.85, 0.95, 1.0, 1.0, 1.0, 1.0, 1.0, 1.0]"
deepseek-r1-distill-llama-8b,fa3f1534a8d672e364f916665953a826,163a48698ba14162461022c9ebe15f0729398c5a078a2fa6d6f5d3d5c6a0fbf4,True,Chronic Graft-versus-Host Disease,38,39,852,3243,32,0.8421052631578947,3058,0.8051643192488263,1.0,0.0,1.0,32,0.8051643192488263,"[0.0, 0.0, 0.05, 0.05, 0.0, 0.0, 0.05, 0.0, 0.0, 0.05, 0.0, 0.05, 0.0, 0.0, 0.0, 0.0, 0.0, 0.05, 0.0, 0.0, 0.0, 0.0, 0.1, 0.0, 0.0, 0.1, 0.0, 0.05, 0.05, 0.0, 0.0, 0.0, 1.0, 1.0, 1.0, 1.0, 1.0, 1.0, 1.0]"
deepseek-r1-distill-llama-8b,fa3f1534a8d672e364f916665953a826,54ad61997cf27f8e06c7b906b9dfc1aec145c8a1538021077b9021aa88463fce,False,Light chain amyloidosis (AL),25,26,609,2997,23,0.92,2934,0.922824302134647,0.7,0.0,0.75,23,0.922824302134647,"[0.0, 0.05, 0.1, 0.0, 0.0, 0.05, 0.05, 0.0, 0.1, 0.0, 0.0, 0.0, 0.0, 0.0, 0.0, 0.0, 0.0, 0.1, 0.2, 0.1579, 0.2105, 0.4, 0.3, 0.7, 0.85, 0.75]"
deepseek-r1-distill-llama-8b,fb9fdfc495c899901c9c864e13bfeaff,a5341a2d4e3594ce603bf214b7400cb43e45108b85f6c3c41ed22f8cf559d605,True,Constitutional Delay of Growth and Puberty,19,20,437,729,12,0.631578947368421,535,0.5881006864988558,1.0,0.10526315789473684,1.0,12,0.5881006864988558,"[0.1053, 0.05, 0.2, 0.3, 0.3, 0.3, 0.25, 0.35, 0.1, 0.25, 0.35, 0.3, 1.0, 1.0, 1.0, 1.0, 1.0, 1.0, 1.0, 1.0]"
deepseek-r1-distill-llama-8b,fb9fdfc495c899901c9c864e13bfeaff,c8dfe6396d29b5d3e21a17311e4697f9ddc030ae6714d653e03f7f3a9c3062af,False,Growth Hormone Deficiency,25,26,543,835,11,0.44,498,0.40515653775322286,0.8,0.55,1.0,11,0.40515653775322286,"[0.55, 0.7, 0.5, 0.65, 0.8, 0.65, 0.7, 0.55, 0.9, 1.0, 0.65, 0.8, 0.8, 0.85, 0.85, 0.95, 0.8, 0.95, 1.0, 1.0, 1.0, 1.0, 1.0, 1.0, 1.0, 1.0]"
deepseek-r1-distill-llama-8b,fc75c4214c86972be10f49fa2b6b58ee,4eaa67542d59c059296f6dcda998c040c4b1a93269ed2ec1c16c82c574628246,True,Oligodendroglioma,34,35,675,1294,28,0.8235294117647058,1143,0.8118518518518518,0.45,0.5,0.25,34,1.0,"[0.5, 0.2, 0.2, 0.2105, 0.2, 0.3, 0.15, 0.25, 0.3, 0.25, 0.45, 0.1, 0.15, 0.15, 0.2, 0.2, 0.3, 0.25, 0.25, 0.25, 0.55, 0.4, 0.35, 0.7, 0.45, 0.15, 0.15, 0.4, 0.45, 0.65, 0.6, 0.45, 0.6, 0.55, 0.25]"
deepseek-r1-distill-llama-8b,fc75c4214c86972be10f49fa2b6b58ee,3ade658a763d8bdc00fc6712d6670f852246ee4a572773ed48a2c206dcee2fb1,False,Recurrent oligodendroglioma,25,26,587,1199,24,0.96,1134,0.9182282793867121,0.8,0.5,0.9,24,0.9182282793867121,"[0.5, 0.5, 0.5, 0.55, 0.65, 0.7, 0.85, 0.65, 0.8, 0.6, 0.5789, 0.7, 0.55, 0.5, 0.5, 0.55, 0.4, 0.3, 0.75, 0.6, 0.45, 0.5, 0.6, 0.7, 0.8, 0.9]"
deepseek-r1-distill-llama-8b,fdb1907f7938f5641e21a14cd72d5adb,4a1e974107217853953fc9e32f2588a9ca3df963df6659ecae531fd194848dec,True,Spotted fever rickettsiosis,19,20,470,2296,9,0.47368421052631576,1974,0.3468085106382979,1.0,0.21052631578947367,1.0,9,0.3468085106382979,"[0.2105, 0.1, 0.35, 0.25, 0.15, 0.35, 0.4, 0.45, 0.45, 1.0, 1.0, 1.0, 1.0, 1.0, 1.0, 1.0, 1.0, 1.0, 1.0, 1.0]"
deepseek-r1-distill-llama-8b,fdb1907f7938f5641e21a14cd72d5adb,2c47cbc9217310e0aa094326793a70bfdb9423f8df02349893c974546d3b51e0,False,Lyme disease,23,24,612,2434,9,0.391304347826087,2018,0.3382352941176471,0.85,0.5263157894736842,1.0,9,0.3382352941176471,"[0.5263, 0.75, 0.45, 0.5, 0.55, 0.65, 0.6, 0.6, 0.7, 0.85, 1.0, 0.9, 0.9474, 1.0, 1.0, 1.0, 1.0, 1.0, 1.0, 1.0, 1.0, 1.0, 1.0, 1.0]"
huatuogpt-o1-8b,0148cedaed162d8c1591e7dad5de6dec,c8637faf6ede9831d1a2737ed3e837beff8095e5046d9cbe7767f92a9ccca9e0,True,Major Depressive Disorder,30,31,382,762,27,0.9,710,0.9162303664921466,0.85,0.45,0.65,27,0.9162303664921466,"[0.45, 0.3, 0.35, 0.35, 0.3, 0.35, 0.25, 0.2, 0.4, 0.35, 0.7, 0.4, 0.3, 0.35, 0.6, 0.55, 0.45, 0.5, 0.45, 0.45, 0.3, 0.5, 0.4, 0.3, 0.75, 0.55, 0.3, 0.85, 0.8, 0.85, 0.65]"
huatuogpt-o1-8b,0148cedaed162d8c1591e7dad5de6dec,560a76dcfd6dfc8eb4246c649684b819bf9e50b99c507594563d08611e2c52a5,False,Alzheimer's Disease,39,40,561,942,27,0.6923076923076923,746,0.6880570409982175,0.25,0.1,0.25,35,0.9197860962566845,"[0.1, 0.1, 0.05, 0.05, 0.1, 0.1, 0.1, 0.1, 0.05, 0.0, 0.05, 0.0, 0.05, 0.05, 0.15, 0.25, 0.15, 0.1, 0.1, 0.2, 0.3, 0.1, 0.0, 0.1, 0.1, 0.25, 0.5, 0.25, 0.2, 0.4, 0.2, 0.3, 0.15, 0.3, 0.35, 0.2, 0.1, 0.15, 0.3, 0.25]"
huatuogpt-o1-8b,11340d814fe69bcd7dec113898fd5947,de47d08a682c29ff58455e2f682487df851d224d01175b6eb531592ebf8c9823,True,Catatonia Associated with Mood Disorders,33,34,494,2223,29,0.8787878787878788,2155,0.8906882591093117,1.0,0.05,1.0,29,0.8906882591093117,"[0.05, 0.0, 0.05, 0.15, 0.15, 0.25, 0.15, 0.2, 0.55, 0.7, 0.6, 0.45, 0.3, 0.55, 0.4, 0.25, 0.35, 0.25, 0.0, 0.3, 0.25, 0.5, 0.6, 0.7, 0.65, 0.45, 0.45, 0.45, 0.15, 1.0, 1.0, 1.0, 1.0, 1.0]"
huatuogpt-o1-8b,11340d814fe69bcd7dec113898fd5947,23dbf3aa04614eb05aaf293f644f94c9fb7c72b8daecefbba7571b677d67f0bb,False,Catatonia,23,24,435,2163,1,0.043478260869565216,1730,0.034482758620689655,0.9,0.75,1.0,4,0.16551724137931034,"[0.75, 0.9, 0.8, 0.75, 0.9, 0.8, 0.85, 0.95, 0.9, 0.85, 0.95, 0.95, 1.0, 1.0, 0.95, 1.0, 1.0, 1.0, 1.0, 1.0, 1.0, 1.0, 1.0, 1.0]"
huatuogpt-o1-8b,288897f502a272f8f0b8b999354a154d,5f3f86f8b4985b1d2a5855c6a27e249d2f5a89e306c13ed22cc8fccb50843af0,True,Internuclear Ophthalmoplegia,23,24,434,780,12,0.5217391304347826,550,0.5138248847926268,0.8,0.3,1.0,12,0.5138248847926268,"[0.3, 0.35, 0.2, 0.2, 0.2, 0.25, 0.3, 0.4, 0.45, 0.6, 0.85, 0.6, 0.8, 0.85, 0.9, 0.95, 0.95, 0.9, 1.0, 1.0, 1.0, 1.0, 1.0, 1.0]"
huatuogpt-o1-8b,288897f502a272f8f0b8b999354a154d,696769d63af7291a09aefd50933295838a5aa303fc89482c61414192980c2de9,False,Posterior Reversible Encephalopathy Syndrome,22,23,421,771,22,1.0,748,1.0,0.7,0.0,0.7,22,1.0,"[0.0, 0.0, 0.0, 0.0, 0.0, 0.0, 0.0, 0.0, 0.1, 0.0, 0.05, 0.0, 0.0, 0.05, 0.05, 0.0, 0.05, 0.0, 0.0, 0.15, 0.75, 1.0, 0.7]"
huatuogpt-o1-8b,392e2a9bea699b47177b6179d80b2b23,76745fd9a2e849f44885cc56c9048ba4b9567e66b51b7da89735f66579a0f24a,True,Granulomatosis with polyangiitis,40,41,597,2812,35,0.875,2699,0.8425460636515912,0.6,0.1,0.7,35,0.8425460636515912,"[0.1, 0.15, 0.0, 0.15, 0.0, 0.1, 0.2, 0.15, 0.05, 0.3, 0.15, 0.15, 0.1, 0.3, 0.3, 0.2, 0.4, 0.65, 0.65, 0.35, 0.25, 0.5, 0.35, 0.5, 0.55, 0.45, 0.4, 0.35, 0.3, 0.35, 0.35, 0.3, 0.35, 0.2, 0.4, 0.6, 0.65, 0.65, 0.65, 0.65, 0.7]"
huatuogpt-o1-8b,392e2a9bea699b47177b6179d80b2b23,7dbf81185a3ee15b965ed6f06a754f1e8366127d6fd1078d6123673a45dc66aa,False,Pulmonary sarcoidosis,30,31,466,2676,1,0.03333333333333333,2211,0.032188841201716736,0.85,0.95,1.0,6,0.20600858369098712,"[0.95, 0.85, 0.95, 0.75, 0.95, 0.7, 0.85, 0.85, 0.85, 0.85, 0.85, 0.95, 0.85, 0.95, 1.0, 1.0, 1.0, 1.0, 0.95, 1.0, 1.0, 1.0, 0.95, 1.0, 1.0, 1.0, 1.0, 1.0, 1.0, 1.0, 1.0]"
huatuogpt-o1-8b,46f5a66a841fae109fc92ccdb9448abe,247de18b0da7ce0d41284df2c004bb17d384fa7f7a43c87b4e427feddd4042b8,True,Schizophrenia Spectrum Disorder,32,33,542,1792,28,0.875,1682,0.8228782287822878,0.25,0.0,0.4,32,1.0,"[0.0, 0.0, 0.0, 0.0, 0.0, 0.0, 0.0, 0.0, 0.0, 0.0, 0.0, 0.0, 0.0, 0.0, 0.0, 0.0, 0.0, 0.0, 0.05, 0.05, 0.05, 0.0, 0.0, 0.05, 0.0, 0.05, 0.0, 0.0, 0.25, 0.15, 0.1, 0.05, 0.4]"
huatuogpt-o1-8b,46f5a66a841fae109fc92ccdb9448abe,7d0a0f87ae422f06df79d9ff98cb39c8b80002024ce58b6135172efdfdf840d2,False,Cushing's Syndrome,30,31,583,1833,0,0.0,1239,0.005145797598627788,0.95,0.95,1.0,0,0.005145797598627788,"[0.95, 1.0, 1.0, 0.9, 1.0, 0.95, 0.85, 0.95, 0.95, 1.0, 1.0, 1.0, 1.0, 0.85, 1.0, 0.95, 0.95, 1.0, 0.95, 1.0, 1.0, 1.0, 1.0, 1.0, 1.0, 1.0, 1.0, 1.0, 1.0, 1.0, 1.0]"
huatuogpt-o1-8b,5bebb5ccb1b21ef642e37fb57088d0af,c9f5ece3616032a7bb115176628e383628bd5ecbb2090d829ba9c0fad2f94b4c,True,Cervical Syringomyelia,23,24,428,638,10,0.43478260869565216,372,0.4182242990654206,0.95,0.3,1.0,10,0.4182242990654206,"[0.3, 0.45, 0.35, 0.6, 0.55, 0.5, 0.2, 0.35, 0.9, 0.5, 0.95, 1.0, 0.85, 0.95, 1.0, 1.0, 0.95, 1.0, 1.0, 1.0, 1.0, 1.0, 1.0, 1.0]"
huatuogpt-o1-8b,5bebb5ccb1b21ef642e37fb57088d0af,d96341b4c20a07a048544d35e569ef037db27865b41f84f7b1182ef8be0383ad,False,Central Cord Syndrome,15,16,303,510,12,0.8,409,0.7128712871287128,1.0,0.35,1.0,12,0.7128712871287128,"[0.35, 0.25, 0.45, 0.5, 0.3, 0.6, 0.55, 0.5, 0.2, 0.45, 0.6, 0.55, 1.0, 1.0, 1.0, 1.0]"
huatuogpt-o1-8b,69e678eb784186f4820bb4b3d48b33b9,721cda451ce973ba57285d1116891ccc2e94e8226e775689bae66a0ff5c2dc3a,True,Severe Viral Pneumonia,53,54,678,2630,50,0.9433962264150944,2570,0.9410029498525073,0.4,0.0,0.4,50,0.9410029498525073,"[0.0, 0.0, 0.05, 0.0, 0.0, 0.0, 0.1, 0.0, 0.0, 0.0, 0.0, 0.05, 0.05, 0.0, 0.0, 0.0, 0.0, 0.0, 0.0, 0.0, 0.0, 0.0, 0.0, 0.0, 0.0, 0.0, 0.0, 0.0, 0.0, 0.0, 0.0, 0.0, 0.0, 0.0, 0.0, 0.0, 0.0, 0.0, 0.0, 0.0, 0.0, 0.05, 0.05, 0.05, 0.05, 0.1, 0.15, 0.3, 0.25, 0.5789, 0.4, 0.35, 0.35, 0.4]"
huatuogpt-o1-8b,69e678eb784186f4820bb4b3d48b33b9,fa3c89feeabba122d5679dd3519ff7e00d8c7eac172caedc6b1fcd453863c7a4,False,Acute Respiratory Distress Syndrome,47,48,567,2519,46,0.9787234042553191,2481,0.9682539682539683,0.25,0.25,0.15,46,0.9682539682539683,"[0.25, 0.35, 0.25, 0.3, 0.1, 0.4, 0.2, 0.15, 0.25, 0.2, 0.3, 0.2, 0.3158, 0.3, 0.25, 0.3, 0.45, 0.1, 0.3, 0.25, 0.2, 0.15, 0.0526, 0.2, 0.25, 0.25, 0.4, 0.3, 0.35, 0.4, 0.35, 0.5, 0.3, 0.15, 0.25, 0.2, 0.25, 0.15, 0.15, 0.35, 0.4, 0.4, 0.6, 0.65, 0.6, 0.55, 0.25, 0.15]"
huatuogpt-o1-8b,719442a3ee1c00332a6b77c30ce987cd,90d6d40fbf1fe4be60574cca9a287411bef0058c9f00755c213edb0a702c1612,True,Von Willebrand disease,26,27,452,729,23,0.8846153846153846,664,0.8915929203539823,0.65,0.2,0.75,25,0.9867256637168141,"[0.2, 0.35, 0.4, 0.45, 0.3, 0.25, 0.4, 0.25, 0.25, 0.55, 0.5, 0.35, 0.75, 0.65, 0.45, 0.5, 0.55, 0.5, 0.35, 0.5, 0.6, 0.5, 0.45, 0.65, 0.5, 0.8, 0.75]"
huatuogpt-o1-8b,719442a3ee1c00332a6b77c30ce987cd,db1c33b6a8daca897952c3b17690940657d26b3c945a05019a6499f14cdda607,False,Hemophilia A,31,32,528,803,30,0.967741935483871,783,0.9886363636363636,0.45,0.5,0.3,30,0.9886363636363636,"[0.5, 0.45, 0.25, 0.1, 0.45, 0.3, 0.4, 0.25, 0.3, 0.25, 0.4, 0.5, 0.5, 0.35, 0.25, 0.25, 0.5, 0.4, 0.6, 0.55, 0.45, 0.2, 0.2, 0.2, 0.2, 0.05, 0.1, 0.35, 0.15, 0.05, 0.45, 0.3]"
huatuogpt-o1-8b,8b5ae4c8982f0b55e7334ff4117d6a4f,db2b80a12e5ab4eddf951aae1c4ee1518bc95c3dd3f8eea15c39169374704e9b,True,Aphthous stomatitis,16,17,285,483,13,0.8125,407,0.7894736842105263,0.65,0.6,0.55,16,1.0,"[0.6, 0.75, 0.45, 0.7, 0.4, 0.2, 0.45, 0.2, 0.5, 0.4, 0.35, 0.3, 0.3, 0.65, 0.6, 0.85, 0.55]"
huatuogpt-o1-8b,8b5ae4c8982f0b55e7334ff4117d6a4f,83f8cf6e4260a45a06ea7bc665f78d9498b5cfd010b50554fe65aadf7c3c21d6,False,"Hand, foot, and mouth disease",26,27,337,537,24,0.9230769230769231,486,0.9020771513353115,0.8,0.15,0.85,24,0.9020771513353115,"[0.15, 0.15, 0.45, 0.25, 0.3, 0.25, 0.3, 0.3, 0.2, 0.1, 0.3, 0.55, 0.4, 0.35, 0.35, 0.3, 0.2, 0.45, 0.35, 0.45, 0.45, 0.5, 0.45, 0.5, 0.8, 0.65, 0.85]"
huatuogpt-o1-8b,9c22e95143200153a9b0c049452517e1,143d4f4125dadeb78e63628f458a543fab15054d6dd9fc2ce4005e518589afc3,True,Systemic Lupus Erythematosus,24,25,448,2853,20,0.8333333333333334,2758,0.828125,0.9,0.05,1.0,20,0.828125,"[0.05, 0.0, 0.1, 0.05, 0.0, 0.1, 0.15, 0.05, 0.1, 0.05, 0.0, 0.05, 0.05, 0.05, 0.0, 0.2, 0.05, 0.1, 0.0, 0.1, 0.9, 1.0, 1.0, 1.0, 1.0]"
huatuogpt-o1-8b,9c22e95143200153a9b0c049452517e1,7bb8f72ec7343fb6131261b581776211616cf450d15bd2ade5d5079b2604dacb,False,Corticosteroid-induced retinal vein occlusion,38,39,696,3106,35,0.9210526315789473,3017,0.9051724137931034,0.95,0.0,1.0,35,0.9051724137931034,"[0.0, 0.0, 0.0, 0.0, 0.0, 0.0, 0.0, 0.0, 0.0, 0.0, 0.0, 0.0, 0.0, 0.0, 0.0, 0.0, 0.0, 0.0, 0.0, 0.0, 0.0, 0.0, 0.0, 0.0, 0.0, 0.05, 0.0, 0.2105, 0.05, 0.0, 0.0, 0.0, 0.0, 0.0, 0.65, 0.95, 0.8947, 1.0, 1.0]"
huatuogpt-o1-8b,b1e59a85b6e9c1e020d2392193d668fb,4aee4ed6e1c0b134a4426a8d6277cf0cba8c163b47e1a07ef5d5fc1e8cd2e060,True,Vestibular Neuritis,29,30,500,897,24,0.8275862068965517,793,0.82,0.85,0.2,1.0,24,0.82,"[0.2, 0.3, 0.4, 0.2, 0.3, 0.25, 0.35, 0.4, 0.5, 0.3, 0.15, 0.6, 0.7, 0.65, 0.5, 0.25, 0.65, 0.55, 0.3, 0.65, 0.5, 0.55, 0.45, 0.65, 0.85, 0.9, 1.0, 1.0, 1.0, 1.0]"
huatuogpt-o1-8b,b1e59a85b6e9c1e020d2392193d668fb,aefbc532e591220beed896008fb5eaa78248433822a1a7a20b7ef33eaa1e3e82,False,Vestibular Schwannoma,25,26,394,794,20,0.8,708,0.8248730964467005,1.0,0.0,1.0,20,0.8248730964467005,"[0.0, 0.0, 0.05, 0.0, 0.0, 0.0, 0.0, 0.0, 0.05, 0.0, 0.1, 0.1, 0.1, 0.05, 0.1, 0.1, 0.05, 0.15, 0.15, 0.05, 1.0, 1.0, 1.0, 1.0, 1.0, 1.0]"
huatuogpt-o1-8b,bcac057435ccb3a54effa545db18a3d1,9d7881c121589ff06edc5b2b3d06ba7eba8361a455bf205371d7ee17a91e40a8,True,Erythema ab igne,18,19,354,582,18,1.0,564,1.0,0.05,0.05,0.05,18,1.0,"[0.05, 0.05, 0.25, 0.1, 0.05, 0.15, 0.15, 0.25, 0.1, 0.05, 0.35, 0.3, 0.2, 0.25, 0.0, 0.0, 0.15, 0.45, 0.05]"
huatuogpt-o1-8b,bcac057435ccb3a54effa545db18a3d1,8eb1ef3c9e70ba304b99e8dfb26832752fea37e648010e6d8c58017ebeb7091a,False,Necrobiosis Lipoidica,29,30,383,610,0,0.0,213,0.007832898172323759,0.8,0.8,1.0,0,0.007832898172323759,"[0.8, 0.8, 0.8, 0.95, 0.9, 0.95, 0.9, 0.95, 0.95, 0.9, 0.95, 0.9, 1.0, 0.9, 0.95, 0.95, 0.9, 0.95, 0.95, 1.0, 1.0, 0.95, 0.85, 1.0, 1.0, 1.0, 1.0, 1.0, 1.0, 1.0]"
huatuogpt-o1-8b,c95386c8d35897f730a382e76e5ae272,08f11e295c091932090433302f2337b7901ae26e5d5071f1924d6e5565b07372,True,Keratoacanthoma,19,20,319,546,19,1.0,530,1.0,0.9,0.75,0.9,19,1.0,"[0.75, 0.7, 0.85, 0.6, 0.75, 0.65, 0.45, 0.45, 0.7, 0.7, 0.7, 0.75, 0.6316, 0.65, 0.65, 0.45, 0.25, 0.55, 0.55, 0.9]"
huatuogpt-o1-8b,c95386c8d35897f730a382e76e5ae272,f8c6310c4891334b943d7eb9145e68cbfbe6392c939300ac9cc103e88a93db5f,False,Pyogenic Granuloma,30,31,404,631,25,0.8333333333333334,536,0.8044554455445545,1.0,0.15,1.0,25,0.8044554455445545,"[0.15, 0.1, 0.05, 0.15, 0.0, 0.2, 0.05, 0.1, 0.1, 0.0, 0.05, 0.0, 0.0, 0.05, 0.15, 0.0526, 0.1, 0.1, 0.15, 0.2, 0.25, 0.45, 0.2, 0.2, 0.65, 1.0, 0.9, 1.0, 1.0, 1.0, 1.0]"
huatuogpt-o1-8b,d5242ac7089552f0687edd0e403512da,06303355bb5ce7bf40cd00b684aaf74d9886404f171b6d54df0bde2d47febe4e,True,Chronic Granulomatous Disease,36,37,561,912,18,0.5,614,0.5008912655971479,0.85,0.4,1.0,18,0.5008912655971479,"[0.4, 0.25, 0.25, 0.25, 0.4, 0.3, 0.35, 0.4, 0.45, 0.4, 0.25, 0.6, 0.45, 0.5, 0.7, 0.75, 0.65, 0.75, 0.85, 0.95, 0.95, 1.0, 0.95, 0.95, 1.0, 0.95, 0.95, 0.9, 1.0, 0.9, 0.95, 0.9, 1.0, 1.0, 1.0, 1.0, 1.0]"
huatuogpt-o1-8b,d5242ac7089552f0687edd0e403512da,58ef028ce33c6a2135d391768116ccd098eb277ebfc76609e434af14f64dcb55,False,Severe Combined Immunodeficiency (SCID),29,30,419,772,26,0.896551724137931,689,0.8496420047732697,0.8,0.45,1.0,26,0.8496420047732697,"[0.45, 0.55, 0.4, 0.5, 0.35, 0.6, 0.55, 0.5, 0.55, 0.3, 0.4, 0.35, 0.5, 0.45, 0.5, 0.55, 0.55, 0.55, 0.55, 0.3, 0.35, 0.45, 0.6, 0.65, 0.9, 0.7, 0.8, 1.0, 1.0, 1.0]"
huatuogpt-o1-8b,e9c3b2227f99155be055e871c23ef702,49d111e66a069cd68251d4d84437198da6941a6c563010600c30a7a1f44d552d,True,Stimulant Intoxication,25,26,392,745,11,0.44,524,0.4744897959183674,0.9,0.35,1.0,20,0.7831632653061225,"[0.35, 0.45, 0.5, 0.6, 0.45, 0.75, 0.5, 0.55, 0.55, 0.8, 0.6, 0.9, 0.8, 0.9, 0.75, 0.9, 1.0, 1.0, 0.95, 0.75, 1.0, 1.0, 1.0, 1.0, 1.0, 1.0]"
huatuogpt-o1-8b,e9c3b2227f99155be055e871c23ef702,90e8573cc52b00ae587c790ec3405961e4d135cc319fd32225ecb59055dedf43,False,Opioid Withdrawal,34,35,490,845,33,0.9705882352941176,817,0.9775510204081632,0.85,0.0,0.8,33,0.9775510204081632,"[0.0, 0.0, 0.0, 0.0, 0.0, 0.0, 0.0, 0.0, 0.0, 0.0, 0.0, 0.0, 0.0, 0.0, 0.0, 0.1, 0.0, 0.0, 0.0, 0.0, 0.0, 0.0, 0.05, 0.0, 0.1, 0.05, 0.15, 0.2, 0.05, 0.2, 0.5, 0.2, 0.35, 0.85, 0.8]"
huatuogpt-o1-8b,f5479a460521f2a3b96e7924882b06d9,97d47b4157b050a2b5fbc5a42fe46bd87e6c3c3dfe1cea26421487ad00fbf8ed,True,Spinal Cord Injury,23,24,386,698,15,0.6521739130434783,561,0.6839378238341969,0.9,0.0,1.0,15,0.6839378238341969,"[0.0, 0.05, 0.05, 0.0, 0.0, 0.0, 0.05, 0.05, 0.1, 0.05, 0.05, 0.05, 0.05, 0.35, 0.2, 0.9, 0.8, 0.9, 0.95, 0.95, 1.0, 1.0, 0.85, 1.0]"
huatuogpt-o1-8b,f5479a460521f2a3b96e7924882b06d9,27e0f6b8a8de22fcf9a18c34486b4a9c51ee9c6df530570ff42a4d08330ef360,False,Erectile Dysfunction,25,26,354,665,13,0.52,467,0.480225988700565,1.0,0.85,1.0,13,0.480225988700565,"[0.85, 0.65, 0.6, 0.65, 0.7, 0.75, 0.7, 0.8, 0.7, 0.75, 0.75, 0.6, 0.75, 1.0, 0.9, 0.9, 0.95, 1.0, 0.95, 0.9, 0.9, 0.9, 0.85, 1.0, 0.95, 1.0]"
huatuogpt-o1-8b,02b15d84011aa2ed96dcb904e63129bb,b5c639fa45b8bd2884ba087fbf39b51809352ffc1b8a60ca95f43a957eb217e1,True,Pulmonary Hypertension,18,19,335,542,13,0.7222222222222222,427,0.7044776119402985,0.85,0.65,1.0,13,0.7044776119402985,"[0.65, 0.55, 0.4, 0.25, 0.4, 0.7, 0.55, 0.65, 0.45, 0.6, 0.45, 0.6, 0.5, 0.85, 0.85, 1.0, 1.0, 1.0, 1.0]"
huatuogpt-o1-8b,02b15d84011aa2ed96dcb904e63129bb,7106553b91865258a620d897eb8899f1783424b57c5cc74b9c5149942389a9f0,False,Asthma,28,29,446,650,0,0.0,194,0.006726457399103139,0.15,0.15,0.0,0,0.006726457399103139,"[0.15, 0.1, 0.1, 0.05, 0.0, 0.1, 0.0, 0.05, 0.15, 0.0, 0.05, 0.05, 0.05, 0.1, 0.05, 0.05, 0.05, 0.1, 0.0, 0.15, 0.05, 0.05, 0.05, 0.0, 0.0, 0.1, 0.0, 0.0, 0.0]"
huatuogpt-o1-8b,14a87d69ccc079d85a0f5d57dc4a7bdb,39e1e842444c7a1e5fce63214591c2cdba66fca05e30bfff5aa2cf64fa8b31c6,True,Oligozoospermia,25,26,403,615,0,0.0,199,0.007444168734491315,0.9,0.9,1.0,0,0.007444168734491315,"[0.9, 1.0, 0.95, 0.9, 0.95, 1.0, 0.85, 1.0, 1.0, 0.95, 0.95, 1.0, 0.85, 1.0, 1.0, 1.0, 1.0, 0.95, 1.0, 1.0, 1.0, 1.0, 1.0, 1.0, 1.0, 1.0]"
huatuogpt-o1-8b,14a87d69ccc079d85a0f5d57dc4a7bdb,d0475d1761fa01f9f28de6f8c420aed576c48abcfde11da59bc15f38728600a9,False,Oligoasthenoteratozoospermia,36,37,536,754,30,0.8333333333333334,641,0.8302238805970149,0.95,0.05,1.0,30,0.8302238805970149,"[0.05, 0.1, 0.0, 0.05, 0.0, 0.0, 0.05, 0.0, 0.0, 0.0, 0.1, 0.05, 0.0, 0.1, 0.05, 0.05, 0.05, 0.0, 0.05, 0.05, 0.05, 0.05, 0.25, 0.0, 0.15, 0.05, 0.4, 0.6, 0.6, 0.7, 0.95, 1.0, 0.9, 0.95, 1.0, 1.0, 1.0]"
huatuogpt-o1-8b,28891dd6ff7aaeaf92456def52f81530,0c99b41cd9fb4e20bf79542b34428fda7b1d99a37b120f84a98adad235945412,True,Leigh syndrome,26,27,402,2102,22,0.8461538461538461,2026,0.845771144278607,1.0,0.2,1.0,22,0.845771144278607,"[0.2, 0.55, 0.45, 0.45, 0.5, 0.45, 0.35, 0.35, 0.35, 0.4, 0.35, 0.45, 0.55, 0.45, 0.55, 0.65, 0.7, 0.65, 0.95, 0.75, 0.65, 0.7, 1.0, 1.0, 1.0, 1.0, 1.0]"
huatuogpt-o1-8b,28891dd6ff7aaeaf92456def52f81530,26acc1a38f77859a972fb6e2583607b461d1eddc0c8a16577d7093301e539947,False,Mitochondrial cytopathy,43,44,622,2325,34,0.7906976744186046,2170,0.7781350482315113,0.45,0.0,0.5,41,0.9437299035369775,"[0.0, 0.05, 0.0, 0.0, 0.0, 0.0, 0.05, 0.05, 0.1, 0.2, 0.0, 0.0, 0.1, 0.1, 0.15, 0.15, 0.1, 0.15, 0.05, 0.15, 0.1, 0.25, 0.05, 0.15, 0.1, 0.4, 0.25, 0.15, 0.1, 0.25, 0.2, 0.25, 0.1, 0.3, 0.45, 0.4, 0.55, 0.5, 0.55, 0.55, 0.65, 0.5, 0.4, 0.5]"
huatuogpt-o1-8b,3ffd64fa59b0f373586831b18ec69d1f,0b1ea8b43951bedc387f4aaac25f666294563cdde1e7f5ac0442e6ecfb95c706,False,Antiphospholipid Syndrome,30,31,482,3241,19,0.6333333333333333,3053,0.6473029045643154,0.85,0.7222222222222222,1.0,22,0.7406639004149378,"[0.7222, 0.7647, 0.4118, 0.5882, 0.6, 0.7059, 0.8421, 0.6842, 0.8889, 0.625, 0.8421, 0.9375, 0.8, 0.45, 0.85, 0.85, 0.5, 0.35, 0.7, 0.85, 0.85, 0.7, 1.0, 0.95, 0.9, 1.0, 1.0, 1.0, 1.0, 1.0, 1.0]"
huatuogpt-o1-8b,47601c56544121804558b55dbddc694b,b442f78749b457921b75f44aabbf5424a146e3720cbb9419acd1d67f22558d61,True,Syphilis,18,19,347,555,16,0.8888888888888888,518,0.9337175792507204,0.75,0.2,0.95,18,1.0,"[0.2, 0.2, 0.15, 0.0, 0.2, 0.3, 0.1, 0.0, 0.0, 0.15, 0.2, 0.1, 0.15, 0.15, 0.25, 0.45, 0.75, 0.7, 0.95]"
huatuogpt-o1-8b,47601c56544121804558b55dbddc694b,56e1b7f5b457906cb9945d103bf3d1f24b88630977f517ad7469330026e063b5,False,Tertiary syphilis,21,22,404,613,17,0.8095238095238095,541,0.8589108910891089,0.95,0.0,1.0,17,0.8589108910891089,"[0.0, 0.05, 0.0, 0.1, 0.05, 0.1, 0.05, 0.1, 0.4, 0.35, 0.6, 0.35, 0.5, 0.45, 0.5, 0.75, 0.7, 0.95, 1.0, 1.0, 1.0, 1.0]"
huatuogpt-o1-8b,5e08bb89aa461993e01a5790857ce599,bc8ed2e0013bb8886dbe404914bcc0b56c55b39bb2f6aa4f3f59dcc216c625dc,True,Non-Small Cell Lung Cancer,25,26,476,806,23,0.92,760,0.930672268907563,0.95,0.3,0.85,23,0.930672268907563,"[0.3, 0.4, 0.4, 0.25, 0.3, 0.55, 0.25, 0.2, 0.3, 0.15, 0.15, 0.5, 0.35, 0.55, 0.15, 0.35, 0.4, 0.6, 0.5, 0.45, 0.5, 0.95, 0.6, 0.95, 0.75, 0.85]"
huatuogpt-o1-8b,5e08bb89aa461993e01a5790857ce599,daaa8806d57bc4337dca984faa9650d911ea3883a0c539edad4dff116b429b6f,False,Squamous cell carcinoma of the lung,33,34,626,960,24,0.7272727272727273,780,0.7396166134185304,0.75,0.5,0.9,32,0.963258785942492,"[0.5, 0.55, 0.55, 0.6, 0.5, 0.6, 0.6, 0.65, 0.55, 0.75, 0.75, 0.55, 0.5, 0.75, 0.5, 0.65, 0.5, 0.7, 0.5, 0.35, 0.5, 0.4, 0.65, 0.55, 0.75, 0.75, 0.6, 0.7, 0.6, 0.7, 0.95, 0.7, 0.9, 0.9]"
huatuogpt-o1-8b,6a6759f19289095fe5bdee59a062046c,8ff9c4721de7df4a76c0103a74b4a4bdff0a696fbc20f1891b836c003f9d0f95,True,Loxoscelism,22,23,351,691,15,0.6818181818181818,544,0.6267806267806267,0.45,0.2,0.45,20,0.9629629629629629,"[0.2, 0.4, 0.4, 0.25, 0.4, 0.5, 0.3, 0.35, 0.3, 0.1, 0.6, 0.4, 0.45, 0.55, 0.7, 0.45, 0.3, 0.4, 0.65, 0.6, 0.25, 0.4, 0.45]"
huatuogpt-o1-8b,6a6759f19289095fe5bdee59a062046c,fd130530d0450e85c449a18eae41cb80849e11d252289117e3b70a239890ce47,False,Murine Typhus,37,38,441,784,34,0.918918918918919,726,0.9115646258503401,0.5,0.0,0.65,34,0.9115646258503401,"[0.0, 0.05, 0.05, 0.0, 0.0, 0.05, 0.05, 0.05, 0.1, 0.0526, 0.1, 0.05, 0.1, 0.1, 0.0, 0.15, 0.05, 0.05, 0.0, 0.1, 0.1, 0.15, 0.2, 0.05, 0.1, 0.2, 0.1, 0.3, 0.35, 0.35, 0.2, 0.2, 0.35, 0.35, 0.5, 0.5, 0.6, 0.65]"
huatuogpt-o1-8b,7351fe5f8ee14ff826bc262030efc469,07edf1cdc6987cc5bd347fe4198f68b1655775397e366253405e9b17d4522e85,True,Hemophilia,17,18,371,793,11,0.6470588235294118,652,0.6630727762803235,0.9,0.05,1.0,11,0.6630727762803235,"[0.05, 0.15, 0.2, 0.05, 0.2, 0.05, 0.05, 0.15, 0.0, 0.05, 0.0, 0.9, 0.9, 0.95, 1.0, 1.0, 1.0, 1.0]"
huatuogpt-o1-8b,7351fe5f8ee14ff826bc262030efc469,589a88df2fdf95847ee1138776737a4aa16a55fefb5053316456e79dacfb44a7,False,Von Willebrand disease,30,31,433,855,18,0.6,666,0.6004618937644342,0.8,0.8,1.0,23,0.7482678983833718,"[0.8, 0.7, 0.9, 0.8, 0.65, 0.8, 0.6, 0.8, 0.6, 0.7, 0.75, 0.75, 0.5, 0.45, 0.35, 0.6, 0.85, 0.55, 0.8, 0.8, 0.7, 0.85, 0.7, 0.85, 0.9, 0.95, 1.0, 1.0, 1.0, 1.0, 1.0]"
huatuogpt-o1-8b,8c88e2f998f2ec7a396f40c6d5452b84,95ac5066d54b6b9d07a6ba9937a7bb583bdb0f8bdfdf8ab5748f6152286abe86,True,Congenital Toxoplasmosis,24,25,421,815,20,0.8333333333333334,707,0.7909738717339667,0.9,0.65,1.0,20,0.7909738717339667,"[0.65, 0.55, 0.9, 0.8, 0.75, 0.8, 0.7, 0.8, 0.95, 1.0, 1.0, 0.9, 0.75, 0.9, 0.95, 0.85, 0.95, 0.65, 1.0, 0.5, 0.9, 1.0, 1.0, 1.0, 1.0]"
huatuogpt-o1-8b,8c88e2f998f2ec7a396f40c6d5452b84,d0ad038d2f528d1708dce2d3158594a2f64618a6c7a0f12e93a6710d32a99ee2,False,Congenital Cytomegalovirus Infection,30,31,499,895,21,0.7,699,0.6513026052104208,0.9,0.25,1.0,21,0.6513026052104208,"[0.25, 0.3, 0.15, 0.1, 0.1, 0.15, 0.1, 0.1, 0.35, 0.35, 0.35, 0.05, 0.2, 0.3, 0.15, 0.2, 0.05, 0.2, 0.5, 0.7, 0.75, 0.9, 0.9, 0.95, 0.95, 0.95, 1.0, 0.95, 1.0, 1.0, 1.0]"
huatuogpt-o1-8b,a255fd4b2fac78a3faaf47bd17cd723f,240e24a9768e60c93fa58d5810286bee596b65ce9c757765746bf08d7f0e1fce,True,Primary Hyperparathyroidism,36,37,560,785,31,0.8611111111111112,682,0.8446428571428571,1.0,0.95,1.0,31,0.8446428571428571,"[0.95, 0.95, 0.95, 0.95, 0.8, 0.95, 1.0, 0.85, 1.0, 0.9, 0.85, 0.95, 1.0, 0.95, 1.0, 1.0, 0.7, 0.9, 0.8, 0.75, 0.9, 0.85, 0.8, 0.55, 0.65, 0.4, 0.5, 0.75, 0.65, 0.65, 0.5, 1.0, 1.0, 1.0, 1.0, 1.0, 1.0]"
huatuogpt-o1-8b,a255fd4b2fac78a3faaf47bd17cd723f,d5ef17e9ca28967ee94cd01ba0bb006c71e86045f64b085643d177f8bb3a42f5,False,Hypercalcemia of Malignancy,24,25,378,612,22,0.9166666666666666,556,0.917989417989418,0.5,0.0,0.6,22,0.917989417989418,"[0.0, 0.1, 0.15, 0.1, 0.0, 0.0, 0.1, 0.05, 0.05, 0.0, 0.05, 0.0, 0.0, 0.1, 0.3, 0.3, 0.3, 0.55, 0.3, 0.5, 0.3, 0.2, 0.5, 0.5, 0.6]"
huatuogpt-o1-8b,b1e9764076e3a29c4c3c4738b878b57a,c29914b80e5c39126e54788cb07cff3737cfd7db1b0f9797a7edee7243ef6bea,True,Psychogenic Non-Epileptic Seizures,32,33,450,2089,18,0.5625,1841,0.49333333333333335,0.9,0.4,1.0,18,0.49333333333333335,"[0.4, 0.35, 0.3, 0.45, 0.65, 0.45, 0.3, 0.45, 0.65, 0.7, 0.55, 0.35, 0.7, 0.7, 0.5, 0.65, 0.75, 0.7, 0.9, 1.0, 0.95, 0.9, 1.0, 1.0, 1.0, 1.0, 1.0, 1.0, 1.0, 1.0, 1.0, 1.0, 1.0]"
huatuogpt-o1-8b,b1e9764076e3a29c4c3c4738b878b57a,578f49c1a5a2f983de3e2262bcde391e55572e75b3df5bf68b2069fb37192789,False,Juvenile Myoclonic Epilepsy,29,30,498,2137,23,0.7931034482758621,2014,0.7931726907630522,0.85,0.0,1.0,23,0.7931726907630522,"[0.0, 0.1, 0.05, 0.05, 0.0, 0.0, 0.05, 0.0, 0.0, 0.0, 0.0, 0.0, 0.0, 0.0, 0.0, 0.1, 0.45, 0.15, 0.3, 0.45, 0.85, 0.85, 0.5, 0.85, 0.8, 1.0, 1.0, 1.0, 1.0, 1.0]"
huatuogpt-o1-8b,beea037b8f8cec59caa352ec11f501da,b05cc8de02123a90861d8344f06b1d7e3d418bd4b238b9d043b224040435d468,True,Nevus sebaceus,24,25,381,576,12,0.5,389,0.5485564304461942,0.9,0.25,1.0,12,0.5485564304461942,"[0.25, 0.25, 0.3, 0.4, 0.2, 0.3, 0.5, 0.25, 0.35, 0.55, 0.4, 0.15, 0.9, 1.0, 1.0, 1.0, 0.95, 0.95, 1.0, 1.0, 1.0, 1.0, 1.0, 1.0, 1.0]"
huatuogpt-o1-8b,beea037b8f8cec59caa352ec11f501da,55e75cbfd7e168f3a73e20f61369d5e21af5371219bd271dc24ffc88ba23beb7,False,Congenital Melanocytic Nevus,18,19,299,499,9,0.5,327,0.4916387959866221,1.0,0.15,1.0,9,0.4916387959866221,"[0.15, 0.3, 0.2, 0.6, 0.45, 0.45, 0.3, 0.5, 0.15, 1.0, 0.95, 0.95, 1.0, 1.0, 1.0, 1.0, 1.0, 1.0, 1.0]"
huatuogpt-o1-8b,cc91c75860966ea7d69d7a716a857add,2cccc902acd612e02b2a844eda867534aadd97f99c6db54a816d6aae496e9b87,True,Secondary polycythemia due to chronic hypoxia,29,30,457,846,26,0.896551724137931,767,0.8599562363238512,0.45,0.6,0.3,26,0.8599562363238512,"[0.6, 0.3, 0.35, 0.5, 0.35, 0.4, 0.55, 0.5, 0.55, 0.35, 0.45, 0.7, 0.4, 0.5, 0.5, 0.45, 0.7, 0.5, 0.45, 0.65, 0.6, 0.65, 0.7, 0.7, 0.85, 0.65, 0.45, 0.5, 0.35, 0.3]"
huatuogpt-o1-8b,cc91c75860966ea7d69d7a716a857add,41da8a1e3039b373c0c5150123341651b718b013541c662326030d09c3540e48,False,Secondary Polycythemia due to Erythropoiesis-Stimulating Substance Abuse,22,23,451,850,20,0.9090909090909091,795,0.9334811529933481,0.55,0.0,0.55,20,0.9334811529933481,"[0.0, 0.0, 0.0, 0.0, 0.0, 0.0, 0.0, 0.0, 0.0, 0.0, 0.0, 0.0, 0.0, 0.05, 0.05, 0.0, 0.3, 0.5, 0.85, 1.0, 0.55, 0.75, 0.55]"
huatuogpt-o1-8b,d9520eadbc83f9f98a8fb0442b0a7acc,7cdf34b7fa69a427891c31e0bc28604e436eda67502abb926549a7c0a38c0dae,True,Neuroleptic Malignant Syndrome,29,30,423,773,0,0.0,335,0.0070921985815602835,0.9,0.9,1.0,7,0.2718676122931442,"[0.9, 0.95, 0.95, 0.9, 0.9, 0.85, 0.75, 0.85, 0.9, 0.95, 0.85, 1.0, 0.95, 1.0, 1.0, 0.95, 0.95, 1.0, 1.0, 1.0, 1.0, 1.0, 1.0, 1.0, 1.0, 1.0, 1.0, 1.0, 1.0, 1.0]"
huatuogpt-o1-8b,d9520eadbc83f9f98a8fb0442b0a7acc,cb36d478186d6e39275bace56f8f043eaed1be47489da27eb45589e2e4af6986,False,Nicotine withdrawal,24,25,519,867,23,0.9583333333333334,839,0.976878612716763,0.8,0.05,1.0,23,0.976878612716763,"[0.05, 0.0, 0.0, 0.0, 0.15, 0.05, 0.0, 0.0, 0.0, 0.0, 0.0, 0.05, 0.0, 0.05, 0.15, 0.55, 0.2, 0.35, 0.2, 0.25, 0.4, 0.55, 0.65, 0.8, 1.0]"
huatuogpt-o1-8b,ead218181cb76fdbdefd5ea17e01be5b,c6d85d96c3815de44f5931f8731fe5278ec906b7fab361f97b7ade27262cc8ea,True,Hypoparathyroidism,28,29,457,671,25,0.8928571428571429,613,0.9146608315098468,0.7,0.1,0.75,25,0.9146608315098468,"[0.1, 0.05, 0.05, 0.05, 0.0, 0.05, 0.1, 0.05, 0.0, 0.05, 0.05, 0.0, 0.05, 0.0, 0.05, 0.0, 0.0, 0.1, 0.2, 0.1, 0.2, 0.0, 0.3, 0.45, 0.35, 0.7, 0.55, 0.65, 0.75]"
huatuogpt-o1-8b,ead218181cb76fdbdefd5ea17e01be5b,8a61e1982f92c5793959115504d30f1c05145c316e17883718b9adca6bd4c08f,False,Hypovitaminosis D,20,21,390,600,13,0.65,469,0.7025641025641025,1.0,0.15,1.0,13,0.7025641025641025,"[0.15, 0.1, 0.05, 0.05, 0.05, 0.25, 0.15, 0.25, 0.3, 0.3, 0.25, 0.6, 0.75, 1.0, 1.0, 0.95, 0.95, 1.0, 1.0, 1.0, 1.0]"
huatuogpt-o1-8b,fa3f1534a8d672e364f916665953a826,ae35cb635c85bbba5e2a16cec784b12eb25771021d8f46965813ea7bfd185739,True,Systemic Sclerosis (Diffuse Cutaneous),46,47,701,3126,34,0.7391304347826086,2899,0.7047075606276747,0.85,0.2,1.0,34,0.7047075606276747,"[0.2, 0.35, 0.35, 0.2, 0.35, 0.25, 0.25, 0.35, 0.45, 0.3, 0.35, 0.45, 0.2, 0.1, 0.05, 0.15, 0.4, 0.3, 0.2, 0.05, 0.3, 0.2, 0.5, 0.4, 0.4, 0.3, 0.2, 0.25, 0.35, 0.25, 0.6, 0.6, 0.6, 0.6, 0.85, 0.9, 1.0, 0.9, 0.8, 1.0, 0.95, 1.0, 1.0, 1.0, 1.0, 1.0, 1.0]"
huatuogpt-o1-8b,fa3f1534a8d672e364f916665953a826,dbb1c1111036cfd5d5d13df09e37a1f621b61d3c80cedb1e99f93ef2a091a6d4,False,POEMS Syndrome,33,34,594,3013,30,0.9090909090909091,2924,0.8737373737373737,0.85,0.1,1.0,30,0.8737373737373737,"[0.1, 0.15, 0.2, 0.05, 0.1, 0.05, 0.15, 0.15, 0.1, 0.2, 0.55, 0.15, 0.15, 0.3, 0.15, 0.2, 0.25, 0.3, 0.25, 0.15, 0.3, 0.3, 0.35, 0.4, 0.4, 0.55, 0.5, 0.25, 0.5, 0.5, 0.85, 1.0, 1.0, 1.0]"
huatuogpt-o1-8b,07dbd8eabfba4b1d9d665331dea90335,9a2c88d7ebee353d099c60a9ba558f5accf0be74785125b0f5fadf01bff6fb46,True,Uterine Inversion,19,20,294,501,17,0.8947368421052632,461,0.9183673469387755,1.0,0.35,1.0,17,0.9183673469387755,"[0.35, 0.35, 0.3, 0.2, 0.1, 0.3, 0.25, 0.3, 0.25, 0.25, 0.2, 0.3, 0.15, 0.0, 0.05, 0.3, 0.05, 1.0, 1.0, 1.0]"
huatuogpt-o1-8b,07dbd8eabfba4b1d9d665331dea90335,0091a757b540b0c608ceb8bc7acc2fc6813dcfa44ad32729c5f5df7371caf260,False,Placenta Accreta Spectrum,19,20,286,493,0,0.0,194,0.01048951048951049,0.0,0.0,0.1,0,0.01048951048951049,"[0.0, 0.0, 0.05, 0.0, 0.0, 0.05, 0.0, 0.05, 0.0, 0.0, 0.0, 0.0, 0.0, 0.0, 0.0, 0.0, 0.05, 0.2, 0.1, 0.1]"
huatuogpt-o1-8b,24686977bb5ff6eaee7dac452c92c4be,0f938ac8f9b3d7f234d07b06b32806be7600040268ac9e09455bb3bf3e22a068,True,Sellar Granuloma,31,32,525,2465,0,0.0,1928,0.005714285714285714,0.05,0.05,0.1,27,0.8819047619047619,"[0.05, 0.0, 0.1, 0.0, 0.1, 0.05, 0.0, 0.05, 0.0, 0.05, 0.05, 0.05, 0.0, 0.05, 0.05, 0.05, 0.05, 0.0, 0.0, 0.0, 0.0, 0.1, 0.0, 0.0, 0.0, 0.15, 0.0, 0.15, 0.2, 0.25, 0.05, 0.1]"
huatuogpt-o1-8b,24686977bb5ff6eaee7dac452c92c4be,da7e9787c1f41f7f46fd13bc5d8ac833b4bfc6589facec5bd9b4f8bb2ff3e3c1,False,Langerhans Cell Histiocytosis,29,30,528,2473,19,0.6551724137931034,2291,0.6931818181818182,0.85,0.5,0.95,19,0.6931818181818182,"[0.5, 0.65, 0.6, 0.85, 0.8, 0.85, 0.6, 0.8, 0.65, 0.75, 0.75, 0.55, 0.85, 0.75, 0.6, 0.6, 0.6, 0.5, 0.75, 0.85, 0.8, 0.85, 0.95, 0.8, 1.0, 0.85, 0.9, 0.8, 0.85, 0.95]"
huatuogpt-o1-8b,28c328b44b6a8b287cd1e29bfc9c17eb,36bb3e2853f268c104a805cca17f3f8a5ca97e6cd20a45f55e70c6d634ce20bd,True,Hydatid Disease,25,26,433,653,21,0.84,542,0.7829099307159353,1.0,0.0,1.0,21,0.7829099307159353,"[0.0, 0.05, 0.05, 0.0, 0.0, 0.0, 0.05, 0.05, 0.05, 0.05, 0.0, 0.05, 0.05, 0.1, 0.1, 0.05, 0.15, 0.05, 0.55, 0.55, 0.55, 1.0, 0.85, 1.0, 1.0, 1.0]"
huatuogpt-o1-8b,28c328b44b6a8b287cd1e29bfc9c17eb,197706c6aa0fd6b0f3605a87df7aa5db446f41d8ed2b9c8f98a20c477f7ef6c2,False,Chronic Pulmonary Aspergillosis,20,21,346,567,18,0.9,519,0.9132947976878613,1.0,0.05,1.0,18,0.9132947976878613,"[0.05, 0.0, 0.05, 0.1, 0.05, 0.1, 0.05, 0.05, 0.1, 0.1, 0.1, 0.1, 0.0, 0.05, 0.1, 0.4, 0.2, 0.25, 1.0, 1.0, 1.0]"
huatuogpt-o1-8b,40548af835e36bf1d06c74be11ea5d70,aff816e5f6ad9295e3d08c50d817a00b9c34ac7be1c441943c22e44849e8759c,True,Aplastic Anemia,31,32,462,683,24,0.7741935483870968,563,0.7748917748917749,0.3,0.3684210526315789,0.1,26,0.8376623376623377,"[0.3684, 0.1, 0.3, 0.15, 0.2, 0.1, 0.3, 0.2, 0.2, 0.1, 0.05, 0.3, 0.05, 0.05, 0.1, 0.0, 0.05, 0.0, 0.1, 0.3, 0.35, 0.3, 0.35, 0.55, 0.3, 0.5, 0.1, 0.2, 0.15, 0.2, 0.2, 0.1]"
huatuogpt-o1-8b,40548af835e36bf1d06c74be11ea5d70,fd32e04c7f77b8174c04d85f43b0e0d7bcf707ab8fa744a4b2333cb5b454cb5f,False,Infectious Mononucleosis,32,33,558,780,21,0.65625,546,0.6111111111111112,0.85,0.0,1.0,23,0.7078853046594982,"[0.0, 0.0, 0.0, 0.0, 0.05, 0.0, 0.15, 0.15, 0.1, 0.45, 0.25, 0.4, 0.05, 0.05, 0.1, 0.0, 0.3, 0.55, 0.8, 0.6, 0.65, 0.85, 0.65, 0.8, 0.95, 0.8, 1.0, 1.0, 1.0, 1.0, 1.0, 1.0, 1.0]"
huatuogpt-o1-8b,4abc3a40659612c935b6036cf7018466,1250dcb3bd47c5b1f3c59d863b8f6ffd593093fd040946307c125d074e6469a5,True,Glossopharyngeal Neuralgia,26,27,399,747,22,0.8461538461538461,660,0.8220551378446115,0.5,0.25,0.65,26,1.0,"[0.25, 0.05, 0.25, 0.25, 0.15, 0.15, 0.15, 0.15, 0.0, 0.15, 0.5, 0.15, 0.0, 0.15, 0.05, 0.1, 0.15, 0.05, 0.35, 0.4, 0.2, 0.6, 0.5, 0.6, 0.35, 0.35, 0.65]"
huatuogpt-o1-8b,4abc3a40659612c935b6036cf7018466,6faf37d361d9e7fe7fe77954851302efbdd3828e739f5d99fbc18fc82e319e86,False,Tuberculous Spondylitis,26,27,417,767,21,0.8076923076923077,661,0.7889688249400479,0.85,0.0,1.0,26,1.0,"[0.0, 0.1, 0.0, 0.1, 0.0, 0.1, 0.15, 0.0, 0.05, 0.1, 0.0, 0.05, 0.0, 0.2, 0.0, 0.05, 0.2, 0.45, 0.35, 0.45, 0.6, 0.85, 0.7, 0.7, 0.9, 0.75, 1.0]"
huatuogpt-o1-8b,5e7abd32af948047598121dd03ac97b6,0bd8dcda197e5272590ff83d0eb3606ac7a6653ceb73503293b694a9a4afbb93,True,Varicella,24,25,341,541,13,0.5416666666666666,367,0.5425219941348973,1.0,0.2,1.0,13,0.5425219941348973,"[0.2, 0.4, 0.45, 0.25, 0.35, 0.15, 0.4, 0.75, 0.65, 0.55, 0.6, 0.75, 0.75, 1.0, 1.0, 1.0, 1.0, 1.0, 1.0, 1.0, 1.0, 1.0, 1.0, 1.0, 1.0]"
huatuogpt-o1-8b,5e7abd32af948047598121dd03ac97b6,da0d2662043839a9a2eef46d531b975c386b2aa812b90327e16cc557d5acda79,False,Measles,23,24,362,558,13,0.5652173913043478,377,0.5386740331491713,0.95,0.2,1.0,13,0.5386740331491713,"[0.2, 0.25, 0.25, 0.1, 0.15, 0.2, 0.2, 0.45, 0.25, 0.7, 0.85, 0.75, 0.6, 0.95, 0.95, 1.0, 1.0, 1.0, 1.0, 1.0, 1.0, 1.0, 1.0, 1.0]"
huatuogpt-o1-8b,6c4cccbdfe3340d1de38720b444b4e83,d3d8dfd2f7259bc4d0c675cac635e2fe7e1077c774d429ed3e4c95301f0e3fe6,True,Carotid Body Paraganglioma,21,22,354,607,15,0.7142857142857143,493,0.7259887005649718,0.8,0.35,1.0,15,0.7259887005649718,"[0.35, 0.2, 0.45, 0.65, 0.2, 0.3, 0.3, 0.25, 0.15, 0.3, 0.45, 0.5, 0.35, 0.7, 0.4, 0.8, 0.8, 1.0, 1.0, 1.0, 1.0, 1.0]"
huatuogpt-o1-8b,6c4cccbdfe3340d1de38720b444b4e83,fb41ebc0be3eee5e65b310dd816cf07798caafdc29974c4400a0192b6b9e59a5,False,Branchial Cleft Cyst,25,26,409,660,21,0.84,575,0.8288508557457213,0.95,0.3,1.0,21,0.8288508557457213,"[0.3, 0.25, 0.2, 0.05, 0.05, 0.1, 0.25, 0.1, 0.2, 0.15, 0.3, 0.45, 0.5, 0.6, 0.5, 0.3, 0.3, 0.05, 0.75, 0.95, 0.65, 0.95, 1.0, 1.0, 1.0, 1.0]"
huatuogpt-o1-8b,839d5849b985de3b732f197086218847,d3bcc5c2bb5e8722ada5e37ee1a7d09d54b9141115cf745fe3b1e00f4d7a569d,True,Pneumocystis pneumonia,26,27,440,806,21,0.8076923076923077,686,0.7636363636363637,0.4,0.7,0.5,21,0.7636363636363637,"[0.7, 0.65, 0.6, 0.65, 0.8, 0.7, 0.5, 0.7, 0.8, 0.55, 0.65, 0.75, 0.55, 0.7, 0.45, 0.55, 0.6, 0.4, 0.7, 0.55, 0.6, 0.4, 0.45, 0.3, 0.5, 0.3, 0.5]"
huatuogpt-o1-8b,839d5849b985de3b732f197086218847,25a83d7ae3f3a3144c9392f691a35347ef2d925681ca198b3ceda4ba39bd6e55,False,Selective IgA deficiency,24,25,452,826,19,0.7916666666666666,690,0.7522123893805309,0.85,0.25,1.0,21,0.8716814159292036,"[0.25, 0.15, 0.05, 0.2, 0.15, 0.15, 0.2, 0.2, 0.35, 0.15, 0.3, 0.25, 0.1, 0.35, 0.6, 0.6, 0.65, 0.75, 0.6, 0.85, 0.65, 0.85, 0.95, 1.0, 1.0]"
huatuogpt-o1-8b,8e99e185c9670ed801211fba5a2e93f9,7b925ec1ca477d0b49027082894bac9edfe1ddec678bc56c1ce14f7a624aa20f,True,Papular Urticaria,18,19,317,518,13,0.7222222222222222,400,0.6813880126182965,1.0,0.1,1.0,13,0.6813880126182965,"[0.1, 0.25, 0.25, 0.15, 0.2, 0.35, 0.5, 0.15, 0.35, 0.4, 0.35, 0.3, 0.4, 1.0, 1.0, 1.0, 1.0, 1.0, 1.0]"
huatuogpt-o1-8b,8e99e185c9670ed801211fba5a2e93f9,c14140b04400b2a0e19da9bc8cb4e39cc62f7e8b11a3792f1122748454df550b,False,Dermatophytosis,20,21,338,536,13,0.65,404,0.650887573964497,0.8,0.05,1.0,13,0.650887573964497,"[0.05, 0.2, 0.4, 0.35, 0.6, 0.25, 0.3, 0.55, 0.9, 0.65, 0.65, 0.75, 0.65, 0.8, 0.85, 0.8, 1.0, 1.0, 1.0, 1.0, 1.0]"
huatuogpt-o1-8b,a670afa64f606d20eed4a435fc89d120,3ff1d62678a55b339c727f36fb359b374c6edede9a2722e1476c7ef622bdb8a3,True,Increased Intracranial Pressure,39,40,769,989,30,0.7692307692307693,763,0.7282184655396619,0.1,0.0,0.0,30,0.7282184655396619,"[0.0, 0.05, 0.0, 0.05, 0.05, 0.1, 0.0, 0.05, 0.05, 0.1, 0.15, 0.15, 0.05, 0.2, 0.2, 0.15, 0.05, 0.25, 0.25, 0.0, 0.15, 0.1, 0.0, 0.1, 0.15, 0.1, 0.25, 0.15, 0.4, 0.5, 0.1, 0.1, 0.15, 0.1, 0.15, 0.0, 0.0, 0.0, 0.05, 0.0]"
huatuogpt-o1-8b,a670afa64f606d20eed4a435fc89d120,dc9675a71b089ea8b6b10263da7a214ab767f5936a1d290d63c3454e62dad72d,False,Acute Disseminated Encephalomyelitis,29,30,576,801,21,0.7241379310344828,617,0.71875,0.85,0.15,1.0,23,0.7760416666666666,"[0.15, 0.15, 0.1, 0.35, 0.35, 0.55, 0.5, 0.55, 0.45, 0.45, 0.45, 0.35, 0.35, 0.55, 0.4, 0.35, 0.5, 0.3, 0.3, 0.45, 0.55, 0.85, 0.75, 0.95, 1.0, 1.0, 1.0, 1.0, 1.0, 1.0]"
huatuogpt-o1-8b,b2b6765627a78f61fac9ba35346d7b1d,19dd31b596604f677f1d6b2dc424cfd028c5ccd9d696b543bc06a5f5a1137700,True,Subphrenic Abscess,19,20,411,724,0,0.0,299,0.0072992700729927005,1.0,1.0,1.0,0,0.0072992700729927005,"[1.0, 0.9, 0.9, 0.9, 0.9, 1.0, 1.0, 1.0, 1.0, 1.0, 1.0, 1.0, 1.0, 1.0, 1.0, 1.0, 1.0, 1.0, 1.0, 1.0]"
huatuogpt-o1-8b,b2b6765627a78f61fac9ba35346d7b1d,7db929b7b367690a47d03ac8d1df8624159f19bb1ff0c04ede05d4148c754b3a,False,Pancreatic phlegmon,28,29,495,808,25,0.8928571428571429,738,0.8929292929292929,1.0,0.0,1.0,25,0.8929292929292929,"[0.0, 0.0, 0.0, 0.0, 0.0, 0.0, 0.0, 0.0, 0.0, 0.05, 0.05, 0.1, 0.0, 0.1, 0.0, 0.05, 0.0, 0.1, 0.1, 0.0, 0.05, 0.15, 0.2, 0.1, 0.35, 1.0, 1.0, 1.0, 1.0]"
huatuogpt-o1-8b,c13ba1d468ea408964a3ccd245638056,103d88fb37c01b9e83cb58062094ee1f69d17cfc2f9cf80d6015433e923a19a3,True,Abscess,16,17,275,473,13,0.8125,423,0.8727272727272727,0.85,0.25,0.95,13,0.8727272727272727,"[0.25, 0.25, 0.35, 0.25, 0.4, 0.6, 0.35, 0.6, 0.5, 0.5, 0.55, 0.55, 0.65, 0.85, 0.85, 0.85, 0.95]"
huatuogpt-o1-8b,c13ba1d468ea408964a3ccd245638056,d7a3ed9b7520b987aab800036c41fd4e1fc94099d14cdd58b5a12214e856b8cd,False,Pyogenic liver abscess,25,26,345,544,24,0.96,523,0.9855072463768116,1.0,0.0,1.0,24,0.9855072463768116,"[0.0, 0.2, 0.15, 0.15, 0.1, 0.2, 0.15, 0.05, 0.05, 0.3, 0.0, 0.1, 0.25, 0.2, 0.1, 0.05, 0.25, 0.2, 0.05, 0.3, 0.15, 0.55, 0.65, 0.55, 1.0, 1.0]"
huatuogpt-o1-8b,cee4809157546a43546571ac67323953,c165aa020132fc321c3f21f6e05136fa89fd8f6af857ec32847806e1a115fb96,True,Eruption cyst,18,19,354,560,6,0.3333333333333333,318,0.3587570621468927,0.9,0.3,1.0,6,0.3587570621468927,"[0.3, 0.15, 0.2, 0.25, 0.3, 0.75, 0.9, 1.0, 1.0, 1.0, 1.0, 1.0, 1.0, 1.0, 1.0, 1.0, 1.0, 1.0, 1.0]"
huatuogpt-o1-8b,cee4809157546a43546571ac67323953,f2a23b9c0975f5dcd01b78b61394570d63fbc96cb1b2145c6469b112fa3ad230,False,Hemangioma,25,26,409,614,15,0.6,438,0.6039119804400978,0.8,0.3,1.0,15,0.6039119804400978,"[0.3, 0.2, 0.45, 0.5, 0.4, 0.2, 0.45, 0.6, 0.45, 0.35, 0.4, 0.3, 0.05, 0.2, 0.55, 0.8, 0.9, 1.0, 0.9, 0.95, 1.0, 0.9, 1.0, 1.0, 1.0, 1.0]"
huatuogpt-o1-8b,da2bd7e45b94e13e1fb97126ca03fcc4,bcd057c989e6fdef406742d37d2e682b72f0e8fcb1462d48086a9d50d82dfd72,True,Glomus Tumor,19,20,345,547,18,0.9473684210526315,518,0.9623188405797102,0.5,0.3,0.3,18,0.9623188405797102,"[0.3, 0.3, 0.5, 0.25, 0.5, 0.4, 0.45, 0.55, 0.6, 0.5, 0.9, 0.75, 0.6, 0.65, 0.45, 0.75, 0.95, 0.95, 0.5, 0.3]"
huatuogpt-o1-8b,da2bd7e45b94e13e1fb97126ca03fcc4,2a6f93cf7b6302d36b4e6aba8e9d524faaf132f6ca5efacad632f60f7665ae75,False,Kaposi Sarcoma,22,23,355,557,9,0.4090909090909091,333,0.4140845070422535,0.95,0.55,1.0,9,0.4140845070422535,"[0.55, 0.45, 0.5, 0.6, 0.35, 0.5, 0.6, 0.55, 0.5, 0.95, 0.95, 1.0, 0.95, 1.0, 1.0, 0.95, 1.0, 1.0, 1.0, 1.0, 1.0, 1.0, 1.0]"
huatuogpt-o1-8b,f03a4eea989b069fe918734d9e1c2644,049ca5fd120f55d554e6502b82179d8d7ed1d3064c93f25fbfd0ea968ea10b30,True,Syphilitic Orchitis,20,21,354,567,14,0.7,444,0.7005649717514124,0.8,0.35,1.0,14,0.7005649717514124,"[0.35, 0.25, 0.4, 0.45, 0.5, 0.35, 0.45, 0.4, 0.2, 0.25, 0.35, 0.35, 0.25, 0.65, 0.8, 0.8, 0.85, 0.9, 0.95, 0.9, 1.0]"
huatuogpt-o1-8b,f03a4eea989b069fe918734d9e1c2644,be5b742a5e0e13c623922dcfd1f0ae05ebd64e7a77c6e453923a221b932fdd76,False,Lymphogranuloma venereum,18,19,367,581,13,0.7222222222222222,446,0.6811989100817438,0.95,0.35,1.0,13,0.6811989100817438,"[0.35, 0.2, 0.4, 0.4, 0.2, 0.25, 0.25, 0.4, 0.4, 0.25, 0.4, 0.5, 0.7, 0.95, 0.95, 1.0, 1.0, 1.0, 1.0]"
huatuogpt-o1-8b,fb9fdfc495c899901c9c864e13bfeaff,3bcd01e00632e4d5539b2ae948012168e1ba70a0494a2ddb167e496031cdaf03,True,Constitutional Delay of Growth and Puberty,22,23,357,682,7,0.3181818181818182,407,0.2689075630252101,0.8,0.65,1.0,7,0.2689075630252101,"[0.65, 0.7, 0.45, 0.5, 0.75, 0.7, 0.5, 0.8, 0.8, 0.85, 0.95, 0.95, 1.0, 1.0, 1.0, 1.0, 1.0, 1.0, 1.0, 1.0, 1.0, 1.0, 1.0]"
huatuogpt-o1-8b,fb9fdfc495c899901c9c864e13bfeaff,b725b6d8bf764c8c3fb5b89d148f31f2059b5b03e139cf0ba66b27af1f737b93,False,Growth Hormone Deficiency,23,24,364,691,19,0.8260869565217391,610,0.8214285714285714,1.0,0.45,1.0,19,0.8214285714285714,"[0.45, 0.3, 0.3, 0.55, 0.25, 0.55, 0.7, 0.65, 0.75, 0.55, 0.45, 0.15, 0.6, 0.7, 0.6, 0.45, 0.4, 0.3, 0.4, 1.0, 1.0, 1.0, 1.0, 1.0]"
huatuogpt-o1-8b,0a3c768a49d4110f6c1604ace9951ee5,1c5608dc13fc229240771ab9e56121b13fbde5c8d833b1bb849420f29b4fe156,True,Generalized Anxiety Disorder,25,26,387,767,16,0.64,588,0.5762273901808785,0.8,0.3157894736842105,1.0,16,0.5762273901808785,"[0.3158, 0.55, 0.75, 0.65, 0.6, 0.8, 0.65, 0.75, 0.55, 0.75, 0.7, 0.75, 0.75, 0.7, 0.7, 0.7, 0.8, 0.9, 0.85, 0.9, 0.95, 0.95, 0.85, 1.0, 1.0, 1.0]"
huatuogpt-o1-8b,0a3c768a49d4110f6c1604ace9951ee5,3f8a78ce0c431d751d3b3208c5555f07416a9590a81feb996f3bde274bbbe995,False,Major Depressive Disorder,30,31,446,826,28,0.9333333333333333,775,0.9192825112107623,1.0,0.10526315789473684,1.0,28,0.9192825112107623,"[0.1053, 0.15, 0.15, 0.15, 0.15, 0.1, 0.2, 0.25, 0.1, 0.2, 0.15, 0.15, 0.1579, 0.2632, 0.2, 0.05, 0.3, 0.1, 0.25, 0.1, 0.2, 0.2, 0.5, 0.35, 0.35, 0.25, 0.4, 0.55, 1.0, 0.85, 1.0]"
huatuogpt-o1-8b,258c0f33efb3e637962b4ea8f6971d09,0ec104b3d7fde07035a17cf997bfc94872ab4e7329c53f698ed55c4adca9ff54,True,Disseminated Gonococcal Infection,33,34,471,797,28,0.8484848484848485,696,0.8280254777070064,1.0,0.15,1.0,28,0.8280254777070064,"[0.15, 0.4, 0.15, 0.15, 0.1579, 0.2, 0.15, 0.15, 0.0526, 0.2, 0.05, 0.1579, 0.4, 0.4444, 0.3, 0.2632, 0.2, 0.2778, 0.2, 0.4, 0.25, 0.3, 0.1, 0.15, 0.1, 0.25, 0.5, 0.7, 1.0, 1.0, 1.0, 1.0, 1.0, 1.0]"
huatuogpt-o1-8b,258c0f33efb3e637962b4ea8f6971d09,cf4960bad01f4654555149823f999008d9f9533482327e97f56ba5f7f8079133,False,Reactive arthritis,30,31,432,753,24,0.8,636,0.7638888888888888,0.95,0.25,1.0,24,0.7638888888888888,"[0.25, 0.25, 0.3, 0.45, 0.15, 0.25, 0.2, 0.15, 0.35, 0.3, 0.15, 0.35, 0.05, 0.3, 0.5, 0.5, 0.3, 0.5, 0.45, 0.35, 0.25, 0.25, 0.3, 0.65, 0.95, 0.95, 1.0, 1.0, 1.0, 1.0, 1.0]"
huatuogpt-o1-8b,34d053d3a9b3a1f013655f7223718de7,6e6ad406f934d97f4d244d49356dcb03da3a9bc995d9f082b678bcce666e6511,True,Primary central nervous system lymphoma,21,22,365,2310,15,0.7142857142857143,2185,0.7123287671232876,0.25,0.05,0.45,20,0.958904109589041,"[0.05, 0.2, 0.05, 0.1, 0.05, 0.1, 0.1, 0.2, 0.1, 0.05, 0.0, 0.15, 0.1, 0.1, 0.2, 0.25, 0.4, 0.15, 0.1, 0.15, 0.25, 0.45]"
huatuogpt-o1-8b,34d053d3a9b3a1f013655f7223718de7,619dc2e1629066048bfdbd39c1f619b2301b970f604c9df912b74199f2189946,False,Glioblastoma,20,21,416,2359,0,0.0,1928,0.007211538461538462,0.9,0.9,1.0,0,0.007211538461538462,"[0.9, 0.95, 0.9, 0.95, 0.9, 1.0, 0.8, 0.95, 0.85, 1.0, 0.95, 0.95, 1.0, 1.0, 0.8, 1.0, 1.0, 0.95, 1.0, 1.0, 1.0]"
huatuogpt-o1-8b,42657169f520db24ecd36735fa5fcd7f,d6de8b1dc221b1b4e157ea6961c62d1665eb129505835d72f4a3e88e320eb99d,True,Stimulant Intoxication,28,29,408,782,22,0.7857142857142857,670,0.7622549019607843,0.95,0.05,1.0,22,0.7622549019607843,"[0.05, 0.15, 0.0, 0.1, 0.15, 0.05, 0.1, 0.05, 0.0, 0.0, 0.05, 0.05, 0.05, 0.05, 0.0, 0.15, 0.15, 0.15, 0.2, 0.0, 0.05, 0.7, 0.95, 1.0, 1.0, 1.0, 1.0, 1.0, 1.0]"
huatuogpt-o1-8b,42657169f520db24ecd36735fa5fcd7f,301dc981d256f32fb9d521983cbcfd27ded81e55e4362312b988f2a32c36b4b7,False,Serotonin Syndrome,23,24,405,778,8,0.34782608695652173,495,0.3358024691358025,0.85,0.8,1.0,12,0.5185185185185185,"[0.8, 0.75, 0.8, 0.7, 0.85, 0.85, 0.7, 0.6, 0.85, 0.9, 0.85, 0.7, 0.95, 0.9, 0.85, 0.95, 0.95, 0.85, 1.0, 1.0, 1.0, 1.0, 1.0, 1.0]"
huatuogpt-o1-8b,4ac69654711e8b95f09faca42e95c605,98dedcbffda6f9fbfffb2c4e02a53ba79dcc06e84596ebcb0bbbd24bff69cc6c,True,Myelodysplastic Syndrome,49,50,699,3292,43,0.8775510204081632,3167,0.8469241773962805,1.0,0.1111111111111111,1.0,43,0.8469241773962805,"[0.1111, 0.1875, 0.1765, 0.0769, 0.0, 0.1429, 0.2, 0.1765, 0.2667, 0.2778, 0.0588, 0.1765, 0.0588, 0.1333, 0.2857, 0.3077, 0.1333, 0.1875, 0.1538, 0.1176, 0.2, 0.0588, 0.0, 0.1765, 0.1, 0.05, 0.0556, 0.1111, 0.1, 0.2222, 0.2222, 0.5263, 0.6667, 0.3889, 0.6111, 0.3125, 0.1667, 0.4118, 0.3529, 0.3125, 0.8333, 0.75, 0.5556, 1.0, 1.0, 1.0, 1.0, 1.0, 1.0, 1.0]"
huatuogpt-o1-8b,4ac69654711e8b95f09faca42e95c605,a08f2060ecbc2fb36b7296076370682cdd3a019dc2582e3c021b0555d606491a,False,Paroxysmal Nocturnal Hemoglobinuria,33,34,587,3186,26,0.7878787878787878,3030,0.7751277683134583,1.0,0.5,1.0,26,0.7751277683134583,"[0.5, 0.4667, 0.4, 0.4375, 0.4375, 0.75, 0.5833, 0.4444, 0.6471, 0.5, 0.4615, 0.625, 0.7333, 0.5882, 0.4667, 0.625, 0.5789, 0.7895, 0.6111, 0.3684, 0.6, 0.85, 0.8, 0.7, 0.95, 0.5, 1.0, 1.0, 1.0, 1.0, 1.0, 1.0, 1.0, 1.0]"
huatuogpt-o1-8b,6cae95de019b8b107893b29e2418ab4a,068e82fab689f434b9fcdd59795f1407b7dfbe74a3a38ba56b858f17068410b5,True,Insect bite reaction,29,30,412,732,26,0.896551724137931,672,0.8956310679611651,1.0,0.0,1.0,26,0.8956310679611651,"[0.0, 0.0, 0.0, 0.0, 0.05, 0.0, 0.0, 0.0, 0.0, 0.0, 0.0, 0.0, 0.05, 0.0, 0.0, 0.0, 0.1, 0.0, 0.0, 0.05, 0.05, 0.15, 0.2, 0.1, 0.1, 0.05, 1.0, 1.0, 1.0, 1.0]"
huatuogpt-o1-8b,6cae95de019b8b107893b29e2418ab4a,6ddc4d9b845a8a6f82ed9c35617642dd5d99b67a25fc258fb90f6b7650dac31c,False,Arthropod bite reaction,28,29,387,705,14,0.5,488,0.4780361757105943,0.85,0.25,1.0,16,0.5400516795865633,"[0.25, 0.25, 0.35, 0.3, 0.55, 0.45, 0.45, 0.4, 0.6, 0.7, 0.55, 0.6, 0.6, 0.65, 0.85, 0.65, 0.85, 0.95, 1.0, 0.85, 0.9, 0.85, 1.0, 1.0, 0.95, 1.0, 1.0, 1.0, 1.0]"
huatuogpt-o1-8b,85684e0c092976faa0b788ef96b0a1ff,e35d2c84898ba4c087cecc893bcd7a1ea343f562ea28afa62d434d7ff4c3b270,True,AL amyloidosis,29,30,451,902,25,0.8620689655172413,829,0.8736141906873615,1.0,0.45,1.0,25,0.8736141906873615,"[0.45, 0.45, 0.45, 0.15, 0.35, 0.25, 0.55, 0.3, 0.5, 0.65, 0.5, 0.6, 0.4, 0.5, 0.75, 0.5, 0.7, 0.6, 0.75, 0.45, 0.5, 0.45, 0.6, 0.9, 0.7, 1.0, 1.0, 1.0, 1.0, 1.0]"
huatuogpt-o1-8b,85684e0c092976faa0b788ef96b0a1ff,91b3e60eaab16ad66c7a13896f70ba03484dc0488ed8e2e15da49f18f5ecb962,False,Constrictive pericarditis,38,39,520,973,33,0.868421052631579,895,0.8846153846153846,0.85,0.35,1.0,33,0.8846153846153846,"[0.35, 0.35, 0.3, 0.55, 0.65, 0.35, 0.35, 0.7, 0.4, 0.35, 0.55, 0.65, 0.45, 0.65, 0.65, 0.4, 0.55, 0.65, 0.45, 0.45, 0.5, 0.6, 0.45, 0.5, 0.6, 0.5, 0.65, 0.75, 0.75, 0.65, 0.65, 0.75, 0.65, 0.85, 1.0, 1.0, 1.0, 1.0, 1.0]"
huatuogpt-o1-8b,967834058a7e6f5cb903d6d983ecba7e,19f87d5c8d130c835ab3ea1af45aef57595011f52ebf1ca75e691267325de558,True,Beta-Thalassemia Minor/Trait,23,24,436,698,20,0.8695652173913043,645,0.9197247706422018,1.0,0.7,1.0,20,0.9197247706422018,"[0.7, 0.65, 0.55, 0.6, 0.7, 0.35, 0.4, 0.2, 0.3, 0.5, 0.45, 0.3, 0.2, 0.25, 0.25, 0.15, 0.15, 0.55, 0.85, 0.6, 1.0, 1.0, 1.0, 1.0]"
huatuogpt-o1-8b,967834058a7e6f5cb903d6d983ecba7e,ad09c7288057ec66f44493e19bd69df7dab2d8f4130154b3b19768b3d219c650,False,Beta-Thalassemia Major,20,21,407,669,15,0.75,529,0.7002457002457002,0.8,0.15,1.0,18,0.9041769041769042,"[0.15, 0.2, 0.15, 0.3, 0.45, 0.35, 0.3, 0.3, 0.45, 0.25, 0.35, 0.55, 0.6, 0.5, 0.45, 0.8, 0.9, 0.75, 0.9, 1.0, 1.0]"
huatuogpt-o1-8b,ab0226a3a9dc01c8c9b91a47198bed63,f0b26edc6c731b8412aa5ff994b46e508b0fc4bd2d9c566eea16c76c67986440,True,Traveler's diarrhea,26,27,467,799,11,0.4230769230769231,514,0.42184154175588867,0.75,0.4,0.6,26,1.0,"[0.4, 0.35, 0.35, 0.35, 0.2, 0.4, 0.15, 0.35, 0.25, 0.3, 0.5, 0.75, 0.7, 0.7, 0.75, 0.65, 0.65, 0.7, 0.8, 0.7, 0.7, 0.7, 0.85, 0.75, 0.85, 0.9, 0.6]"
huatuogpt-o1-8b,ab0226a3a9dc01c8c9b91a47198bed63,dd131ecb376ea1f35a8e9ada1d7bb5365444d800b5e41cda091e5cc87fb68984,False,Campylobacter jejuni infection,34,35,567,907,28,0.8235294117647058,777,0.8112874779541446,0.9,0.0,1.0,28,0.8112874779541446,"[0.0, 0.0, 0.1, 0.0, 0.05, 0.0, 0.0, 0.0, 0.0, 0.0, 0.0, 0.0, 0.1, 0.5, 0.9, 0.75, 0.35, 0.45, 0.25, 0.1, 0.25, 0.1, 0.2, 0.05, 0.0, 0.4, 0.65, 0.55, 0.9, 0.95, 0.9, 0.95, 1.0, 1.0, 1.0]"
huatuogpt-o1-8b,b456600e51f08dfb7754936792b3800e,9e183ee940bb4e466414691fd4f3db86ca871ce1cdefe588a44a7f37431e2f9b,True,Immune Thrombocytopenic Purpura,16,17,347,554,13,0.8125,445,0.7550432276657061,1.0,0.55,1.0,13,0.7550432276657061,"[0.55, 0.5, 0.45, 0.5, 0.4, 0.45, 0.3, 0.2, 0.15, 0.25, 0.65, 0.5, 0.65, 1.0, 1.0, 1.0, 1.0]"
huatuogpt-o1-8b,b456600e51f08dfb7754936792b3800e,7cb0e86121b19b7b04eed95ec6517c5b4e48c71772dd03ebe01e727484f60319,False,Essential Thrombocythemia,23,24,459,661,14,0.6086956521739131,459,0.6013071895424836,0.8,0.5,1.0,17,0.7189542483660131,"[0.5, 0.6, 0.7, 0.55, 0.5, 0.4, 0.45, 0.45, 0.5, 0.65, 0.75, 0.4, 0.55, 0.5, 0.8, 0.8, 0.75, 0.8, 0.95, 1.0, 1.0, 1.0, 1.0, 1.0]"
huatuogpt-o1-8b,c150008220a1497832471d8e8d4e2edb,abeb4c200f8589253dda89b7ddccc8876aa46f79eb6e63697ae2d3df9337de33,True,Iron deficiency anemia,36,37,522,862,3,0.08333333333333333,384,0.11302681992337164,0.85,0.75,1.0,17,0.46934865900383144,"[0.75, 0.9, 0.7, 0.85, 0.9, 0.75, 0.85, 0.95, 0.9, 0.8, 0.9, 0.75, 1.0, 0.8, 0.95, 0.85, 0.75, 0.9, 0.9, 1.0, 0.95, 0.95, 0.8, 0.95, 1.0, 1.0, 0.95, 1.0, 1.0, 1.0, 0.95, 1.0, 1.0, 1.0, 1.0, 1.0, 1.0]"
huatuogpt-o1-8b,c150008220a1497832471d8e8d4e2edb,be242e9673dddb0dab69bcd31ae51f822a26373bb188fd5e4156b2bd6b629683,False,Vitamin B12 deficiency,22,23,423,766,20,0.9090909090909091,723,0.9408983451536643,0.4,0.25,0.6,20,0.9408983451536643,"[0.25, 0.15, 0.2, 0.2, 0.2, 0.25, 0.1, 0.45, 0.15, 0.05, 0.05, 0.05, 0.0, 0.05, 0.1, 0.05, 0.0, 0.05, 0.0, 0.35, 0.4, 0.55, 0.6]"
huatuogpt-o1-8b,d2a373fbe65bd86a11545430c5394c7f,5e8363dd37b35cf01838cb424abc43eaf56860fca3437fe2ec697f0b83d6fba9,True,Hyperthyroidism,24,25,390,692,22,0.9166666666666666,653,0.9384615384615385,0.95,0.25,1.0,22,0.9384615384615385,"[0.25, 0.4, 0.05, 0.25, 0.15, 0.25, 0.45, 0.4, 0.45, 0.25, 0.4, 0.5, 0.3, 0.3, 0.35, 0.25, 0.2, 0.35, 0.65, 0.8, 0.2, 0.65, 0.95, 1.0, 1.0]"
huatuogpt-o1-8b,d2a373fbe65bd86a11545430c5394c7f,235f1ab03e94bef7b4198dbd3ce897d6181fa0d88a266bf7d0354e15909eae87,False,Sjögren's Syndrome,26,27,449,752,21,0.8076923076923077,629,0.7616926503340757,0.6,0.05,0.6,21,0.7616926503340757,"[0.05, 0.05, 0.1, 0.0, 0.15, 0.0, 0.1, 0.05, 0.1, 0.35, 0.1, 0.25, 0.15, 0.1, 0.15, 0.2, 0.15, 0.35, 0.15, 0.25, 0.05, 0.6, 0.7, 0.65, 0.5, 0.65, 0.6]"
huatuogpt-o1-8b,dfa32d028f082d978149d2633a2c8bf3,c9e8306b5367429110a0c69f3c411aa28cff84d40141029f30a15349fa9e9835,True,COVID-19,23,24,481,1645,20,0.8695652173913043,1572,0.8773388773388774,0.65,0.4,0.75,20,0.8773388773388774,"[0.4, 0.6, 0.35, 0.4, 0.6, 0.45, 0.6, 0.4211, 0.5, 0.45, 0.45, 0.6, 0.5, 0.45, 0.55, 0.6, 0.35, 0.75, 0.4, 0.2, 0.65, 0.55, 0.7, 0.75]"
huatuogpt-o1-8b,dfa32d028f082d978149d2633a2c8bf3,18e3f07286679fead35ec1cda872fda4b2f5296adc8bf979cc24a70ad5c432f2,False,Mycoplasma Pneumonia,30,31,521,1688,15,0.5,1437,0.5508637236084453,0.4,0.1,0.55,26,0.8733205374280231,"[0.1, 0.3, 0.25, 0.15, 0.2, 0.05, 0.2, 0.25, 0.1, 0.25, 0.35, 0.25, 0.15, 0.3, 0.3, 0.4, 0.2, 0.2, 0.25, 0.3158, 0.35, 0.55, 0.5, 0.55, 0.55, 0.3889, 0.5, 0.55, 0.6, 0.6, 0.55]"
huatuogpt-o1-8b,f31c3814e305d57f67bdcfac27ec4bc2,844021340aa342942dce4cc2b3676e44081bd408e7f99e87c70d5d3b181832ab,True,Sickle Cell Disease,29,30,514,951,3,0.10344827586206896,472,0.09533073929961089,0.8,0.95,1.0,7,0.18482490272373542,"[0.95, 0.9, 0.9, 0.8, 0.8, 0.7, 0.75, 0.8, 1.0, 0.9, 1.0, 1.0, 1.0, 0.85, 1.0, 0.95, 0.95, 1.0, 0.95, 1.0, 0.95, 0.9, 1.0, 1.0, 1.0, 1.0, 1.0, 1.0, 1.0, 1.0]"
huatuogpt-o1-8b,f31c3814e305d57f67bdcfac27ec4bc2,4f7a27aa446f956d6c65605c8a153526c65eef0b21007fcab874df78fcc72766,False,Sickle Cell Crisis,26,27,478,916,26,1.0,901,1.0,0.8,0.0,0.8,26,1.0,"[0.0, 0.0, 0.0, 0.1, 0.1, 0.1, 0.0, 0.0, 0.0, 0.1, 0.05, 0.0, 0.0, 0.05, 0.05, 0.0, 0.0, 0.1, 0.05, 0.15, 0.15, 0.15, 0.6, 0.35, 0.45, 0.3, 0.8]"
huatuogpt-o1-8b,fc75c4214c86972be10f49fa2b6b58ee,69391f70ccf4b98f5ab200f8211e9744ad7ffb86a527737146fa24812361ab2a,True,Oligodendroglioma,25,26,455,1101,24,0.96,1070,0.9714285714285714,0.5,0.05,0.6,24,0.9714285714285714,"[0.05, 0.0, 0.1, 0.05, 0.0, 0.0, 0.0, 0.0, 0.0, 0.1, 0.0, 0.0, 0.0, 0.0, 0.0, 0.0, 0.05, 0.0, 0.05, 0.1, 0.05, 0.0, 0.05, 0.25, 0.5, 0.6]"
huatuogpt-o1-8b,fc75c4214c86972be10f49fa2b6b58ee,a74dc110ee06d6fa334bb32b9dfe10921a0bc5d1602b96f9320ddf82fc5f615f,False,Niemann-Pick Disease Type C,30,31,529,1175,25,0.8333333333333334,1051,0.7996219281663516,0.95,0.75,1.0,25,0.7996219281663516,"[0.75, 0.5789, 0.6, 0.75, 0.4737, 0.5, 0.7, 0.6, 0.4, 0.45, 0.7, 0.75, 0.75, 0.5, 0.65, 0.8, 0.75, 0.75, 0.75, 0.75, 0.7, 0.6, 0.4, 0.6, 0.45, 0.95, 0.9, 0.85, 0.9, 1.0, 1.0]"
huatuogpt-o1-8b,0a50a7f439c2c0e933b8132ed7650075,f95373d6f6fa2ca0534e8ee30601acdd9b4fac8d581393ccdabd5fd8afb22e05,True,Psychogenic Non-Epileptic Seizure,20,21,332,664,19,0.95,633,0.9518072289156626,0.9,0.4,1.0,19,0.9518072289156626,"[0.4, 0.35, 0.45, 0.4, 0.5, 0.15, 0.35, 0.35, 0.45, 0.15, 0.55, 0.4, 0.4, 0.3, 0.7, 0.45, 0.25, 0.65, 0.65, 0.9, 1.0]"
huatuogpt-o1-8b,0a50a7f439c2c0e933b8132ed7650075,49ac42e3e20c482de5f6c3f14cda6fd104e62046f57150d138c4d21724bd1a50,False,Post-Traumatic Stress Disorder,18,19,361,698,15,0.8333333333333334,610,0.8116343490304709,0.85,0.1,1.0,15,0.8116343490304709,"[0.1, 0.15, 0.1, 0.3, 0.2, 0.25, 0.4, 0.45, 0.2, 0.15, 0.25, 0.3, 0.05, 0.1, 0.45, 0.85, 0.85, 1.0, 1.0]"
huatuogpt-o1-8b,27f2b910c19b40bb9f36ce9a3a8909af,69431db8585cd5b9269a4cd069bd980abe7b458df6c935e762fa83d477c1d239,True,Mechanical Heart Valve Hemolysis,32,33,479,3279,27,0.84375,3177,0.8329853862212944,0.9473684210526315,0.14285714285714285,1.0,27,0.8329853862212944,"[0.1429, 0.0526, 0.0, 0.0, 0.0, 0.0, 0.0556, 0.0, 0.0625, 0.0556, 0.0556, 0.0667, 0.1333, 0.0, 0.125, 0.0588, 0.0, 0.1176, 0.2105, 0.1053, 0.05, 0.1579, 0.0, 0.05, 0.2, 0.2105, 0.65, 0.9474, 1.0, 1.0, 1.0, 1.0, 1.0]"
huatuogpt-o1-8b,27f2b910c19b40bb9f36ce9a3a8909af,228be6d821a77906bc75746d658bb1c3e9a508105217bae0aa6a60ce9142e6cd,False,Drug-induced hemolytic anemia,26,27,437,3235,22,0.8461538461538461,3134,0.8146453089244852,0.5,0.0,0.7,24,0.9038901601830663,"[0.0, 0.0, 0.0, 0.0, 0.0769, 0.0, 0.0, 0.0, 0.0, 0.1333, 0.0714, 0.0714, 0.0, 0.0, 0.0667, 0.2143, 0.0625, 0.25, 0.5, 0.15, 0.2105, 0.3, 0.5, 0.35, 0.7, 0.55, 0.7]"
huatuogpt-o1-8b,3544e050c3ae29b6422ea56dc506cd8d,754d26f4892cb5f10170ff4561adc5adcd28d77bc53b2f704cb2cd9ff48367c7,True,Pemphigus Foliaceus,27,28,456,2367,0,0.0,1895,0.006578947368421052,0.1,0.1,0.25,25,0.9254385964912281,"[0.1, 0.0, 0.1, 0.1, 0.05, 0.0, 0.05, 0.0, 0.0, 0.0, 0.1, 0.0, 0.05, 0.05, 0.0, 0.0, 0.05, 0.0, 0.0, 0.25, 0.25, 0.15, 0.25, 0.05, 0.0, 0.1, 0.05, 0.25]"
huatuogpt-o1-8b,3544e050c3ae29b6422ea56dc506cd8d,39d423ab75d2947dfe3b4c1f3a17610d9938c2d8d2ff016699a686682a8462de,False,Bullous Pemphigoid,23,24,464,2374,0,0.0,1895,0.00646551724137931,0.95,0.95,1.0,0,0.00646551724137931,"[0.95, 0.9, 0.85, 0.8, 0.95, 0.95, 0.9, 0.95, 0.9, 0.9, 0.9, 0.95, 0.9, 0.9, 0.95, 1.0, 0.85, 0.9, 0.9, 1.0, 0.95, 1.0, 1.0, 1.0]"
huatuogpt-o1-8b,44182d567f7978b8cf0aa37c5ce0d4aa,0bc6ddac0b55995ae961a3320695f4f9747d7423d855d1eda7b51b2c11c3b2c5,True,Acute Hepatitis,32,33,491,716,23,0.71875,554,0.7046843177189409,0.8,0.5,1.0,25,0.7759674134419552,"[0.5, 0.6, 0.6, 0.5, 0.8, 0.7, 0.45, 0.7, 0.7, 0.6, 0.75, 0.7, 0.9, 0.75, 0.7, 0.75, 0.8, 0.3, 0.35, 0.25, 0.3, 0.55, 0.35, 0.8, 0.75, 0.8, 1.0, 1.0, 1.0, 1.0, 1.0, 1.0, 1.0]"
huatuogpt-o1-8b,44182d567f7978b8cf0aa37c5ce0d4aa,b7b2f5c67beb96e285575e94e0abe0c0dc371c6f7a06a00d4a9ec02d6852fb24,False,Acute Cholangitis,30,31,442,666,17,0.5666666666666667,464,0.579185520361991,0.85,0.05,1.0,17,0.579185520361991,"[0.05, 0.0, 0.0, 0.0, 0.1, 0.1, 0.0, 0.05, 0.05, 0.05, 0.05, 0.0, 0.0, 0.2, 0.0, 0.25, 0.45, 0.85, 0.85, 0.8, 1.0, 1.0, 0.95, 1.0, 1.0, 0.95, 1.0, 1.0, 1.0, 1.0, 1.0]"
huatuogpt-o1-8b,4d6344707f7581b02e4f545c4d51d472,bf65abc38d6455d8fd68f2b4b27b7d17e06748d93db1ea256f5189dbdc0e0003,True,Chronic Active Hepatitis B,28,29,447,791,24,0.8571428571428571,670,0.7762863534675615,0.8,0.45,1.0,24,0.7762863534675615,"[0.45, 0.55, 0.65, 0.5, 0.55, 0.55, 0.35, 0.45, 0.55, 0.45, 0.25, 0.3, 0.35, 0.25, 0.35, 0.4, 0.3, 0.35, 0.2, 0.4, 0.55, 0.7, 0.45, 0.45, 0.8, 0.95, 0.8, 1.0, 1.0]"
huatuogpt-o1-8b,4d6344707f7581b02e4f545c4d51d472,fea658d1e915f74e20c5b6e68f1d950daee61114be475170d4a29a2a15b752a2,False,Acute Hepatitis B,20,21,340,681,11,0.55,515,0.5647058823529412,0.85,0.5,0.8,14,0.7147058823529412,"[0.5, 0.3, 0.15, 0.5, 0.2, 0.4, 0.45, 0.55, 0.45, 0.65, 0.65, 0.85, 0.8, 0.7, 0.95, 0.85, 0.8, 1.0, 1.0, 0.95, 0.8]"
huatuogpt-o1-8b,633420a679153f203fc61a88a953629e,f1a39e6d255527dbf71d3cb1e3d765c2dbeb19a99f25026f3b914f8708ebf5cd,True,Irritable Bowel Syndrome,34,35,533,913,28,0.8235294117647058,792,0.8105065666041276,0.6,0.3,0.75,33,0.9737335834896811,"[0.3, 0.55, 0.25, 0.3, 0.2, 0.25, 0.3, 0.45, 0.25, 0.1, 0.25, 0.35, 0.3, 0.35, 0.35, 0.7, 0.4, 0.35, 0.15, 0.45, 0.25, 0.55, 0.4, 0.25, 0.3, 0.7, 0.75, 0.45, 0.6, 0.5, 0.5, 0.5, 0.4, 0.7, 0.75]"
huatuogpt-o1-8b,633420a679153f203fc61a88a953629e,fb1ff34316e0d9d108da2a2ef857cedc480e1550a7a20e3f42263dc11aedd322,False,Giardiasis,27,28,471,846,27,1.0,831,1.0,0.95,0.1,0.95,27,1.0,"[0.1, 0.15, 0.35, 0.3, 0.25, 0.45, 0.35, 0.2, 0.25, 0.25, 0.1, 0.25, 0.15, 0.05, 0.0, 0.0, 0.05, 0.4211, 0.3, 0.35, 0.55, 0.1, 0.4, 0.35, 0.65, 0.7, 0.7, 0.95]"
huatuogpt-o1-8b,711f389c59ebfcb9eb04d37c86efae77,2b0400580b591ac19647bf90201cb39630232ea34c3cbb1434103606681186b4,True,Dysmenorrhea,25,26,445,723,22,0.88,660,0.8921348314606742,1.0,0.0,1.0,22,0.8921348314606742,"[0.0, 0.0, 0.0, 0.0, 0.0, 0.05, 0.2, 0.2, 0.4, 0.3, 0.4, 0.2, 0.1, 0.05, 0.05, 0.05, 0.25, 0.3, 0.15, 0.8, 0.85, 0.6, 1.0, 1.0, 1.0, 1.0]"
huatuogpt-o1-8b,711f389c59ebfcb9eb04d37c86efae77,33bb02a63989db8cca913d973502bf2ccfef5a5bce28c92a1947df8fdec99c47,False,Mittelschmerz,18,19,340,619,10,0.5555555555555556,464,0.5911764705882353,0.85,0.45,1.0,14,0.7852941176470588,"[0.45, 0.5, 0.55, 0.4, 0.45, 0.85, 0.65, 0.65, 0.65, 0.6, 0.85, 0.85, 0.75, 0.7, 1.0, 1.0, 1.0, 1.0, 1.0]"
huatuogpt-o1-8b,88537bcf54e128709d3d84d9a954aa6f,bac61de845e7bfffd35aa8b2c2aa433770df367718ef55c2d7989bf40647e9a0,True,Henoch-Schönlein Purpura (IgA Vasculitis),33,34,492,1895,29,0.8787878787878788,1815,0.8780487804878049,1.0,0.15,1.0,29,0.8780487804878049,"[0.15, 0.35, 0.25, 0.35, 0.05, 0.25, 0.05, 0.3, 0.2, 0.15, 0.2, 0.3, 0.3, 0.3, 0.2, 0.35, 0.25, 0.35, 0.45, 0.4, 0.3, 0.35, 0.55, 0.45, 0.35, 0.4, 0.6, 0.6, 0.45, 1.0, 1.0, 1.0, 1.0, 1.0]"
huatuogpt-o1-8b,88537bcf54e128709d3d84d9a954aa6f,a7812d5c791be93c09227be3cfc8a589d68cbbfa1d4c04f1172d9c6030880ac4,False,Polyarteritis Nodosa,30,31,488,1888,26,0.8666666666666667,1786,0.8258196721311475,0.3,0.2,0.45,26,0.8258196721311475,"[0.2, 0.25, 0.25, 0.15, 0.15, 0.3, 0.25, 0.2, 0.2, 0.2, 0.2, 0.3, 0.1, 0.2, 0.0, 0.1, 0.15, 0.25, 0.0, 0.15, 0.25, 0.1, 0.1, 0.1, 0.15, 0.2, 0.3, 0.5, 0.4, 0.35, 0.45]"
huatuogpt-o1-8b,99056c3c2db73e4929ee1df107d73688,55f929e1bb2e4338fdf7ec5091d8631b2f72abc4f562eb3204c3aad56de27b9b,True,Benign Neonatal Hyperbilirubinemia,27,28,471,831,25,0.9259259259259259,781,0.9299363057324841,0.3,0.15,0.5,27,1.0,"[0.15, 0.2, 0.15, 0.1, 0.15, 0.05, 0.15, 0.15, 0.25, 0.1, 0.3, 0.3, 0.35, 0.35, 0.35, 0.25, 0.05, 0.3, 0.35, 0.4, 0.15, 0.2, 0.0, 0.2, 0.1, 0.3, 0.25, 0.5]"
huatuogpt-o1-8b,99056c3c2db73e4929ee1df107d73688,b65d596baf72b9de296766ea8d2101ba8a65a4c510fc8ac61d8012a78361b327,False,Biliary Atresia,27,28,456,814,26,0.9629629629629629,773,0.9429824561403509,0.75,0.0,0.9,26,0.9429824561403509,"[0.0, 0.0, 0.0, 0.0, 0.0, 0.0, 0.0, 0.05, 0.0, 0.0, 0.0, 0.1, 0.05, 0.0, 0.0, 0.0, 0.0, 0.0, 0.05, 0.7, 0.8, 0.25, 0.4, 0.3, 0.6, 0.65, 0.75, 0.9]"
huatuogpt-o1-8b,ab79da6338f2deff095e1bf3b5b4d9f0,4074f9a613bf126e07076f3bc8b3b011990d38d74d582e9759d28f246ed0b493,True,Myotonic Dystrophy Type 1,22,23,394,638,19,0.8636363636363636,556,0.8350253807106599,1.0,0.3,1.0,19,0.8350253807106599,"[0.3, 0.35, 0.75, 0.35, 0.5, 0.25, 0.1, 0.5, 0.45, 0.5, 0.4, 0.55, 0.45, 0.65, 0.4, 0.25, 0.4, 0.5, 0.75, 1.0, 1.0, 1.0, 1.0]"
huatuogpt-o1-8b,ab79da6338f2deff095e1bf3b5b4d9f0,8b9a49e2e252cdd7aaa375ced8d0a8007b5595495fc36473180e55ebefccdf91,False,Duchenne Muscular Dystrophy,26,27,388,633,26,1.0,615,1.0,0.65,0.35,0.65,26,1.0,"[0.35, 0.35, 0.4, 0.35, 0.45, 0.45, 0.25, 0.4, 0.55, 0.65, 0.5, 0.15, 0.15, 0.25, 0.4, 0.2, 0.1, 0.15, 0.25, 0.3, 0.5, 0.3, 0.15, 0.35, 0.05, 0.15, 0.65]"
huatuogpt-o1-8b,bc3da8074eec813548bda5ec813b8a9b,faf618d9c3bcdd9545c7f41e3e0014f78dfa0810f30ca3acd02679bfbd5a34c8,True,Graves disease,19,20,356,2538,12,0.631578947368421,2382,0.6151685393258427,0.85,0.3,1.0,18,0.9382022471910112,"[0.3, 0.35, 0.35, 0.35, 0.2, 0.45, 0.5, 0.7, 0.6, 0.7, 0.45, 0.9, 0.85, 0.85, 0.85, 0.8, 0.75, 0.7, 1.0, 1.0]"
huatuogpt-o1-8b,bc3da8074eec813548bda5ec813b8a9b,e1ec7c8ae71bb47ffd27ef8a1a184575f8f3cd16db531a264744ec7556dfcab8,False,Thyroid storm,25,26,405,2583,8,0.32,2289,0.3111111111111111,0.85,0.55,1.0,19,0.6888888888888889,"[0.55, 0.65, 0.6, 0.45, 0.7, 0.7, 0.45, 0.6, 0.85, 0.75, 0.85, 0.8, 0.75, 0.9, 0.85, 0.9, 0.9, 0.8, 0.75, 0.95, 1.0, 0.9, 1.0, 0.9, 0.9, 1.0]"
huatuogpt-o1-8b,c4ce6239240ed6d8489f1ee8bf9a4784,04c396dc8fda8ec640b8eb0853b4ef7a77a5e58f96d3c02116ce6aaaa75a9c17,True,Central Retinal Artery Occlusion,33,34,560,1068,19,0.5757575757575758,800,0.5535714285714286,0.8,0.6,1.0,25,0.7446428571428572,"[0.6, 0.6, 0.9, 0.55, 0.7, 0.65, 0.7, 0.75, 0.8, 0.7, 0.75, 0.65, 0.8, 0.7, 0.65, 0.75, 0.6, 0.75, 0.55, 0.8, 0.8, 0.95, 0.9, 0.85, 0.7, 0.85, 0.85, 0.95, 0.95, 0.95, 1.0, 1.0, 1.0, 1.0]"
huatuogpt-o1-8b,c4ce6239240ed6d8489f1ee8bf9a4784,668960e057c5a07be594d8de5413e53cd3ab2e2b5f3645e9b873bbd357b54623,False,Central Retinal Vein Occlusion,36,37,560,1068,29,0.8055555555555556,941,0.8053571428571429,0.95,0.25,1.0,29,0.8053571428571429,"[0.25, 0.3, 0.35, 0.25, 0.2, 0.4, 0.4, 0.55, 0.4, 0.3, 0.25, 0.35, 0.4, 0.4, 0.4, 0.5, 0.4, 0.35, 0.45, 0.2, 0.55, 0.45, 0.5, 0.7, 0.3, 0.65, 0.6, 0.4, 0.55, 0.95, 0.85, 1.0, 1.0, 1.0, 1.0, 1.0, 1.0]"
huatuogpt-o1-8b,d35ff55eca6c7f6db36a73934025f3c5,acf1c6b1149ff0000ee6095c9223f62ecdc20e0e16c6b33e1ae9c5dd32fdc5a8,True,Still's disease,23,24,353,604,19,0.8260869565217391,525,0.8328611898016998,0.2,0.2,0.1,22,0.9745042492917847,"[0.2, 0.1, 0.0, 0.05, 0.15, 0.35, 0.1, 0.2, 0.2, 0.15, 0.25, 0.1, 0.15, 0.2, 0.1, 0.35, 0.35, 0.4, 0.55, 0.2, 0.3, 0.25, 0.0, 0.1]"
huatuogpt-o1-8b,d35ff55eca6c7f6db36a73934025f3c5,5f80ecf6c9c56c4fbe57c6fa3129f47c003ba138bd45a5d890b6db9dcd737298,False,Rheumatic Fever,20,21,310,555,11,0.55,390,0.5129032258064516,0.8,0.631578947368421,1.0,11,0.5129032258064516,"[0.6316, 0.75, 0.7, 0.75, 0.6, 0.75, 0.5, 0.7, 0.35, 0.5, 0.7, 0.8, 0.8, 0.95, 1.0, 1.0, 1.0, 1.0, 1.0, 1.0, 1.0]"
huatuogpt-o1-8b,e84545b4073db0c4d84a58b5f4243d50,b3f94161bf1c07a8d87b88ca0e1680318fd1a7ae552e9d05fcc6de21fc11a88f,True,Central Diabetes Insipidus,23,24,505,754,21,0.9130434782608695,691,0.9089108910891089,1.0,0.25,1.0,21,0.9089108910891089,"[0.25, 0.45, 0.25, 0.3, 0.4, 0.25, 0.25, 0.3, 0.1, 0.45, 0.45, 0.2, 0.6, 0.6, 0.65, 0.95, 0.6, 0.3, 0.5, 0.65, 0.75, 1.0, 1.0, 1.0]"
huatuogpt-o1-8b,e84545b4073db0c4d84a58b5f4243d50,1a59bf9a3d4f8c46122b95aad190473d23ca7cee1f76dd98c75a1ed1a965cbe0,False,Nephrogenic Diabetes Insipidus,29,30,521,772,27,0.9310344827586207,713,0.9232245681381958,0.45,0.7,0.3,29,1.0,"[0.7, 0.35, 0.6, 0.4, 0.6, 0.6, 0.6316, 0.5263, 0.5, 0.4, 0.4, 0.6, 0.6, 0.5, 0.6667, 0.2, 0.4, 0.5, 0.7, 0.4, 0.55, 0.3, 0.1, 0.05, 0.4, 0.15, 0.2, 0.45, 0.55, 0.3]"
huatuogpt-o1-8b,f448710697f1d3734fbc187ad15c748c,dffbdb0c97cf47d63bcfaa3df043995fbc71d51d96c5f9b8ffe1bf1c0e5cfc23,True,Fat necrosis of the breast,20,21,340,549,12,0.6,406,0.6205882352941177,1.0,0.45,1.0,12,0.6205882352941177,"[0.45, 0.25, 0.5, 0.55, 0.5, 0.85, 0.45, 0.4, 0.4, 0.5, 0.3, 0.35, 1.0, 1.0, 1.0, 1.0, 1.0, 1.0, 1.0, 1.0, 1.0]"
huatuogpt-o1-8b,f448710697f1d3734fbc187ad15c748c,106224662398bcc14a5da04004afee194cca44b2e8b115a610eae4639c3d2c92,False,Breast hematoma,26,27,407,616,18,0.6923076923076923,494,0.7346437346437347,0.8,0.15,1.0,24,0.9385749385749386,"[0.15, 0.3, 0.45, 0.15, 0.25, 0.3, 0.2, 0.15, 0.2, 0.25, 0.25, 0.35, 0.4, 0.7, 0.65, 0.6, 0.4, 0.6, 0.8, 0.95, 0.75, 0.95, 0.85, 0.75, 0.85, 0.8, 1.0]"
huatuogpt-o1-8b,fdb1907f7938f5641e21a14cd72d5adb,47925be8921c317a4e5890445c26ecfd207ad308a2948b8bf1062c6c9b9698ed,True,Mediterranean spotted fever,21,22,407,2285,18,0.8571428571428571,2211,0.9017199017199017,0.25,0.0,0.4,20,0.9705159705159705,"[0.0, 0.05, 0.05, 0.15, 0.05, 0.0, 0.0, 0.05, 0.0, 0.0, 0.0, 0.0, 0.0, 0.0, 0.05, 0.05, 0.15, 0.15, 0.25, 0.15, 0.2, 0.4]"
huatuogpt-o1-8b,fdb1907f7938f5641e21a14cd72d5adb,5837119360f5c95851476897ed3363e79c8ddd6a54d8d03b1062040eae337439,False,Rickettsial infection,34,35,578,2443,30,0.8823529411764706,2340,0.8581314878892734,0.95,0.4,1.0,30,0.8581314878892734,"[0.4, 0.65, 0.45, 0.65, 0.3, 0.5, 0.55, 0.45, 0.6, 0.3, 0.3, 0.45, 0.65, 0.55, 0.55, 0.4, 0.65, 0.55, 0.75, 0.75, 0.7, 0.75, 1.0, 0.85, 0.8947, 1.0, 0.95, 0.75, 1.0, 0.6316, 0.95, 1.0, 1.0, 1.0, 1.0]"
deepseek-r1-distill-qwen-14b,0148cedaed162d8c1591e7dad5de6dec,0d5cbb46546ba7ba75cafe348c2247c5bc90aefbc91b1ad40052644e8fb0bb48,True,Major Depressive Disorder,21,22,394,792,16,0.7619047619047619,602,0.6954314720812182,0.95,0.2,1.0,16,0.6954314720812182,"[0.2, 0.15, 0.1, 0.2, 0.15, 0.0, 0.0, 0.05, 0.3, 0.25, 0.2, 0.25, 0.15, 0.15, 0.25, 0.3, 0.95, 1.0, 0.95, 0.95, 1.0, 1.0]"
deepseek-r1-distill-qwen-14b,0148cedaed162d8c1591e7dad5de6dec,80c1eee8ee0d9c115f4eaf16060d2892b000e652ee3e3090ccb7fa1911a8aa21,False,Alzheimer's Disease,20,21,359,701,5,0.25,410,0.22841225626740946,0.85,0.8,1.0,5,0.22841225626740946,"[0.8, 0.9, 0.85, 0.8, 0.6, 0.85, 0.9, 1.0, 1.0, 0.95, 1.0, 1.0, 0.95, 1.0, 1.0, 1.0, 1.0, 1.0, 1.0, 1.0, 1.0]"
deepseek-r1-distill-qwen-14b,07dbd8eabfba4b1d9d665331dea90335,f867e87d774230ab3cfaca2259502762b116b08fae91c1c34e382eed72f96f5e,True,Uterine Inversion,18,19,451,690,5,0.2777777777777778,281,0.2727272727272727,1.0,0.5,1.0,5,0.2727272727272727,"[0.5, 0.45, 0.5, 0.5789, 0.4, 1.0, 0.9, 0.9474, 1.0, 1.0, 1.0, 1.0, 1.0, 1.0, 1.0, 1.0, 1.0, 1.0, 1.0]"
deepseek-r1-distill-qwen-14b,02b15d84011aa2ed96dcb904e63129bb,ce34616159618fa885f237957e63ba47fbda2f1859b0af1046a37197c50520c2,True,Pulmonary Hypertension,140,141,2977,3152,139,0.9928571428571429,3116,0.9919381928115553,0.95,0.1,1.0,139,0.9919381928115553,"[0.1, 0.2, 0.2, 0.1579, 0.2632, 0.1, 0.2, 0.1, 0.1, 0.0, 0.05, 0.0, 0.25, 0.05, 0.05, 0.2, 0.0, 0.0, 0.0, 0.0, 0.0, 0.0, 0.1053, 0.05, 0.1, 0.25, 0.25, 0.15, 0.15, 0.15, 0.5, 0.45, 0.4, 0.35, 0.3, 0.5, 0.25, 0.25, 0.5, 0.4, 0.4, 0.4, 0.4, 0.4, 0.3, 0.5, 0.55, 0.65, 0.65, 0.75, 0.85, 0.6, 0.65, 0.65, 0.5, 0.5, 0.4, 0.75, 0.8, 0.45, 0.4211, 0.65, 0.4, 0.85, 0.75, 0.55, 0.55, 0.45, 0.7, 0.7, 0.65, 0.65, 0.6842, 0.55, 0.45, 0.2, 0.5, 0.5, 0.45, 0.6, 0.45, 0.2632, 0.3684, 0.35, 0.35, 0.4, 0.3, 0.15, 0.2, 0.1579, 0.1053, 0.1579, 0.3158, 0.3, 0.3684, 0.45, 0.25, 0.1579, 0.2222, 0.3158, 0.2632, 0.3158, 0.1, 0.15, 0.75, 0.75, 0.85, 0.6, 0.8421, 1.0, 0.9, 0.7, 0.9, 0.6842, 0.75, 0.6, 0.9, 0.7368, 0.8, 0.45, 0.45, 0.65, 0.7368, 0.75, 0.65, 0.75, 0.65, 0.6, 0.85, 0.85, 0.7, 0.7, 0.6, 0.9, 0.7368, 0.6316, 0.85, 0.55, 0.6, 0.95, 1.0]"
deepseek-r1-distill-qwen-14b,07dbd8eabfba4b1d9d665331dea90335,4369f435442bb72188c31040bbcac8e354b60b0fe314dc91641c7755eceaac7e,False,Retained Placenta,15,16,321,545,8,0.5333333333333333,319,0.5015576323987538,0.85,0.5,1.0,8,0.5015576323987538,"[0.5, 0.4737, 0.6, 0.5, 0.55, 0.3, 0.1, 0.2, 0.85, 1.0, 1.0, 1.0, 1.0, 1.0, 1.0, 1.0]"
deepseek-r1-distill-qwen-14b,02b15d84011aa2ed96dcb904e63129bb,377e2e906ad9ca1d29009e1a3c50a8792f682d148e3f78db4442533a1b637c76,False,Asthma,75,76,1406,1658,56,0.7466666666666667,1231,0.7596017069701281,0.9,0.25,1.0,56,0.7596017069701281,"[0.25, 0.45, 0.3, 0.75, 0.75, 0.6, 0.75, 0.6316, 0.6, 0.9, 0.9, 0.95, 0.65, 0.75, 0.5, 0.6, 0.4211, 0.75, 0.7, 0.65, 0.85, 0.7, 0.75, 0.9, 0.55, 0.8, 0.65, 0.5, 0.75, 0.8, 0.65, 0.65, 0.85, 0.6, 0.75, 0.85, 0.6, 0.8, 0.75, 0.85, 0.85, 0.85, 0.75, 0.8, 0.9, 0.7, 0.8, 0.8, 0.85, 0.85, 0.9, 0.9, 0.8, 0.75, 0.5, 0.6, 0.9, 0.85, 0.95, 1.0, 1.0, 0.95, 1.0, 1.0, 1.0, 1.0, 1.0, 1.0, 1.0, 1.0, 1.0, 1.0, 1.0, 1.0, 1.0, 1.0]"
deepseek-r1-distill-qwen-14b,0a50a7f439c2c0e933b8132ed7650075,6f43e2868bfe24f5a6ae3769e0c0c8ea1dc30be92a7383a1f4a80b332315deb1,True,Psychogenic Non-Epileptic Seizure,24,25,509,874,0,0.0,293,0.0,0.9,0.9,1.0,0,0.0,"[0.9, 0.85, 1.0, 1.0, 0.9, 0.85, 0.9, 0.85, 0.85, 0.85, 0.9, 0.95, 0.95, 0.9, 0.9, 1.0, 1.0, 1.0, 1.0, 1.0, 1.0, 1.0, 1.0, 1.0, 1.0]"
deepseek-r1-distill-qwen-14b,0a3c768a49d4110f6c1604ace9951ee5,cef4f35f512a968ee61890e680baab0a843192b1943dc4232cb8da4627668953,True,Generalized Anxiety Disorder,21,22,502,909,16,0.7619047619047619,689,0.7091633466135459,0.95,0.65,1.0,16,0.7091633466135459,"[0.65, 0.6, 0.75, 0.5, 0.5, 0.6111, 0.65, 0.5789, 0.6, 0.5, 0.35, 0.6842, 0.55, 0.35, 0.5556, 0.2778, 0.95, 1.0, 1.0, 1.0, 1.0, 1.0]"
deepseek-r1-distill-qwen-14b,0a50a7f439c2c0e933b8132ed7650075,eabecfe4fd9f61236559091249787f0d789c9594a1736d73e746973f5b63a4e5,False,Dissociative Identity Disorder,35,36,623,930,20,0.5714285714285714,671,0.6067415730337079,0.95,0.0,1.0,20,0.6067415730337079,"[0.0, 0.0, 0.0, 0.0, 0.0, 0.0, 0.0, 0.0, 0.0, 0.0, 0.0, 0.0, 0.0, 0.05, 0.5, 0.55, 0.0, 0.15, 0.2, 0.45, 0.95, 0.85, 1.0, 1.0, 0.95, 0.95, 0.9, 1.0, 0.95, 0.9, 1.0, 1.0, 1.0, 1.0, 1.0, 1.0]"
deepseek-r1-distill-qwen-14b,0a3c768a49d4110f6c1604ace9951ee5,6287651f7b7883e1522f1fc54157f66466928456318eba1c5df71831bf722aa5,False,Major Depressive Disorder,28,29,536,973,22,0.7857142857142857,708,0.6996268656716418,1.0,0.2,1.0,22,0.6996268656716418,"[0.2, 0.1, 0.1, 0.15, 0.15, 0.1, 0.05, 0.15, 0.0, 0.15, 0.1, 0.1, 0.05, 0.15, 0.15, 0.1, 0.1, 0.0, 0.2, 0.05, 0.25, 0.3, 1.0, 1.0, 1.0, 1.0, 1.0, 1.0, 1.0]"
deepseek-r1-distill-qwen-14b,14a87d69ccc079d85a0f5d57dc4a7bdb,b32a4a16df3cb1ea7cf4c76c52c791eba7b068484fd34bd682745ea71b808011,True,Oligozoospermia,31,32,526,753,5,0.16129032258064516,251,0.1596958174904943,1.0,0.7,1.0,5,0.1596958174904943,"[0.7, 0.5789, 0.65, 0.75, 0.7, 1.0, 1.0, 1.0, 1.0, 1.0, 1.0, 1.0, 1.0, 1.0, 1.0, 1.0, 1.0, 1.0, 1.0, 1.0, 1.0, 1.0, 1.0, 1.0, 1.0, 1.0, 1.0, 1.0, 1.0, 1.0, 1.0, 1.0]"
deepseek-r1-distill-qwen-14b,14a87d69ccc079d85a0f5d57dc4a7bdb,a08d8e29bac66c6e87d3f266f44b5d9a7cd33035fdd4ac1c9491725b400563d9,False,Normozoospermia,17,18,353,532,5,0.29411764705882354,268,0.28611898016997167,0.8,0.3,1.0,5,0.28611898016997167,"[0.3, 0.15, 0.2, 0.4, 0.45, 0.8, 0.95, 1.0, 1.0, 1.0, 1.0, 1.0, 1.0, 0.95, 1.0, 1.0, 1.0, 1.0]"
deepseek-r1-distill-qwen-14b,11340d814fe69bcd7dec113898fd5947,53a52d4340926ed767d228024ef79d4b9ed30b2a15469c01b52feb9bfbdd6044,True,Major Depressive Disorder with Psychotic Features,27,28,664,2384,20,0.7407407407407407,2173,0.7063253012048193,0.9,0.15,1.0,23,0.8117469879518072,"[0.15, 0.35, 0.25, 0.2105, 0.5, 0.2, 0.3, 0.2778, 0.3, 0.5, 0.4, 0.3, 0.2, 0.25, 0.45, 0.5, 0.4, 0.5, 0.6, 0.7, 0.9, 0.9, 0.75, 0.95, 0.8, 0.8, 1.0, 1.0]"
deepseek-r1-distill-qwen-14b,11340d814fe69bcd7dec113898fd5947,0a41c0064f7e2cb43778816e84e8c346c10b2e5049f117410ff63a4fa44c8050,False,Catatonia,21,22,462,2224,15,0.7142857142857143,2019,0.6818181818181818,0.8,0.15,1.0,18,0.8116883116883117,"[0.15, 0.0, 0.1, 0.1, 0.05, 0.2, 0.05, 0.25, 0.15, 0.05, 0.25, 0.1, 0.05, 0.4, 0.7, 0.8, 0.8, 0.75, 0.95, 1.0, 1.0, 1.0]"
deepseek-r1-distill-qwen-14b,24686977bb5ff6eaee7dac452c92c4be,99c91f975428e8d6406c528d573b8a9664e5a93867d247664d899ad451a58082,True,Lymphocytic Hypophysitis,43,44,965,2894,40,0.9302325581395349,2808,0.9284974093264249,0.85,0.15,1.0,40,0.9284974093264249,"[0.15, 0.0, 0.25, 0.2, 0.1, 0.2105, 0.1, 0.0, 0.0, 0.0, 0.1, 0.05, 0.05, 0.1, 0.0, 0.0, 0.05, 0.0, 0.1, 0.0, 0.15, 0.2, 0.1, 0.0, 0.1, 0.05, 0.1, 0.05, 0.1, 0.05, 0.05, 0.0, 0.05, 0.1, 0.1, 0.0, 0.0, 0.45, 0.75, 0.3, 0.85, 1.0, 1.0, 1.0]"
deepseek-r1-distill-qwen-14b,224470287933cd1645a9c37f922eb1c8,a11823e4bd8d4c7f7bf8fcfc94cf2ac23aaa15d745ac847a0a5c496777b9b9a4,True,Atrial Septal Defect,28,29,693,885,19,0.6785714285714286,600,0.6406926406926406,1.0,0.0,1.0,19,0.6406926406926406,"[0.0, 0.05, 0.05, 0.15, 0.05, 0.0, 0.05, 0.0, 0.5, 0.4, 0.65, 0.75, 0.6, 0.85, 0.6, 0.7, 0.4, 0.55, 0.7, 1.0, 1.0, 1.0, 1.0, 1.0, 0.95, 1.0, 1.0, 1.0, 1.0]"
deepseek-r1-distill-qwen-14b,224470287933cd1645a9c37f922eb1c8,39d5a6466a2e58fba66457d853ae5f652c10b1a55b46213c06235ab316fef03e,False,Pulmonary Stenosis,50,51,999,1304,41,0.82,923,0.7677677677677678,0.8,0.45,1.0,41,0.7677677677677678,"[0.45, 0.3, 0.2105, 0.25, 0.35, 0.25, 0.6, 0.5, 0.55, 0.5, 0.5, 0.5, 0.9, 0.4, 0.3, 0.4, 0.4, 0.35, 0.6, 0.6, 0.6, 0.45, 0.65, 0.8, 0.55, 0.6, 0.7, 0.75, 0.8, 0.6, 0.65, 0.7, 0.65, 0.7, 0.65, 0.4, 0.55, 0.75, 0.7, 0.65, 0.75, 0.8, 0.9, 0.95, 0.95, 0.95, 1.0, 1.0, 1.0, 1.0, 1.0]"
deepseek-r1-distill-qwen-14b,24686977bb5ff6eaee7dac452c92c4be,f6bb3f2d01d4b50093c8c6ad245b8d2026ec8cafb41b18929f156f395105b92c,False,Rathke's cleft cyst,101,102,2131,4173,78,0.7722772277227723,3551,0.7691224777099953,0.85,0.10526315789473684,1.0,84,0.8282496480525575,"[0.1053, 0.05, 0.15, 0.25, 0.15, 0.2, 0.3, 0.15, 0.2, 0.15, 0.2, 0.2, 0.25, 0.25, 0.3, 0.3333, 0.2, 0.25, 0.45, 0.45, 0.35, 0.2105, 0.3, 0.2, 0.3, 0.4, 0.2, 0.2, 0.4737, 0.1579, 0.15, 0.1, 0.4, 0.3, 0.45, 0.35, 0.4, 0.3684, 0.45, 0.4, 0.1, 0.2, 0.5, 0.15, 0.2105, 0.15, 0.1053, 0.2, 0.15, 0.7368, 0.7, 0.8, 0.9, 0.75, 0.85, 0.8, 0.85, 0.9, 0.75, 0.95, 0.85, 0.85, 0.8, 0.85, 0.75, 0.8, 0.85, 0.9, 0.85, 0.9, 0.9, 0.8421, 0.9, 0.85, 0.55, 0.2, 0.35, 0.45, 0.85, 0.8333, 0.9, 0.7895, 0.95, 0.7895, 1.0, 0.85, 0.9, 0.95, 0.95, 1.0, 0.9, 0.95, 0.85, 0.9, 0.9, 0.9, 0.9, 0.95, 0.95, 1.0, 1.0, 1.0]"
deepseek-r1-distill-qwen-14b,2600ed7d2340c964a027e94ed65d75f2,c5b5d239c45c8f511668867babba367d7b01b947c155d0f63a5f3679512ca307,True,Zika virus infection,40,41,944,1975,34,0.85,1820,0.847457627118644,0.85,0.0,1.0,37,0.9364406779661016,"[0.0, 0.05, 0.0, 0.1, 0.05, 0.05, 0.0, 0.0, 0.0, 0.05, 0.0, 0.05, 0.05, 0.0, 0.05, 0.05, 0.05, 0.0, 0.0, 0.05, 0.05, 0.0, 0.0, 0.05, 0.1, 0.4, 0.45, 0.7, 0.95, 0.85, 0.4, 0.6, 0.4, 0.5, 0.85, 0.95, 0.65, 0.95, 1.0, 1.0, 1.0]"
deepseek-r1-distill-qwen-14b,27f2b910c19b40bb9f36ce9a3a8909af,46767a3bedd5ec3b178b8e14c18e2149647d07e7a0e281901323db68a68b1637,True,Mechanical Heart Valve Hemolysis,35,36,787,3938,35,1.0,3817,1.0,1.0,0.0,1.0,35,1.0,"[0.0, 0.0, 0.0, 0.0, 0.0, 0.0, 0.1, 0.05, 0.0, 0.0, 0.1, 0.0, 0.05, 0.0, 0.0, 0.0, 0.05, 0.0, 0.0, 0.0, 0.0, 0.0, 0.0, 0.1, 0.1, 0.05, 0.0, 0.1, 0.4, 0.45, 0.6842, 0.55, 0.5, 0.65, 0.55, 1.0]"
deepseek-r1-distill-qwen-14b,2600ed7d2340c964a027e94ed65d75f2,485288e79ce43b9762fcf4c711c7f4503b0564784a5687e60b01b2bdac4fc55f,False,Dengue fever,55,56,1264,2355,34,0.6181818181818182,1814,0.6281645569620253,0.85,0.7,1.0,40,0.7705696202531646,"[0.7, 0.55, 0.85, 0.75, 0.7, 0.9, 0.75, 0.85, 0.8, 0.7, 0.8, 0.7, 0.7, 0.5, 0.8, 0.8, 0.65, 0.8, 0.65, 0.65, 0.65, 0.85, 0.7, 0.85, 0.9, 0.6, 0.7, 0.85, 0.65, 0.55, 0.4, 1.0, 0.95, 0.95, 0.85, 0.95, 0.95, 0.85, 0.75, 0.65, 0.9, 0.9, 1.0, 0.95, 1.0, 0.9, 1.0, 1.0, 1.0, 0.95, 1.0, 1.0, 1.0, 1.0, 1.0, 1.0]"
deepseek-r1-distill-qwen-14b,27f2b910c19b40bb9f36ce9a3a8909af,0f9c628def200c34421c0d6f102b9bddd459eb0908b343b402ca8fe47ab4d6a4,False,Prosthetic Valve Hemolysis,63,64,1124,4190,63,1.0,4154,1.0,0.85,0.5,0.85,63,1.0,"[0.5, 0.3158, 0.35, 0.3, 0.25, 0.55, 0.2, 0.4, 0.3, 0.3, 0.6, 0.4, 0.35, 0.4, 0.35, 0.4, 0.4, 0.3, 0.5, 0.3, 0.45, 0.35, 0.4211, 0.15, 0.2, 0.35, 0.15, 0.3, 0.35, 0.15, 0.3, 0.4, 0.45, 0.4, 0.25, 0.1, 0.35, 0.3, 0.15, 0.4, 0.15, 0.25, 0.15, 0.2, 0.3, 0.1, 0.2, 0.05, 0.1, 0.1, 0.05, 0.0, 0.05, 0.15, 0.25, 0.25, 0.1, 0.1, 0.15, 0.1, 0.05, 0.25, 0.55, 0.85]"
deepseek-r1-distill-qwen-14b,28c328b44b6a8b287cd1e29bfc9c17eb,37774ec532012490a16537b2810f90bd52a15d6f0d0988b48034dd05314da576,True,Hydatid Disease,18,19,425,679,14,0.7777777777777778,461,0.6823529411764706,1.0,0.05,1.0,14,0.6823529411764706,"[0.05, 0.05, 0.1, 0.1, 0.1, 0.2105, 0.25, 0.15, 0.15, 0.2, 0.25, 0.35, 0.15, 0.25, 1.0, 1.0, 1.0, 1.0, 1.0]"
deepseek-r1-distill-qwen-14b,28c328b44b6a8b287cd1e29bfc9c17eb,96787739d2216916e7283f5bef3679f554e14eccc76d7d8e16db9d02808fd7dd,False,Paragonimiasis,25,26,512,762,14,0.56,453,0.55078125,0.9,0.25,1.0,14,0.55078125,"[0.25, 0.4, 0.3, 0.3, 0.3, 0.5, 0.25, 0.2105, 0.2, 0.15, 0.4, 0.4, 0.5, 0.35, 0.9, 1.0, 1.0, 1.0, 1.0, 1.0, 1.0, 1.0, 1.0, 1.0, 1.0, 1.0]"
deepseek-r1-distill-qwen-14b,288897f502a272f8f0b8b999354a154d,125e41763586eee9dbe19268ba3b590b93249297d780fa76db80f7f0a6a16479,True,Internuclear Ophthalmoplegia,79,80,1840,2214,75,0.9493670886075949,2055,0.9548913043478261,0.55,0.47368421052631576,0.5,78,0.9793478260869565,"[0.4737, 0.45, 0.35, 0.4, 0.25, 0.45, 0.25, 0.35, 0.0526, 0.25, 0.2105, 0.3, 0.3, 0.55, 0.15, 0.65, 0.3, 0.25, 0.4, 0.15, 0.2, 0.1, 0.1, 0.05, 0.25, 0.15, 0.0, 0.15, 0.05, 0.2, 0.1053, 0.1, 0.15, 0.05, 0.2105, 0.1, 0.05, 0.3, 0.3, 0.15, 0.3, 0.1, 0.05, 0.15, 0.2632, 0.05, 0.2632, 0.15, 0.15, 0.1, 0.3, 0.15, 0.2, 0.15, 0.15, 0.15, 0.1, 0.1, 0.25, 0.1, 0.0526, 0.1667, 0.1, 0.2, 0.1, 0.2, 0.1, 0.05, 0.1579, 0.1, 0.2, 0.15, 0.05, 0.2, 0.4737, 0.55, 0.4, 0.45, 0.7, 0.5]"
deepseek-r1-distill-qwen-14b,288897f502a272f8f0b8b999354a154d,bd819b7e612f53c34ab274da829424083de766ed13dfe23e9a2cafd3989ce0bc,False,Idiopathic Intracranial Hypertension,27,28,654,1061,17,0.6296296296296297,683,0.5886850152905199,0.95,0.0,1.0,17,0.5886850152905199,"[0.0, 0.2, 0.15, 0.1053, 0.1, 0.1, 0.05, 0.05, 0.35, 0.25, 0.1, 0.65, 0.4, 0.45, 0.15, 0.4, 0.75, 0.95, 1.0, 1.0, 1.0, 1.0, 1.0, 1.0, 1.0, 1.0, 1.0, 1.0]"
deepseek-r1-distill-qwen-14b,34f92cdb48573ee3ec1837da4f60ff3f,1d45a70bd9e47c8d917b776494b6b22f8b06671f5f135b38ef0332ba4ed12a0d,True,Posterior Hip Dislocation,23,24,584,959,11,0.4782608695652174,527,0.4623287671232877,0.95,0.55,1.0,11,0.4623287671232877,"[0.55, 0.55, 0.65, 0.5, 0.45, 0.6, 0.5, 0.6, 0.4737, 0.7, 0.6, 0.95, 1.0, 1.0, 1.0, 0.95, 1.0, 1.0, 0.95, 1.0, 1.0, 1.0, 1.0, 1.0]"
deepseek-r1-distill-qwen-14b,34f92cdb48573ee3ec1837da4f60ff3f,6f05013fa2e2a0f9aba1c827f9530429aaeb95027fd65a64d3a2df4c923a7f28,False,Femoral Shaft Fracture,30,31,684,1033,10,0.3333333333333333,493,0.34502923976608185,1.0,0.1,1.0,10,0.34502923976608185,"[0.1, 0.0, 0.1, 0.0, 0.15, 0.1, 0.05, 0.0, 0.05, 0.1, 1.0, 1.0, 1.0, 1.0, 1.0, 0.95, 1.0, 1.0, 1.0, 1.0, 1.0, 1.0, 1.0, 1.0, 1.0, 1.0, 1.0, 1.0, 1.0, 1.0, 1.0]"
deepseek-r1-distill-qwen-14b,34d053d3a9b3a1f013655f7223718de7,f8d097c0f63fe7f53df162333f42be09c919702173c655bc0dea66946ea03834,True,Primary central nervous system lymphoma,26,27,632,2618,18,0.6923076923076923,2322,0.6503164556962026,0.85,0.3,1.0,18,0.6503164556962026,"[0.3, 0.15, 0.1, 0.05, 0.25, 0.2, 0.35, 0.25, 0.35, 0.2, 0.55, 0.4, 0.5, 0.3, 0.25, 0.1, 0.1, 0.4, 0.85, 1.0, 1.0, 1.0, 1.0, 1.0, 1.0, 1.0, 1.0]"
deepseek-r1-distill-qwen-14b,34d053d3a9b3a1f013655f7223718de7,d19f8b1658a1ae0eeb29603eb947556f78c6ca71f41a127d7c758c40ee052e0a,False,Glioblastoma,28,29,646,2575,0,0.0,1911,0.0,0.85,0.85,1.0,2,0.05572755417956656,"[0.85, 0.75, 0.85, 0.9, 0.9, 0.8, 0.95, 0.9, 0.9, 0.85, 0.95, 0.9, 0.95, 0.95, 0.9, 0.9, 0.9, 1.0, 1.0, 1.0, 1.0, 1.0, 1.0, 1.0, 1.0, 1.0, 1.0, 1.0, 1.0]"
deepseek-r1-distill-qwen-14b,3ffd64fa59b0f373586831b18ec69d1f,90df6626c55ef10adc0c81ee75d5c6dea024ab19bb1088b67167898e2d0c8a1e,True,Nonbacterial Thrombotic Endocarditis,47,48,1214,4140,44,0.9361702127659575,4034,0.9258649093904449,0.95,0.05,1.0,44,0.9258649093904449,"[0.05, 0.0, 0.0, 0.0, 0.05, 0.1, 0.05, 0.05, 0.05, 0.05, 0.0, 0.05, 0.0, 0.0, 0.0, 0.0, 0.05, 0.05, 0.0, 0.0, 0.0, 0.0526, 0.0, 0.0, 0.0, 0.15, 0.0, 0.05, 0.0, 0.0, 0.1053, 0.0, 0.05, 0.0, 0.1053, 0.05, 0.0, 0.05, 0.0, 0.05, 0.05, 0.2105, 0.75, 0.7, 0.95, 0.85, 1.0, 1.0]"
deepseek-r1-distill-qwen-14b,392e2a9bea699b47177b6179d80b2b23,8aac678f438be6b7be65ccea48235723c81c7af267ecfef080ef50cc0d6a5449,False,Pulmonary sarcoidosis,46,47,926,3140,26,0.5652173913043478,2659,0.49676025917926564,0.85,0.42105263157894735,1.0,26,0.49676025917926564,"[0.4211, 0.6, 0.5, 0.6, 0.4, 0.5, 0.45, 0.35, 0.6, 0.35, 0.5, 0.6316, 0.5789, 0.5263, 0.35, 0.4, 0.5, 0.55, 0.5, 0.6316, 0.55, 0.65, 0.75, 0.6, 0.7368, 0.65, 0.85, 0.9, 0.95, 0.9, 1.0, 1.0, 0.95, 1.0, 1.0, 1.0, 1.0, 1.0, 1.0, 1.0, 1.0, 1.0, 1.0, 1.0, 1.0, 1.0, 1.0]"
deepseek-r1-distill-qwen-14b,3ffd64fa59b0f373586831b18ec69d1f,aeabe81f6b2df42615fcc6c452b0cc67c142d6ef860c3baa72de9bd96e4744a6,False,Infective Endocarditis,30,31,687,3613,13,0.43333333333333335,3151,0.3508005822416303,0.85,0.55,0.95,18,0.5181950509461426,"[0.55, 0.4737, 0.5, 0.8, 0.5789, 0.75, 0.45, 0.65, 0.85, 0.75, 0.6, 0.7, 0.75, 0.85, 0.7368, 0.7895, 0.8, 0.65, 0.95, 0.95, 0.8421, 0.8333, 0.95, 0.95, 0.9474, 0.9, 0.9, 0.95, 1.0, 1.0, 0.95]"
deepseek-r1-distill-qwen-14b,40548af835e36bf1d06c74be11ea5d70,297cdce853951d26a390cf1fe88f06e91b74de44aaf601adbce1ec91788af8e7,True,Aplastic Anemia,22,23,473,666,18,0.8181818181818182,565,0.8181818181818182,0.85,0.65,1.0,18,0.8181818181818182,"[0.65, 0.55, 0.35, 0.4, 0.6, 0.55, 0.35, 0.35, 0.55, 0.55, 0.55, 0.6, 0.25, 0.5, 0.4, 0.6, 0.65, 0.6, 0.85, 1.0, 1.0, 1.0, 1.0]"
deepseek-r1-distill-qwen-14b,40548af835e36bf1d06c74be11ea5d70,840bcd5e7c142ed3b8365ff8e5bedf51e22739618767f6ced2977bea517e2238,False,Leukemia,22,23,497,687,20,0.9090909090909091,644,0.937625754527163,0.95,0.0,1.0,20,0.937625754527163,"[0.0, 0.0, 0.0, 0.1, 0.1, 0.0, 0.0, 0.1, 0.15, 0.25, 0.1, 0.2, 0.6, 0.5, 0.5, 0.6, 0.75, 0.5, 0.6, 0.75, 0.95, 0.9, 1.0]"
deepseek-r1-distill-qwen-14b,42657169f520db24ecd36735fa5fcd7f,dc18f8fe94510ec5215ca24ce9d5e09cfd3aa1ddc0fe8af8a011268c49279b29,True,Anticholinergic Syndrome,28,29,792,1195,24,0.8571428571428571,945,0.7689393939393939,1.0,0.2,1.0,24,0.7689393939393939,"[0.2, 0.2, 0.15, 0.2, 0.3, 0.4, 0.2, 0.4, 0.5, 0.7, 0.65, 0.7368, 0.55, 0.75, 0.55, 0.55, 0.5, 0.3, 0.3, 0.45, 0.4, 0.35, 0.75, 0.75, 1.0, 1.0, 1.0, 1.0, 1.0]"
deepseek-r1-distill-qwen-14b,42657169f520db24ecd36735fa5fcd7f,6cd75c94129561fec2a83a8ec1db26ebb07ed83fe3ecfa40058e13ec18dcbed7,False,Alcohol Withdrawal,32,33,613,1015,24,0.75,760,0.6916802610114192,0.9,0.0,1.0,24,0.6916802610114192,"[0.0, 0.0, 0.0, 0.1, 0.0, 0.05, 0.05, 0.0, 0.15, 0.1, 0.0, 0.05, 0.0, 0.0, 0.0, 0.05, 0.05, 0.05, 0.0, 0.05, 0.05, 0.0, 0.1, 0.1, 0.9, 1.0, 0.95, 1.0, 1.0, 1.0, 1.0, 1.0, 1.0]"
deepseek-r1-distill-qwen-14b,44182d567f7978b8cf0aa37c5ce0d4aa,d31086b1796ddba453bf672cdb5e1b16d8a4ddea0f1da6d557d780c7bce4b454,True,Acute Hepatitis,27,28,648,845,12,0.4444444444444444,448,0.4074074074074074,0.8,0.2,0.95,16,0.5740740740740741,"[0.2, 0.05, 0.1, 0.15, 0.15, 0.05, 0.25, 0.35, 0.4, 0.35, 0.25, 0.75, 0.8, 0.85, 0.7, 0.75, 0.95, 0.85, 1.0, 1.0, 1.0, 0.9474, 1.0, 1.0, 1.0, 1.0, 1.0, 0.95]"
deepseek-r1-distill-qwen-14b,44182d567f7978b8cf0aa37c5ce0d4aa,2ca5952b5c127fa3d46e92d58ac9680e7e08ef54e1e0b1b217017a41ddb652d6,False,Choledocholithiasis,25,26,527,778,18,0.72,575,0.7419354838709677,0.85,0.2,1.0,24,0.9563567362428842,"[0.2, 0.2, 0.1, 0.2, 0.25, 0.4211, 0.6, 0.6, 0.6, 0.4737, 0.6, 0.4737, 0.45, 0.45, 0.3684, 0.35, 0.55, 0.45, 0.85, 0.95, 1.0, 0.95, 0.85, 0.7, 0.95, 1.0]"
deepseek-r1-distill-qwen-14b,46f5a66a841fae109fc92ccdb9448abe,675c8e4c956161ce3afb97851083139588b4a5c21261811c0dd28f3736643099,True,Schizophrenia Spectrum Disorder,23,24,482,1729,4,0.17391304347826086,1309,0.15352697095435686,0.9,0.35,1.0,4,0.15352697095435686,"[0.35, 0.75, 0.7, 0.75, 0.9, 0.8, 0.9, 0.8, 1.0, 0.9, 1.0, 1.0, 1.0, 1.0, 0.95, 1.0, 1.0, 1.0, 1.0, 1.0, 1.0, 1.0, 1.0, 1.0]"
deepseek-r1-distill-qwen-14b,46f5a66a841fae109fc92ccdb9448abe,117a60755b4496aff6095aaa474c14b9b2191054837e7f7853fbece040475569,False,Essential Hypertension,26,27,562,1870,23,0.8846153846153846,1735,0.8896797153024911,0.95,0.0,1.0,23,0.8896797153024911,"[0.0, 0.05, 0.0, 0.0, 0.05, 0.05, 0.1, 0.0, 0.05, 0.05, 0.05, 0.0, 0.05, 0.15, 0.2, 0.0, 0.15, 0.4211, 0.1, 0.3, 0.25, 0.45, 0.75, 0.95, 0.9, 1.0, 1.0]"
deepseek-r1-distill-qwen-14b,48d8738209cbe3d0f3490417e6c37914,287458dd17cadfc154bd6b3e8bc7fd7bccaecdd521358e02dfd9b03c40dbdac3,True,21-Hydroxylase Deficiency,41,42,973,1268,27,0.6585365853658537,785,0.6115107913669064,0.3,0.1,0.25,39,0.9126413155190134,"[0.1, 0.0, 0.0, 0.1, 0.15, 0.1, 0.15, 0.1, 0.05, 0.1, 0.05, 0.1, 0.2, 0.2, 0.2, 0.1579, 0.15, 0.4, 0.15, 0.25, 0.1, 0.2, 0.15, 0.2, 0.2, 0.15, 0.25, 0.3, 0.25, 0.4, 0.3, 0.25, 0.25, 0.5, 0.3, 0.25, 0.45, 0.25, 0.5, 0.4, 0.35, 0.25]"
deepseek-r1-distill-qwen-14b,48d8738209cbe3d0f3490417e6c37914,1b0fdc0a1afb9bc1355bd6094f2fdcfa6cf8efe86c5cb318c24534840496d2c6,False,Persistent Müllerian Duct Syndrome,38,39,973,1249,19,0.5,582,0.4028776978417266,0.85,0.45,1.0,19,0.4028776978417266,"[0.45, 0.35, 0.55, 0.45, 0.45, 0.4, 0.2, 0.35, 0.2, 0.4, 0.2, 0.2105, 0.5, 0.25, 0.35, 0.35, 0.3, 0.05, 0.3, 0.85, 0.85, 1.0, 0.95, 1.0, 0.95, 1.0, 1.0, 1.0, 1.0, 0.95, 1.0, 1.0, 1.0, 1.0, 1.0, 1.0, 1.0, 1.0, 1.0]"
deepseek-r1-distill-qwen-14b,4abc3a40659612c935b6036cf7018466,0b98460c35ffd346385a9a70d902bf726435169ff7ad1c6025a3c16ab3af2f5b,True,Glossopharyngeal Neuralgia,80,81,1711,2117,63,0.7875,1629,0.7755698421975453,0.95,0.1,1.0,63,0.7755698421975453,"[0.1, 0.15, 0.05, 0.1, 0.05, 0.05, 0.25, 0.15, 0.1, 0.1, 0.15, 0.05, 0.15, 0.15, 0.05, 0.1, 0.15, 0.05, 0.15, 0.0, 0.1579, 0.15, 0.1, 0.05, 0.1053, 0.05, 0.05, 0.1, 0.0, 0.05, 0.0, 0.05, 0.6, 0.4737, 0.6, 0.65, 0.55, 0.5, 0.7, 0.75, 0.7, 0.3684, 0.3, 0.65, 0.4, 0.45, 0.45, 0.2105, 0.25, 0.35, 0.35, 0.25, 0.35, 0.3, 0.35, 0.35, 0.55, 0.6, 0.6, 0.55, 0.6, 0.6316, 0.6, 0.95, 0.8, 0.95, 0.9, 0.9, 1.0, 1.0, 0.95, 1.0, 0.95, 1.0, 1.0, 1.0, 0.95, 1.0, 1.0, 1.0, 1.0]"
deepseek-r1-distill-qwen-14b,4abc3a40659612c935b6036cf7018466,c813377241eba784ec4a0d3c70d2ab16069dfce1d3cd4b299c08b4ddaf310f9a,False,Eagle Syndrome,32,33,688,1060,26,0.8125,838,0.7790697674418605,0.95,0.15789473684210525,1.0,26,0.7790697674418605,"[0.1579, 0.35, 0.15, 0.4, 0.2105, 0.1, 0.2, 0.1, 0.0, 0.05, 0.1, 0.1, 0.25, 0.3, 0.4737, 0.35, 0.3, 0.55, 0.35, 0.55, 0.7, 0.55, 0.4, 0.45, 0.4, 0.6, 0.95, 1.0, 1.0, 1.0, 1.0, 1.0, 1.0]"
deepseek-r1-distill-qwen-14b,4ac69654711e8b95f09faca42e95c605,8abd424721691b43d388326ac7e84722266ef908c52ee4b712e5f85ba049653e,True,Myelodysplastic Syndrome,58,59,1320,4128,41,0.7068965517241379,3692,0.6848484848484848,0.8947368421052632,0.65,1.0,44,0.7257575757575757,"[0.65, 0.55, 0.6, 0.75, 0.6, 0.55, 0.7, 0.55, 0.35, 0.6, 0.6842, 0.8, 0.85, 0.65, 0.75, 0.85, 0.25, 0.2, 0.6, 0.3, 0.2105, 0.5, 0.2, 0.25, 0.3, 0.4, 0.4, 0.45, 0.4, 0.15, 0.3, 0.4, 0.4, 0.35, 0.1579, 0.45, 0.35, 0.55, 0.5, 0.65, 0.65, 0.8947, 0.7, 0.7895, 0.85, 1.0, 0.95, 1.0, 0.95, 0.9474, 1.0, 1.0, 1.0, 1.0, 0.95, 1.0, 1.0, 1.0, 1.0]"
deepseek-r1-distill-qwen-14b,4ac69654711e8b95f09faca42e95c605,0a9df4c556164239c32879347565014a9d902f6677c666e937429a38a6b2b90c,False,Immune Thrombotic Thrombocytopenic Purpura,36,37,848,3717,0,0.0,2788,0.0,0.0,0.0,0.0,0,0.0,"[0.0, 0.0, 0.05, 0.0, 0.0, 0.0, 0.05, 0.0, 0.0, 0.0, 0.0, 0.0, 0.05, 0.0, 0.0, 0.0, 0.0, 0.0, 0.1, 0.0, 0.0, 0.0, 0.0, 0.1, 0.2, 0.05, 0.05, 0.0, 0.05, 0.1, 0.05, 0.15, 0.1, 0.0, 0.0, 0.0, 0.0]"
deepseek-r1-distill-qwen-14b,4d6344707f7581b02e4f545c4d51d472,89edc922411440f9f2c11505978d66021e55b9df0d915965d58e502180b34a62,True,Hepatitis B Virus Infection,13,14,381,695,13,1.0,681,1.0,0.95,0.2,0.95,13,1.0,"[0.2, 0.05, 0.1, 0.1, 0.2, 0.0, 0.0, 0.2, 0.15, 0.1, 0.3, 0.15, 0.45, 0.95]"
deepseek-r1-distill-qwen-14b,4d6344707f7581b02e4f545c4d51d472,927243040cb08c1807750f98b6541e3a759b37c218a90e9f6000e320004c7623,False,Acute Hepatitis B,18,19,341,721,0,0.0,300,0.0,0.8,0.8,1.0,9,0.5073313782991202,"[0.8, 0.9, 0.75, 0.85, 0.95, 0.9, 0.7368, 0.8421, 0.75, 0.85, 0.9, 0.9, 1.0, 0.95, 1.0, 0.95, 0.95, 1.0, 1.0]"
deepseek-r1-distill-qwen-14b,5355d6e5738c1e76aa8f1441131c9295,6298e96c013815895001bf529491a0f70c43603e86c2f95c813950bce88bb049,True,Right Heart Failure,29,30,744,1013,15,0.5172413793103449,502,0.4153225806451613,0.8,0.5,1.0,19,0.543010752688172,"[0.5, 0.35, 0.3, 0.4, 0.3, 0.4, 0.3, 0.35, 0.2, 0.0, 0.4, 0.3, 0.35, 0.55, 0.7, 0.8, 0.7, 0.95, 0.7, 0.95, 0.85, 0.85, 0.9, 0.9, 1.0, 1.0, 1.0, 1.0, 1.0, 1.0]"
deepseek-r1-distill-qwen-14b,5355d6e5738c1e76aa8f1441131c9295,86a4af981e8371ccba779e5b64b2e1ccaee89e6748845e1c9c3f61b5565343ee,False,Cor Pulmonale,22,23,530,736,21,0.9545454545454546,693,0.9433962264150944,1.0,0.0,1.0,21,0.9433962264150944,"[0.0, 0.0, 0.0, 0.0, 0.0, 0.0, 0.0, 0.0526, 0.2, 0.05, 0.0, 0.15, 0.0, 0.0, 0.0526, 0.05, 0.05, 0.0, 0.4444, 0.2632, 0.45, 1.0, 1.0]"
deepseek-r1-distill-qwen-14b,5e08bb89aa461993e01a5790857ce599,ca6ee16129e8afca70439d303c1fba762b4aae41dc983356e98450e94f8757fa,True,Non-Small Cell Lung Cancer,38,39,821,1236,18,0.47368421052631576,675,0.46650426309378806,0.8,0.7,0.9,32,0.8002436053593179,"[0.7, 0.8, 0.65, 0.45, 0.4737, 0.6, 0.6, 0.8, 0.5, 0.8, 0.8, 0.6, 0.65, 0.9, 0.85, 0.55, 0.85, 0.7, 0.8, 0.65, 0.6316, 0.8, 1.0, 0.8, 1.0, 0.9, 0.8, 0.9, 0.9, 1.0, 0.8421, 0.65, 0.85, 0.95, 1.0, 1.0, 0.95, 0.85, 0.9]"
deepseek-r1-distill-qwen-14b,5e08bb89aa461993e01a5790857ce599,c8be53fadaa366d44fe04c72a465dbff1eae0e51e3ceec9e919e031c89623a3e,False,Tuberculosis,35,36,740,1043,17,0.4857142857142857,641,0.47162162162162163,1.0,0.2,1.0,17,0.47162162162162163,"[0.2, 0.15, 0.0, 0.25, 0.3, 0.15, 0.25, 0.5, 0.15, 0.3, 0.4, 0.0, 0.7, 0.7, 0.75, 0.65, 0.75, 1.0, 1.0, 1.0, 0.95, 0.95, 1.0, 1.0, 1.0, 0.95, 1.0, 1.0, 1.0, 1.0, 1.0, 1.0, 1.0, 1.0, 1.0, 1.0]"
deepseek-r1-distill-qwen-14b,5e7abd32af948047598121dd03ac97b6,07f64798bcd054443e871d3621169c2acd7185d78a6d0474a5128fcf770ac90b,True,Viral exanthem,66,67,1163,1402,59,0.8939393939393939,1161,0.8701633705932932,0.8,0.2,0.95,63,0.9415305245055889,"[0.2, 0.15, 0.05, 0.2, 0.1, 0.35, 0.2, 0.15, 0.1, 0.0, 0.05, 0.55, 0.5, 0.45, 0.25, 0.4, 0.3, 0.3, 0.55, 0.6, 0.45, 0.4, 0.3, 0.2, 0.6, 0.55, 0.55, 0.35, 0.6, 0.55, 0.7, 0.7, 0.65, 0.85, 0.65, 0.85, 0.25, 0.5, 0.45, 0.5, 0.5, 0.75, 0.7, 0.65, 0.4, 0.15, 0.3, 0.4, 0.35, 0.35, 0.4, 0.25, 0.6, 0.7, 0.45, 0.3, 0.3, 0.6, 0.65, 0.8, 0.95, 0.95, 1.0, 0.75, 0.75, 0.95, 0.95]"
deepseek-r1-distill-qwen-14b,5e7abd32af948047598121dd03ac97b6,a6aaa918353376cabbab7845066428571169b2883ad5ff04630aa09efe22ca82,False,Scarlet fever,51,52,790,951,41,0.803921568627451,750,0.760759493670886,0.85,0.1,1.0,41,0.760759493670886,"[0.1, 0.1, 0.1, 0.15, 0.15, 0.3, 0.15, 0.3, 0.35, 0.15, 0.6, 0.3, 0.3, 0.3, 0.15, 0.3684, 0.15, 0.15, 0.2, 0.3, 0.25, 0.0, 0.35, 0.3, 0.1579, 0.25, 0.25, 0.1, 0.2, 0.2, 0.1, 0.2, 0.15, 0.2, 0.25, 0.3, 0.2, 0.25, 0.2, 0.4, 0.3, 0.85, 1.0, 0.95, 1.0, 1.0, 1.0, 1.0, 1.0, 1.0, 1.0, 1.0]"
deepseek-r1-distill-qwen-14b,61f7d8bcb43d0bd0621b066d85eb2529,8466d416a477c21b4252e8d11ff069a5aef6e3219ac53bc2b7e1ff02653a8a44,True,Castleman Disease,25,26,579,4521,17,0.68,4317,0.6701208981001727,1.0,0.2,1.0,17,0.6701208981001727,"[0.2, 0.4, 0.3158, 0.4, 0.3, 0.45, 0.3, 0.3, 0.4, 0.65, 0.45, 0.45, 0.5, 0.65, 0.75, 0.55, 0.7, 1.0, 1.0, 1.0, 0.95, 1.0, 1.0, 1.0, 1.0, 1.0]"
deepseek-r1-distill-qwen-14b,61f7d8bcb43d0bd0621b066d85eb2529,81f419f1a178f7f22607af1fefac0127076b6d407489e7d9b270b4e2f9766c98,False,IgG4-Related Disease,32,33,723,4779,24,0.75,4437,0.7026279391424619,1.0,0.05,1.0,24,0.7026279391424619,"[0.05, 0.15, 0.05, 0.1, 0.0, 0.05, 0.0, 0.1, 0.15, 0.1, 0.05, 0.0, 0.0, 0.05, 0.25, 0.1, 0.2, 0.1, 0.3, 0.1, 0.15, 0.15, 0.2, 0.25, 1.0, 1.0, 1.0, 1.0, 1.0, 1.0, 1.0, 1.0, 1.0]"
deepseek-r1-distill-qwen-14b,69e678eb784186f4820bb4b3d48b33b9,9951721d8e93657bb975c5ba0c77fc9f282b4dfce55bf250ce5dde3fb692e7ff,True,Severe Pneumonia,26,27,572,2599,25,0.9615384615384616,2493,0.9562937062937062,0.5,0.05263157894736842,0.65,25,0.9562937062937062,"[0.0526, 0.05, 0.05, 0.1, 0.05, 0.05, 0.15, 0.05, 0.2, 0.0, 0.15, 0.05, 0.05, 0.1, 0.1, 0.0, 0.15, 0.05, 0.1, 0.1, 0.3, 0.25, 0.1, 0.2, 0.4, 0.5, 0.65]"
deepseek-r1-distill-qwen-14b,69e678eb784186f4820bb4b3d48b33b9,b165bad93b700c64e24943eb4f9781b0c93523bfa830467d6b8788e7125831e2,False,Bacterial Pneumonia,37,38,796,2829,31,0.8378378378378378,2585,0.8027638190954773,0.95,0.25,1.0,31,0.8027638190954773,"[0.25, 0.4, 0.25, 0.25, 0.25, 0.2, 0.2632, 0.2, 0.45, 0.25, 0.15, 0.2, 0.5, 0.5, 0.45, 0.6842, 0.2, 0.4, 0.65, 0.4737, 0.7, 0.45, 0.6, 0.75, 0.35, 0.6, 0.55, 0.8947, 0.9, 0.7, 0.65, 0.95, 1.0, 1.0, 1.0, 1.0, 1.0, 1.0]"
deepseek-r1-distill-qwen-14b,6a6759f19289095fe5bdee59a062046c,21f83a4a7ff8ce69c9bcdb72b02ccd73ccf1b7156ec4d00b4be8d63322341ef4,True,Loxoscelism,25,26,552,913,0,0.0,298,0.0,0.85,0.85,1.0,7,0.2608695652173913,"[0.85, 0.95, 0.9, 0.85, 0.9, 0.9, 0.75, 0.8, 0.9, 1.0, 0.85, 0.95, 0.85, 0.95, 0.9, 1.0, 1.0, 0.95, 1.0, 0.95, 1.0, 1.0, 1.0, 1.0, 1.0, 1.0]"
deepseek-r1-distill-qwen-14b,6a6759f19289095fe5bdee59a062046c,15b16f0371c2de979d07e7638e55d1019fb43be9ac8ffce12ac26826ff1ad334,False,Snakebite,27,28,537,941,14,0.5185185185185185,552,0.4729981378026071,0.8,0.05,1.0,17,0.5884543761638734,"[0.05, 0.0556, 0.05, 0.0, 0.0, 0.0, 0.1, 0.25, 0.25, 0.5, 0.2632, 0.2, 0.2, 0.5, 0.8, 0.95, 0.75, 0.9, 0.9474, 0.8421, 0.85, 0.95, 0.95, 0.9, 0.95, 0.9, 1.0, 1.0]"
deepseek-r1-distill-qwen-14b,6c4cccbdfe3340d1de38720b444b4e83,a55a82c7d98cc781c43b1d4f3b08cf3ec37ea3857e73bd59e8affcd7a4d94d8d,True,Carotid Body Paraganglioma,29,30,582,899,22,0.7586206896551724,660,0.7835051546391752,0.6,0.25,0.4,26,0.9243986254295533,"[0.25, 0.5, 0.45, 0.7, 0.45, 0.4, 0.55, 0.3, 0.35, 0.45, 0.55, 0.4, 0.25, 0.2, 0.3, 0.35, 0.55, 0.65, 0.25, 0.5789, 0.35, 0.5, 0.6, 0.45, 0.75, 0.6842, 0.4, 0.5, 0.5789, 0.4]"
deepseek-r1-distill-qwen-14b,6c4cccbdfe3340d1de38720b444b4e83,1a2ad9c195f8a80427fdf295904dac2c5cf8de9613a5e9efda780ba570fc72c4,False,Parotid Gland Tumor,30,31,591,919,17,0.5666666666666667,568,0.6159052453468697,0.8947368421052632,0.0,1.0,17,0.6159052453468697,"[0.0, 0.0, 0.0, 0.0, 0.0, 0.1, 0.0526, 0.05, 0.0, 0.0, 0.0, 0.0, 0.0, 0.05, 0.25, 0.65, 0.7, 0.8947, 0.95, 0.95, 0.9474, 0.8, 0.9474, 0.9, 0.95, 0.95, 1.0, 1.0, 1.0, 1.0, 1.0]"
deepseek-r1-distill-qwen-14b,6cae95de019b8b107893b29e2418ab4a,53d885da223685f62ec1672f99e156cb7a6d83dc35feaa7e6afe48aa10128966,True,Bed bug bite,46,47,887,1170,40,0.8695652173913043,1053,0.8816234498308907,0.9,0.0,0.95,40,0.8816234498308907,"[0.0, 0.1, 0.05, 0.0, 0.0, 0.0, 0.0, 0.0526, 0.05, 0.1, 0.05, 0.05, 0.0, 0.05, 0.1, 0.0, 0.1, 0.05, 0.0, 0.1053, 0.0, 0.1, 0.0, 0.0526, 0.0526, 0.15, 0.0, 0.05, 0.0, 0.15, 0.05, 0.1, 0.15, 0.1, 0.0, 0.1, 0.05, 0.1, 0.15, 0.25, 0.9, 0.9, 0.95, 0.9, 0.95, 1.0, 0.95]"
deepseek-r1-distill-qwen-14b,6cae95de019b8b107893b29e2418ab4a,24362a99acb2d4016b87422a1241f7ec8579c437aac343a703c55ef10727615e,False,Scabies,64,65,952,1309,35,0.546875,732,0.4842436974789916,0.85,0.7368421052631579,1.0,50,0.7132352941176471,"[0.7368, 0.65, 0.5, 0.5556, 0.5789, 0.45, 0.55, 0.5, 0.55, 0.4211, 0.45, 0.6316, 0.5263, 0.7, 0.4737, 0.45, 0.45, 0.5263, 0.35, 0.55, 0.5, 0.1, 0.25, 0.2, 0.35, 0.3, 0.2, 0.05, 0.25, 0.45, 0.75, 0.75, 0.85, 0.7, 0.5, 0.85, 0.7, 0.85, 0.85, 0.8, 0.75, 0.7368, 0.75, 0.65, 0.75, 0.75, 0.75, 0.6842, 0.95, 0.65, 1.0, 0.8, 0.8, 1.0, 0.85, 1.0, 0.95, 0.95, 0.95, 0.95, 1.0, 1.0, 1.0, 1.0, 1.0]"
deepseek-r1-distill-qwen-14b,711f389c59ebfcb9eb04d37c86efae77,82437d4a0e5acc97c0ee6ad5e2db82bd053cf529d3132a7fa52f26cb5ee332df,True,Primary Dysmenorrhea,13,14,295,601,10,0.7692307692307693,435,0.6915254237288135,0.9,0.55,1.0,10,0.6915254237288135,"[0.55, 0.65, 0.65, 0.6, 0.65, 0.85, 0.55, 0.65, 0.45, 0.75, 0.9, 1.0, 1.0, 1.0]"
deepseek-r1-distill-qwen-14b,711f389c59ebfcb9eb04d37c86efae77,13f4bca15a32bec5c9b7bfcdc47cff2f1624ffece48da02f05825cb711f3eb23,False,Endometriosis,20,21,394,720,13,0.65,481,0.6345177664974619,1.0,0.3,1.0,13,0.6345177664974619,"[0.3, 0.15, 0.15, 0.15, 0.25, 0.15, 0.25, 0.05, 0.05, 0.2105, 0.15, 0.35, 0.25, 1.0, 1.0, 1.0, 1.0, 1.0, 1.0, 1.0, 1.0]"
deepseek-r1-distill-qwen-14b,715eb949cafa36ccc69ff816a68a68bd,4451bb3aba76864db779fc31c631bc4495790c4913f567849adfb57c8eb269a3,True,Invasive Meningococcal Disease,40,41,946,3786,29,0.725,3385,0.6659619450317125,1.0,0.55,1.0,29,0.6659619450317125,"[0.55, 0.45, 0.4, 0.45, 0.5, 0.65, 0.55, 0.65, 0.35, 0.3684, 0.4211, 0.25, 0.1, 0.05, 0.35, 0.45, 0.4, 0.2, 0.55, 0.7, 0.75, 0.6, 0.25, 0.5, 0.55, 0.5, 0.4211, 0.35, 0.4, 1.0, 1.0, 1.0, 1.0, 0.95, 0.85, 1.0, 1.0, 1.0, 1.0, 1.0, 1.0]"
deepseek-r1-distill-qwen-14b,719442a3ee1c00332a6b77c30ce987cd,efff2929c65eba67cad7632de76684ab97c4d81e17060d0febc340f8d0525673,True,Von Willebrand disease,58,59,1099,1429,37,0.6379310344827587,925,0.6251137397634213,0.9,0.3,1.0,37,0.6251137397634213,"[0.3, 0.1, 0.15, 0.15, 0.2, 0.3, 0.2105, 0.2, 0.15, 0.1053, 0.1579, 0.25, 0.3, 0.3889, 0.3, 0.2, 0.2, 0.55, 0.45, 0.25, 0.45, 0.4737, 0.3684, 0.2, 0.5, 0.55, 0.65, 0.4211, 0.55, 0.35, 0.25, 0.3, 0.2, 0.2, 0.55, 0.45, 0.5263, 0.9, 0.95, 0.95, 0.95, 0.9, 0.9, 0.9, 0.95, 1.0, 1.0, 0.85, 0.95, 1.0, 1.0, 0.95, 1.0, 1.0, 1.0, 1.0, 1.0, 1.0, 1.0]"
deepseek-r1-distill-qwen-14b,715eb949cafa36ccc69ff816a68a68bd,828f7cc51548451cb51a813c16d045a1bf8535a3b584acea570096264d332dff,False,Disseminated Intravascular Coagulation,31,32,762,3639,5,0.16129032258064516,2845,0.11811023622047244,0.15,0.3,0.3,27,0.8202099737532809,"[0.3, 0.15, 0.4, 0.05, 0.05, 0.15, 0.0, 0.05, 0.1, 0.05, 0.0, 0.05, 0.0, 0.0, 0.0, 0.0, 0.0, 0.0, 0.0, 0.05, 0.0, 0.0, 0.0, 0.0, 0.0, 0.0, 0.05, 0.1, 0.2, 0.1, 0.1, 0.3]"
deepseek-r1-distill-qwen-14b,719442a3ee1c00332a6b77c30ce987cd,bb9fb984241bccb0bd521c407b930191d0151bded69bdae5f23e9fad526b94ef,False,Drug-induced thrombocytopenia,57,58,1191,1446,52,0.9122807017543859,1340,0.9252728799328296,0.9,0.05,1.0,52,0.9252728799328296,"[0.05, 0.0, 0.0, 0.1, 0.0526, 0.0, 0.05, 0.05, 0.0, 0.0, 0.0, 0.0, 0.05, 0.0, 0.0, 0.0, 0.1, 0.0, 0.05, 0.0, 0.0, 0.0, 0.25, 0.15, 0.1, 0.0, 0.05, 0.0, 0.05, 0.0, 0.0, 0.1, 0.05, 0.05, 0.0, 0.15, 0.25, 0.4, 0.25, 0.45, 0.4, 0.25, 0.25, 0.4, 0.6, 0.55, 0.6, 0.5, 0.4, 0.55, 0.6, 0.55, 0.9, 0.85, 0.9, 0.95, 1.0, 1.0]"
deepseek-r1-distill-qwen-14b,7351fe5f8ee14ff826bc262030efc469,ab87c4c45f63e3e3d10fac341da9cb8a21d4839f26f708cb534cdff42e1a38e6,True,Hemophilia A,19,20,427,831,19,1.0,819,1.0,0.9473684210526315,0.21052631578947367,0.9473684210526315,19,1.0,"[0.2105, 0.15, 0.1053, 0.05, 0.15, 0.1053, 0.15, 0.0, 0.2, 0.2, 0.2105, 0.15, 0.25, 0.3158, 0.1579, 0.2, 0.1111, 0.2778, 0.0556, 0.9474]"
deepseek-r1-distill-qwen-14b,7351fe5f8ee14ff826bc262030efc469,25eec22abd7c6468d1d3bf6980e1eede034d9a0914c7e1bfb2886747bf131c45,False,Factor XI deficiency,36,37,709,1174,29,0.8055555555555556,953,0.7912552891396333,0.8,0.05263157894736842,0.8421052631578947,35,0.9858956276445698,"[0.0526, 0.0, 0.0526, 0.15, 0.1, 0.05, 0.1, 0.0526, 0.2, 0.3, 0.05, 0.1, 0.1579, 0.1, 0.15, 0.05, 0.15, 0.0, 0.15, 0.15, 0.1, 0.0, 0.05, 0.0, 0.0, 0.0, 0.45, 0.65, 0.35, 0.8, 0.85, 0.9, 1.0, 1.0, 0.75, 1.0, 0.8421]"
deepseek-r1-distill-qwen-14b,7d75815cb2310bdcf17826679b94cee2,50f492b0b4a771d0e4a8c9c3ed74e97c6df9487ac66d74e2c2459e8583d96093,True,IgA Nephropathy,28,29,714,3110,17,0.6071428571428571,2816,0.6078431372549019,0.9,0.55,1.0,17,0.6078431372549019,"[0.55, 0.55, 0.65, 0.5, 0.55, 0.45, 0.6, 0.55, 0.05, 0.65, 0.35, 0.7, 0.7, 0.45, 0.7, 0.55, 0.75, 0.9, 0.95, 1.0, 1.0, 0.95, 0.95, 1.0, 1.0, 1.0, 1.0, 1.0, 1.0]"
deepseek-r1-distill-qwen-14b,839d5849b985de3b732f197086218847,e413b495ef9df615da3a0129ea57a7698dfc411029b703b618b3440350971bb4,True,Pneumocystis pneumonia,24,25,531,956,21,0.875,767,0.8305084745762712,0.8421052631578947,0.75,1.0,21,0.8305084745762712,"[0.75, 0.7, 0.6316, 0.7222, 0.7, 0.35, 0.5789, 0.7, 0.5789, 0.4737, 0.6, 0.4444, 0.75, 0.55, 0.6, 0.4211, 0.4737, 0.4118, 0.3158, 0.4211, 0.5, 0.8421, 0.9474, 0.95, 1.0]"
deepseek-r1-distill-qwen-14b,7d75815cb2310bdcf17826679b94cee2,27ba294f631ec865f221f831da66207142113cc97e429832aa7431b0cad4c865,False,Drug-induced Interstitial Nephritis,34,35,846,3243,30,0.8823529411764706,3139,0.8947990543735225,0.85,0.0,1.0,33,0.9728132387706856,"[0.0, 0.0, 0.0, 0.0, 0.0, 0.0, 0.0, 0.05, 0.0, 0.0, 0.0, 0.0, 0.0, 0.0, 0.05, 0.0, 0.0, 0.05, 0.05, 0.0, 0.1, 0.1, 0.5, 0.75, 0.65, 0.7, 0.5, 0.6, 0.6, 0.75, 0.85, 0.9, 0.75, 0.85, 1.0]"
deepseek-r1-distill-qwen-14b,839d5849b985de3b732f197086218847,8436b05a3687fe728e709f28df29263c798e98af29b36d79515a8fc83fa6f7c7,False,Selective IgA deficiency,72,73,1501,1930,37,0.5138888888888888,1126,0.5329780146568954,0.9,0.05263157894736842,1.0,67,0.9300466355762825,"[0.0526, 0.0, 0.0526, 0.05, 0.1176, 0.2, 0.0526, 0.2, 0.35, 0.1, 0.05, 0.05, 0.1, 0.0, 0.0526, 0.2632, 0.45, 0.35, 0.7222, 0.65, 0.7368, 0.5, 0.6842, 0.45, 0.35, 0.4, 0.35, 0.35, 0.25, 0.1, 0.25, 0.2, 0.4, 0.45, 0.35, 0.2, 0.7, 0.9, 0.8, 0.75, 0.95, 0.95, 0.9, 0.85, 0.95, 0.8, 0.8, 0.8, 0.9, 0.9, 0.85, 0.9, 0.95, 0.95, 0.9, 1.0, 0.85, 0.85, 1.0, 0.85, 0.85, 0.9, 0.85, 0.9, 0.85, 0.95, 0.75, 0.85, 1.0, 0.95, 1.0, 1.0, 1.0]"
deepseek-r1-distill-qwen-14b,855d2426bc87f84b919fa59d39097374,335669dc7b39cadfd288a5725a1660b66f0247aab8efe053c4606e9bd9950abc,True,Delusional Disorder,18,19,429,651,7,0.3888888888888889,298,0.3146853146853147,0.8,0.75,1.0,9,0.4592074592074592,"[0.75, 0.5263, 0.35, 0.5, 0.5, 0.25, 0.2632, 0.8, 0.7, 1.0, 1.0, 1.0, 1.0, 1.0, 1.0, 1.0, 1.0, 1.0, 1.0]"
deepseek-r1-distill-qwen-14b,855d2426bc87f84b919fa59d39097374,92a35aba5f0cec62a9b327e0e176532e38ae04f8637caa9b3598f4518f443a63,False,Delusional Disorder,17,18,382,586,9,0.5294117647058824,315,0.39790575916230364,0.8,0.75,1.0,9,0.39790575916230364,"[0.75, 0.7, 0.7, 0.75, 0.55, 0.4, 0.45, 0.7, 0.7, 0.8, 0.95, 0.8947, 0.95, 0.95, 0.9, 0.95, 1.0, 1.0]"
deepseek-r1-distill-qwen-14b,85684e0c092976faa0b788ef96b0a1ff,3aa41dc06996d7e779e0b85e3bdae6f5e430e6ee017b58253ebadf47dfa30b52,True,Restrictive Cardiomyopathy,27,28,525,1049,21,0.7777777777777778,809,0.7447619047619047,0.85,0.25,1.0,21,0.7447619047619047,"[0.25, 0.1, 0.15, 0.3, 0.25, 0.2, 0.1, 0.2, 0.25, 0.1, 0.25, 0.35, 0.5, 0.45, 0.1, 0.15, 0.2, 0.3, 0.1, 0.3, 0.1, 0.85, 0.9, 0.85, 0.95, 1.0, 1.0, 1.0]"
deepseek-r1-distill-qwen-14b,88537bcf54e128709d3d84d9a954aa6f,7f8093b9d431e0f987bde8199660b80ae806a1ad11e15d4c4c6dfffa363ec8a8,True,Henoch-Schönlein Purpura (IgA Vasculitis),34,35,762,2243,22,0.6470588235294118,1861,0.6456692913385826,1.0,0.6,1.0,22,0.6456692913385826,"[0.6, 0.45, 0.6, 0.55, 0.75, 0.6, 0.6, 0.8, 0.6316, 0.65, 0.65, 0.55, 0.6, 0.55, 0.45, 0.65, 0.45, 0.6316, 0.25, 0.65, 0.75, 0.45, 1.0, 0.95, 1.0, 1.0, 1.0, 1.0, 1.0, 1.0, 1.0, 1.0, 1.0, 1.0, 1.0]"
deepseek-r1-distill-qwen-14b,88537bcf54e128709d3d84d9a954aa6f,d07c95882ae54d5fd134daaf44194b1cb842d77c8eb2a7aaf89e5942de0094a0,False,Erythema Nodosum,64,65,1292,2676,58,0.90625,2514,0.8862229102167183,0.95,0.2,1.0,58,0.8862229102167183,"[0.2, 0.2, 0.2, 0.2, 0.15, 0.35, 0.1, 0.15, 0.25, 0.25, 0.0526, 0.2, 0.25, 0.1579, 0.3, 0.4, 0.25, 0.3158, 0.3, 0.2, 0.05, 0.2105, 0.0, 0.15, 0.35, 0.1111, 0.25, 0.3, 0.3, 0.2, 0.45, 0.4737, 0.2, 0.4, 0.3, 0.25, 0.35, 0.1, 0.35, 0.1, 0.25, 0.2, 0.1053, 0.2, 0.3, 0.4, 0.2, 0.3, 0.1, 0.25, 0.25, 0.1, 0.2, 0.25, 0.15, 0.1, 0.2, 0.3, 0.95, 1.0, 0.85, 1.0, 1.0, 1.0, 1.0]"
deepseek-r1-distill-qwen-14b,8b5ae4c8982f0b55e7334ff4117d6a4f,b53f3e7ef4c844c2b9d6452d0e5fd3584b379bbc554afd124b08590e581db009,True,Aphthous stomatitis,21,22,421,626,9,0.42857142857142855,290,0.334916864608076,0.9,0.1,0.95,9,0.334916864608076,"[0.1, 0.2, 0.2, 0.15, 0.2, 0.2, 0.4, 0.35, 0.6, 0.9, 1.0, 0.95, 1.0, 0.95, 0.95, 1.0, 1.0, 1.0, 0.9, 1.0, 1.0, 0.95]"
deepseek-r1-distill-qwen-14b,8b5ae4c8982f0b55e7334ff4117d6a4f,01b8f52bd72e5e46d8e53090ac646fbab7137e009faa6b7ee29c43e162d42ac6,False,"Hand, foot, and mouth disease",47,48,824,989,44,0.9361702127659575,894,0.904126213592233,0.95,0.55,1.0,44,0.904126213592233,"[0.55, 0.65, 0.85, 0.7, 0.65, 0.6, 0.75, 0.65, 0.75, 0.7, 0.55, 0.6842, 0.7895, 0.45, 0.55, 0.5, 0.2, 0.6, 0.4, 0.5, 0.55, 0.6, 0.5, 0.4, 0.35, 0.35, 0.7, 0.5, 0.75, 0.85, 0.65, 0.6, 0.75, 0.5, 0.65, 0.85, 0.75, 0.8, 0.5, 0.65, 0.75, 0.75, 0.55, 0.45, 0.95, 1.0, 1.0, 1.0]"
deepseek-r1-distill-qwen-14b,8c88e2f998f2ec7a396f40c6d5452b84,840eb763312f772e1c0d00c6074a6c7b8677294c6fe655f1a7ef5fe02d11d4e4,True,Congenital Toxoplasmosis,39,40,835,1285,29,0.7435897435897436,933,0.7053892215568862,0.9,0.15789473684210525,1.0,29,0.7053892215568862,"[0.1579, 0.2632, 0.45, 0.15, 0.1, 0.25, 0.25, 0.35, 0.25, 0.3, 0.35, 0.3, 0.25, 0.25, 0.2105, 0.1053, 0.3, 0.05, 0.25, 0.1, 0.35, 0.35, 0.4, 0.45, 0.35, 0.1, 0.2, 0.3, 0.25, 0.9, 0.95, 1.0, 1.0, 1.0, 1.0, 1.0, 1.0, 1.0, 1.0, 1.0]"
deepseek-r1-distill-qwen-14b,8c88e2f998f2ec7a396f40c6d5452b84,26f48613fbd7e4a91f545cff678db8b8740cd9b2548ec8902ace7ac4f73a4cb4,False,Congenital Cytomegalovirus Infection,50,51,1214,1603,42,0.84,1349,0.8278418451400329,1.0,0.25,1.0,42,0.8278418451400329,"[0.25, 0.35, 0.45, 0.35, 0.25, 0.45, 0.3158, 0.45, 0.2, 0.5, 0.3, 0.25, 0.45, 0.35, 0.25, 0.45, 0.2, 0.4, 0.6, 0.5, 0.5, 0.45, 0.3, 0.5, 0.35, 0.55, 0.25, 0.6, 0.55, 0.35, 0.4211, 0.2, 0.45, 0.2, 0.7895, 0.5, 0.55, 0.65, 0.45, 0.45, 0.6, 0.4, 1.0, 1.0, 1.0, 1.0, 1.0, 1.0, 1.0, 1.0, 1.0]"
deepseek-r1-distill-qwen-14b,8d4129f4074a7419ef8017429041fac4,4a50d6c17b3dfbcd1654489d0afd89fef7b3e984ae9409becfc9a94f9c13b0c3,True,Simple Goiter,34,35,761,1012,33,0.9705882352941176,896,0.9658344283837057,0.9,0.0,1.0,33,0.9658344283837057,"[0.0, 0.2, 0.05, 0.1, 0.15, 0.15, 0.15, 0.05, 0.1, 0.0, 0.05, 0.1, 0.1, 0.25, 0.2, 0.3, 0.25, 0.35, 0.15, 0.25, 0.5, 0.25, 0.15, 0.3, 0.4, 0.5, 0.3, 0.4, 0.4, 0.4, 0.35, 0.25, 0.4, 0.9, 1.0]"
deepseek-r1-distill-qwen-14b,8e99e185c9670ed801211fba5a2e93f9,8ef2fbad0298df18fd9ff7de270e8422269a870a8c7d19b0f3c79032f1776aab,True,Papular Urticaria,29,30,510,750,22,0.7586206896551724,492,0.6686274509803921,0.9,0.5,1.0,22,0.6686274509803921,"[0.5, 0.45, 0.55, 0.5789, 0.5, 0.5, 0.7, 0.35, 0.8, 0.55, 0.65, 0.7, 0.6, 0.5, 0.5789, 0.7, 0.6, 0.7, 0.8421, 0.55, 0.5, 0.5, 0.9, 1.0, 1.0, 1.0, 1.0, 1.0, 1.0, 1.0]"
deepseek-r1-distill-qwen-14b,8d4129f4074a7419ef8017429041fac4,2989748e8ecae6b889fb7d5b937c842fc5e391094560edd4d347c2ea6dd1f8e4,False,Graves disease,59,60,955,1180,45,0.7627118644067796,873,0.7455497382198953,0.8,0.25,1.0,56,0.9193717277486911,"[0.25, 0.2, 0.2632, 0.25, 0.25, 0.1579, 0.2105, 0.1579, 0.4, 0.1, 0.1579, 0.35, 0.3, 0.1, 0.3333, 0.2, 0.3, 0.25, 0.1053, 0.2222, 0.1, 0.35, 0.45, 0.45, 0.25, 0.4, 0.25, 0.45, 0.4, 0.65, 0.5, 0.35, 0.2, 0.45, 0.1, 0.2105, 0.4, 0.2105, 0.3, 0.2, 0.4, 0.2, 0.2, 0.7, 0.65, 0.8, 0.8, 0.9, 0.95, 0.8, 0.9, 0.8, 0.8, 0.85, 0.95, 0.75, 1.0, 0.95, 1.0, 1.0]"
deepseek-r1-distill-qwen-14b,967834058a7e6f5cb903d6d983ecba7e,588186a53483ba27e422f49e4b0a736d73ef0d6f681a858797804f4065a08b6e,True,Thalassemia,23,24,533,821,18,0.782608695652174,622,0.7560975609756098,0.8,0.05,1.0,22,0.975609756097561,"[0.05, 0.05, 0.2, 0.25, 0.2, 0.05, 0.15, 0.05, 0.1, 0.05, 0.05, 0.1053, 0.05, 0.05, 0.05, 0.1, 0.35, 0.3158, 0.8, 0.8, 0.95, 0.75, 0.8421, 1.0]"
deepseek-r1-distill-qwen-14b,967834058a7e6f5cb903d6d983ecba7e,546152c16066377455c7ced6b3543f2c9701cecbe070b42fa20cd41da856d0ff,False,Sideroblastic anemia,20,21,584,938,15,0.75,625,0.6952054794520548,0.8,0.05,1.0,15,0.6952054794520548,"[0.05, 0.0, 0.0, 0.0, 0.0, 0.0, 0.0, 0.4, 0.6, 0.5789, 0.6, 0.45, 0.55, 0.65, 0.55, 0.8, 0.95, 1.0, 0.85, 0.8947, 1.0]"
deepseek-r1-distill-qwen-14b,8e99e185c9670ed801211fba5a2e93f9,3488722b61b7242ac79cbf54a90eb8360d7aa998dd04c01385ee13ac63704f23,False,Atopic Dermatitis,112,113,2171,2336,87,0.7767857142857143,1819,0.7683095347766007,0.95,0.25,1.0,90,0.8014739751266697,"[0.25, 0.3158, 0.3684, 0.3, 0.4, 0.35, 0.4, 0.2222, 0.35, 0.4211, 0.5789, 0.5789, 0.1579, 0.1, 0.05, 0.2632, 0.0526, 0.2, 0.2, 0.2, 0.25, 0.4, 0.4, 0.4211, 0.25, 0.4737, 0.4, 0.6, 0.6, 0.3, 0.3684, 0.45, 0.55, 0.6, 0.5, 0.5, 0.45, 0.3684, 0.5, 0.3684, 0.4737, 0.6, 0.65, 0.4737, 0.35, 0.45, 0.4, 0.35, 0.1, 0.3158, 0.3, 0.2, 0.25, 0.2105, 0.2632, 0.5, 0.45, 0.55, 0.3, 0.3, 0.3, 0.5, 0.45, 0.35, 0.4, 0.5, 0.75, 0.5, 0.6316, 0.5, 0.6842, 0.8, 0.5, 0.65, 0.6667, 0.7, 0.6471, 0.65, 0.6842, 0.7368, 0.75, 0.7, 0.75, 1.0, 0.6842, 0.5, 0.7, 0.95, 0.7895, 0.7895, 0.8, 0.85, 0.95, 0.85, 0.9, 0.8, 1.0, 0.85, 0.9, 0.8421, 0.8421, 0.9, 1.0, 0.9474, 1.0, 0.85, 0.9474, 0.9444, 0.95, 0.8947, 1.0, 1.0, 1.0]"
deepseek-r1-distill-qwen-14b,9c22e95143200153a9b0c049452517e1,6d9d2a1b0bf71b7b7dc3055bf9c32c903ac36eff638eb4b4f9eecf9136a25a5c,True,Systemic Lupus Erythematosus,43,44,1006,3579,27,0.627906976744186,3092,0.6013916500994035,0.8,0.65,1.0,42,0.9691848906560636,"[0.65, 0.85, 0.75, 0.8, 0.85, 0.9, 0.85, 0.95, 0.65, 0.75, 0.7, 0.8, 0.95, 0.85, 0.75, 0.8, 0.95, 0.7368, 0.4, 0.75, 0.6, 0.45, 0.7, 0.7368, 0.75, 0.85, 0.5789, 0.8, 1.0, 0.8, 0.85, 0.8421, 0.7, 0.8, 0.8, 0.9, 0.85, 0.65, 0.85, 0.7, 0.9, 0.75, 0.8, 1.0]"
deepseek-r1-distill-qwen-14b,99056c3c2db73e4929ee1df107d73688,7ae9d650a77dadf4eb190f1a48663e8df4edca15f4cc45fde7bb6b1f04307629,True,Benign Neonatal Hyperbilirubinemia,63,64,1165,1591,54,0.8571428571428571,1313,0.8463519313304722,0.9,0.05,1.0,54,0.8463519313304722,"[0.05, 0.1053, 0.0, 0.15, 0.05, 0.1, 0.0, 0.0, 0.0, 0.0, 0.0, 0.05, 0.05, 0.0, 0.0, 0.0, 0.0, 0.0, 0.05, 0.0, 0.0, 0.0, 0.0, 0.0, 0.0, 0.1, 0.0, 0.0, 0.05, 0.1, 0.0, 0.0, 0.0, 0.0, 0.0, 0.0, 0.05, 0.0, 0.0, 0.0, 0.05, 0.0, 0.2105, 0.05, 0.1, 0.2, 0.25, 0.3, 0.25, 0.3, 0.4, 0.6, 0.5, 0.7, 0.9, 1.0, 0.9, 0.95, 0.95, 1.0, 0.9, 1.0, 1.0, 1.0]"
deepseek-r1-distill-qwen-14b,99056c3c2db73e4929ee1df107d73688,65f37d982989af0b519d520b9b380a5be2eeda4eb7c7df7a9f7d757f760b6850,False,Crigler-Najjar Syndrome,60,61,1354,1758,41,0.6833333333333333,1257,0.6868537666174298,0.85,0.8,0.9,44,0.7304283604135894,"[0.8, 0.8, 0.75, 0.7, 0.8, 0.95, 0.8, 0.85, 0.8, 0.55, 0.4, 0.4, 0.5, 0.45, 0.3, 0.55, 0.35, 0.65, 0.4, 0.3, 0.25, 0.3, 0.3, 0.4, 0.25, 0.3, 0.25, 0.05, 0.1053, 0.1, 0.15, 0.0, 0.0, 0.0, 0.1, 0.3, 0.7, 0.7, 0.35, 0.65, 0.55, 0.85, 0.7, 0.65, 0.95, 0.95, 0.95, 0.95, 1.0, 0.9, 0.95, 0.85, 0.95, 0.9, 0.9, 1.0, 0.85, 0.9474, 1.0, 0.9474, 0.9]"
deepseek-r1-distill-qwen-14b,9c22e95143200153a9b0c049452517e1,3648c588e9bf6f15fb832f7687583281a497592b585d24d978ba606e06113076,False,Ro-Associated Neuroretinitis,104,105,2265,4823,102,0.9807692307692307,4692,0.9735099337748344,0.8,0.0,1.0,102,0.9735099337748344,"[0.0, 0.0, 0.0, 0.0, 0.0, 0.0, 0.0, 0.0, 0.0, 0.0, 0.0, 0.0, 0.0, 0.0, 0.0, 0.0, 0.0, 0.0, 0.0, 0.0, 0.0, 0.0, 0.0, 0.0, 0.0, 0.0, 0.0, 0.0, 0.0, 0.0, 0.0, 0.0, 0.0, 0.0, 0.0, 0.0, 0.0, 0.0, 0.0, 0.0, 0.0, 0.0, 0.0, 0.0, 0.0, 0.0, 0.0, 0.0, 0.0, 0.0, 0.0, 0.0, 0.0, 0.0, 0.0, 0.0, 0.0, 0.0, 0.0, 0.0, 0.0, 0.0, 0.0, 0.0, 0.0, 0.0, 0.0, 0.0, 0.0, 0.0, 0.0, 0.0, 0.0, 0.0, 0.0, 0.0, 0.0, 0.0, 0.0, 0.0, 0.0, 0.0, 0.0, 0.0, 0.0, 0.0, 0.0, 0.0, 0.0, 0.0, 0.0, 0.0, 0.0, 0.0, 0.0, 0.0, 0.0, 0.0, 0.0, 0.0, 0.0, 0.75, 0.8, 0.9, 1.0]"
deepseek-r1-distill-qwen-14b,a255fd4b2fac78a3faaf47bd17cd723f,d664745d6e523a12ec71d30a0d91c4313798571937dde060a62d0d6d596b85f7,True,Primary Hyperparathyroidism,68,69,1081,1340,20,0.29411764705882354,550,0.3404255319148936,0.85,0.5,0.95,20,0.3404255319148936,"[0.5, 0.5, 0.65, 0.3, 0.6, 0.8, 0.7, 0.65, 0.35, 0.45, 0.25, 0.95, 0.85, 0.75, 0.7, 0.55, 0.65, 0.5, 0.7368, 0.75, 0.85, 0.95, 0.95, 1.0, 1.0, 1.0, 0.8, 0.95, 0.8, 1.0, 0.9, 0.95, 0.85, 1.0, 0.8, 0.95, 0.85, 0.85, 1.0, 0.8, 0.85, 0.9, 1.0, 0.95, 1.0, 0.9, 0.9, 1.0, 0.9, 0.95, 1.0, 0.9, 0.9, 1.0, 0.85, 0.95, 1.0, 0.9, 1.0, 0.95, 1.0, 0.95, 1.0, 1.0, 1.0, 0.95, 1.0, 1.0, 0.95]"
deepseek-r1-distill-qwen-14b,a670afa64f606d20eed4a435fc89d120,658d1ce32ee855d9cb68b2a4d85dbf38c73c67a1c379628ca9972b5339cc0021,True,Increased Intracranial Pressure,62,63,1165,1460,49,0.7903225806451613,1039,0.7459227467811159,0.95,0.2,0.9,49,0.7459227467811159,"[0.2, 0.1, 0.1, 0.4, 0.15, 0.2, 0.1111, 0.0, 0.15, 0.3, 0.2, 0.2, 0.25, 0.55, 0.4, 0.3, 0.4, 0.4, 0.2, 0.45, 0.5, 0.45, 0.5, 0.5, 0.65, 0.65, 0.45, 0.65, 0.6, 0.75, 0.55, 0.55, 0.55, 0.55, 0.45, 0.75, 0.75, 0.55, 0.55, 0.8, 0.6, 0.7, 0.7, 0.5, 0.8, 0.4, 0.8, 0.9, 0.45, 0.95, 0.9, 0.9, 0.85, 0.9, 1.0, 0.95, 0.95, 0.95, 0.8, 0.9, 0.85, 0.9, 0.9]"
deepseek-r1-distill-qwen-14b,a255fd4b2fac78a3faaf47bd17cd723f,5526c8b8274869c00b3e6b2e812960ab33220df66bc2047f63cb50a84bc937a5,False,Rickets,176,177,2964,3209,175,0.9943181818181818,3139,0.997638326585695,0.3684210526315789,0.1,0.3684210526315789,175,0.997638326585695,"[0.1, 0.0, 0.1, 0.15, 0.05, 0.05, 0.1, 0.05, 0.0, 0.0, 0.1, 0.15, 0.05, 0.1053, 0.1, 0.1, 0.05, 0.1, 0.15, 0.15, 0.05, 0.1111, 0.1053, 0.1, 0.25, 0.0526, 0.05, 0.1, 0.1, 0.35, 0.6, 0.45, 0.6, 0.5, 0.6316, 0.55, 0.55, 0.6, 0.35, 0.45, 0.55, 0.35, 0.6, 0.4, 0.15, 0.3, 0.2, 0.3, 0.5, 0.4, 0.55, 0.25, 0.3, 0.55, 0.4, 0.2, 0.5, 0.6316, 0.65, 0.4737, 0.35, 0.4, 0.35, 0.25, 0.4, 0.25, 0.5, 0.55, 0.45, 0.3, 0.2632, 0.5, 0.5, 0.4, 0.35, 0.3, 0.5, 0.5, 0.55, 0.45, 0.6, 0.25, 0.75, 0.75, 0.7, 0.45, 0.45, 0.45, 0.4, 0.45, 0.65, 0.65, 0.45, 0.6111, 0.55, 0.6, 0.75, 0.6316, 0.6, 0.85, 0.75, 0.5, 0.6, 0.7, 0.6, 0.65, 0.6, 0.8, 0.95, 0.65, 0.75, 0.65, 0.8421, 0.7, 0.7, 0.6, 0.85, 0.65, 0.55, 0.6, 0.6, 0.75, 0.6, 0.6842, 0.7, 0.8947, 0.6842, 0.65, 0.7895, 0.7, 0.8, 0.65, 0.8, 0.7, 0.8, 0.75, 0.6667, 0.7, 0.7, 0.7778, 0.65, 0.8, 0.7, 0.7, 0.85, 0.65, 0.7, 0.75, 0.8, 0.65, 0.5789, 0.8947, 0.7, 0.7, 0.6, 0.6316, 0.85, 0.65, 0.75, 0.7, 0.7, 0.4737, 0.5, 0.55, 0.6, 0.4, 0.6, 0.4444, 0.6, 0.75, 0.8, 0.95, 0.65, 0.85, 0.95, 0.3684, 0.3684]"
deepseek-r1-distill-qwen-14b,a670afa64f606d20eed4a435fc89d120,a71534136372a1e746fe225b7e4c762799448185099dc9c2015b9d8c631ec689,False,Acute Hydrocephalus,106,107,1979,2218,102,0.9622641509433962,2069,0.9595755432036382,0.1,0.1,0.0,102,0.9595755432036382,"[0.1, 0.15, 0.1, 0.1, 0.05, 0.05, 0.1, 0.0526, 0.25, 0.1, 0.0, 0.15, 0.05, 0.1, 0.05, 0.0, 0.05, 0.2, 0.1, 0.05, 0.35, 0.55, 0.3, 0.45, 0.55, 0.3, 0.3, 0.4, 0.3, 0.55, 0.5, 0.15, 0.55, 0.45, 0.45, 0.45, 0.25, 0.3, 0.4, 0.2, 0.25, 0.4, 0.35, 0.35, 0.3, 0.35, 0.15, 0.1, 0.5, 0.1, 0.15, 0.05, 0.15, 0.3, 0.25, 0.25, 0.3, 0.4, 0.3, 0.55, 0.45, 0.6, 0.4, 0.25, 0.35, 0.15, 0.45, 0.35, 0.45, 0.35, 0.45, 0.15, 0.4, 0.35, 0.35, 0.4, 0.2, 0.4, 0.15, 0.4, 0.25, 0.35, 0.2, 0.4, 0.1, 0.25, 0.3, 0.4, 0.1, 0.35, 0.2, 0.3, 0.55, 0.3, 0.35, 0.4, 0.1, 0.35, 0.2, 0.35, 0.45, 0.25, 0.1, 0.1, 0.2, 0.15, 0.0]"
deepseek-r1-distill-qwen-14b,ab0226a3a9dc01c8c9b91a47198bed63,d248e0772fc698302b2488d38c5889f25274639ee4547c518711cffcb7da27db,True,Enterotoxigenic Escherichia coli infection,23,24,471,805,11,0.4782608695652174,503,0.45010615711252655,0.8,0.9,1.0,13,0.535031847133758,"[0.9, 0.9, 0.9, 0.85, 0.85, 0.6, 0.7, 0.75, 0.75, 0.7, 0.7, 0.8, 0.75, 1.0, 1.0, 1.0, 1.0, 1.0, 1.0, 1.0, 1.0, 1.0, 1.0, 1.0]"
deepseek-r1-distill-qwen-14b,ab0226a3a9dc01c8c9b91a47198bed63,1ac885786962c33609177fbb80be1f8868092021f1dd0205a89c6b2302796a93,False,Non-typhoidal salmonellosis,34,35,756,1072,19,0.5588235294117647,706,0.548941798941799,0.95,0.15,1.0,19,0.548941798941799,"[0.15, 0.25, 0.0, 0.0, 0.05, 0.15, 0.1, 0.05, 0.1, 0.1, 0.2, 0.15, 0.1, 0.1, 0.15, 0.45, 0.6, 0.5, 0.75, 0.95, 1.0, 1.0, 1.0, 0.95, 1.0, 0.95, 0.8947, 1.0, 1.0, 1.0, 1.0, 1.0, 1.0, 1.0, 1.0]"
deepseek-r1-distill-qwen-14b,ab79da6338f2deff095e1bf3b5b4d9f0,1f85a7fddc803a6e64f1b0dacb1488eaed2bb680245df03f614efbe3ebb7e929,True,Myotonic Dystrophy Type 1,85,86,1965,2176,80,0.9411764705882353,1977,0.9063613231552163,0.9,0.3,1.0,80,0.9063613231552163,"[0.3, 0.3158, 0.4, 0.35, 0.3, 0.1, 0.35, 0.15, 0.15, 0.1, 0.0526, 0.2105, 0.1, 0.1053, 0.25, 0.3, 0.2, 0.3, 0.4, 0.2632, 0.45, 0.1, 0.1, 0.15, 0.1, 0.15, 0.1, 0.1, 0.1, 0.1053, 0.25, 0.15, 0.1, 0.15, 0.25, 0.1579, 0.1053, 0.15, 0.15, 0.1, 0.05, 0.1, 0.1, 0.0, 0.1, 0.0556, 0.2, 0.2, 0.05, 0.1579, 0.0, 0.05, 0.05, 0.15, 0.1, 0.05, 0.0, 0.3158, 0.45, 0.7368, 0.7, 1.0, 0.8, 0.8, 0.95, 0.65, 0.7, 0.5, 0.9, 0.7368, 0.65, 0.6316, 0.45, 0.6, 0.55, 0.55, 0.55, 0.75, 0.75, 0.7, 0.9, 0.95, 1.0, 0.95, 1.0, 1.0]"
deepseek-r1-distill-qwen-14b,ab79da6338f2deff095e1bf3b5b4d9f0,6d432a59722a1897e1a4c9bc5e8720fe013b2d9aece56aa5a4b2f069f85062ec,False,Mitochondrial Myopathy,32,33,592,803,23,0.71875,597,0.6773648648648649,0.95,0.25,1.0,23,0.6773648648648649,"[0.25, 0.2, 0.3, 0.3, 0.35, 0.3, 0.4, 0.3, 0.25, 0.1, 0.2, 0.25, 0.45, 0.35, 0.4, 0.45, 0.45, 0.45, 0.5, 0.45, 0.55, 0.4, 0.3, 0.95, 0.95, 0.95, 1.0, 1.0, 1.0, 1.0, 1.0, 1.0, 1.0]"
deepseek-r1-distill-qwen-14b,ab944ef1e6f39bfd785f38954f9458c1,5ad25a2d6d1247e8fe3ffd447af96f0489a1f5170506077a7ffaeffed57930e2,True,Cervical Spinal Cord Injury,48,49,1006,1424,46,0.9583333333333334,1281,0.941351888667992,0.8,0.1,0.9,46,0.941351888667992,"[0.1, 0.25, 0.05, 0.25, 0.25, 0.1, 0.05, 0.2, 0.3, 0.25, 0.25, 0.2, 0.3, 0.25, 0.15, 0.0, 0.2, 0.2, 0.35, 0.35, 0.1579, 0.15, 0.1579, 0.25, 0.3, 0.35, 0.6, 0.55, 0.7, 0.5, 0.6, 0.45, 0.65, 0.7, 0.35, 0.65, 0.65, 0.6, 0.65, 0.45, 0.6, 0.6, 0.75, 0.8, 0.8, 0.5, 0.8, 0.9, 0.9]"
deepseek-r1-distill-qwen-14b,ab944ef1e6f39bfd785f38954f9458c1,a87d025d517f56d2039c8613427d1bc718cfc3a98553b3fc87270128898eb442,False,Brachial Plexus Injury,30,31,681,1086,18,0.6,648,0.461086637298091,0.95,0.65,1.0,18,0.461086637298091,"[0.65, 0.65, 0.6, 0.8, 0.75, 0.65, 0.65, 0.55, 0.4211, 0.7, 0.55, 0.6, 0.65, 0.5, 0.55, 0.4, 0.35, 0.25, 0.95, 1.0, 0.85, 0.95, 1.0, 1.0, 1.0, 1.0, 1.0, 1.0, 1.0, 1.0, 1.0]"
deepseek-r1-distill-qwen-14b,b1e59a85b6e9c1e020d2392193d668fb,4d6572600c27351452c6e6aec750ad6eded4804f167aa8f3737fcdc33a82a5e2,True,Vestibular Neuritis,52,53,1161,1587,18,0.34615384615384615,714,0.305770887166236,0.85,0.55,1.0,28,0.5176571920757967,"[0.55, 0.85, 0.65, 0.85, 0.4, 0.85, 0.7, 0.7, 0.85, 0.9, 0.8, 0.8, 0.75, 0.6, 0.8, 0.75, 0.75, 0.6, 0.85, 0.85, 0.65, 0.8, 1.0, 0.9, 0.75, 1.0, 0.8, 0.75, 1.0, 0.95, 0.95, 0.85, 1.0, 0.95, 1.0, 1.0, 0.95, 1.0, 1.0, 0.95, 1.0, 1.0, 1.0, 1.0, 1.0, 1.0, 1.0, 1.0, 1.0, 1.0, 1.0, 1.0, 1.0]"
deepseek-r1-distill-qwen-14b,b1e9764076e3a29c4c3c4738b878b57a,fdd1eba11c19aedc879634096536fce9d44293a17809613a645490eaa870c1ff,True,Psychogenic Non-Epileptic Seizures,24,25,497,2170,14,0.5833333333333334,1870,0.5331991951710262,0.9,0.6,1.0,14,0.5331991951710262,"[0.6, 0.6316, 0.7, 0.45, 0.6, 0.5, 0.55, 0.65, 0.4737, 0.55, 0.75, 0.85, 0.75, 0.55, 0.9, 0.9, 0.9, 1.0, 1.0, 1.0, 1.0, 1.0, 1.0, 1.0, 1.0]"
deepseek-r1-distill-qwen-14b,b1e59a85b6e9c1e020d2392193d668fb,49e7ae252138bfa34fe31b84e2047e579e7c69d46eb1363455b78649b651e91c,False,Ménière's Disease,33,34,815,1285,22,0.6666666666666666,865,0.6208588957055214,0.9,0.25,1.0,22,0.6208588957055214,"[0.25, 0.3684, 0.4, 0.3, 0.35, 0.2632, 0.3684, 0.35, 0.3, 0.35, 0.35, 0.35, 0.35, 0.4, 0.4, 0.45, 0.2, 0.15, 0.65, 0.75, 0.7, 0.55, 0.9, 1.0, 1.0, 1.0, 1.0, 1.0, 1.0, 1.0, 1.0, 1.0, 1.0, 1.0]"
deepseek-r1-distill-qwen-14b,b1e9764076e3a29c4c3c4738b878b57a,81370fdbf6a2aa5ec0018950c46666beffe2b0cefa21e5b640508d1c20031fc5,False,Epilepsy,42,43,834,2518,40,0.9523809523809523,2406,0.960431654676259,0.8,0.1,1.0,40,0.960431654676259,"[0.1, 0.05, 0.05, 0.2, 0.1, 0.05, 0.1, 0.1, 0.0, 0.0, 0.15, 0.2105, 0.1, 0.2, 0.2, 0.3684, 0.35, 0.25, 0.3684, 0.7, 0.65, 0.5, 0.55, 0.55, 0.5, 0.55, 0.6, 0.6, 0.55, 0.7, 0.7, 0.75, 0.75, 0.4737, 0.65, 0.6842, 0.5, 0.6, 0.55, 0.5, 0.8, 1.0, 1.0]"
deepseek-r1-distill-qwen-14b,b456600e51f08dfb7754936792b3800e,e23ef20a61e51167670df0cda6fb10fc70ead71950203cb5f965eff2c89ea574,True,Immune Thrombocytopenic Purpura,37,38,760,1049,27,0.7297297297297297,670,0.6828947368421052,0.85,0.35,1.0,27,0.6828947368421052,"[0.35, 0.45, 0.6, 0.6, 0.55, 0.35, 0.5, 0.5, 0.3, 0.35, 0.2, 0.25, 0.2, 0.15, 0.35, 0.3, 0.45, 0.45, 0.45, 0.5, 0.2, 0.45, 0.45, 0.45, 0.4, 0.4, 0.75, 0.85, 0.9, 0.85, 0.95, 0.9, 1.0, 1.0, 0.9, 1.0, 0.95, 1.0]"
deepseek-r1-distill-qwen-14b,b2b6765627a78f61fac9ba35346d7b1d,08b29d23cb2db86e4bff50347ae4137db39579cce88d649ca7a89efa3c168a5b,True,Subphrenic Abscess,38,39,852,1207,32,0.8421052631578947,994,0.8485915492957746,0.95,0.4,1.0,32,0.8485915492957746,"[0.4, 0.15, 0.25, 0.55, 0.25, 0.25, 0.4, 0.05, 0.6, 0.3, 0.45, 0.35, 0.1, 0.2105, 0.3, 0.4, 0.2, 0.6, 0.8, 0.65, 0.2, 0.1053, 0.1, 0.15, 0.3, 0.3, 0.2632, 0.15, 0.25, 0.25, 0.15, 0.2, 0.95, 1.0, 0.95, 1.0, 1.0, 1.0, 1.0]"
deepseek-r1-distill-qwen-14b,b2b6765627a78f61fac9ba35346d7b1d,6a1ed5ff3fcdbfbd7bd859a20256b05c01d62a10efcefee3f41a5ac444327157,False,Post-operative left diaphragmatic hernia,32,33,754,1087,18,0.5625,660,0.5159151193633952,0.85,0.4,1.0,20,0.5928381962864722,"[0.4, 0.4, 0.3, 0.25, 0.35, 0.35, 0.5, 0.3, 0.2, 0.2, 0.35, 0.3, 0.8, 0.45, 0.65, 0.55, 0.6, 0.6, 0.85, 0.75, 0.95, 0.95, 1.0, 0.95, 1.0, 1.0, 1.0, 1.0, 1.0, 1.0, 1.0, 1.0, 1.0]"
deepseek-r1-distill-qwen-14b,b456600e51f08dfb7754936792b3800e,ef2d552ce98b63ab61c24c2e289dffcdc34f6bf628450b6562bbea5e4601bbc4,False,Myelodysplastic Syndrome,99,100,2433,2699,99,1.0,2584,1.0,0.95,0.05,0.95,99,1.0,"[0.05, 0.05, 0.05, 0.0526, 0.0, 0.0, 0.0, 0.0, 0.0, 0.1, 0.0, 0.0, 0.05, 0.0, 0.0, 0.0, 0.0, 0.0, 0.05, 0.0, 0.0, 0.05, 0.15, 0.05, 0.05, 0.1, 0.1, 0.25, 0.25, 0.2, 0.2, 0.25, 0.2, 0.2, 0.1053, 0.15, 0.2, 0.15, 0.0, 0.15, 0.0556, 0.1, 0.0, 0.05, 0.0, 0.15, 0.3, 0.1, 0.2, 0.05, 0.25, 0.25, 0.2, 0.1, 0.3, 0.3, 0.35, 0.1, 0.3, 0.15, 0.15, 0.4, 0.0, 0.35, 0.3, 0.2, 0.25, 0.25, 0.15, 0.1, 0.2778, 0.35, 0.4, 0.15, 0.4, 0.5, 0.5, 0.15, 0.35, 0.45, 0.5, 0.55, 0.5, 0.3, 0.5, 0.75, 0.45, 0.4, 0.4, 0.35, 0.45, 0.55, 0.65, 0.55, 0.65, 0.4, 0.7, 0.75, 0.5, 0.95]"
deepseek-r1-distill-qwen-14b,b9e317df6f71d14e177013c57587becf,94106033bbeb8ffd9e6630f2d949b575ca3a9621e716b6121d317878790096ee,True,Liponeurotheke,25,26,548,780,18,0.72,561,0.7445255474452555,0.8947368421052632,0.0,1.0,18,0.7445255474452555,"[0.0, 0.0, 0.0, 0.0, 0.0, 0.0, 0.0, 0.0, 0.0, 0.0, 0.15, 0.4, 0.3, 0.25, 0.5, 0.25, 0.65, 0.7368, 0.8947, 1.0, 1.0, 1.0, 1.0, 1.0, 1.0, 1.0]"
deepseek-r1-distill-qwen-14b,b9e317df6f71d14e177013c57587becf,b4c3869a3078a87fb2e7741d80710491d579e1991bd1115d69e11fb29ba3be33,False,Medulloblastoma,16,17,390,630,10,0.625,380,0.5820512820512821,1.0,0.1,1.0,10,0.5820512820512821,"[0.1, 0.2, 0.1, 0.1, 0.35, 0.45, 0.3684, 0.3158, 0.25, 0.55, 1.0, 0.9, 1.0, 1.0, 1.0, 1.0, 1.0]"
deepseek-r1-distill-qwen-14b,bc3da8074eec813548bda5ec813b8a9b,8332067a5de07254705402a552ab8411922f03f36ff17e09e8962d187a4b9be2,True,Graves disease,58,59,1484,3676,15,0.25862068965517243,2506,0.22035040431266847,0.85,0.9,1.0,49,0.8160377358490566,"[0.9, 0.8, 0.7, 0.85, 0.75, 0.6, 0.65, 0.8, 0.6, 0.85, 0.8, 0.8, 1.0, 0.8947, 0.5, 0.85, 0.9, 0.85, 0.85, 0.8, 0.8, 0.95, 0.85, 0.7, 0.8, 0.75, 0.8, 0.85, 0.85, 0.8, 0.7368, 0.8, 0.7368, 0.85, 0.6842, 0.9, 0.85, 0.95, 0.85, 0.9, 0.65, 0.95, 0.85, 0.95, 0.85, 0.9474, 1.0, 0.8, 0.75, 0.95, 0.85, 0.9, 0.85, 1.0, 0.9, 0.95, 1.0, 0.95, 1.0]"
deepseek-r1-distill-qwen-14b,bc3da8074eec813548bda5ec813b8a9b,99366890345f78363b02433b13aef30868f1561a76219af3548d88af0e40f670,False,Schizophrenia,35,36,796,3057,28,0.8,2770,0.742462311557789,0.8421052631578947,0.05,1.0,30,0.8040201005025126,"[0.05, 0.1, 0.0, 0.05, 0.05, 0.05, 0.05, 0.15, 0.2, 0.05, 0.15, 0.2105, 0.05, 0.05, 0.15, 0.25, 0.35, 0.55, 0.8, 0.5, 0.75, 0.7, 0.6842, 0.5789, 0.8, 0.5, 0.5789, 0.7, 0.8421, 0.7, 0.95, 0.95, 0.95, 1.0, 1.0, 1.0]"
deepseek-r1-distill-qwen-14b,bcac057435ccb3a54effa545db18a3d1,463e4d6570b7910bc47403849f08be2b36e51568e43e1be8dc3992ff576fb93f,True,Erythema ab igne,101,102,1989,2283,96,0.9504950495049505,2051,0.9416792357968828,0.9473684210526315,0.6842105263157895,1.0,96,0.9416792357968828,"[0.6842, 0.8333, 0.65, 0.5, 0.7368, 0.95, 0.6, 0.5, 0.7, 0.75, 0.6, 0.6842, 0.7, 0.75, 1.0, 0.85, 0.7, 0.7222, 0.7, 0.8, 0.65, 0.8, 0.7, 0.75, 0.8, 0.85, 0.85, 0.9, 0.7368, 0.6842, 0.8, 0.75, 0.8, 0.95, 0.75, 0.6842, 0.8333, 0.6842, 0.7895, 0.6316, 0.9, 0.6, 0.55, 0.7, 0.7, 0.6, 0.6842, 0.8333, 0.6, 0.65, 0.75, 0.7, 0.7368, 0.35, 0.6, 0.45, 0.6, 0.75, 0.6316, 0.8, 0.7, 0.7, 0.7368, 0.7895, 0.6842, 0.6, 0.65, 0.9, 0.7368, 0.55, 0.6, 0.75, 0.4737, 0.3684, 0.65, 0.75, 0.7, 0.65, 0.45, 0.6316, 0.5789, 0.6316, 0.7, 0.6842, 0.35, 0.4444, 0.4, 0.5, 0.25, 0.4, 0.4211, 0.5, 0.8, 0.5263, 0.35, 0.7895, 0.9474, 1.0, 1.0, 1.0, 1.0, 1.0]"
deepseek-r1-distill-qwen-14b,beea037b8f8cec59caa352ec11f501da,2dcdd663b2da1d67645f7384769ff54bd2484d0f7850cc843e5703f9f14b5243,True,Nevus sebaceus,31,32,621,824,25,0.8064516129032258,639,0.7906602254428341,0.95,0.6,1.0,25,0.7906602254428341,"[0.6, 0.25, 0.5, 0.55, 0.6, 0.3158, 0.7, 0.55, 0.5, 0.75, 0.75, 0.55, 0.7, 0.85, 0.9, 0.8421, 0.85, 0.8, 0.8, 0.9, 0.65, 0.8, 0.8, 0.2, 0.2, 0.95, 1.0, 1.0, 1.0, 1.0, 1.0, 1.0]"
deepseek-r1-distill-qwen-14b,bcac057435ccb3a54effa545db18a3d1,83f833e05b151f74af22c524fdb11db7300c32e36be379f8c5611b336a5e38dd,False,Umbilical Endometriosis,30,31,670,1006,17,0.5666666666666667,546,0.5492537313432836,0.9,0.05,1.0,17,0.5492537313432836,"[0.05, 0.0526, 0.0, 0.0, 0.05, 0.0, 0.0, 0.0, 0.0526, 0.0, 0.05, 0.05, 0.0, 0.0, 0.0, 0.0, 0.7, 0.9, 0.9, 0.8, 0.85, 1.0, 1.0, 1.0, 1.0, 1.0, 1.0, 1.0, 1.0, 1.0, 1.0]"
deepseek-r1-distill-qwen-14b,beea037b8f8cec59caa352ec11f501da,e0d65d06fea6b486edac78fe7241f2d6be94e917bc4ce6af39600a9c3f959298,False,Seborrheic keratosis,29,30,528,748,16,0.5517241379310345,409,0.4943181818181818,0.95,0.25,1.0,16,0.4943181818181818,"[0.25, 0.1, 0.1579, 0.2, 0.2632, 0.05, 0.1579, 0.05, 0.15, 0.15, 0.1, 0.35, 0.55, 0.4, 0.5, 0.6, 0.95, 0.9, 1.0, 0.9, 0.85, 0.9, 1.0, 0.95, 0.9474, 0.95, 1.0, 1.0, 1.0, 1.0]"
deepseek-r1-distill-qwen-14b,c13ba1d468ea408964a3ccd245638056,31000cb211ff3899b0da93d332a981d697bde4bed70f3fe181b009add778e113,True,Renal Abscess,20,21,421,625,8,0.4,297,0.3491686460807601,0.85,0.5,1.0,16,0.7838479809976246,"[0.5, 0.7368, 0.85, 0.55, 0.8, 0.6, 0.8, 0.5263, 0.85, 0.8, 0.9, 0.75, 0.9, 0.65, 0.8, 0.75, 0.9474, 0.8, 0.95, 1.0, 1.0]"
deepseek-r1-distill-qwen-14b,c13ba1d468ea408964a3ccd245638056,79060cfbdae0da21a9d39a98091f83483804fb27ca059a691dac53ec88d218f6,False,Renal Cell Carcinoma,29,30,587,799,19,0.6551724137931034,520,0.6303236797274276,0.8947368421052632,0.15789473684210525,1.0,19,0.6303236797274276,"[0.1579, 0.1053, 0.0526, 0.1, 0.1, 0.1579, 0.3, 0.1, 0.5, 0.35, 0.45, 0.35, 0.5, 0.8947, 0.6, 0.9, 0.65, 0.75, 0.4, 0.8947, 1.0, 1.0, 1.0, 1.0, 1.0, 1.0, 1.0, 1.0, 1.0, 1.0]"
deepseek-r1-distill-qwen-14b,bf8e15580571e5c3976117c303cf144e,d1aefd3a02753df68a09876712715d50d1d9bc15e5099425682d1aa3085030d0,True,Ocular tuberculosis,72,73,1589,1828,67,0.9305555555555556,1588,0.8974197608558842,0.75,0.15,0.9,72,1.0,"[0.15, 0.05, 0.2632, 0.05, 0.2, 0.25, 0.1053, 0.2, 0.05, 0.3, 0.1, 0.2632, 0.35, 0.35, 0.3, 0.2, 0.15, 0.35, 0.3, 0.25, 0.05, 0.15, 0.35, 0.3, 0.4, 0.45, 0.2, 0.2, 0.1, 0.15, 0.0, 0.1, 0.25, 0.05, 0.05, 0.5263, 0.4, 0.5, 0.2, 0.4, 0.15, 0.3, 0.3, 0.45, 0.3, 0.35, 0.3, 0.55, 0.45, 0.4, 0.3, 0.4, 0.35, 0.15, 0.25, 0.6, 0.4, 0.7, 0.5, 0.45, 0.45, 0.45, 0.45, 0.5, 0.6, 0.55, 0.6, 0.75, 0.65, 0.65, 0.9, 0.55, 0.9]"
deepseek-r1-distill-qwen-14b,bf8e15580571e5c3976117c303cf144e,75a873bb84385013454f76cb321d520461e1235870c8992d1c6c140fdadaad0f,False,Trachoma,31,32,694,944,23,0.7419354838709677,653,0.707492795389049,0.8,0.6,1.0,23,0.707492795389049,"[0.6, 0.4, 0.65, 0.5, 0.65, 0.65, 0.85, 0.7, 0.7, 0.55, 0.5, 0.85, 0.85, 0.55, 0.45, 0.65, 0.45, 0.5, 0.4, 0.7, 0.4737, 0.75, 0.3, 0.8, 1.0, 1.0, 0.95, 1.0, 1.0, 1.0, 1.0, 1.0]"
deepseek-r1-distill-qwen-14b,c95386c8d35897f730a382e76e5ae272,4b8f45d70ee86b95a840842e2c8c142b47f5f943feeea62e6becba10ba4fc2e4,True,Keratoacanthoma,27,28,500,731,20,0.7407407407407407,539,0.72,0.8,0.7,1.0,20,0.72,"[0.7, 0.75, 0.7895, 0.8, 0.8947, 0.75, 0.75, 0.6842, 0.5556, 0.5, 0.45, 0.35, 0.55, 0.7368, 0.45, 0.5263, 0.5789, 0.7, 0.6, 0.75, 0.8, 0.95, 1.0, 1.0, 1.0, 1.0, 1.0, 1.0]"
deepseek-r1-distill-qwen-14b,c4ce6239240ed6d8489f1ee8bf9a4784,7f62af2be077978cd81dc34b712a8de25edb79d77ea97f95dd08ef2889819484,True,Central Retinal Artery Occlusion,45,46,946,1532,24,0.5333333333333333,964,0.5232558139534884,0.9,0.6,1.0,24,0.5232558139534884,"[0.6, 0.5, 0.5, 0.3, 0.45, 0.65, 0.65, 0.8421, 0.75, 0.6, 0.9, 0.7, 0.75, 0.75, 0.9, 0.7, 0.55, 0.75, 0.8, 0.8, 0.8, 0.7, 0.65, 0.5, 0.9, 1.0, 1.0, 0.85, 0.8, 0.95, 0.95, 0.95, 0.9, 1.0, 0.9474, 1.0, 1.0, 1.0, 1.0, 1.0, 1.0, 1.0, 1.0, 1.0, 1.0, 1.0]"
deepseek-r1-distill-qwen-14b,c95386c8d35897f730a382e76e5ae272,a2963cc902fde55ee58cddffb3ac66ae3ff63c00b4a5e783ac973ccdf732bcef,False,Epidermoid Cyst,101,102,1710,1993,26,0.25742574257425743,576,0.2321637426900585,0.85,0.1,1.0,33,0.30409356725146197,"[0.1, 0.2632, 0.1, 0.25, 0.1, 0.0, 0.1111, 0.15, 0.1053, 0.2, 0.1053, 0.0, 0.0526, 0.2, 0.05, 0.0, 0.35, 0.4, 0.3, 0.6842, 0.5789, 0.2778, 0.55, 0.85, 0.55, 0.75, 0.85, 0.65, 0.85, 0.8, 0.7, 0.85, 0.75, 0.9, 0.9, 0.95, 0.95, 0.9, 0.9, 0.9, 0.9, 0.9, 1.0, 0.9474, 0.95, 0.95, 0.9474, 1.0, 0.95, 1.0, 0.9, 0.9, 1.0, 0.95, 0.95, 0.9, 1.0, 0.9, 1.0, 0.95, 0.85, 0.95, 1.0, 1.0, 1.0, 0.95, 0.9, 1.0, 1.0, 1.0, 1.0, 0.95, 1.0, 0.95, 1.0, 1.0, 1.0, 1.0, 1.0, 0.95, 1.0, 0.95, 0.95, 0.95, 0.95, 0.9, 0.95, 1.0, 1.0, 1.0, 1.0, 0.95, 0.9, 1.0, 1.0, 1.0, 1.0, 1.0, 1.0, 1.0, 1.0, 1.0]"
deepseek-r1-distill-qwen-14b,c4ce6239240ed6d8489f1ee8bf9a4784,e4d05f0cf5a2a7b4884b9c6349978d8fdd0022048e3e9db8cd615b9e3b340297,False,Optic Neuritis,34,35,790,1315,20,0.5882352941176471,888,0.5303797468354431,0.95,0.3,1.0,20,0.5303797468354431,"[0.3, 0.35, 0.6, 0.6, 0.5, 0.3, 0.15, 0.5, 0.45, 0.25, 0.4211, 0.65, 0.55, 0.7, 0.25, 0.35, 0.7, 0.65, 0.6, 0.65, 0.95, 0.95, 0.9, 0.95, 1.0, 1.0, 1.0, 1.0, 1.0, 0.95, 1.0, 1.0, 1.0, 1.0, 1.0]"
deepseek-r1-distill-qwen-14b,cee4809157546a43546571ac67323953,bbe12bccaae394824ec6ca6ea39ea3d6b8d6daed7cc2fd104538351bee44cd60,True,Eruption cyst,29,30,497,720,0,0.0,159,0.0,1.0,1.0,1.0,0,0.0,"[1.0, 1.0, 1.0, 0.95, 0.9474, 0.95, 0.95, 1.0, 1.0, 1.0, 0.9474, 0.9, 1.0, 0.8947, 0.95, 1.0, 0.95, 1.0, 1.0, 1.0, 1.0, 1.0, 1.0, 1.0, 1.0, 1.0, 1.0, 1.0, 1.0, 1.0]"
deepseek-r1-distill-qwen-14b,cee4809157546a43546571ac67323953,2f4398d35e0e050a5ff9e5815b796810208507c473a696c5ceeeec927f2ddf95,False,Hemangioma,18,19,373,546,8,0.4444444444444444,322,0.43699731903485256,1.0,0.0,1.0,8,0.43699731903485256,"[0.0, 0.0, 0.0526, 0.0, 0.0, 0.0, 0.05, 0.0, 1.0, 1.0, 1.0, 1.0, 1.0, 1.0, 1.0, 1.0, 1.0, 1.0, 1.0]"
deepseek-r1-distill-qwen-14b,cc91c75860966ea7d69d7a716a857add,d76202ffb865662ead3f184d37960fd82f1280ac235823727fccf3e14b205db1,True,Secondary polycythemia due to chronic hypoxia,57,58,1010,1436,31,0.543859649122807,881,0.5178217821782178,0.85,0.25,1.0,39,0.6277227722772277,"[0.25, 0.2, 0.2632, 0.15, 0.2, 0.2, 0.15, 0.15, 0.25, 0.2, 0.1, 0.55, 0.3158, 0.55, 0.55, 0.5, 0.7, 0.6, 0.55, 0.8, 0.7895, 0.85, 0.8, 0.65, 0.8, 0.75, 0.8, 0.65, 0.65, 0.6, 0.9, 0.85, 0.7, 0.8, 0.65, 0.75, 0.75, 0.85, 0.75, 0.85, 0.95, 0.9, 0.95, 0.95, 0.95, 1.0, 1.0, 1.0, 1.0, 1.0, 1.0, 1.0, 1.0, 1.0, 1.0, 1.0, 1.0, 1.0]"
deepseek-r1-distill-qwen-14b,cc91c75860966ea7d69d7a716a857add,584feb929fc3c023d4529a1cdd718f38a125b6da45dc9882ae1ccd477aadd2ad,False,Polycythemia Vera,53,54,1185,1704,43,0.8113207547169812,1322,0.8135021097046413,0.8,0.4,0.9,47,0.8734177215189873,"[0.4, 0.25, 0.4211, 0.5, 0.2222, 0.5, 0.3158, 0.5, 0.45, 0.6, 0.3, 0.3, 0.7895, 0.55, 0.5, 0.85, 0.85, 0.8421, 1.0, 0.6, 0.6, 0.55, 0.9, 0.75, 0.55, 0.7, 0.7, 0.55, 0.55, 0.55, 0.45, 0.35, 0.9, 1.0, 0.9, 1.0, 1.0, 0.95, 1.0, 1.0, 0.55, 0.55, 0.6316, 0.8, 0.9, 0.85, 0.7, 0.85, 1.0, 0.95, 1.0, 0.9, 1.0, 0.9]"
deepseek-r1-distill-qwen-14b,d5242ac7089552f0687edd0e403512da,e19685f39a9b0397b90f8d823c81ce30287897997c3ca01c888e9c53fa3856b6,True,Chronic Granulomatous Disease,26,27,548,984,17,0.6538461538461539,689,0.6934306569343066,1.0,0.15,1.0,17,0.6934306569343066,"[0.15, 0.25, 0.2, 0.35, 0.4, 0.3, 0.3, 0.65, 0.45, 0.45, 0.5, 0.5, 0.5, 0.4737, 0.35, 0.35, 0.35, 1.0, 1.0, 1.0, 1.0, 1.0, 1.0, 1.0, 1.0, 1.0, 1.0]"
deepseek-r1-distill-qwen-14b,d2a373fbe65bd86a11545430c5394c7f,1ca89db5f145cd26e130880dfc27c66158ec9fd7dcdb6e6ef63252e8a7f584af,True,Graves Disease,55,56,891,1237,53,0.9636363636363636,1122,0.9652076318742986,0.95,0.1,1.0,53,0.9652076318742986,"[0.1, 0.0, 0.25, 0.2105, 0.0, 0.0, 0.1, 0.1, 0.15, 0.1, 0.0, 0.25, 0.0, 0.05, 0.2, 0.2, 0.05, 0.05, 0.0, 0.1, 0.35, 0.2, 0.3, 0.3, 0.35, 0.15, 0.0, 0.15, 0.15, 0.2, 0.15, 0.2, 0.25, 0.1, 0.05, 0.1, 0.35, 0.45, 0.55, 0.35, 0.55, 0.75, 0.7, 0.8, 0.7, 0.45, 0.5, 0.7, 0.75, 0.7, 0.75, 0.8, 0.55, 0.95, 0.95, 1.0]"
deepseek-r1-distill-qwen-14b,d5242ac7089552f0687edd0e403512da,b94f2045dbcaffa453c779a9c205ef6e91c70776bccc2829d7f79547fc712f6c,False,Severe Combined Immunodeficiency (SCID),88,89,2062,2389,88,1.0,2371,1.0,1.0,0.2,1.0,88,1.0,"[0.2, 0.3, 0.45, 0.4, 0.45, 0.65, 0.25, 0.5, 0.65, 0.45, 0.6316, 0.35, 0.6, 0.7, 0.5, 0.3, 0.25, 0.4, 0.55, 0.6, 0.45, 0.5, 0.45, 0.65, 0.1, 0.4, 0.5, 0.0, 0.05, 0.15, 0.0, 0.0, 0.1, 0.1, 0.15, 0.25, 0.1, 0.35, 0.05, 0.0, 0.05, 0.15, 0.1, 0.1, 0.05, 0.15, 0.05, 0.2, 0.15, 0.25, 0.15, 0.6, 0.65, 0.65, 0.05, 0.0, 0.2, 0.05, 0.2, 0.0, 0.35, 0.35, 0.25, 0.5, 0.5, 0.2, 0.25, 0.15, 0.1579, 0.2, 0.15, 0.15, 0.05, 0.2, 0.15, 0.25, 0.1, 0.2, 0.35, 0.3, 0.1, 0.45, 0.85, 0.45, 0.4, 0.7, 0.6316, 0.65, 1.0]"
deepseek-r1-distill-qwen-14b,d2a373fbe65bd86a11545430c5394c7f,b42850e327673788c35b3bd4a4c00a302d25d4ccad81ba16ca0578e421da0dc5,False,Primary Hyperparathyroidism,37,38,930,1207,11,0.2972972972972973,517,0.27419354838709675,0.85,0.05,1.0,11,0.27419354838709675,"[0.05, 0.1, 0.2, 0.35, 0.3, 0.4, 0.55, 0.35, 0.35, 0.3684, 0.6, 0.85, 0.8, 0.85, 0.95, 1.0, 0.8, 1.0, 1.0, 0.95, 0.95, 1.0, 1.0, 1.0, 1.0, 1.0, 1.0, 1.0, 1.0, 1.0, 1.0, 1.0, 1.0, 1.0, 1.0, 1.0, 0.95, 1.0]"
deepseek-r1-distill-qwen-14b,d9520eadbc83f9f98a8fb0442b0a7acc,95e317db14a05210c846dfd577ba183a1a277b1fbba82523a15a362b0395504d,True,Neuroleptic Malignant Syndrome,22,23,446,775,11,0.5,530,0.48878923766816146,0.8947368421052632,0.75,1.0,11,0.48878923766816146,"[0.75, 0.6316, 0.55, 0.25, 0.5, 0.4, 0.3684, 0.35, 0.75, 0.7, 0.4737, 0.8947, 0.95, 0.95, 1.0, 1.0, 1.0, 1.0, 1.0, 1.0, 1.0, 1.0, 1.0]"
deepseek-r1-distill-qwen-14b,d9e1496466a6206a8617add56ddce386,6e9cd55839e48f7ba4db0045e8b900a2a2138c470c255fc3bf2db37cd5efb912,True,Chronic pancreatitis,40,41,752,1001,17,0.425,495,0.41356382978723405,0.8,0.6,1.0,23,0.526595744680851,"[0.6, 0.55, 0.75, 0.6, 0.7, 0.6, 0.8, 0.6, 0.45, 0.6, 0.75, 0.55, 0.3, 0.45, 0.55, 0.95, 1.0, 0.8, 0.95, 0.85, 0.65, 0.75, 0.7, 0.95, 0.85, 0.9, 0.85, 0.9, 0.95, 1.0, 1.0, 1.0, 1.0, 1.0, 1.0, 1.0, 1.0, 1.0, 1.0, 1.0, 1.0]"
deepseek-r1-distill-qwen-14b,d9520eadbc83f9f98a8fb0442b0a7acc,488da8c629e5ab9420778a8e739142817b4c3b73b6816e54737e38f6ecef3716,False,Heat Stroke,23,24,492,862,17,0.7391304347826086,649,0.6849593495934959,0.8,0.3,1.0,17,0.6849593495934959,"[0.3, 0.2105, 0.15, 0.25, 0.25, 0.45, 0.2, 0.3, 0.15, 0.2, 0.3, 0.35, 0.35, 0.5, 0.5, 0.5, 0.25, 0.8, 1.0, 1.0, 1.0, 1.0, 1.0, 1.0]"
deepseek-r1-distill-qwen-14b,d9e1496466a6206a8617add56ddce386,1306b39708e895ad28664b79ddf99fc2965a349e0aec30feb6045ecbacfbde9e,False,Perforated peptic ulcer,77,78,1522,1793,47,0.6103896103896104,1171,0.6484888304862023,0.85,0.35,1.0,59,0.8061760840998686,"[0.35, 0.45, 0.1, 0.25, 0.35, 0.25, 0.3, 0.3684, 0.25, 0.1, 0.3, 0.35, 0.2, 0.1, 0.3, 0.1, 0.05, 0.0, 0.0526, 0.05, 0.2105, 0.1053, 0.1, 0.15, 0.15, 0.5, 0.35, 0.2, 0.5263, 0.6, 0.55, 0.75, 0.65, 0.9, 0.65, 0.8, 0.65, 0.55, 0.5, 0.65, 0.65, 0.35, 0.7, 0.6, 0.5263, 0.65, 0.75, 0.85, 0.65, 0.75, 0.65, 0.7, 0.8421, 0.7, 0.8, 0.7368, 0.7, 0.8, 0.7, 0.85, 1.0, 1.0, 1.0, 1.0, 0.85, 1.0, 0.95, 0.95, 0.95, 1.0, 1.0, 1.0, 1.0, 1.0, 1.0, 1.0, 1.0, 1.0]"
deepseek-r1-distill-qwen-14b,da2bd7e45b94e13e1fb97126ca03fcc4,f96010c4b4b171eb5be1473926783e8469e76a633bc0feb3c1818a2c94d238f8,True,Glomus Tumor,67,68,1230,1468,62,0.9253731343283582,1295,0.9276422764227642,0.8,0.47368421052631576,1.0,62,0.9276422764227642,"[0.4737, 0.55, 0.15, 0.35, 0.3, 0.3, 0.15, 0.15, 0.45, 0.25, 0.3, 0.55, 0.5, 0.15, 0.35, 0.4, 0.35, 0.3, 0.5, 0.35, 0.3, 0.25, 0.5, 0.25, 0.4, 0.25, 0.45, 0.5, 0.6, 0.3, 0.4, 0.45, 0.4, 0.4, 0.45, 0.45, 0.5, 0.4, 0.2, 0.25, 0.5, 0.4737, 0.55, 0.35, 0.45, 0.35, 0.5, 0.55, 0.25, 0.2, 0.1, 0.05, 0.05, 0.25, 0.1, 0.15, 0.25, 0.2105, 0.2, 0.45, 0.5, 0.55, 0.8, 1.0, 0.95, 1.0, 1.0, 1.0]"
deepseek-r1-distill-qwen-14b,da2bd7e45b94e13e1fb97126ca03fcc4,ac1be2f0984f2cd94b8fd6803c8d7436dadd3316d4d566949f6116e4700e53c6,False,Dermatofibrosarcoma Protuberans,24,25,488,721,14,0.5833333333333334,425,0.555327868852459,0.95,0.1,1.0,14,0.555327868852459,"[0.1, 0.05, 0.0, 0.05, 0.2, 0.0, 0.0, 0.05, 0.15, 0.05, 0.7, 0.6, 0.7895, 0.75, 0.95, 1.0, 1.0, 1.0, 1.0, 1.0, 1.0, 1.0, 1.0, 1.0, 1.0]"
deepseek-r1-distill-qwen-14b,df37dd0f3c463be2b4787059b63a9028,0235271b9e084f9fc0d0470d71685dd71aca30dc10493b985a8c4d0c5c235020,True,Functional Neurological Disorder,70,71,1252,1459,47,0.6714285714285714,978,0.6246006389776357,0.8,0.25,1.0,66,0.9185303514376997,"[0.25, 0.15, 0.1, 0.15, 0.2632, 0.1, 0.05, 0.1, 0.1053, 0.1, 0.25, 0.1053, 0.2, 0.2778, 0.3, 0.15, 0.4, 0.25, 0.3, 0.3, 0.1667, 0.35, 0.4, 0.2, 0.1053, 0.15, 0.15, 0.2105, 0.2, 0.2, 0.15, 0.3684, 0.1053, 0.2778, 0.3, 0.35, 0.2778, 0.1579, 0.2632, 0.05, 0.1, 0.2105, 0.35, 0.2632, 0.15, 0.4, 0.2778, 0.8, 0.85, 1.0, 0.85, 0.8, 0.7368, 0.7, 0.75, 0.75, 0.65, 0.9474, 0.7, 0.85, 0.8, 0.95, 0.85, 0.9, 0.9, 0.7, 0.9, 0.9, 1.0, 1.0, 1.0]"
deepseek-r1-distill-qwen-14b,dfa32d028f082d978149d2633a2c8bf3,563d544e0360baf2d5e26f97958d413117d144ce9b09c946b6dc5aef7b1f7ea5,True,COVID-19,26,27,562,1764,10,0.38461538461538464,1359,0.38434163701067614,0.85,0.8,1.0,10,0.38434163701067614,"[0.8, 0.85, 0.8, 0.7, 0.5, 0.75, 0.7, 0.6316, 0.75, 0.75, 0.85, 0.85, 0.95, 0.85, 0.85, 0.8421, 0.95, 0.95, 0.85, 0.8, 1.0, 1.0, 1.0, 1.0, 1.0, 1.0, 1.0]"
deepseek-r1-distill-qwen-14b,df37dd0f3c463be2b4787059b63a9028,1cb19894bc990166b31c11c3d74386ad3201f1d9e6a2f48ec6aacb34b1095882,False,Peripheral neuropathy,39,40,978,1235,17,0.4358974358974359,567,0.37934560327198363,0.2,0.0,0.05,21,0.5184049079754601,"[0.0, 0.05, 0.05, 0.0, 0.0, 0.05, 0.05, 0.05, 0.05, 0.0526, 0.05, 0.0, 0.1579, 0.1, 0.15, 0.05, 0.0, 0.2, 0.1579, 0.3, 0.4, 0.15, 0.15, 0.1053, 0.1, 0.1, 0.2, 0.15, 0.0, 0.0, 0.1053, 0.2, 0.05, 0.1, 0.1, 0.0, 0.15, 0.05, 0.1, 0.05]"
deepseek-r1-distill-qwen-14b,dfa32d028f082d978149d2633a2c8bf3,e5c12214ef663f6d2a1c5b6ec4d5b90ceb12d62c2d553394b83a2057579b5db2,False,Lung Cancer,55,56,1185,2393,54,0.9818181818181818,2295,0.9721518987341772,0.8235294117647058,0.05,1.0,54,0.9721518987341772,"[0.05, 0.0, 0.0, 0.0, 0.0, 0.0, 0.0, 0.0, 0.0, 0.0, 0.0, 0.0, 0.0, 0.0, 0.0, 0.0, 0.0, 0.0, 0.0, 0.0, 0.0, 0.0, 0.15, 0.1, 0.25, 0.1053, 0.2, 0.2, 0.2, 0.2778, 0.3, 0.2632, 0.15, 0.1, 0.3889, 0.25, 0.5294, 0.3158, 0.3158, 0.5, 0.4211, 0.35, 0.3889, 0.4118, 0.5, 0.4737, 0.3684, 0.4, 0.5, 0.6842, 0.6316, 0.7, 0.7, 0.7, 0.8235, 1.0]"
deepseek-r1-distill-qwen-14b,e71511f59eb934d904d9e69b91fb59ac,1334a7a5464062fdb3c3bc5f9df394a6045f168ef3f0035041cb0b01e9474b5e,True,Congenital cytomegalovirus infection,28,29,717,3156,0,0.0,2332,0.0,0.8,0.8,1.0,0,0.0,"[0.8, 0.8, 0.9, 0.85, 0.95, 0.9, 0.85, 0.8, 0.95, 0.85, 1.0, 1.0, 1.0, 1.0, 1.0, 1.0, 0.95, 0.9, 0.9, 0.9, 0.9474, 1.0, 1.0, 1.0, 1.0, 1.0, 1.0, 1.0, 1.0]"
deepseek-r1-distill-qwen-14b,e71511f59eb934d904d9e69b91fb59ac,8125ee3f1cd37c37372bfe0e9ca2e473f66ab64d7c5ec6468007bd2db15a9558,False,Congenital malaria,23,24,538,2884,13,0.5652173913043478,2607,0.5111524163568774,0.95,0.05,1.0,13,0.5111524163568774,"[0.05, 0.0, 0.05, 0.0, 0.1, 0.0, 0.0, 0.05, 0.15, 0.4, 0.1, 0.2, 0.25, 0.95, 1.0, 1.0, 1.0, 1.0, 1.0, 0.95, 1.0, 1.0, 1.0, 1.0]"
deepseek-r1-distill-qwen-14b,e84545b4073db0c4d84a58b5f4243d50,004628bc9736dbce9cdadf782c41fdbbc8960d75bd5420f74fb8c700bbf3954e,True,Central Diabetes Insipidus,71,72,1373,1682,49,0.6901408450704225,1162,0.6904588492352512,0.8,0.55,1.0,54,0.7560087399854334,"[0.55, 0.55, 0.4, 0.4, 0.4, 0.35, 0.4, 0.35, 0.55, 0.3, 0.4, 0.3, 0.55, 0.3, 0.4, 0.35, 0.75, 0.6, 0.55, 0.7, 0.6, 0.65, 0.6, 0.65, 0.6, 0.6, 0.6, 0.6, 0.3, 0.7, 0.6, 0.55, 0.5263, 0.55, 0.45, 0.65, 0.8, 0.45, 0.4, 0.5, 0.45, 0.45, 0.4, 0.4, 0.6, 0.6, 0.55, 0.75, 0.65, 0.8, 0.65, 0.85, 0.8, 0.7, 0.9, 0.95, 1.0, 0.9, 0.85, 1.0, 0.9, 0.9, 1.0, 0.95, 1.0, 1.0, 1.0, 0.95, 1.0, 1.0, 0.95, 1.0]"
deepseek-r1-distill-qwen-14b,e84545b4073db0c4d84a58b5f4243d50,ad5a3126ceb60ff49e64300a35ee0cd2f1793f86ef2d937fa6e206cf0bbbda23,False,Dipsogenic Diabetes Insipidus,119,120,2367,2654,50,0.42016806722689076,1183,0.4093789607097592,0.85,0.35,0.95,113,0.9235318969159273,"[0.35, 0.45, 0.55, 0.5, 0.15, 0.5, 0.25, 0.4, 0.3, 0.2, 0.55, 0.25, 0.3, 0.2, 0.4, 0.45, 0.35, 0.5, 0.5, 0.45, 0.7, 0.45, 0.5, 0.75, 0.65, 0.75, 0.6, 0.35, 0.75, 0.8, 0.7, 0.6, 0.7368, 0.8, 0.75, 0.75, 0.85, 0.8, 0.65, 0.95, 0.75, 0.7, 0.8, 0.9, 0.75, 0.7, 0.85, 0.8, 0.9, 0.5, 0.85, 0.7, 0.85, 0.95, 0.85, 0.65, 0.9, 0.8421, 0.75, 0.85, 0.9, 0.85, 0.75, 0.85, 0.75, 0.85, 0.85, 0.95, 0.95, 0.8947, 0.75, 0.95, 0.85, 0.65, 0.75, 0.8, 0.85, 0.8421, 0.95, 0.85, 0.95, 0.75, 0.95, 0.8421, 0.9, 0.9, 0.95, 0.8, 0.9, 0.9, 0.9, 0.9474, 0.85, 0.75, 0.95, 0.9, 0.95, 0.85, 0.95, 0.8, 0.95, 0.8, 0.95, 0.85, 0.9, 1.0, 0.75, 1.0, 1.0, 1.0, 0.8947, 0.8947, 0.7895, 1.0, 1.0, 0.95, 1.0, 0.9444, 0.9, 0.95]"
deepseek-r1-distill-qwen-14b,e9c3b2227f99155be055e871c23ef702,53e8a5614717d250f8e3276a478b48a8ee87a28d3c7b30f8dd9ca602f8cf6b80,True,Stimulant Intoxication,42,43,759,1154,28,0.6666666666666666,841,0.691699604743083,0.8,0.75,1.0,28,0.691699604743083,"[0.75, 0.65, 0.75, 0.75, 0.6, 0.55, 0.75, 0.7, 0.75, 0.55, 0.6, 0.5, 0.8, 0.85, 0.7, 0.6, 0.6, 0.75, 0.7, 0.7, 0.8, 0.9, 0.85, 0.9, 0.9, 0.9, 0.7, 0.4, 0.8, 0.9, 1.0, 1.0, 0.95, 0.85, 0.95, 0.95, 1.0, 0.95, 1.0, 0.95, 1.0, 1.0, 1.0]"
deepseek-r1-distill-qwen-14b,e9c3b2227f99155be055e871c23ef702,ac95af191c33cb6e23571ce1c189accef1e78a1fe17ccb8e29ec6b0c7e9549c9,False,Acute Anticholinergic Syndrome,53,54,1225,1647,26,0.49056603773584906,858,0.4424489795918367,0.8,0.1,1.0,29,0.49142857142857144,"[0.1, 0.2, 0.1, 0.05, 0.1, 0.2, 0.1, 0.1, 0.05, 0.05, 0.1, 0.1, 0.3, 0.2, 0.3, 0.2, 0.4, 0.25, 0.25, 0.35, 0.35, 0.45, 0.55, 0.9, 0.7, 0.7895, 0.8, 0.9, 0.65, 0.9, 0.95, 1.0, 0.9, 1.0, 1.0, 1.0, 1.0, 1.0, 1.0, 1.0, 1.0, 1.0, 1.0, 0.95, 1.0, 1.0, 1.0, 1.0, 1.0, 1.0, 1.0, 1.0, 1.0, 1.0]"
deepseek-r1-distill-qwen-14b,f31c3814e305d57f67bdcfac27ec4bc2,9dc6ce064e516dde7040b38f296d7e2b12ab7c367d5f3792f7c7ddd3c1597d71,True,Sepsis,38,39,873,1299,32,0.8421052631578947,1106,0.7915234822451317,0.8,0.15,1.0,32,0.7915234822451317,"[0.15, 0.2, 0.15, 0.25, 0.05, 0.3, 0.2, 0.1, 0.15, 0.4, 0.3, 0.1, 0.1, 0.2, 0.1111, 0.1, 0.05, 0.25, 0.3, 0.5, 0.35, 0.4, 0.65, 0.35, 0.5, 0.45, 0.5789, 0.55, 0.6316, 0.7, 0.2, 0.55, 0.8, 0.95, 0.9, 0.95, 1.0, 0.85, 1.0]"
deepseek-r1-distill-qwen-14b,f03a4eea989b069fe918734d9e1c2644,b97fb20d7ae216574817ba5bcdadb8a1d89e969797904529e4fd55a03a53caba,True,IgG4-related disease,81,82,1796,2078,44,0.5432098765432098,1075,0.5077951002227171,0.8,0.1,0.8,77,0.9420935412026726,"[0.1, 0.0, 0.05, 0.0, 0.15, 0.05, 0.0, 0.0, 0.0, 0.05, 0.1, 0.05, 0.1, 0.1, 0.25, 0.05, 0.15, 0.05, 0.05, 0.0526, 0.15, 0.15, 0.1, 0.2, 0.2, 0.1, 0.35, 0.15, 0.1, 0.35, 0.1053, 0.05, 0.15, 0.2, 0.3, 0.2, 0.15, 0.35, 0.35, 0.35, 0.3, 0.25, 0.5, 0.25, 0.8, 0.7, 0.7, 0.75, 0.9, 0.85, 0.8, 0.75, 0.7, 0.95, 0.85, 0.65, 0.85, 0.8, 0.75, 0.75, 0.95, 0.75, 0.8, 0.85, 0.8, 0.9, 0.7, 0.9, 0.9, 0.8, 0.7, 0.8, 0.8, 0.95, 0.9, 0.85, 0.7, 0.9, 0.75, 0.9, 0.85, 0.8]"
deepseek-r1-distill-qwen-14b,f31c3814e305d57f67bdcfac27ec4bc2,aad7b40be83afbb7b31299cb9640ce9d954d0729873c2f4a7442739ad4e3f56d,False,Beta-thalassemia,28,29,649,1143,18,0.6428571428571429,841,0.6563944530046225,0.85,0.05,1.0,24,0.847457627118644,"[0.05, 0.0, 0.0526, 0.1, 0.3, 0.25, 0.1, 0.15, 0.15, 0.45, 0.6316, 0.45, 0.45, 0.35, 0.4737, 0.45, 0.6, 0.75, 0.85, 0.75, 0.7, 0.8, 0.75, 0.75, 0.8, 0.9, 0.95, 1.0, 1.0]"
deepseek-r1-distill-qwen-14b,f03a4eea989b069fe918734d9e1c2644,8b49b9b74fb8e37871fb2dadc65d629fb702e681775a0212a05d62546a1614df,False,Epididymo-orchitis,81,82,1762,1992,54,0.6666666666666666,1328,0.6611804767309876,0.8,0.0,0.7,80,0.978433598183882,"[0.0, 0.0, 0.0, 0.0, 0.0, 0.0, 0.0, 0.0, 0.0, 0.0, 0.0, 0.0, 0.0, 0.05, 0.1, 0.1, 0.15, 0.15, 0.05, 0.15, 0.15, 0.1, 0.2105, 0.1, 0.15, 0.2632, 0.05, 0.1, 0.0, 0.2, 0.3, 0.1579, 0.1, 0.15, 0.3, 0.25, 0.2, 0.1, 0.35, 0.15, 0.3158, 0.35, 0.4, 0.4, 0.6, 0.75, 0.65, 0.4, 0.8, 0.8, 0.7, 0.5, 0.65, 0.9, 0.8, 0.9, 0.75, 0.9, 0.8, 0.95, 0.7, 0.95, 0.8, 0.65, 0.85, 0.8, 0.7, 0.95, 0.75, 0.8, 0.9, 1.0, 0.85, 0.8, 0.8, 0.85, 0.85, 0.9, 0.95, 0.9, 0.75, 0.7]"
deepseek-r1-distill-qwen-14b,fa3f1534a8d672e364f916665953a826,ced8cd87a7163a6479df7d43bc38bf5fc98034d067c0954da13cbf3f7ce13305,True,Scleredema,22,23,508,2997,16,0.7272727272727273,2758,0.6968503937007874,0.85,0.6,1.0,16,0.6968503937007874,"[0.6, 0.5, 0.55, 0.6, 0.4, 0.6, 0.8, 0.85, 0.7, 0.65, 0.55, 0.65, 0.45, 0.65, 0.85, 0.45, 0.85, 0.95, 0.95, 0.95, 0.95, 1.0, 1.0]"
deepseek-r1-distill-qwen-14b,f448710697f1d3734fbc187ad15c748c,c53115d7c6a1ac45535b2cb05749c583ef95df253680c0ae4c8d2195202f9cc2,True,Breast fibroma,45,46,754,992,44,0.9777777777777777,895,0.9708222811671088,0.75,0.1,0.95,44,0.9708222811671088,"[0.1, 0.0, 0.05, 0.0, 0.05, 0.05, 0.05, 0.0526, 0.1, 0.0, 0.0, 0.0, 0.0, 0.0, 0.0526, 0.05, 0.0, 0.05, 0.0, 0.0, 0.1, 0.05, 0.05, 0.0, 0.0, 0.05, 0.1, 0.1, 0.1, 0.15, 0.05, 0.0, 0.35, 0.35, 0.35, 0.2, 0.55, 0.45, 0.35, 0.55, 0.65, 0.65, 0.6, 0.7, 0.75, 0.95]"
deepseek-r1-distill-qwen-14b,fa3f1534a8d672e364f916665953a826,1db50376e0f09cc44f73ec4d6e86e4339c77f57b172b0da182e34ef3dd9730c1,False,Light chain amyloidosis (AL),29,30,642,3167,29,1.0,3046,1.0,0.3,0.05,0.3,29,1.0,"[0.05, 0.05, 0.0, 0.0, 0.0, 0.05, 0.05, 0.0526, 0.0, 0.0, 0.0, 0.0, 0.0, 0.0, 0.0, 0.0, 0.05, 0.0, 0.0, 0.0, 0.0, 0.0, 0.05, 0.85, 0.75, 0.95, 0.85, 0.75, 1.0, 0.3]"
deepseek-r1-distill-qwen-14b,f448710697f1d3734fbc187ad15c748c,6e7ea24d41636c0d6b24031d9509eba55cdef151e97803652f6255246d67f6f5,False,Breast seroma,43,44,852,1069,34,0.7906976744186046,838,0.7922535211267606,0.95,0.1,1.0,34,0.7922535211267606,"[0.1, 0.1, 0.0, 0.05, 0.15, 0.1, 0.0, 0.0, 0.25, 0.05, 0.0, 0.05, 0.1, 0.0, 0.0, 0.05, 0.05, 0.0, 0.05, 0.05, 0.2, 0.15, 0.45, 0.6, 0.65, 0.6, 0.65, 0.65, 0.65, 0.85, 0.7368, 0.8, 0.65, 0.6, 0.95, 0.9, 0.8, 0.8, 0.9474, 0.95, 1.0, 1.0, 1.0, 1.0]"
deepseek-r1-distill-qwen-14b,fb9fdfc495c899901c9c864e13bfeaff,96f36fcf2b07253489263177b2a69372a9f4cd1cda469a4274bbd50e82d1345a,True,Constitutional Delay of Growth and Puberty,28,29,484,842,9,0.32142857142857145,431,0.3140495867768595,0.8888888888888888,0.15,1.0,9,0.3140495867768595,"[0.15, 0.4737, 0.2, 0.25, 0.45, 0.2105, 0.5, 0.7368, 0.6316, 0.8889, 0.8889, 0.9, 0.85, 0.85, 0.8947, 0.95, 1.0, 1.0, 0.9474, 1.0, 1.0, 1.0, 1.0, 1.0, 1.0, 1.0, 1.0, 1.0, 1.0]"
deepseek-r1-distill-qwen-14b,fb9fdfc495c899901c9c864e13bfeaff,863d5a5ae3698b3d5c6ef2b0e90dc6c2bab149f69561d22c6a2d86a5ef639153,False,Growth Hormone Deficiency,28,29,497,836,12,0.42857142857142855,514,0.47283702213279677,0.9,0.7894736842105263,1.0,12,0.47283702213279677,"[0.7895, 0.55, 0.7778, 0.75, 0.4211, 0.5, 0.6, 0.7, 0.8, 0.6, 0.55, 0.75, 0.9, 1.0, 1.0, 1.0, 1.0, 1.0, 1.0, 1.0, 1.0, 1.0, 1.0, 1.0, 1.0, 1.0, 1.0, 1.0, 1.0]"
deepseek-r1-distill-qwen-14b,fc75c4214c86972be10f49fa2b6b58ee,7c8334ed48a23a23477a0420a96559a0c9ca7e027c1c001207e502263e6c9144,True,Recurrent oligodendroglioma,34,35,740,1361,16,0.47058823529411764,908,0.41216216216216217,0.9,0.75,1.0,21,0.5364864864864864,"[0.75, 0.55, 0.6, 0.75, 0.75, 0.75, 0.6, 0.85, 0.55, 0.7, 0.6, 0.6316, 0.7, 0.55, 0.6, 0.75, 0.9, 0.8, 0.9, 0.8, 0.75, 0.95, 1.0, 0.9, 1.0, 0.8, 1.0, 0.95, 0.9, 0.8421, 0.9, 0.9, 1.0, 1.0, 1.0]"
deepseek-r1-distill-qwen-14b,fc75c4214c86972be10f49fa2b6b58ee,a1a15fb8587fbdf574b6c8b146e149ac1fbbc84f1e93227973974c5170e58c07,False,Paraneoplastic syndrome,32,33,751,1368,29,0.90625,1265,0.881491344873502,0.9,0.0,1.0,29,0.881491344873502,"[0.0, 0.0526, 0.0, 0.05, 0.0, 0.1, 0.15, 0.05, 0.0, 0.0, 0.1, 0.1, 0.05, 0.0, 0.0, 0.0, 0.0, 0.05, 0.0, 0.05, 0.1053, 0.2, 0.3, 0.35, 0.3, 0.25, 0.5, 0.2, 0.5, 0.9, 1.0, 1.0, 1.0]"
deepseek-r1-distill-qwen-14b,fdb1907f7938f5641e21a14cd72d5adb,978d2c058622d87fba2e0e951c4a5e95fbaf58250b33d0e88f163d70f4b1a4e6,True,Spotted fever rickettsiosis,40,41,898,2811,22,0.55,2386,0.5434298440979956,0.8,0.15,0.95,27,0.6636971046770601,"[0.15, 0.45, 0.4, 0.35, 0.45, 0.55, 0.4, 0.55, 0.7, 0.35, 0.55, 0.5, 1.0, 0.95, 0.9, 0.95, 1.0, 1.0, 1.0, 0.9, 0.9, 0.75, 0.8, 0.95, 0.85, 0.9, 0.7, 0.95, 0.8, 0.85, 0.8, 0.85, 0.8, 0.85, 1.0, 1.0, 1.0, 1.0, 0.95, 1.0, 0.95]"
deepseek-r1-distill-qwen-14b,fdb1907f7938f5641e21a14cd72d5adb,03a9342afb6ce45e168c620181916e130fb4b0b3f44cdcf8ed730aff184fb5eb,False,Scrub typhus,47,48,883,2870,25,0.5319148936170213,2351,0.5130237825594564,0.8,0.15,1.0,27,0.5436013590033975,"[0.15, 0.25, 0.2, 0.4, 0.35, 0.2, 0.1, 0.2, 0.1, 0.3, 0.35, 0.4, 0.4, 0.45, 0.35, 0.55, 0.6, 0.45, 0.65, 0.6, 0.65, 0.55, 0.45, 0.6, 0.75, 0.8, 0.75, 0.85, 0.85, 0.9, 1.0, 1.0, 1.0, 1.0, 1.0, 1.0, 1.0, 1.0, 1.0, 1.0, 1.0, 1.0, 1.0, 1.0, 1.0, 1.0, 1.0, 1.0]"
gpt-oss-20b,0148cedaed162d8c1591e7dad5de6dec,cab974e1c65be47cb08acb6fff44408c486b077a4d269e0fa3d13fed2ab45198,True,Major Depressive Disorder,23,24,291,895,1,0.043478260869565216,425,0.12027491408934708,0.8888888888888888,0.75,1.0,1,0.12027491408934708,"[0.75, 0.8889, 0.85, 0.8, 0.9, 0.9444, 1.0, 0.95, 1.0, 1.0, 1.0, 1.0, 1.0, 1.0, 1.0, 1.0, 1.0, 1.0, 1.0, 1.0, 1.0, 1.0, 1.0, 1.0]"
gpt-oss-20b,07dbd8eabfba4b1d9d665331dea90335,26147f42c68f1fe01382789fe26bf6c84dd585b163a5fa28cd5d81ebe681995f,True,Uterine Inversion,37,38,801,1176,21,0.5675675675675675,661,0.5480649188514357,0.9473684210526315,0.4,1.0,21,0.5480649188514357,"[0.4, 0.3, 0.15, 0.3, 0.25, 0.35, 0.2632, 0.35, 0.25, 0.3158, 0.35, 0.25, 0.5, 0.4, 0.7, 0.3684, 0.5, 0.3, 0.3158, 0.35, 0.6842, 0.9474, 1.0, 1.0, 1.0, 1.0, 1.0, 1.0, 1.0, 1.0, 0.9, 1.0, 1.0, 1.0, 1.0, 1.0, 1.0, 1.0]"
gpt-oss-20b,0148cedaed162d8c1591e7dad5de6dec,34cb71f44e5694f1f17d37f9e1d5a256f1160f19c2881538b23b67fe3c7db2f7,False,Alzheimer's Disease,58,59,635,1298,8,0.13793103448275862,491,0.15905511811023623,0.8421052631578947,0.10526315789473684,1.0,36,0.552755905511811,"[0.1053, 0.1053, 0.15, 0.1, 0.1667, 0.2, 0.3, 0.75, 0.8421, 0.7895, 0.7, 0.9474, 0.8947, 0.85, 0.65, 0.95, 0.95, 0.8, 0.95, 0.9, 0.85, 0.75, 0.75, 0.8, 0.8947, 0.9, 0.9, 0.8421, 0.65, 0.7, 0.7, 0.7368, 0.9, 0.9, 0.85, 0.7368, 0.9, 1.0, 1.0, 0.95, 0.95, 0.95, 1.0, 0.95, 0.8947, 0.8947, 0.8947, 0.8333, 1.0, 1.0, 1.0, 1.0, 1.0, 1.0, 1.0, 1.0, 1.0, 1.0, 1.0]"
gpt-oss-20b,07dbd8eabfba4b1d9d665331dea90335,0d3fc8b55643fde0094d3e401edea33d1386c4173ec519a702906990425e2433,False,Retained Placenta,30,31,576,933,6,0.2,351,0.22395833333333334,0.9,0.35,1.0,6,0.22395833333333334,"[0.35, 0.7, 0.75, 0.75, 1.0, 0.75, 0.9, 0.9, 0.9, 1.0, 0.9474, 0.95, 0.95, 0.95, 1.0, 0.95, 1.0, 0.9, 0.95, 0.95, 0.9474, 1.0, 1.0, 1.0, 1.0, 0.95, 0.95, 1.0, 1.0, 1.0, 1.0]"
gpt-oss-20b,14a87d69ccc079d85a0f5d57dc4a7bdb,c58297f4817a0ae94cba79af2dfd3a72f0986e0f7f302b1c0d1363e56f79b354,True,Oligozoospermia,29,30,306,656,3,0.10344827586206896,269,0.13398692810457516,1.0,0.2,1.0,3,0.13398692810457516,"[0.2, 0.3158, 0.5789, 1.0, 0.8, 0.85, 1.0, 1.0, 0.9, 0.95, 0.9, 1.0, 0.9, 0.9, 0.9, 0.9444, 1.0, 0.95, 0.9, 1.0, 1.0, 1.0, 0.9474, 1.0, 1.0, 1.0, 0.9474, 1.0, 1.0, 1.0]"
gpt-oss-20b,0a50a7f439c2c0e933b8132ed7650075,442d03d6e67c557341acb110a795ce0d309e26579d5051851431ba3913c0bc19,True,Psychogenic Non-Epileptic Seizure,37,38,489,980,2,0.05405405405405406,398,0.10633946830265849,0.9,0.9,1.0,2,0.10633946830265849,"[0.9, 0.7, 0.9, 1.0, 1.0, 0.95, 1.0, 1.0, 1.0, 1.0, 1.0, 1.0, 1.0, 1.0, 1.0, 1.0, 1.0, 1.0, 1.0, 1.0, 1.0, 1.0, 1.0, 1.0, 1.0, 0.95, 1.0, 1.0, 1.0, 1.0, 1.0, 1.0, 1.0, 1.0, 1.0, 1.0, 1.0, 1.0]"
gpt-oss-20b,14a87d69ccc079d85a0f5d57dc4a7bdb,e3670fbe293f20ac35a945edf492aa6bc673181d989a865febc41289fbff8ea1,False,Normozoospermia,71,72,982,1354,36,0.5070422535211268,781,0.5631364562118126,0.85,0.75,1.0,38,0.5967413441955194,"[0.75, 0.5789, 0.7, 0.55, 0.65, 0.75, 0.4, 0.35, 0.55, 0.35, 0.65, 0.65, 0.7368, 0.8, 0.6, 0.3, 0.5, 0.6, 0.55, 0.4737, 0.55, 0.5, 0.65, 0.6, 0.5, 0.4, 0.65, 0.3, 0.35, 0.55, 0.3684, 0.55, 0.75, 0.75, 0.7368, 0.75, 0.85, 0.75, 0.9, 0.9, 0.9, 1.0, 1.0, 0.95, 0.95, 1.0, 1.0, 1.0, 0.95, 1.0, 0.95, 1.0, 1.0, 1.0, 1.0, 1.0, 0.95, 1.0, 1.0, 0.9, 1.0, 0.95, 1.0, 1.0, 1.0, 1.0, 1.0, 1.0, 1.0, 1.0, 1.0, 1.0]"
gpt-oss-20b,0a50a7f439c2c0e933b8132ed7650075,e919eee5675823ea1b6b14e1293589e406dd1419babafeaba214d83569e6111d,False,Status Epilepticus,79,80,1237,1754,70,0.8860759493670886,1480,0.9167340339531124,0.8947368421052632,0.2,1.0,77,0.9797898140662894,"[0.2, 0.1, 0.1053, 0.4444, 0.35, 0.25, 0.35, 0.45, 0.25, 0.35, 0.65, 0.35, 0.6316, 0.3889, 0.4, 0.7, 0.65, 0.6, 0.65, 0.5789, 0.3158, 0.6316, 0.5, 0.5, 0.65, 0.3158, 0.45, 0.55, 0.6, 0.5, 0.45, 0.65, 0.65, 0.6, 0.6316, 0.5, 0.7778, 0.6, 0.6, 0.55, 0.6, 0.4737, 0.3, 0.45, 0.4211, 0.3, 0.05, 0.15, 0.45, 0.35, 0.35, 0.05, 0.3, 0.35, 0.15, 0.4, 0.4, 0.3, 0.3158, 0.3684, 0.35, 0.3, 0.3158, 0.2105, 0.5, 0.2632, 0.2632, 0.6, 0.65, 0.7368, 0.8947, 0.95, 0.95, 1.0, 1.0, 0.9, 0.7895, 1.0, 0.9474, 1.0]"
gpt-oss-20b,0a3c768a49d4110f6c1604ace9951ee5,9b2b64206af3bd50a15f2b1f8d8df9e87fb326ce418ffe587380368ebd9a6835,True,Generalized Anxiety Disorder,100,101,1392,1939,91,0.91,1699,0.9375,0.95,0.15789473684210525,1.0,98,0.9949712643678161,"[0.1579, 0.45, 0.35, 0.3158, 0.4211, 0.3, 0.4, 0.75, 0.75, 0.5, 0.75, 0.8, 0.55, 0.5789, 0.8421, 0.75, 0.4, 0.4, 0.75, 0.55, 0.75, 0.65, 0.85, 0.85, 0.8, 0.8947, 0.95, 0.8, 0.8947, 0.8421, 0.85, 0.8, 0.8947, 0.8, 0.8889, 0.8, 0.95, 1.0, 0.85, 1.0, 1.0, 1.0, 0.95, 1.0, 1.0, 0.9474, 1.0, 1.0, 1.0, 1.0, 1.0, 1.0, 0.9444, 0.95, 0.95, 0.95, 0.95, 0.95, 1.0, 0.95, 1.0, 1.0, 0.95, 1.0, 1.0, 0.8421, 0.8, 0.85, 0.9, 0.9, 0.9, 0.9, 0.8421, 0.9, 0.95, 0.85, 0.9, 0.8947, 0.7368, 0.95, 0.9444, 0.75, 0.8, 0.85, 0.8, 0.55, 0.7, 0.55, 0.7, 0.6, 0.7895, 0.95, 0.9, 0.95, 1.0, 0.95, 0.8421, 0.75, 1.0, 1.0, 1.0]"
gpt-oss-20b,258c0f33efb3e637962b4ea8f6971d09,e12b10f87d5dbd563dcadae3e710196771d535eff70b977a962fb961589cc0e5,True,Septic Arthritis,69,70,852,1354,31,0.4492753623188406,703,0.43427230046948356,0.9,0.1,1.0,31,0.43427230046948356,"[0.1, 0.15, 0.1579, 0.1, 0.1, 0.1, 0.1, 0.1053, 0.2, 0.2105, 0.35, 0.15, 0.1053, 0.15, 0.3, 0.25, 0.2, 0.3, 0.3684, 0.3, 0.25, 0.5556, 0.5789, 0.35, 0.4211, 0.3684, 0.4, 0.7895, 0.4737, 0.55, 0.75, 0.9, 0.85, 0.95, 0.8947, 0.9, 0.95, 0.85, 1.0, 0.8947, 0.9474, 0.8, 0.85, 0.9474, 0.8421, 0.9444, 0.8, 0.8333, 0.95, 1.0, 0.95, 0.95, 1.0, 0.95, 0.9474, 1.0, 1.0, 1.0, 1.0, 1.0, 1.0, 1.0, 1.0, 1.0, 1.0, 0.95, 1.0, 1.0, 1.0, 1.0]"
gpt-oss-20b,24686977bb5ff6eaee7dac452c92c4be,1c24e36ee9fc57da6a684917eb79af999765ecbb9a6474164e5a31c69ed2a366,True,IgG4-Related Hypophysitis,146,147,1999,4109,143,0.9794520547945206,3876,0.9829914957478739,0.9444444444444444,0.55,1.0,145,0.9979989994997499,"[0.55, 0.35, 0.45, 0.4211, 0.4, 0.4211, 0.35, 0.5, 0.25, 0.5263, 0.5, 0.35, 0.4, 0.5, 0.4211, 0.3158, 0.4, 0.3684, 0.5, 0.5, 0.3158, 0.5, 0.4, 0.5, 0.3, 0.5263, 0.25, 0.5, 0.3158, 0.6, 0.35, 0.7, 0.7, 0.5263, 0.7895, 0.4, 0.5263, 0.35, 0.4118, 0.5, 0.45, 0.2105, 0.6316, 0.6842, 0.4, 0.5, 0.4211, 0.5, 0.5, 0.4737, 0.45, 0.5263, 0.4211, 0.5789, 0.5263, 0.5789, 0.7368, 0.7895, 0.65, 0.6842, 0.5, 0.65, 0.7, 0.7, 0.7895, 0.6, 0.8889, 0.6667, 0.75, 0.7, 0.55, 0.45, 0.7, 0.6, 0.65, 0.75, 0.6316, 0.95, 0.6842, 0.7, 0.8, 0.85, 0.4, 0.55, 0.65, 0.7, 0.65, 0.7895, 0.7, 0.7, 0.6842, 0.6, 0.5, 0.55, 0.5263, 0.6, 0.6316, 0.6111, 0.7778, 0.6, 0.4737, 0.8, 0.65, 0.8235, 0.7368, 0.65, 0.5, 0.4, 0.5263, 0.4, 0.6316, 0.6, 0.55, 0.6842, 0.45, 0.3, 0.4, 0.35, 0.7, 0.3, 0.75, 0.65, 0.6842, 0.9474, 0.4211, 0.7368, 0.7778, 0.8, 0.8824, 0.7, 0.8, 0.9474, 1.0, 0.95, 0.85, 0.8421, 0.9, 0.8, 0.8, 0.7, 0.55, 0.45, 0.7, 0.9444, 0.7895, 1.0, 1.0]"
gpt-oss-20b,0a3c768a49d4110f6c1604ace9951ee5,27ba4b9cc54c0096c11b22846834ccca3c715ad992a284ec578becf5ca24e4ad,False,Illness Anxiety Disorder,138,139,1901,2469,36,0.2608695652173913,952,0.29352972119936876,0.8,0.1111111111111111,1.0,114,0.8174644923724356,"[0.1111, 0.0, 0.05, 0.4, 0.2, 0.25, 0.15, 0.1667, 0.3, 0.1579, 0.4, 0.05, 0.25, 0.15, 0.2, 0.3, 0.15, 0.35, 0.3158, 0.2, 0.5, 0.65, 0.5, 0.55, 0.5263, 0.55, 0.6, 0.4444, 0.65, 0.4, 0.6, 0.65, 0.7, 0.55, 0.6842, 0.9474, 0.8, 0.7895, 0.9, 0.8, 0.75, 0.8, 0.8421, 0.7, 0.75, 0.7368, 0.8, 0.6842, 0.9, 0.7778, 0.85, 0.95, 0.8421, 0.8, 0.9, 0.75, 0.9, 1.0, 0.8889, 0.9, 0.9, 0.95, 0.8, 0.95, 0.9, 0.75, 0.9, 0.95, 0.85, 1.0, 0.9, 0.95, 0.9, 0.9, 0.8, 0.9, 0.9, 0.8889, 0.7895, 0.8421, 0.7368, 0.7, 0.75, 0.85, 1.0, 0.85, 0.9, 0.8947, 0.7778, 0.9474, 0.85, 0.95, 0.95, 1.0, 0.95, 0.9, 1.0, 0.8421, 0.95, 0.85, 1.0, 0.8421, 0.95, 0.9474, 1.0, 1.0, 0.9474, 0.8421, 0.85, 0.9, 0.8, 0.9474, 1.0, 0.7222, 1.0, 1.0, 1.0, 1.0, 1.0, 0.95, 0.95, 1.0, 1.0, 1.0, 0.85, 0.95, 0.95, 0.95, 0.9, 0.95, 1.0, 1.0, 1.0, 1.0, 0.9474, 1.0, 1.0, 1.0, 1.0]"
gpt-oss-20b,224470287933cd1645a9c37f922eb1c8,74b4621860176eea6032e4dfdd280e991c1690e24ae6c510b4a1e64a0b368152,True,Atrial Septal Defect,35,36,686,1122,6,0.17142857142857143,329,0.15743440233236153,1.0,0.7222222222222222,1.0,6,0.15743440233236153,"[0.7222, 0.8, 0.85, 0.85, 0.8, 0.6, 1.0, 1.0, 1.0, 1.0, 1.0, 0.9474, 1.0, 0.95, 1.0, 0.9444, 1.0, 0.9, 1.0, 0.95, 1.0, 1.0, 1.0, 0.9474, 1.0, 1.0, 1.0, 1.0, 1.0, 0.9474, 1.0, 1.0, 1.0, 0.9474, 0.9474, 1.0]"
gpt-oss-20b,24686977bb5ff6eaee7dac452c92c4be,602f557c918ef789345af1576e909f7f951575b8e20fc2d2ae41c2726b21b781,False,Neurosarcoidosis,194,195,2650,4793,68,0.35051546391752575,2833,0.3479245283018868,0.2,0.1,0.2,187,0.970566037735849,"[0.1, 0.1053, 0.0, 0.05, 0.1, 0.1579, 0.2105, 0.15, 0.1, 0.1579, 0.1, 0.0, 0.0, 0.0, 0.0, 0.0, 0.0, 0.05, 0.0, 0.0, 0.0526, 0.0, 0.0, 0.05, 0.05, 0.05, 0.0, 0.05, 0.0, 0.0, 0.05, 0.1053, 0.0, 0.1, 0.05, 0.1053, 0.0, 0.0, 0.0526, 0.05, 0.0, 0.05, 0.0, 0.1053, 0.0, 0.1, 0.05, 0.0526, 0.0556, 0.0, 0.1, 0.1, 0.05, 0.0, 0.05, 0.0, 0.0526, 0.1176, 0.05, 0.0, 0.0526, 0.0, 0.05, 0.0, 0.0, 0.05, 0.0526, 0.0, 0.2, 0.2778, 0.1667, 0.2, 0.2, 0.2, 0.0526, 0.3, 0.25, 0.2222, 0.25, 0.1, 0.3, 0.1053, 0.1, 0.1053, 0.3, 0.2632, 0.3158, 0.3158, 0.2778, 0.25, 0.3158, 0.15, 0.1, 0.2105, 0.2632, 0.3889, 0.2222, 0.3158, 0.15, 0.2222, 0.1667, 0.15, 0.1579, 0.05, 0.15, 0.0526, 0.3158, 0.05, 0.1176, 0.05, 0.1, 0.05, 0.1, 0.25, 0.0526, 0.05, 0.1053, 0.2, 0.1579, 0.1667, 0.1579, 0.1579, 0.1111, 0.2778, 0.2105, 0.3, 0.2, 0.0526, 0.25, 0.0, 0.1053, 0.1053, 0.0, 0.1053, 0.2, 0.05, 0.0, 0.05, 0.2105, 0.2632, 0.05, 0.1, 0.25, 0.1579, 0.05, 0.0526, 0.15, 0.1579, 0.2, 0.25, 0.2, 0.1, 0.1579, 0.2, 0.05, 0.1053, 0.2, 0.0526, 0.05, 0.2, 0.05, 0.15, 0.0526, 0.0526, 0.05, 0.1, 0.1579, 0.35, 0.05, 0.25, 0.1579, 0.1, 0.35, 0.0, 0.15, 0.1, 0.0, 0.05, 0.05, 0.1, 0.0526, 0.1, 0.1, 0.0526, 0.0, 0.1, 0.0, 0.1, 0.1, 0.3, 0.3, 0.15, 0.1053, 0.2222, 0.2]"
gpt-oss-20b,258c0f33efb3e637962b4ea8f6971d09,12115ee07ba92549d68649825b6dd7aa734dc55c71b2802d15075036b7820b74,False,Reactive arthritis,216,217,3657,4244,195,0.9027777777777778,3653,0.9078479628110473,0.85,0.05,1.0,203,0.9373803664205633,"[0.05, 0.05, 0.1, 0.0526, 0.0526, 0.0, 0.05, 0.0526, 0.0526, 0.0526, 0.1, 0.0526, 0.0526, 0.0526, 0.2, 0.05, 0.05, 0.05, 0.1, 0.05, 0.0526, 0.1579, 0.1, 0.1, 0.15, 0.1, 0.2, 0.1, 0.05, 0.15, 0.05, 0.0, 0.0, 0.0, 0.0, 0.0, 0.0, 0.05, 0.0, 0.05, 0.0, 0.0, 0.05, 0.1, 0.05, 0.0, 0.1, 0.0526, 0.0, 0.0526, 0.1, 0.0, 0.0, 0.0, 0.0, 0.0, 0.05, 0.05, 0.15, 0.1, 0.0, 0.0, 0.0, 0.1, 0.1, 0.15, 0.15, 0.0, 0.2, 0.05, 0.05, 0.1053, 0.05, 0.0, 0.0, 0.1053, 0.0, 0.0, 0.0526, 0.0, 0.15, 0.1053, 0.0, 0.05, 0.05, 0.1579, 0.05, 0.05, 0.0526, 0.05, 0.0, 0.05, 0.0, 0.1053, 0.0526, 0.2, 0.05, 0.0556, 0.1, 0.0, 0.0, 0.0, 0.05, 0.05, 0.05, 0.05, 0.0, 0.1, 0.0, 0.05, 0.1, 0.2, 0.0, 0.1579, 0.0, 0.1, 0.0, 0.0, 0.0526, 0.1053, 0.05, 0.1053, 0.0, 0.0, 0.0526, 0.2, 0.35, 0.2778, 0.4, 0.2, 0.1, 0.2105, 0.2632, 0.3, 0.2, 0.3158, 0.15, 0.15, 0.2632, 0.4737, 0.25, 0.2, 0.2, 0.1053, 0.1, 0.3, 0.3, 0.1, 0.2, 0.2, 0.05, 0.25, 0.05, 0.05, 0.25, 0.3158, 0.15, 0.35, 0.2, 0.1667, 0.2105, 0.0526, 0.1579, 0.15, 0.2, 0.2, 0.2, 0.1053, 0.3, 0.15, 0.1053, 0.2632, 0.3, 0.0526, 0.15, 0.1579, 0.1579, 0.2, 0.15, 0.3158, 0.2105, 0.15, 0.3, 0.45, 0.6, 0.6, 0.6, 0.7, 0.7222, 0.8947, 0.5294, 0.7647, 0.7895, 0.6, 0.5, 0.85, 0.8889, 0.8, 0.7778, 0.8947, 0.9, 0.7368, 0.7222, 0.9474, 0.9, 1.0, 1.0, 0.9444, 1.0, 1.0, 1.0, 1.0, 1.0, 1.0, 1.0, 1.0, 1.0]"
gpt-oss-20b,27f2b910c19b40bb9f36ce9a3a8909af,a1b7d8c2278c0fd8abe37ce587f28fdbf548666b10c85e4fefbd7194319e77a0,True,Prosthetic Valve Hemolysis,76,77,1020,4013,46,0.6052631578947368,3325,0.5647058823529412,0.9,0.5789473684210527,0.85,73,0.9656862745098039,"[0.5789, 0.55, 0.45, 0.6, 0.6, 0.7, 0.75, 0.5263, 0.6316, 0.4, 0.6, 0.75, 0.65, 0.6, 0.6316, 0.5, 0.65, 0.65, 0.6667, 0.5263, 0.65, 0.5263, 0.7, 0.75, 0.55, 0.55, 0.7368, 0.7895, 0.8421, 0.55, 0.5, 0.5789, 0.55, 0.5263, 0.75, 0.85, 0.9, 0.7, 0.7368, 0.85, 0.7778, 0.8, 0.65, 0.85, 0.9, 0.55, 0.9, 0.8, 0.8, 0.75, 0.85, 0.75, 0.85, 0.85, 0.9, 0.8, 1.0, 0.95, 0.8333, 0.9, 1.0, 0.85, 0.75, 0.95, 1.0, 0.95, 0.75, 0.95, 0.95, 1.0, 1.0, 0.75, 0.95, 0.85, 0.7368, 0.7647, 0.85]"
gpt-oss-20b,2600ed7d2340c964a027e94ed65d75f2,6718c1abf4415282a5b07b19865dd9e7968c6eb51ff68277f308a37b843ea452,True,Chikungunya,191,192,2282,3577,148,0.774869109947644,2931,0.8234005258545136,0.95,0.42105263157894735,1.0,148,0.8234005258545136,"[0.4211, 0.4211, 0.35, 0.4737, 0.3684, 0.4, 0.25, 0.25, 0.4737, 0.45, 0.4737, 0.15, 0.2632, 0.55, 0.45, 0.35, 0.2778, 0.45, 0.6, 0.5, 0.55, 0.4, 0.5789, 0.55, 0.7368, 0.35, 0.5263, 0.55, 0.6, 0.5, 0.4737, 0.65, 0.6, 0.2632, 0.5, 0.7, 0.75, 0.5789, 0.6, 0.6316, 0.8235, 0.75, 0.9, 0.8, 0.85, 0.75, 0.55, 0.5263, 0.6316, 0.75, 0.6316, 0.7, 0.8421, 0.8, 0.7368, 0.55, 0.6, 0.6, 0.9, 0.6842, 0.6, 0.6, 0.75, 0.9, 0.65, 0.8, 0.7368, 0.7, 0.6842, 0.75, 1.0, 0.6316, 0.7368, 0.8421, 0.6111, 0.85, 0.75, 0.75, 0.65, 0.7, 0.7895, 0.7368, 0.6842, 0.65, 0.55, 0.65, 0.7, 0.55, 0.6842, 0.55, 0.5789, 0.55, 0.75, 0.7368, 0.7895, 0.6842, 0.85, 0.75, 0.6316, 0.75, 0.7, 0.5263, 0.35, 0.55, 0.75, 0.6316, 0.4737, 0.7059, 0.8, 0.55, 0.5789, 0.8, 0.8421, 0.8, 0.6842, 0.5, 0.7, 0.55, 0.55, 0.75, 0.6, 0.65, 0.65, 0.5, 0.5, 0.7, 0.7368, 0.7, 0.75, 0.85, 0.85, 0.6, 0.9, 0.7, 0.55, 0.65, 0.75, 0.7222, 0.7895, 0.7, 0.85, 0.55, 0.75, 0.7368, 0.6, 0.9, 0.9, 0.7, 0.95, 1.0, 0.8, 0.85, 1.0, 0.95, 1.0, 0.9, 0.8, 0.9, 0.9, 0.9474, 1.0, 1.0, 0.95, 1.0, 0.95, 0.9, 0.8421, 0.95, 0.95, 0.95, 1.0, 1.0, 1.0, 1.0, 0.95, 0.95, 1.0, 1.0, 1.0, 1.0, 1.0, 0.9, 0.9474, 1.0, 0.95, 1.0, 1.0, 1.0, 1.0, 1.0, 1.0, 1.0]"
gpt-oss-20b,28891dd6ff7aaeaf92456def52f81530,0c2dfbe1212233d4c00064b0bf4270325419ffa9a2360fefe34e30aa666a2edf,True,Leigh syndrome,183,184,2876,4808,16,0.08743169398907104,1968,0.09561891515994436,0.8,0.6842105263157895,1.0,113,0.6634214186369958,"[0.6842, 0.3684, 0.4211, 0.6, 0.6, 0.6, 0.6316, 0.6842, 0.7, 0.55, 0.55, 0.55, 0.8, 0.8947, 0.5789, 0.7, 0.8, 0.9, 0.7, 0.9, 0.85, 0.8, 0.7, 0.7895, 0.8947, 0.7895, 0.9474, 0.8, 0.7368, 0.85, 0.9, 0.85, 0.7222, 0.9444, 0.8889, 0.7, 0.9, 0.9412, 0.8, 0.9474, 0.8421, 0.8, 0.7895, 0.8947, 0.9, 0.7, 0.9474, 0.8, 1.0, 0.8947, 0.8, 0.8421, 0.75, 0.9, 0.8947, 0.75, 0.8947, 0.75, 0.7895, 0.8, 0.9, 0.7, 0.95, 0.9474, 0.9, 0.65, 0.7895, 1.0, 0.7222, 0.85, 0.8421, 0.95, 0.8421, 0.9, 1.0, 0.75, 0.7778, 0.9, 0.85, 0.85, 0.85, 0.6316, 0.9, 1.0, 0.95, 0.8947, 0.75, 0.9, 0.85, 0.75, 0.75, 0.7778, 0.7895, 0.7222, 0.75, 0.7, 0.8, 0.8, 0.8, 0.8421, 0.85, 0.7368, 0.8421, 0.9444, 0.8421, 0.8889, 0.95, 1.0, 0.85, 0.7368, 0.7895, 0.8889, 0.7895, 0.8947, 0.85, 0.95, 0.85, 0.8, 0.9, 0.95, 0.95, 1.0, 0.8333, 0.95, 1.0, 0.8421, 0.9444, 0.8824, 0.95, 1.0, 1.0, 0.8421, 1.0, 0.9474, 0.8947, 1.0, 0.95, 0.95, 0.85, 1.0, 1.0, 0.85, 1.0, 1.0, 0.8, 1.0, 0.95, 1.0, 0.95, 1.0, 1.0, 1.0, 1.0, 0.9, 1.0, 1.0, 1.0, 1.0, 1.0, 1.0, 1.0, 1.0, 1.0, 1.0, 1.0, 1.0, 1.0, 0.9474, 0.9444, 1.0, 1.0, 1.0, 1.0, 1.0, 1.0, 1.0, 1.0, 1.0, 1.0, 1.0, 1.0, 1.0, 1.0, 1.0]"
gpt-oss-20b,2600ed7d2340c964a027e94ed65d75f2,cbfe0207f85736945ec8a92e13ac06680c3122060a55c9787899c7ad45cc35ae,False,Secondary syphilis,138,139,1689,3016,135,0.9782608695652174,2717,0.9857904085257548,1.0,0.0,1.0,135,0.9857904085257548,"[0.0, 0.0, 0.0, 0.05, 0.0, 0.0526, 0.15, 0.0, 0.2, 0.0526, 0.05, 0.1, 0.0526, 0.05, 0.1, 0.0, 0.0526, 0.0526, 0.05, 0.05, 0.0, 0.0, 0.1053, 0.0, 0.0, 0.1, 0.05, 0.1, 0.1111, 0.0526, 0.05, 0.0526, 0.05, 0.0, 0.05, 0.0, 0.0, 0.0, 0.0, 0.0, 0.0, 0.0, 0.0, 0.05, 0.0, 0.0526, 0.0, 0.0, 0.0, 0.0, 0.0526, 0.0, 0.05, 0.0, 0.0, 0.0556, 0.05, 0.0, 0.0526, 0.0, 0.0526, 0.2, 0.05, 0.1579, 0.2, 0.15, 0.1579, 0.5, 0.15, 0.25, 0.4, 0.2105, 0.2, 0.25, 0.25, 0.3, 0.1579, 0.4737, 0.3, 0.4737, 0.1111, 0.3158, 0.15, 0.25, 0.2632, 0.15, 0.1579, 0.0526, 0.3, 0.1, 0.0526, 0.15, 0.1579, 0.2, 0.0526, 0.2632, 0.1579, 0.2222, 0.1579, 0.2, 0.15, 0.1579, 0.15, 0.1579, 0.1, 0.15, 0.15, 0.05, 0.15, 0.3, 0.0526, 0.2222, 0.3158, 0.4, 0.4444, 0.45, 0.35, 0.5, 0.4, 0.3, 0.4, 0.2632, 0.45, 0.35, 0.5789, 0.15, 0.2, 0.4, 0.35, 0.25, 0.5, 0.25, 0.3158, 0.35, 0.6316, 1.0, 0.9444, 0.9474, 1.0]"
gpt-oss-20b,3544e050c3ae29b6422ea56dc506cd8d,963753210000a4e1f72e748f97f531de15cfeeb3dbc05ae2c17fc75435d15356,True,Pemphigus Foliaceus,114,115,1855,3928,106,0.9298245614035088,3629,0.9536388140161725,0.85,0.3,1.0,108,0.9611859838274932,"[0.3, 0.35, 0.5263, 0.8, 0.6, 0.6316, 0.65, 0.7, 0.6, 0.6842, 0.7368, 0.7, 0.8947, 0.75, 0.6, 0.7895, 0.5789, 0.3, 0.6, 0.8, 0.35, 0.7, 0.4737, 0.45, 0.5263, 0.2778, 0.45, 0.2105, 0.55, 0.5263, 0.4737, 0.55, 0.4, 0.2632, 0.65, 0.5263, 0.55, 0.55, 0.6, 0.4211, 0.5789, 0.6, 0.3, 0.3, 0.2222, 0.45, 0.4, 0.25, 0.5, 0.4211, 0.2, 0.1053, 0.2632, 0.3, 0.4, 0.5, 0.55, 0.3684, 0.25, 0.5, 0.2632, 0.4, 0.35, 0.5, 0.45, 0.4444, 0.3, 0.3684, 0.05, 0.0, 0.0, 0.1111, 0.15, 0.15, 0.3, 0.0556, 0.15, 0.15, 0.15, 0.25, 0.05, 0.15, 0.05, 0.1053, 0.05, 0.0, 0.0526, 0.1053, 0.3333, 0.35, 0.2105, 0.1579, 0.25, 0.3, 0.4444, 0.05, 0.4, 0.45, 0.5, 0.3, 0.4, 0.4737, 0.4, 0.45, 0.7, 0.75, 0.85, 0.7895, 1.0, 1.0, 1.0, 1.0, 1.0, 1.0, 1.0]"
gpt-oss-20b,28891dd6ff7aaeaf92456def52f81530,565c3d5662fd41d3c85ecb57cf263ebdcc2278e26ebbfed6cdb3eaf5c11d21f5,False,Pantothenate kinase-associated neurodegeneration,93,94,1657,3797,79,0.8494623655913979,3140,0.8732649366324683,0.8421052631578947,0.35,1.0,85,0.9336149668074833,"[0.35, 0.1053, 0.0556, 0.2, 0.1579, 0.3, 0.15, 0.15, 0.0, 0.25, 0.3, 0.1053, 0.1667, 0.45, 0.4, 0.4, 0.4211, 0.5789, 0.35, 0.3684, 0.4444, 0.25, 0.5, 0.6, 0.35, 0.35, 0.55, 0.45, 0.35, 0.4737, 0.35, 0.2632, 0.3158, 0.2632, 0.15, 0.15, 0.05, 0.3, 0.25, 0.05, 0.2, 0.15, 0.2, 0.15, 0.15, 0.4706, 0.4, 0.5, 0.55, 0.5, 0.4211, 0.4, 0.2, 0.3, 0.65, 0.3684, 0.3333, 0.3333, 0.5, 0.2105, 0.2632, 0.5, 0.4, 0.3, 0.55, 0.5263, 0.2105, 0.55, 0.4737, 0.5, 0.3889, 0.55, 0.65, 0.5, 0.6842, 0.4737, 0.55, 0.3889, 0.75, 0.8421, 0.8421, 0.8, 0.8421, 0.75, 0.65, 0.95, 0.8947, 0.8947, 0.95, 0.9474, 0.9, 0.8947, 0.85, 1.0]"
gpt-oss-20b,34f92cdb48573ee3ec1837da4f60ff3f,37b14114a333c246d27a57e5eeb2aecf18be078e7a97dd03e4432186dbdf0016,True,Posterior Hip Dislocation,47,48,711,1139,38,0.8085106382978723,885,0.8045007032348804,0.85,0.2,1.0,42,0.9338959212376934,"[0.2, 0.25, 0.3158, 0.3, 0.25, 0.2105, 0.4, 0.25, 0.1, 0.1, 0.0526, 0.05, 0.05, 0.6, 0.75, 0.55, 0.55, 0.6316, 0.3684, 0.3, 0.45, 0.3684, 0.3158, 0.45, 0.65, 0.5263, 0.65, 0.4, 0.45, 0.65, 0.7, 0.7368, 0.8, 0.75, 0.65, 0.55, 0.65, 0.6842, 0.85, 0.8, 0.65, 0.6842, 0.8, 0.9, 1.0, 0.95, 0.9474, 1.0]"
gpt-oss-20b,3544e050c3ae29b6422ea56dc506cd8d,6784ff057004402a92a5a39f7acaf369ee29cd4d6a8855d170fc47ea5edd4be3,False,Pemphigus Vulgaris,78,79,1167,3250,74,0.9487179487179487,2971,0.9520137103684662,0.8,0.15789473684210525,1.0,74,0.9520137103684662,"[0.1579, 0.3158, 0.3, 0.1, 0.45, 0.25, 0.3, 0.4211, 0.2, 0.4737, 0.3158, 0.2632, 0.65, 0.2632, 0.3158, 0.4, 0.2105, 0.25, 0.4, 0.2632, 0.2, 0.45, 0.25, 0.4, 0.2, 0.5, 0.4, 0.3684, 0.2, 0.5, 0.3, 0.15, 0.45, 0.4211, 0.5, 0.35, 0.3, 0.55, 0.35, 0.0556, 0.3684, 0.5, 0.4118, 0.45, 0.3, 0.4, 0.3684, 0.35, 0.45, 0.6, 0.25, 0.5, 0.3, 0.2632, 0.6, 0.5789, 0.6316, 0.7222, 0.6, 0.4737, 0.6316, 0.7, 0.6316, 0.6, 0.5789, 0.7, 0.55, 0.55, 0.3, 0.4, 0.55, 0.7, 0.95, 0.65, 0.8, 0.95, 1.0, 1.0, 1.0]"
gpt-oss-20b,34f92cdb48573ee3ec1837da4f60ff3f,01ee87246cc9b362311e251f5eb877f3bee90aee73689d91e1c608e52de66703,False,Femoral Neck Fracture,124,125,1962,2400,95,0.7661290322580645,1850,0.7833843017329256,0.8,0.5789473684210527,0.85,123,0.9969418960244648,"[0.5789, 0.4, 0.45, 0.55, 0.6, 0.55, 0.65, 0.2632, 0.65, 0.6, 0.55, 0.6, 0.55, 0.45, 0.45, 0.65, 0.45, 0.65, 0.45, 0.7368, 0.5263, 0.6, 0.6, 0.8, 0.5, 0.65, 0.8421, 0.75, 0.6, 0.6842, 0.55, 0.6842, 0.5, 0.4737, 0.35, 0.5, 0.4737, 0.6111, 0.6316, 0.5263, 0.6, 0.6, 0.75, 0.6316, 0.55, 0.6316, 0.7, 0.8, 0.8947, 0.7, 0.7895, 0.75, 0.85, 0.55, 0.7368, 0.65, 0.75, 0.75, 0.8, 0.7895, 0.9, 0.75, 0.9, 0.85, 0.75, 0.85, 0.85, 0.9, 0.9, 0.85, 0.6, 0.7, 0.7368, 0.6471, 0.75, 0.8, 0.6842, 0.65, 0.75, 0.8889, 0.5789, 0.6, 0.7, 0.8, 0.65, 0.7895, 0.7368, 0.8, 0.55, 0.7, 0.85, 0.65, 0.7, 0.7, 0.6842, 0.8, 0.8421, 0.75, 0.7, 0.7, 0.8, 0.75, 0.85, 0.8421, 0.75, 0.9, 0.6316, 0.85, 0.75, 1.0, 0.9, 0.75, 0.8, 0.8, 0.85, 0.85, 0.9, 0.7, 0.85, 0.95, 0.9, 0.95, 1.0, 0.75, 0.85]"
gpt-oss-20b,40548af835e36bf1d06c74be11ea5d70,91e813708505b5cf7fdfc3f138456309c0eb700794f78389e0d9e3f24c9b79d1,True,Aplastic Anemia,60,61,804,1201,48,0.8,918,0.849502487562189,0.8,0.0,1.0,60,1.0,"[0.0, 0.2, 0.25, 0.4, 0.2, 0.3, 0.3684, 0.2, 0.3684, 0.2, 0.35, 0.4211, 0.45, 0.3, 0.4, 0.5263, 0.4737, 0.4, 0.3, 0.5, 0.5789, 0.5, 0.3, 0.35, 0.2778, 0.35, 0.3, 0.3684, 0.6, 0.6316, 0.75, 0.85, 0.4737, 0.7, 0.55, 0.5789, 0.6316, 0.8, 0.75, 0.6, 0.55, 0.4, 0.4211, 0.4, 0.55, 0.55, 0.7368, 0.7895, 0.8, 1.0, 0.8, 0.9, 0.9474, 0.95, 0.9474, 0.95, 0.8421, 0.7895, 0.85, 0.75, 1.0]"
gpt-oss-20b,40548af835e36bf1d06c74be11ea5d70,1fb98543310ee55aae67ef28720fe66f0af47f37963667f9207b0df42816bbbe,False,Visceral Leishmaniasis,11,12,218,629,3,0.2727272727272727,332,0.44495412844036697,0.95,0.6,1.0,3,0.44495412844036697,"[0.6, 0.65, 0.7, 0.95, 1.0, 1.0, 1.0, 1.0, 1.0, 1.0, 1.0, 1.0]"
gpt-oss-20b,392e2a9bea699b47177b6179d80b2b23,fbefb1bfadeead840f5718d093833825dc944808151353ad00b27402f4901f91,True,Crohn's disease-associated granulomatous pulmonary disease,130,131,2079,4569,118,0.9076923076923077,4084,0.9124579124579124,0.85,0.8947368421052632,0.95,125,0.9615199615199616,"[0.8947, 0.65, 0.75, 0.75, 0.85, 0.8947, 0.55, 0.75, 0.7647, 0.7368, 0.7, 0.7, 0.75, 0.5263, 0.55, 0.7368, 0.7368, 0.65, 0.75, 0.65, 0.8, 0.7368, 0.7222, 0.55, 0.7368, 0.8421, 0.75, 0.8947, 0.7, 0.7368, 0.85, 0.85, 0.6316, 0.8421, 0.7368, 0.6, 0.6842, 0.75, 0.55, 0.85, 0.6316, 0.6, 0.7368, 0.7, 0.6, 0.6842, 0.5, 0.8421, 0.8, 0.6667, 0.5263, 0.5, 0.6, 0.45, 0.6, 0.35, 0.6, 0.45, 0.65, 0.4, 0.6, 0.4, 0.3158, 0.4, 0.45, 0.65, 0.2222, 0.4211, 0.5, 0.3684, 0.5263, 0.4737, 0.4737, 0.5, 0.5, 0.4, 0.65, 0.3529, 0.4, 0.45, 0.4444, 0.4211, 0.4, 0.2105, 0.2222, 0.2, 0.1, 0.25, 0.45, 0.4, 0.7222, 0.5, 0.5, 0.4737, 0.4737, 0.4737, 0.4, 0.5, 0.65, 0.6111, 0.5789, 0.3684, 0.6842, 0.45, 0.6, 0.4, 0.5789, 0.55, 0.5, 0.6316, 0.65, 0.8, 0.85, 1.0, 0.85, 0.7, 0.75, 0.6, 0.85, 0.65, 0.7895, 0.75, 0.7, 0.8, 0.6842, 0.8, 0.9, 1.0, 1.0, 0.8947, 0.95]"
gpt-oss-20b,47601c56544121804558b55dbddc694b,c17af6163787e8bd9173608bdf051346ce451e29eac35425a32a9eccee5eae76,True,Secondary syphilis,152,153,2424,2838,135,0.8881578947368421,2379,0.8886138613861386,0.85,0.6,1.0,147,0.9636963696369637,"[0.6, 0.45, 0.5, 0.55, 0.5, 0.6, 0.35, 0.25, 0.4, 0.2, 0.4211, 0.65, 0.7, 0.65, 0.7895, 0.85, 0.35, 0.55, 0.5789, 0.6, 0.55, 0.5263, 0.45, 0.7, 0.5, 0.6316, 0.4737, 0.45, 0.4737, 0.3684, 0.45, 0.5263, 0.5263, 0.3, 0.45, 0.55, 0.35, 0.5263, 0.35, 0.35, 0.35, 0.4211, 0.3, 0.5263, 0.3, 0.4, 0.7368, 0.5, 0.55, 0.35, 0.3889, 0.3, 0.1579, 0.3, 0.15, 0.1579, 0.45, 0.35, 0.4, 0.55, 0.3684, 0.3889, 0.35, 0.45, 0.35, 0.4, 0.3684, 0.3158, 0.4737, 0.6, 0.5, 0.55, 0.65, 0.6316, 0.4211, 0.35, 0.5, 0.3, 0.55, 0.55, 0.4, 0.35, 0.4, 0.4118, 0.2632, 0.45, 0.4, 0.45, 0.1579, 0.4, 0.4211, 0.45, 0.45, 0.3, 0.3, 0.25, 0.25, 0.4, 0.4, 0.2105, 0.25, 0.5, 0.35, 0.15, 0.3, 0.35, 0.3, 0.3684, 0.3684, 0.45, 0.25, 0.1579, 0.25, 0.25, 0.2632, 0.2, 0.5, 0.45, 0.15, 0.4, 0.1, 0.35, 0.3, 0.25, 0.45, 0.35, 0.35, 0.45, 0.7, 0.6316, 0.8, 0.6, 0.55, 0.65, 0.4, 0.85, 0.7895, 0.85, 0.75, 0.75, 0.95, 0.95, 1.0, 0.95, 0.8947, 0.85, 0.75, 1.0, 0.9474, 1.0, 1.0, 1.0, 1.0]"
gpt-oss-20b,47601c56544121804558b55dbddc694b,423ded574379a46881a2d46d54c5a36d483be3cec96a8221843875f37a7e799c,False,Cutaneous tuberculosis,68,69,1271,1705,54,0.7941176470588235,1268,0.8206136900078678,0.8,0.0,0.9473684210526315,65,0.9740361919748229,"[0.0, 0.0, 0.1, 0.0, 0.0, 0.0526, 0.1, 0.05, 0.05, 0.0, 0.0556, 0.0, 0.0, 0.3, 0.4211, 0.5, 0.6, 0.55, 0.3, 0.25, 0.4, 0.4, 0.3, 0.3158, 0.55, 0.3, 0.55, 0.45, 0.5, 0.3, 0.35, 0.4, 0.25, 0.6, 0.55, 0.55, 0.6, 0.8, 0.5, 0.6, 0.4737, 0.4737, 0.6316, 0.4, 0.55, 0.6316, 0.4737, 0.75, 0.65, 0.75, 0.5, 0.45, 0.75, 0.65, 0.8, 0.65, 0.75, 0.9444, 0.8824, 1.0, 0.75, 0.65, 0.95, 0.9, 0.65, 0.8333, 0.95, 1.0, 0.9474]"
gpt-oss-20b,3ffd64fa59b0f373586831b18ec69d1f,3d3bae53b7639507309308b15be86e3bdd562edc38faf88f8a490cfe611c0b90,True,Nonbacterial Thrombotic Endocarditis,240,241,3290,6230,237,0.9875,5939,0.9835866261398176,0.9,0.35,1.0,239,0.9930091185410335,"[0.35, 0.4444, 0.5789, 0.25, 0.4444, 0.25, 0.2778, 0.1053, 0.4211, 0.2, 0.3158, 0.4211, 0.25, 0.1, 0.2632, 0.2, 0.25, 0.35, 0.3, 0.3158, 0.55, 0.25, 0.25, 0.2222, 0.3158, 0.2105, 0.2632, 0.3333, 0.45, 0.25, 0.1579, 0.4, 0.3, 0.2, 0.35, 0.3, 0.3, 0.5, 0.2632, 0.5, 0.4, 0.35, 0.45, 0.2632, 0.5, 0.75, 0.55, 0.5263, 0.5556, 0.65, 0.4, 0.6316, 0.7, 0.7, 0.5263, 0.6, 0.6, 0.5263, 0.65, 0.6, 0.5263, 0.7, 0.7, 0.4737, 0.65, 0.5, 0.55, 0.55, 0.8947, 0.4211, 0.6, 0.4, 0.55, 0.3684, 0.6316, 0.3158, 0.6, 0.7, 0.55, 0.7, 0.4211, 0.7895, 0.45, 0.65, 0.6, 0.65, 0.75, 0.6111, 0.5, 0.6111, 0.55, 0.6, 0.65, 0.5263, 0.7647, 0.6316, 0.55, 0.7, 0.65, 0.5263, 0.6316, 0.6316, 0.5, 0.6667, 0.65, 0.6111, 0.4444, 0.35, 0.55, 0.5263, 0.35, 0.8, 0.75, 0.4211, 0.7, 0.45, 0.7368, 0.6842, 0.5789, 0.7778, 0.75, 0.8421, 0.65, 0.7, 0.6842, 0.4737, 0.7368, 0.6111, 0.6316, 0.5263, 0.65, 0.55, 0.65, 0.75, 0.7, 0.6, 0.75, 0.55, 0.6, 0.75, 0.5263, 0.6, 0.65, 0.7368, 0.6842, 0.4737, 0.65, 0.75, 0.75, 0.7222, 0.7368, 0.4737, 0.5, 0.6316, 0.4737, 0.2941, 0.65, 0.65, 0.8, 0.6316, 0.4211, 0.6842, 0.5263, 0.4, 0.8, 0.75, 0.75, 0.65, 0.8, 0.6842, 0.7222, 0.7895, 0.6842, 0.55, 0.6842, 0.8947, 0.9, 0.85, 1.0, 0.8421, 1.0, 0.9, 0.8, 0.7895, 0.8, 0.8947, 0.7, 0.8947, 0.7895, 0.8333, 0.65, 0.75, 0.8421, 0.95, 0.65, 0.75, 0.7, 0.85, 0.55, 0.75, 0.6, 0.75, 0.7, 0.5, 0.7368, 0.8333, 0.75, 0.8889, 0.5789, 0.7368, 0.45, 0.75, 0.3684, 0.5294, 0.7368, 0.3, 0.5789, 0.55, 0.35, 0.65, 0.6111, 0.65, 0.7, 0.5556, 0.55, 0.5, 0.6842, 0.6111, 0.6316, 0.55, 0.55, 0.6842, 0.6, 0.4, 0.75, 0.6842, 0.6842, 0.9, 0.7895, 0.85, 1.0]"
gpt-oss-20b,392e2a9bea699b47177b6179d80b2b23,fb30dd291524c3d5d413bc7b80bf5ecc14bc096d040738843641091bdc159ac5,False,Clostridioides difficile colitis,268,269,4615,6962,246,0.917910447761194,6519,0.9386782231852654,0.8,0.05555555555555555,1.0,248,0.942795232936078,"[0.0556, 0.1053, 0.0526, 0.0, 0.0, 0.0, 0.0, 0.0, 0.1, 0.0, 0.05, 0.15, 0.0, 0.0588, 0.0, 0.0, 0.0, 0.15, 0.1, 0.1053, 0.15, 0.05, 0.2, 0.1053, 0.1053, 0.0, 0.15, 0.0, 0.05, 0.1, 0.1, 0.0526, 0.1579, 0.1053, 0.1, 0.0526, 0.1111, 0.2632, 0.1, 0.1111, 0.1053, 0.05, 0.2632, 0.1053, 0.2778, 0.25, 0.2105, 0.05, 0.1111, 0.2778, 0.2, 0.3, 0.15, 0.3158, 0.1, 0.2632, 0.3158, 0.25, 0.2632, 0.2, 0.1579, 0.35, 0.4737, 0.35, 0.2105, 0.3, 0.2632, 0.25, 0.4, 0.3, 0.25, 0.2, 0.25, 0.25, 0.4, 0.3, 0.1053, 0.3, 0.2222, 0.1053, 0.2632, 0.2632, 0.1667, 0.2778, 0.2, 0.1765, 0.15, 0.1, 0.2, 0.1667, 0.1579, 0.25, 0.15, 0.2632, 0.2, 0.05, 0.25, 0.0, 0.0556, 0.15, 0.0, 0.1, 0.2632, 0.1579, 0.1053, 0.05, 0.2632, 0.1, 0.15, 0.15, 0.1, 0.15, 0.05, 0.1, 0.1579, 0.1053, 0.1, 0.1053, 0.1579, 0.1579, 0.0, 0.25, 0.1, 0.1667, 0.0, 0.5, 0.15, 0.5263, 0.2632, 0.5, 0.4737, 0.5263, 0.55, 0.5, 0.55, 0.75, 0.8947, 0.85, 0.7368, 0.85, 0.8947, 0.85, 0.8421, 0.7368, 0.75, 0.8421, 0.65, 0.75, 0.5263, 0.7, 0.6842, 0.85, 0.6316, 0.75, 0.7368, 0.6316, 0.9474, 0.75, 0.75, 0.9, 0.8, 0.75, 0.8824, 0.7222, 0.8, 0.9, 0.6316, 0.6316, 0.8, 0.7, 0.6842, 0.8, 0.9, 0.85, 0.8, 0.8, 0.7, 0.6316, 0.7, 0.7, 0.7895, 0.7368, 0.9, 0.45, 0.7, 0.7, 0.6, 0.6842, 0.85, 0.95, 0.85, 0.6316, 0.7368, 0.4211, 0.6111, 0.4211, 0.55, 0.6316, 0.75, 0.55, 0.45, 0.6842, 0.65, 0.5263, 0.75, 0.6316, 0.75, 0.7368, 0.65, 0.6316, 0.5, 0.6842, 0.5789, 0.4211, 0.6, 0.55, 0.7, 0.4, 0.2632, 0.1579, 0.2105, 0.25, 0.35, 0.2222, 0.4706, 0.1579, 0.4, 0.65, 0.55, 0.5, 0.4737, 0.5789, 0.5789, 0.55, 0.4444, 0.4211, 0.5, 0.45, 0.2632, 0.3, 0.5, 0.5556, 0.6, 0.65, 0.65, 0.55, 0.8, 0.65, 0.9474, 0.9, 0.8421, 1.0, 0.8889, 0.8, 1.0, 0.95, 1.0, 1.0, 1.0, 1.0, 0.95, 0.9, 0.95, 0.95, 0.95, 1.0, 1.0, 1.0, 1.0]"
gpt-oss-20b,4d6344707f7581b02e4f545c4d51d472,70c10bd245850bb08d05221fa281a84c8569c451d59c82853cd692ca641055e9,True,Chronic Active Hepatitis B,55,56,647,1168,49,0.8909090909090909,942,0.9119010819165378,0.9473684210526315,0.25,1.0,49,0.9119010819165378,"[0.25, 0.4, 0.45, 0.35, 0.4211, 0.35, 0.5, 0.6842, 0.5263, 0.6, 0.3, 0.6316, 0.3684, 0.3, 0.1579, 0.55, 0.45, 0.4211, 0.7, 0.45, 0.45, 0.3684, 0.6, 0.65, 0.6, 0.6316, 0.5, 0.25, 0.45, 0.25, 0.5, 0.5, 0.5, 0.25, 0.35, 0.3158, 0.35, 0.3684, 0.5263, 0.45, 0.45, 0.4737, 0.1667, 0.35, 0.15, 0.1, 0.4, 0.4, 0.65, 0.9474, 0.95, 1.0, 1.0, 1.0, 1.0, 1.0]"
gpt-oss-20b,4d6344707f7581b02e4f545c4d51d472,ff0b2cb96967c2958ac387c5da40947605b989baa089dc26da04cec9c8d01d24,False,Acute Hepatitis B,38,39,535,1014,5,0.13157894736842105,435,0.15514018691588785,0.8,0.55,1.0,5,0.15514018691588785,"[0.55, 0.75, 0.75, 0.5, 0.75, 0.8, 0.95, 0.8, 0.85, 0.8, 0.95, 0.8421, 1.0, 0.95, 1.0, 1.0, 1.0, 1.0, 1.0, 1.0, 1.0, 1.0, 0.95, 1.0, 0.8, 1.0, 1.0, 0.95, 0.9474, 1.0, 0.9474, 0.95, 1.0, 0.95, 1.0, 1.0, 1.0, 1.0, 1.0]"
gpt-oss-20b,3ffd64fa59b0f373586831b18ec69d1f,d43f3adb4adb1b20578cdaa55fdee7a1276172049c2728a0862cfdb4654f219d,False,Antiphospholipid Syndrome,109,110,1390,4282,88,0.8073394495412844,3674,0.6985611510791367,0.8,0.1,1.0,101,0.8769784172661871,"[0.1, 0.25, 0.1579, 0.0556, 0.1, 0.1, 0.25, 0.1053, 0.05, 0.1111, 0.05, 0.15, 0.15, 0.3, 0.25, 0.3684, 0.0, 0.35, 0.4, 0.4737, 0.45, 0.4737, 0.3158, 0.3, 0.35, 0.5, 0.35, 0.5, 0.5, 0.65, 0.5263, 0.55, 0.6, 0.7, 0.6, 0.8, 0.5789, 0.7222, 0.7, 0.7, 0.7368, 0.65, 0.7, 0.5, 0.7, 0.6111, 0.7, 0.6842, 0.7, 0.8, 0.7, 0.95, 0.7895, 0.7778, 0.6842, 0.65, 0.7, 0.7368, 0.8947, 0.7368, 0.75, 0.8, 0.75, 0.8, 0.9474, 0.5789, 0.65, 0.7, 0.7895, 0.7, 0.4737, 0.55, 0.5789, 0.45, 0.6, 0.7, 0.4737, 0.4, 0.75, 0.7368, 0.6842, 0.75, 0.95, 0.9, 1.0, 0.95, 1.0, 0.65, 0.8, 0.65, 0.7, 0.8, 0.8889, 0.9, 0.85, 0.95, 0.8333, 0.9, 0.95, 0.9444, 0.75, 0.8421, 0.95, 0.95, 1.0, 0.9444, 0.8947, 1.0, 1.0, 1.0]"
gpt-oss-20b,42657169f520db24ecd36735fa5fcd7f,0024b365d5ea1374d265690f32f22e8f14b626e30d15020215bfb1c38e26a97e,True,Stimulant Intoxication,149,150,2117,2878,106,0.7114093959731543,1878,0.7038261691072272,0.85,0.1,1.0,123,0.8223901747756259,"[0.1, 0.1, 0.0, 0.0, 0.15, 0.05, 0.0, 0.15, 0.0, 0.0, 0.05, 0.0, 0.05, 0.0, 0.05, 0.0, 0.0, 0.0, 0.0, 0.05, 0.0, 0.0, 0.05, 0.0, 0.0, 0.0, 0.05, 0.05, 0.0, 0.0, 0.1053, 0.05, 0.1053, 0.05, 0.05, 0.1111, 0.1, 0.05, 0.0526, 0.1053, 0.3, 0.35, 0.5263, 0.5, 0.65, 0.6316, 0.7368, 0.7368, 0.5789, 0.75, 0.65, 0.6, 0.5, 0.5263, 0.6842, 0.35, 0.7895, 0.65, 0.4, 0.6667, 0.5, 0.5, 0.75, 0.5, 0.4737, 0.8333, 0.7, 0.4, 0.35, 0.5, 0.5, 0.5, 0.65, 0.45, 0.4737, 0.4211, 0.6, 0.45, 0.6842, 0.55, 0.35, 0.5263, 0.35, 0.35, 0.7, 0.6, 0.3, 0.45, 0.4, 0.45, 0.45, 0.3889, 0.55, 0.3, 0.45, 0.4211, 0.4, 0.2632, 0.5, 0.3158, 0.5, 0.65, 0.5, 0.4, 0.65, 0.7, 0.85, 1.0, 0.75, 0.8947, 0.8, 0.8947, 0.85, 0.8947, 0.95, 0.95, 0.9, 0.95, 0.9412, 0.9, 0.9, 0.9, 0.65, 0.9, 0.8, 0.8333, 0.8, 0.8, 1.0, 1.0, 0.95, 1.0, 1.0, 0.9474, 0.9, 0.9, 1.0, 1.0, 1.0, 1.0, 1.0, 0.95, 1.0, 1.0, 1.0, 1.0, 1.0, 1.0, 1.0, 1.0]"
gpt-oss-20b,5e08bb89aa461993e01a5790857ce599,5a79eb90eecc9650546d540549053ef9dac6632051d23047c9d53c3b9446501c,True,Non-Small Cell Lung Cancer,41,42,583,1095,0,0.0,350,0.005145797598627788,0.05263157894736842,0.05263157894736842,0.0,0,0.005145797598627788,"[0.0526, 0.0, 0.0, 0.05, 0.05, 0.0, 0.0, 0.0, 0.0, 0.05, 0.0, 0.0526, 0.05, 0.0, 0.0, 0.05, 0.0, 0.0, 0.0, 0.1, 0.0, 0.0, 0.1, 0.0526, 0.0, 0.0, 0.05, 0.0, 0.05, 0.0, 0.0, 0.0, 0.05, 0.0, 0.05, 0.0, 0.05, 0.0, 0.05, 0.0, 0.05, 0.0]"
gpt-oss-20b,5e08bb89aa461993e01a5790857ce599,27d6c34d9da04377f474961363171502c01e554a3e73cc688b5aefb7ab1a8235,False,Bronchogenic Carcinoma (Squamous Cell Carcinoma),97,98,1088,1645,0,0.0,350,0.0027573529411764708,0.0,0.0,0.05,0,0.0027573529411764708,"[0.0, 0.0, 0.0, 0.0, 0.05, 0.1579, 0.0, 0.1, 0.0, 0.1, 0.0, 0.05, 0.0, 0.05, 0.0, 0.0, 0.0556, 0.1, 0.1053, 0.0, 0.0526, 0.05, 0.0, 0.05, 0.0, 0.15, 0.15, 0.0, 0.1, 0.0, 0.0526, 0.0, 0.0, 0.0, 0.1053, 0.1111, 0.05, 0.0, 0.1579, 0.05, 0.0, 0.1053, 0.0, 0.0526, 0.05, 0.0, 0.0, 0.0, 0.1, 0.05, 0.05, 0.05, 0.0, 0.05, 0.0, 0.05, 0.0526, 0.0526, 0.0, 0.0, 0.0526, 0.0, 0.05, 0.0, 0.0, 0.05, 0.0, 0.0, 0.0, 0.0, 0.0, 0.0, 0.0, 0.0, 0.0, 0.0, 0.0, 0.0, 0.0, 0.05, 0.0, 0.0, 0.0, 0.0, 0.0, 0.05, 0.0, 0.0526, 0.05, 0.1, 0.05, 0.0, 0.0556, 0.0, 0.05, 0.0526, 0.05, 0.05]"
gpt-oss-20b,46f5a66a841fae109fc92ccdb9448abe,f3ce225c01564d489f475adbf955a751ed38250460c12c489a94769a0e909d1d,True,Schizophrenia Spectrum Disorder,91,92,1134,2590,66,0.7252747252747253,2103,0.7486772486772487,0.8,0.15789473684210525,1.0,84,0.9365079365079365,"[0.1579, 0.15, 0.3158, 0.15, 0.2, 0.05, 0.1053, 0.1579, 0.3, 0.4, 0.1579, 0.15, 0.25, 0.1, 0.1, 0.05, 0.05, 0.05, 0.3889, 0.3158, 0.1579, 0.2105, 0.35, 0.15, 0.35, 0.25, 0.1, 0.05, 0.2, 0.25, 0.2105, 0.55, 0.6, 0.4, 0.65, 0.45, 0.3684, 0.35, 0.4, 0.7, 0.4211, 0.7, 0.65, 0.55, 0.8947, 0.65, 0.6, 0.7, 0.8, 0.9, 0.65, 0.55, 0.7895, 0.7, 0.6, 0.7368, 0.8, 0.5263, 0.45, 0.7, 0.7, 0.5263, 0.8947, 0.6, 0.95, 0.75, 0.8, 0.7, 0.8947, 0.65, 0.75, 0.75, 0.7895, 0.95, 0.85, 0.9, 0.9, 0.95, 0.9, 0.9, 1.0, 0.9474, 0.95, 0.7778, 0.9, 0.95, 0.8947, 0.8, 0.9, 1.0, 1.0, 1.0]"
gpt-oss-20b,46f5a66a841fae109fc92ccdb9448abe,fe93713644c4b7ad29458785be945d8ee1091cf2c001ab197e7448c36890d257,False,Hypertensive Urgency,93,94,1087,2471,23,0.24731182795698925,1505,0.23091076356945722,0.8421052631578947,0.4,1.0,48,0.4765409383624655,"[0.4, 0.4211, 0.2778, 0.3, 0.4, 0.55, 0.4, 0.3158, 0.65, 0.55, 0.7, 0.4, 0.6, 0.8, 0.7, 0.6, 0.85, 0.8, 0.8421, 0.5263, 0.6842, 0.9, 0.95, 0.8421, 0.85, 0.95, 0.85, 0.85, 0.85, 0.75, 0.9, 0.85, 0.85, 0.7895, 1.0, 0.8421, 0.85, 0.85, 0.75, 0.95, 0.7895, 0.9, 0.85, 0.9, 0.75, 0.85, 0.85, 0.7, 0.9, 0.95, 1.0, 0.9, 0.8947, 1.0, 1.0, 1.0, 1.0, 0.8889, 0.8421, 1.0, 1.0, 0.9474, 1.0, 0.9, 0.95, 1.0, 1.0, 1.0, 0.95, 1.0, 0.9474, 1.0, 0.9474, 1.0, 1.0, 1.0, 1.0, 0.95, 1.0, 1.0, 1.0, 1.0, 0.95, 1.0, 0.95, 1.0, 0.95, 0.85, 1.0, 1.0, 1.0, 1.0, 1.0, 1.0]"
gpt-oss-20b,48d8738209cbe3d0f3490417e6c37914,d749b0e15c1d61d8a1e27c6df371705272ca10ebe22339ad4a800444ac574bb2,True,Congenital Adrenal Hyperplasia,91,92,1582,2067,61,0.6703296703296703,1380,0.7123893805309734,0.75,0.45,0.6,90,0.9873577749683944,"[0.45, 0.6111, 0.3684, 0.75, 0.5, 0.75, 0.4, 0.4737, 0.55, 0.6, 0.4, 0.4211, 0.7, 0.5263, 0.4, 0.6, 0.25, 0.55, 0.6316, 0.3, 0.35, 0.4737, 0.5, 0.4, 0.55, 0.4211, 0.3, 0.35, 0.5263, 0.7368, 0.4444, 0.3, 0.35, 0.3889, 0.4211, 0.2105, 0.5, 0.5789, 0.45, 0.5, 0.5263, 0.3, 0.35, 0.45, 0.35, 0.55, 0.4211, 0.75, 0.8947, 0.65, 0.6, 0.3684, 0.6842, 0.6842, 0.7895, 0.6842, 0.65, 0.5556, 0.7895, 0.6842, 0.7, 0.75, 0.7368, 0.6316, 0.55, 0.75, 0.55, 0.7895, 0.6, 0.6, 0.75, 0.7368, 0.8421, 0.8, 0.7647, 0.6111, 0.65, 0.65, 0.5789, 0.6316, 0.5789, 0.85, 0.55, 0.7222, 0.7778, 0.65, 0.7895, 0.7895, 0.75, 0.9, 0.75, 0.6]"
gpt-oss-20b,48d8738209cbe3d0f3490417e6c37914,f88c313b315cbdc97ada2e3550c2e7fdb4b34bf962d3f3a6a88bc8e85e9b4b42,False,Mixed Gonadal Dysgenesis,81,82,1142,1555,57,0.7037037037037037,1095,0.7373029772329247,0.8421052631578947,0.05263157894736842,1.0,57,0.7373029772329247,"[0.0526, 0.1579, 0.0556, 0.1, 0.0, 0.0, 0.0526, 0.05, 0.05, 0.0556, 0.0526, 0.0, 0.0526, 0.1, 0.0, 0.0, 0.1579, 0.0556, 0.25, 0.0, 0.1, 0.1, 0.15, 0.1, 0.2, 0.2105, 0.1, 0.25, 0.1579, 0.1053, 0.15, 0.4, 0.2, 0.1053, 0.1579, 0.0, 0.15, 0.25, 0.3158, 0.15, 0.4, 0.2, 0.15, 0.2, 0.35, 0.3, 0.3, 0.4737, 0.5263, 0.15, 0.55, 0.35, 0.2105, 0.45, 0.6111, 0.6667, 0.7, 0.8421, 0.9375, 0.8, 0.9474, 0.9474, 0.9444, 1.0, 1.0, 1.0, 0.95, 1.0, 0.95, 1.0, 1.0, 1.0, 1.0, 1.0, 1.0, 1.0, 1.0, 1.0, 1.0, 1.0, 1.0, 1.0]"
gpt-oss-20b,4abc3a40659612c935b6036cf7018466,d2269d953ba39d2fc365b07657b9e65b55820dd623bc92b0b4aa4c8e9e71fd35,True,Glossopharyngeal Neuralgia,106,107,1984,2524,18,0.16981132075471697,599,0.12247983870967742,0.8947368421052632,0.75,1.0,66,0.6315524193548387,"[0.75, 0.7368, 0.85, 0.8, 0.9, 0.95, 0.8947, 0.9474, 0.8947, 0.85, 0.8947, 0.95, 0.85, 0.9474, 0.85, 0.8947, 0.5556, 0.95, 0.8947, 0.95, 0.7895, 0.8947, 0.8889, 0.8421, 0.8889, 1.0, 0.9444, 0.8947, 0.8947, 1.0, 0.85, 0.9, 1.0, 1.0, 0.8889, 0.9474, 0.95, 0.9, 0.95, 0.9474, 0.9, 0.9, 0.9, 0.8889, 0.85, 0.7368, 1.0, 1.0, 0.95, 0.95, 0.7, 0.9474, 0.95, 0.9, 0.8421, 0.75, 0.7895, 0.9474, 0.8, 0.8947, 0.85, 0.8889, 0.7895, 0.9, 0.9, 0.7, 1.0, 1.0, 1.0, 1.0, 1.0, 1.0, 1.0, 1.0, 1.0, 1.0, 1.0, 1.0, 1.0, 1.0, 1.0, 1.0, 1.0, 1.0, 1.0, 1.0, 0.9474, 1.0, 1.0, 1.0, 1.0, 1.0, 0.95, 1.0, 1.0, 1.0, 1.0, 1.0, 1.0, 1.0, 1.0, 1.0, 0.95, 1.0, 1.0, 1.0, 1.0]"
gpt-oss-20b,4abc3a40659612c935b6036cf7018466,21f30cc5bc7bc91866f8aefa4f9a62674f71825c5917ad910cb0e55118cc01d2,False,Eagle Syndrome,32,33,484,1075,8,0.25,487,0.2706611570247934,1.0,0.1,1.0,8,0.2706611570247934,"[0.1, 0.05, 0.1, 0.25, 0.1053, 0.1053, 0.15, 0.05, 1.0, 1.0, 0.95, 1.0, 0.95, 1.0, 0.9, 1.0, 1.0, 0.9474, 0.95, 0.95, 0.95, 0.95, 0.95, 1.0, 1.0, 1.0, 1.0, 1.0, 1.0, 0.95, 1.0, 1.0, 1.0]"
gpt-oss-20b,5355d6e5738c1e76aa8f1441131c9295,aa567fec730c76c725bba23106684369a41fe4b89ec8826d98572ec6a2e89e23,True,Constrictive pericarditis,116,117,1877,2333,0,0.0,255,0.0015982951518380393,0.8421052631578947,0.8421052631578947,1.0,2,0.02290889717634523,"[0.8421, 0.7, 0.95, 1.0, 0.8, 1.0, 0.95, 0.95, 1.0, 1.0, 1.0, 1.0, 0.95, 0.9, 0.95, 1.0, 1.0, 1.0, 0.95, 1.0, 1.0, 0.9474, 0.95, 0.9, 0.95, 0.95, 1.0, 0.95, 1.0, 1.0, 0.9, 0.95, 1.0, 0.95, 1.0, 0.95, 1.0, 0.85, 1.0, 0.95, 0.95, 0.95, 0.9474, 1.0, 1.0, 0.9474, 1.0, 0.9474, 1.0, 1.0, 1.0, 1.0, 0.95, 0.95, 0.9474, 1.0, 1.0, 1.0, 0.95, 1.0, 1.0, 1.0, 1.0, 1.0, 0.95, 1.0, 0.9474, 1.0, 0.95, 1.0, 1.0, 1.0, 1.0, 1.0, 1.0, 1.0, 1.0, 1.0, 1.0, 1.0, 1.0, 1.0, 1.0, 1.0, 1.0, 1.0, 1.0, 1.0, 1.0, 1.0, 1.0, 1.0, 1.0, 1.0, 1.0, 1.0, 1.0, 1.0, 1.0, 1.0, 1.0, 1.0, 1.0, 1.0, 1.0, 1.0, 1.0, 1.0, 1.0, 1.0, 1.0, 1.0, 1.0, 1.0, 1.0, 1.0, 1.0]"
gpt-oss-20b,5355d6e5738c1e76aa8f1441131c9295,c2d78c9c4f4d160de27c5786324c82dc06e7a91197b2acb739da7c1842d4a88d,False,Cardiac tamponade,96,97,1564,1989,87,0.90625,1673,0.9085677749360613,0.9444444444444444,0.4,1.0,87,0.9085677749360613,"[0.4, 0.35, 0.15, 0.1, 0.1, 0.1, 0.1, 0.1053, 0.0, 0.0, 0.0, 0.0, 0.1, 0.05, 0.1, 0.15, 0.2, 0.15, 0.2, 0.2632, 0.2778, 0.15, 0.3, 0.25, 0.3158, 0.3158, 0.35, 0.5, 0.35, 0.1053, 0.3, 0.1053, 0.2632, 0.2105, 0.2, 0.2, 0.15, 0.25, 0.1667, 0.15, 0.35, 0.2, 0.1, 0.4, 0.15, 0.35, 0.35, 0.25, 0.25, 0.15, 0.3, 0.4, 0.4, 0.2632, 0.65, 0.45, 0.65, 0.5, 0.55, 0.4211, 0.45, 0.35, 0.3158, 0.4737, 0.5, 0.5, 0.65, 0.4737, 0.55, 0.65, 0.7368, 0.65, 0.6842, 0.7895, 0.6316, 0.75, 0.6, 0.9, 0.65, 0.55, 0.6, 0.45, 0.65, 0.7, 0.5789, 0.7895, 0.6842, 0.9444, 0.8947, 0.8, 0.8, 0.8947, 0.85, 0.95, 1.0, 0.95, 1.0]"
gpt-oss-20b,69e678eb784186f4820bb4b3d48b33b9,f3f726d80d26f714d232d1ed41c87c2170bca026c6c468941e25b5e794ce464b,False,Acute Respiratory Distress Syndrome,309,310,4741,6848,267,0.8640776699029126,6059,0.8766083104830205,0.8,0.2,1.0,303,0.9824931449061379,"[0.2, 0.25, 0.2222, 0.05, 0.2632, 0.3684, 0.3684, 0.1, 0.35, 0.4, 0.3, 0.25, 0.45, 0.35, 0.5, 0.3, 0.4, 0.2632, 0.5294, 0.55, 0.45, 0.3, 0.6, 0.35, 0.5, 0.3889, 0.45, 0.4737, 0.6, 0.3, 0.3684, 0.4211, 0.45, 0.5, 0.35, 0.4211, 0.2778, 0.25, 0.35, 0.5, 0.2778, 0.5, 0.5556, 0.3, 0.25, 0.4, 0.35, 0.35, 0.25, 0.4, 0.2632, 0.15, 0.3, 0.5263, 0.3, 0.4, 0.3, 0.3158, 0.3, 0.25, 0.15, 0.2, 0.3, 0.2632, 0.35, 0.2, 0.3, 0.3, 0.4, 0.25, 0.3158, 0.35, 0.2, 0.25, 0.3158, 0.5, 0.2632, 0.25, 0.45, 0.3, 0.45, 0.25, 0.4, 0.2632, 0.35, 0.35, 0.4, 0.4, 0.45, 0.35, 0.2632, 0.25, 0.2, 0.4737, 0.3, 0.4, 0.3, 0.4, 0.4, 0.4737, 0.55, 0.3684, 0.5263, 0.4, 0.45, 0.4737, 0.25, 0.4, 0.6, 0.7, 0.7, 0.6, 0.4211, 0.4211, 0.6, 0.5, 0.6316, 0.55, 0.4, 0.2222, 0.45, 0.5, 0.6842, 0.7, 0.6, 0.6, 0.55, 0.3684, 0.55, 0.5, 0.6, 0.55, 0.6, 0.7, 0.3158, 0.4737, 0.3684, 0.5556, 0.5263, 0.45, 0.4211, 0.6, 0.75, 0.6, 0.5, 0.75, 0.5263, 0.6, 0.6316, 0.5789, 0.6, 0.4, 0.6842, 0.65, 0.5, 0.6316, 0.6, 0.7, 0.7368, 0.7368, 0.35, 0.6, 0.55, 0.5789, 0.55, 0.7, 0.5, 0.6, 0.55, 0.65, 0.6316, 0.4737, 0.8, 0.6316, 0.65, 0.7, 0.55, 0.55, 0.5, 0.4737, 0.7368, 0.65, 0.5789, 0.7, 0.9, 0.8, 0.75, 0.6, 0.75, 0.65, 0.55, 0.75, 0.8, 0.75, 0.65, 0.7368, 0.9, 0.7368, 0.8, 0.6842, 0.85, 0.8, 0.6, 0.65, 0.85, 0.55, 0.8, 0.7, 0.6842, 0.6842, 0.6842, 0.4737, 0.75, 0.6111, 0.7, 0.6, 0.65, 0.75, 0.55, 0.7778, 0.7895, 0.7895, 0.75, 0.7895, 0.8333, 0.7, 0.7, 0.9474, 0.85, 0.9, 0.9, 0.8947, 0.8, 0.7222, 0.9, 0.85, 0.85, 0.8421, 0.9474, 0.95, 0.85, 0.75, 0.7895, 0.95, 0.8, 0.7368, 0.9474, 0.75, 0.8235, 0.75, 0.95, 0.8, 0.85, 0.95, 1.0, 0.95, 0.85, 0.6111, 0.8, 0.7222, 0.8421, 0.75, 0.7895, 0.8, 0.6, 0.65, 0.9, 0.8, 0.75, 0.6842, 0.7368, 0.8947, 0.7, 0.7, 0.8889, 0.8947, 0.8947, 0.85, 0.7895, 0.8, 0.6842, 0.6842, 0.75, 0.85, 0.7895, 0.8, 0.7895, 0.9, 0.7, 0.95, 0.85, 1.0, 0.85, 0.7895, 0.7368, 0.85, 0.8, 0.85, 0.75, 0.85, 1.0, 0.8947, 0.75, 0.8421, 0.95, 0.8947, 1.0, 0.95, 1.0, 1.0]"
gpt-oss-20b,5bebb5ccb1b21ef642e37fb57088d0af,619474333135ea654aa2aa39420f878661e2a102929a03e581d99444d8162271,True,Syringomyelia,95,96,1802,2206,87,0.9157894736842105,1826,0.888457269700333,0.85,0.25,1.0,87,0.888457269700333,"[0.25, 0.4, 0.5789, 0.7895, 0.65, 0.7, 0.6316, 0.6, 0.35, 0.45, 0.45, 0.3158, 0.1, 0.3, 0.25, 0.55, 0.5, 0.4, 0.45, 0.4737, 0.05, 0.25, 0.2, 0.25, 0.2, 0.2632, 0.45, 0.25, 0.2, 0.35, 0.0526, 0.1053, 0.2, 0.2, 0.3, 0.1053, 0.1579, 0.2, 0.25, 0.1053, 0.05, 0.3, 0.4, 0.2, 0.25, 0.25, 0.2105, 0.3, 0.3, 0.2, 0.1579, 0.1, 0.05, 0.0, 0.1053, 0.05, 0.1053, 0.1, 0.05, 0.05, 0.3, 0.1111, 0.0, 0.0, 0.05, 0.05, 0.0526, 0.15, 0.1, 0.0, 0.1111, 0.0526, 0.1053, 0.05, 0.05, 0.0, 0.05, 0.1, 0.2, 0.3158, 0.6316, 0.35, 0.8421, 0.7, 0.35, 0.75, 0.5789, 0.85, 0.95, 1.0, 1.0, 0.8421, 0.8421, 1.0, 0.95, 1.0]"
gpt-oss-20b,5e7abd32af948047598121dd03ac97b6,352a6ea1fc3a9035e3d2e6c4c0e889028d6f4ee47587e746bcd3b60d8707c206,True,Varicella,155,156,1895,2363,132,0.8516129032258064,1865,0.8712401055408971,0.8421052631578947,0.45,1.0,132,0.8712401055408971,"[0.45, 0.7, 0.4737, 0.7368, 0.55, 0.5, 0.65, 0.4, 0.5, 0.4, 0.4, 0.45, 0.3684, 0.45, 0.35, 0.3333, 0.2, 0.55, 0.3, 0.3, 0.25, 0.3, 0.2, 0.35, 0.5, 0.25, 0.25, 0.1579, 0.35, 0.3158, 0.25, 0.1579, 0.2, 0.3684, 0.35, 0.3684, 0.3684, 0.3158, 0.2105, 0.25, 0.15, 0.1, 0.05, 0.35, 0.05, 0.15, 0.2, 0.25, 0.1176, 0.1053, 0.2, 0.1, 0.25, 0.15, 0.3, 0.25, 0.15, 0.2, 0.15, 0.1579, 0.25, 0.3684, 0.3, 0.85, 0.65, 0.65, 0.6842, 0.5, 0.65, 0.7, 0.75, 1.0, 0.85, 1.0, 0.8947, 0.8, 0.8947, 0.9, 0.8, 0.75, 0.9, 0.9, 0.9, 0.85, 0.8421, 0.8889, 0.8333, 0.6842, 0.7, 0.55, 0.65, 0.65, 0.7, 0.5, 0.75, 0.6, 0.8, 0.6, 0.55, 0.8, 0.9, 0.5263, 0.8, 0.65, 0.5789, 0.5, 0.5263, 0.6, 0.4737, 0.4, 0.35, 0.3, 0.45, 0.5, 0.3684, 0.5, 0.25, 0.45, 0.35, 0.4, 0.55, 0.45, 0.35, 0.3, 0.4, 0.55, 0.55, 0.5, 0.55, 0.6316, 0.6316, 0.65, 0.8421, 0.8421, 0.9, 0.9474, 0.85, 1.0, 1.0, 0.95, 0.95, 1.0, 1.0, 1.0, 1.0, 1.0, 1.0, 1.0, 1.0, 1.0, 1.0, 1.0, 1.0, 1.0, 1.0, 1.0]"
gpt-oss-20b,719442a3ee1c00332a6b77c30ce987cd,7e21c344f9a91c1ffab2d279990f624c4b5a8b72123a56fca9792030f9d8114b,True,Von Willebrand disease,49,50,586,1039,19,0.3877551020408163,529,0.4044368600682594,0.8,0.2,1.0,37,0.8156996587030717,"[0.2, 0.2, 0.35, 0.2, 0.2, 0.3, 0.1, 0.5789, 0.65, 0.5263, 0.1579, 0.3684, 0.3158, 0.35, 0.5, 0.15, 0.7895, 0.35, 0.65, 0.8, 0.85, 0.75, 0.75, 0.7895, 0.9, 0.65, 0.9, 0.8947, 0.8, 1.0, 0.8421, 0.9, 0.85, 0.8, 0.8, 0.95, 0.75, 0.95, 1.0, 0.95, 0.95, 1.0, 1.0, 1.0, 1.0, 1.0, 1.0, 0.95, 1.0, 1.0]"
gpt-oss-20b,633420a679153f203fc61a88a953629e,5ed6f015438981f1515f0c3c9b3dd53fa6ec85cd221fe2b691d8ed8bb67ee982,True,"Irritable Bowel Syndrome, diarrhea-predominant",51,52,559,1131,10,0.19607843137254902,544,0.2772808586762075,0.8,0.8,1.0,10,0.2772808586762075,"[0.8, 0.85, 0.8, 0.6, 0.65, 0.65, 0.7, 0.65, 0.55, 0.7, 0.8, 0.8947, 1.0, 0.95, 0.95, 0.9, 0.95, 0.9, 0.9, 0.9, 0.95, 0.9, 0.95, 0.9, 1.0, 0.9, 0.9, 0.9474, 1.0, 1.0, 0.95, 1.0, 1.0, 0.95, 1.0, 1.0, 0.9474, 0.95, 1.0, 1.0, 0.9, 1.0, 1.0, 0.9474, 1.0, 1.0, 1.0, 1.0, 1.0, 1.0, 1.0, 1.0]"
gpt-oss-20b,5e7abd32af948047598121dd03ac97b6,531322c787ee3a565e6655cd62e82dafed018e0d9d44ab1f79ec9f5a29e1fdd9,False,Measles,56,57,617,1056,44,0.7857142857142857,734,0.8427876823338736,0.85,0.55,1.0,48,0.9043760129659644,"[0.55, 0.55, 0.6, 0.3, 0.25, 0.3, 0.1579, 0.25, 0.3158, 0.4, 0.5, 0.4, 0.5, 0.7895, 0.4737, 0.8, 0.7895, 0.6842, 0.6316, 0.65, 0.85, 0.5, 0.55, 0.8333, 0.55, 0.65, 0.55, 0.7, 0.5263, 0.7, 0.6, 0.7, 0.6316, 0.45, 0.7, 0.85, 0.6, 0.65, 0.4, 0.55, 0.75, 0.6316, 0.6316, 0.6842, 0.85, 0.8, 0.85, 0.75, 0.9, 1.0, 0.9, 0.9, 0.9, 1.0, 1.0, 1.0, 1.0]"
gpt-oss-20b,719442a3ee1c00332a6b77c30ce987cd,a3b2d6a2e4b30d150d6a6ca3f4a70cdc1b4b9a2bd1a6b8452d02e62a870a3de0,False,Lower lip laceration,31,32,443,876,7,0.22580645161290322,388,0.21670428893905191,0.9473684210526315,0.5263157894736842,1.0,7,0.21670428893905191,"[0.5263, 0.3684, 0.5789, 0.5, 0.6316, 0.45, 0.75, 0.9474, 0.9, 0.9, 0.9, 1.0, 1.0, 1.0, 0.95, 1.0, 1.0, 1.0, 1.0, 1.0, 1.0, 1.0, 1.0, 1.0, 1.0, 1.0, 1.0, 1.0, 1.0, 1.0, 1.0, 1.0]"
gpt-oss-20b,633420a679153f203fc61a88a953629e,28acd02fb032ad09303be7c62a78e3c933c5a74310f7cecc858266547893eb92,False,Ulcerative colitis,72,73,808,1295,63,0.875,1091,0.8688118811881188,0.8333333333333334,0.1,1.0,66,0.9071782178217822,"[0.1, 0.15, 0.2632, 0.0, 0.05, 0.05, 0.1579, 0.45, 0.3684, 0.35, 0.2632, 0.45, 0.35, 0.15, 0.1053, 0.3, 0.4211, 0.45, 0.4, 0.5, 0.5789, 0.5263, 0.6842, 0.2, 0.3, 0.15, 0.3, 0.4211, 0.05, 0.15, 0.2, 0.25, 0.1, 0.2, 0.0526, 0.2, 0.1, 0.1, 0.1053, 0.15, 0.2, 0.5, 0.35, 0.35, 0.3684, 0.45, 0.4, 0.45, 0.35, 0.35, 0.3, 0.1053, 0.35, 0.05, 0.3, 0.1053, 0.3, 0.05, 0.15, 0.6, 0.55, 0.6, 0.35, 0.8333, 0.8, 0.75, 0.85, 0.95, 0.9444, 1.0, 1.0, 1.0, 1.0]"
gpt-oss-20b,6cae95de019b8b107893b29e2418ab4a,39b121b93bd51cf97b7a2ab1fd8a781b922fe8250d7b6ba3780fdfb838b8a906,True,Arthropod bite reaction,32,33,503,1037,21,0.65625,714,0.757455268389662,0.7894736842105263,0.25,0.85,29,0.9463220675944334,"[0.25, 0.15, 0.25, 0.3, 0.45, 0.1, 0.2632, 0.4, 0.3, 0.25, 0.3, 0.5, 0.35, 0.3, 0.4, 0.35, 0.35, 0.4, 0.15, 0.85, 0.6, 0.7895, 0.8, 0.8421, 0.85, 0.85, 0.95, 0.85, 0.65, 0.9, 0.85, 0.8, 0.85]"
gpt-oss-20b,6cae95de019b8b107893b29e2418ab4a,29a5b7278de3e4bd08955301dbd43fc85cd7d32d165d1f3bb86eb4c186b33435,False,Cutaneous larva migrans,19,20,285,797,6,0.3157894736842105,465,0.4631578947368421,0.8,0.1,1.0,8,0.5649122807017544,"[0.1, 0.2105, 0.1, 0.1053, 0.1, 0.0, 0.8, 0.75, 0.9, 0.8, 0.9, 0.95, 1.0, 1.0, 1.0, 1.0, 0.95, 1.0, 1.0, 1.0]"
gpt-oss-20b,711f389c59ebfcb9eb04d37c86efae77,2eb138eefa10ec364c88bed46204543d7dd24b59b31b454a2070b4471a978a56,True,Primary Dysmenorrhea,75,76,1110,1643,15,0.2,518,0.2036036036036036,0.85,0.25,1.0,15,0.2036036036036036,"[0.25, 0.3, 0.1, 0.2632, 0.15, 0.4, 0.2105, 0.2, 0.25, 0.2, 0.35, 0.4, 0.3, 0.5, 0.5, 0.85, 0.8, 1.0, 1.0, 0.95, 1.0, 0.9, 0.95, 0.95, 1.0, 1.0, 1.0, 1.0, 0.95, 1.0, 1.0, 1.0, 0.9, 0.9474, 1.0, 1.0, 1.0, 1.0, 1.0, 1.0, 1.0, 1.0, 1.0, 0.9474, 0.95, 1.0, 1.0, 1.0, 1.0, 1.0, 1.0, 1.0, 1.0, 1.0, 1.0, 1.0, 1.0, 1.0, 0.95, 1.0, 1.0, 1.0, 1.0, 1.0, 1.0, 1.0, 1.0, 1.0, 1.0, 1.0, 0.95, 1.0, 1.0, 1.0, 1.0, 1.0]"
gpt-oss-20b,85684e0c092976faa0b788ef96b0a1ff,37be0387b1b1e54333f40b78b3164951f28a505b46f7e9d7a7a6db3868ca317d,True,AL amyloidosis,74,75,1292,2000,69,0.9324324324324325,1692,0.955108359133127,0.65,0.5,0.45,69,0.955108359133127,"[0.5, 0.6842, 0.7, 0.85, 0.5, 0.65, 0.75, 0.65, 1.0, 0.5556, 0.6842, 0.7, 0.45, 0.7368, 0.7778, 0.7059, 0.6, 0.85, 0.7, 0.5, 0.65, 0.5789, 0.75, 0.6, 0.5, 0.8, 0.8421, 0.5789, 0.8, 0.9, 0.8421, 0.7895, 0.8421, 0.7, 0.8, 0.9, 0.6, 0.7368, 0.7, 0.6316, 0.75, 0.6, 0.7895, 0.7, 0.8, 0.85, 0.9, 0.9412, 0.85, 0.9474, 0.8889, 0.6842, 0.8333, 0.8, 0.8, 0.75, 0.7, 1.0, 0.9, 0.85, 0.5789, 0.9, 1.0, 0.75, 0.55, 0.9, 0.8, 0.9412, 1.0, 0.65, 0.6, 0.65, 0.55, 0.5, 0.45]"
gpt-oss-20b,85684e0c092976faa0b788ef96b0a1ff,d50a4b05d5cfca6ef997000b2e57e3b7a4781b06a09ce925516983df5659ae5d,False,Transthyretin amyloidosis,26,27,392,1138,18,0.6923076923076923,763,0.7780612244897959,0.8,0.05263157894736842,1.0,20,0.8290816326530612,"[0.0526, 0.05, 0.05, 0.0556, 0.0, 0.0, 0.2105, 0.35, 0.35, 0.45, 0.65, 0.5, 0.6, 0.6316, 0.9, 0.7, 0.6, 0.6316, 0.8, 0.7368, 0.8, 0.95, 0.85, 0.95, 1.0, 1.0, 1.0]"
gpt-oss-20b,711f389c59ebfcb9eb04d37c86efae77,8ffaff282bfd361f1a87c7c400b155b9ec6c6b8f55146d0f7f926cfdb8be38e7,False,Endometriosis,120,121,1365,1818,54,0.45,856,0.41318681318681316,0.8,0.6,1.0,81,0.6717948717948717,"[0.6, 0.6, 0.6, 0.6, 0.7, 0.85, 0.7368, 0.6, 0.65, 0.9, 0.6842, 0.7368, 0.65, 0.55, 0.7, 0.7, 0.6, 0.6, 0.6842, 0.6316, 0.6, 0.65, 0.65, 0.85, 0.75, 0.85, 0.6316, 0.5789, 0.45, 0.9, 0.75, 0.6842, 0.4737, 0.7, 0.6, 0.95, 0.85, 1.0, 0.7, 0.8421, 0.65, 0.9, 0.7, 0.8, 0.6842, 0.85, 0.9, 0.7, 0.8, 0.7895, 0.75, 0.85, 0.5882, 0.75, 0.8, 0.8235, 0.85, 0.8, 0.65, 0.95, 0.8, 0.8, 0.8, 0.95, 0.9474, 0.75, 0.9, 0.95, 0.85, 0.85, 0.9, 0.95, 0.95, 0.7, 0.8947, 0.7, 0.95, 0.8, 0.75, 0.9, 0.7, 0.8, 0.85, 0.85, 0.8, 0.85, 0.8947, 0.85, 1.0, 0.95, 1.0, 0.8421, 0.95, 0.9, 0.95, 1.0, 1.0, 0.9, 1.0, 1.0, 1.0, 1.0, 0.9, 1.0, 1.0, 1.0, 0.95, 1.0, 0.95, 0.95, 1.0, 1.0, 1.0, 0.95, 1.0, 1.0, 0.9, 1.0, 1.0, 1.0, 1.0]"
gpt-oss-20b,8c88e2f998f2ec7a396f40c6d5452b84,19d36ab946da7c632aa72b2bb1906893b00883e188941b88bee3354d89d969fc,True,Congenital Toxoplasmosis,27,28,531,1165,11,0.4074074074074074,742,0.6459510357815442,0.8421052631578947,0.2,1.0,23,0.9058380414312618,"[0.2, 0.15, 0.3, 0.2105, 0.2632, 0.15, 0.45, 0.4, 0.5263, 0.95, 0.75, 0.8421, 0.9, 0.8947, 0.8, 0.65, 0.9, 0.7, 0.7895, 0.9, 0.85, 0.8947, 0.75, 0.85, 1.0, 0.95, 1.0, 1.0]"
gpt-oss-20b,855d2426bc87f84b919fa59d39097374,277f0530c44c484da7b89f1c8ead74080caa3c19e3c5b26a9e458338c819204d,True,Schizophrenia,39,40,473,859,33,0.8461538461538461,636,0.86892177589852,0.8,0.15,1.0,38,0.9915433403805497,"[0.15, 0.3, 0.25, 0.05, 0.35, 0.25, 0.1, 0.0526, 0.1, 0.25, 0.35, 0.45, 0.75, 0.75, 0.7, 1.0, 0.85, 0.85, 0.9, 0.85, 0.75, 0.65, 0.5, 0.45, 0.4, 0.3, 0.3, 0.45, 0.45, 0.5, 0.45, 0.35, 0.55, 0.8, 0.8, 0.7, 0.9, 0.7, 0.85, 1.0]"
gpt-oss-20b,839d5849b985de3b732f197086218847,535040321b7a8a148b74737f2a1ea85ef7976ef02f4f4b8be3f2689b207953d5,False,Severe combined immunodeficiency,108,109,1833,2425,80,0.7407407407407407,1730,0.740316421167485,0.95,0.6,1.0,92,0.8248772504091653,"[0.6, 0.6842, 0.8947, 0.6, 0.4737, 0.6316, 0.55, 0.4737, 0.35, 0.35, 0.55, 0.3, 0.4, 0.4211, 0.5, 0.2632, 0.5, 0.35, 0.4211, 0.1579, 0.4, 0.5, 0.6316, 0.35, 0.5556, 0.45, 0.2632, 0.3, 0.5556, 0.45, 0.2632, 0.65, 0.3, 0.6316, 0.5, 0.4737, 0.5, 0.5, 0.6316, 0.5263, 0.45, 0.4, 0.4706, 0.7, 0.6842, 0.55, 0.35, 0.4737, 0.6842, 0.5, 0.4211, 0.4, 0.55, 0.95, 0.6316, 0.65, 0.5, 0.6842, 0.7895, 0.4211, 0.7, 0.7, 0.7368, 0.55, 0.75, 0.6667, 0.6, 0.5263, 0.6, 0.65, 0.4737, 0.6, 0.5789, 0.8333, 0.6667, 0.85, 0.75, 0.6111, 0.75, 1.0, 0.95, 0.9412, 0.9474, 1.0, 0.85, 1.0, 1.0, 1.0, 0.8421, 0.9, 0.75, 0.7895, 0.85, 1.0, 1.0, 1.0, 1.0, 0.95, 0.9474, 1.0, 0.8947, 1.0, 1.0, 1.0, 0.95, 1.0, 1.0, 1.0, 1.0]"
gpt-oss-20b,8c88e2f998f2ec7a396f40c6d5452b84,8d0d1fc55502bed6fabdcb40b03577940c3fd5da41effc04ea420df380fb664e,False,Congenital Cytomegalovirus Infection,103,104,1541,2396,96,0.9320388349514563,1854,0.9441920830629461,0.8,0.55,1.0,98,0.963659961064244,"[0.55, 0.6, 0.85, 0.8, 0.75, 0.75, 0.7, 0.7, 0.6316, 0.85, 0.65, 0.75, 0.8889, 0.6316, 0.6, 0.45, 0.6, 0.7, 0.65, 0.5789, 0.65, 0.5263, 0.55, 0.5, 0.6, 0.6, 0.4211, 0.45, 0.5, 0.3889, 0.3889, 0.4444, 0.45, 0.2105, 0.55, 0.4, 0.3158, 0.3, 0.1, 0.2632, 0.25, 0.2, 0.35, 0.1579, 0.35, 0.25, 0.2, 0.3, 0.3, 0.1579, 0.2, 0.1111, 0.1111, 0.0, 0.2778, 0.2, 0.15, 0.1579, 0.25, 0.2105, 0.05, 0.2, 0.2105, 0.5263, 0.5, 0.65, 0.45, 0.35, 0.5789, 0.5, 0.5, 0.65, 0.5, 0.6, 0.6, 0.5, 0.4211, 0.6, 0.6, 0.35, 0.35, 0.7, 0.5, 0.55, 0.5, 0.3684, 0.6, 0.3, 0.25, 0.4, 0.5, 0.5, 0.7778, 0.1579, 0.45, 0.5789, 0.8, 0.7895, 0.9, 0.8, 0.8, 1.0, 0.9, 1.0]"
gpt-oss-20b,855d2426bc87f84b919fa59d39097374,37ecb12c2bbecca2c6e5696009874e2b93074e206323b2510ed393a15053e386,False,Delusional Disorder,57,58,719,1081,35,0.6140350877192983,652,0.5938803894297635,0.8,0.8,1.0,48,0.8456189151599444,"[0.8, 0.8, 0.6, 0.8, 0.9, 0.8421, 0.8, 0.6, 0.6, 0.45, 0.8, 0.6, 0.65, 0.6, 0.6, 0.5, 0.7, 0.45, 0.4, 0.25, 0.45, 0.4, 0.4211, 0.45, 0.45, 0.35, 0.55, 0.5263, 0.1579, 0.6, 0.85, 0.4211, 0.65, 0.7, 0.5, 0.8, 0.8421, 0.65, 0.8, 0.8, 0.65, 0.7, 0.7, 0.7, 0.75, 0.85, 1.0, 0.7368, 0.85, 0.8, 0.9, 0.95, 0.8, 0.8, 0.95, 1.0, 1.0, 1.0]"
gpt-oss-20b,967834058a7e6f5cb903d6d983ecba7e,ef40e622fc08223fa60ae2c83188be7b414bf9b5d560e19128062f1c18d5116c,True,Beta-Thalassemia Minor/Trait,52,53,725,1217,51,0.9807692307692307,981,0.9779310344827586,0.8421052631578947,0.35,1.0,51,0.9779310344827586,"[0.35, 0.1579, 0.25, 0.5, 0.5, 0.6, 0.95, 0.6842, 0.6, 0.55, 0.7, 0.5, 0.35, 0.45, 0.2, 0.3, 0.25, 0.1, 0.1053, 0.15, 0.1579, 0.0, 0.0526, 0.05, 0.3, 0.25, 0.1, 0.4, 0.1, 0.2632, 0.4211, 0.2632, 0.3, 0.1053, 0.15, 0.1, 0.05, 0.0, 0.0, 0.15, 0.4, 0.3, 0.5, 0.05, 0.25, 0.0526, 0.3684, 0.4, 0.3, 0.7, 0.7895, 0.8421, 1.0]"
gpt-oss-20b,967834058a7e6f5cb903d6d983ecba7e,77517a9931b5cb2eff291beceab201687a0ed15cb1c0a75f51cebe4cefed6cf9,False,Beta-Thalassemia Intermedia,43,44,519,991,39,0.9069767441860465,753,0.9267822736030829,0.9,0.631578947368421,1.0,39,0.9267822736030829,"[0.6316, 0.55, 0.5, 0.5263, 0.65, 0.4211, 0.6, 0.55, 0.4737, 0.6842, 0.85, 0.6, 0.45, 0.4, 0.25, 0.45, 0.05, 0.1, 0.2, 0.15, 0.1, 0.25, 0.1579, 0.4, 0.4, 0.25, 0.2632, 0.5, 0.15, 0.3, 0.5, 0.45, 0.6, 0.55, 0.5556, 0.75, 0.5263, 0.5789, 0.45, 0.9, 0.9, 0.95, 0.9, 1.0]"
gpt-oss-20b,8b5ae4c8982f0b55e7334ff4117d6a4f,c340e9570b89bd0f827a5bca4909be9d3f65a0320340c84f711fa2fd28a448ef,True,Minor Aphthous Stomatitis,51,52,793,1158,51,1.0,1006,1.0,0.7894736842105263,0.1,0.7894736842105263,51,1.0,"[0.1, 0.1, 0.1, 0.1, 0.15, 0.3, 0.5, 0.45, 0.55, 0.7, 0.65, 0.55, 0.5789, 0.7, 0.65, 0.7, 0.55, 0.8421, 0.6, 0.7, 0.8, 0.6, 0.6, 0.8, 0.7368, 0.7368, 0.5, 0.7, 0.5, 0.65, 0.45, 0.6111, 0.3158, 0.45, 0.55, 0.6, 0.65, 0.5, 0.5, 0.5263, 0.25, 0.25, 0.35, 0.25, 0.3684, 0.35, 0.2105, 0.35, 0.3, 0.25, 0.25, 0.7895]"
gpt-oss-20b,8b5ae4c8982f0b55e7334ff4117d6a4f,a249d278a6dc61338cd981b78c66658e7912e552c7b7148b0db3682ad7e2102f,False,Herpes simplex stomatitis,67,68,1114,1511,62,0.9253731343283582,1275,0.9533213644524237,0.85,0.15,1.0,62,0.9533213644524237,"[0.15, 0.35, 0.15, 0.2, 0.2, 0.1, 0.5, 0.8, 0.6, 0.75, 0.3158, 0.5, 0.45, 0.55, 0.25, 0.4, 0.4, 0.3158, 0.55, 0.35, 0.35, 0.55, 0.3, 0.35, 0.3, 0.2, 0.1, 0.15, 0.0526, 0.2, 0.2, 0.25, 0.3, 0.25, 0.3158, 0.4211, 0.35, 0.2105, 0.55, 0.35, 0.45, 0.35, 0.4, 0.3, 0.45, 0.3, 0.55, 0.5, 0.4737, 0.45, 0.4, 0.15, 0.65, 0.65, 0.6842, 0.85, 0.4, 0.75, 0.75, 0.75, 0.45, 0.6, 0.85, 0.8, 0.9, 1.0, 1.0, 1.0]"
gpt-oss-20b,9d8432d3b13c02fb04b55e0a74c6c063,b6fe8abdf129c4d245986cdec61d7cee370c8f9ab26e3c76907b9a3dc8b60533,True,Spontaneous Coronary Artery Dissection,119,120,1643,3130,0,0.0,1099,0.0018259281801582471,0.8888888888888888,0.8888888888888888,1.0,0,0.0018259281801582471,"[0.8889, 1.0, 0.9474, 0.95, 1.0, 0.85, 0.85, 0.8421, 0.8947, 1.0, 0.9474, 1.0, 0.95, 1.0, 1.0, 0.8947, 0.95, 1.0, 0.9, 1.0, 1.0, 0.95, 0.95, 1.0, 1.0, 0.95, 0.8947, 0.9474, 1.0, 1.0, 1.0, 0.9, 1.0, 1.0, 1.0, 1.0, 1.0, 1.0, 1.0, 1.0, 1.0, 1.0, 1.0, 1.0, 1.0, 0.9474, 1.0, 1.0, 0.9474, 0.9, 0.9, 0.8947, 0.9474, 0.9474, 0.9444, 1.0, 0.9, 1.0, 1.0, 1.0, 0.9474, 1.0, 0.95, 1.0, 1.0, 1.0, 0.95, 0.9474, 1.0, 1.0, 1.0, 1.0, 1.0, 1.0, 1.0, 1.0, 1.0, 1.0, 1.0, 1.0, 1.0, 1.0, 1.0, 1.0, 1.0, 1.0, 1.0, 1.0, 1.0, 1.0, 1.0, 1.0, 1.0, 1.0, 1.0, 1.0, 1.0, 1.0, 1.0, 1.0, 1.0, 1.0, 1.0, 1.0, 1.0, 1.0, 1.0, 1.0, 1.0, 1.0, 1.0, 1.0, 1.0, 1.0, 1.0, 1.0, 1.0, 1.0, 1.0, 1.0]"
gpt-oss-20b,88537bcf54e128709d3d84d9a954aa6f,aa5e6cdeaa2e7e98eef7af713ec9ab08192032a3e2834ac4dcf0cf6afcdffec5,True,Henoch-Schönlein Purpura (IgA Vasculitis),261,262,3821,5396,252,0.9655172413793104,5087,0.9670243391782256,0.8,0.5,1.0,257,0.9837738811829364,"[0.5, 0.7895, 0.35, 0.4, 0.25, 0.4211, 0.6, 0.4, 0.7895, 0.75, 0.5, 0.65, 0.6, 0.7, 0.4211, 0.5, 0.75, 0.6, 0.6316, 0.7, 0.7, 0.45, 0.8, 0.7895, 0.65, 0.7, 0.8947, 0.8421, 0.7895, 0.8, 0.8, 0.9, 0.7778, 0.65, 0.85, 0.85, 0.7, 0.8333, 0.7895, 0.8947, 0.75, 0.85, 0.8, 0.6, 0.7368, 0.7895, 0.6111, 0.7368, 0.75, 0.75, 0.5, 0.75, 0.8947, 0.85, 0.8947, 0.8, 0.8889, 0.7895, 0.75, 0.65, 0.8333, 0.85, 0.85, 0.7, 0.65, 0.8, 0.6842, 0.7, 0.75, 0.85, 0.7, 0.8947, 0.8, 0.7895, 0.8889, 0.5789, 0.85, 0.7895, 0.8, 0.85, 0.9, 0.85, 0.8, 0.8421, 0.9, 0.75, 0.85, 0.85, 0.6316, 0.85, 0.7778, 0.8, 0.8421, 0.9, 0.7895, 0.75, 0.95, 0.85, 0.6111, 0.6842, 0.8947, 0.65, 0.8, 0.8421, 0.85, 0.85, 0.75, 0.8, 0.7, 0.75, 0.9, 0.65, 0.85, 0.8421, 0.9474, 0.8947, 0.8, 0.8, 0.8421, 0.85, 0.8947, 0.8421, 0.8, 0.85, 0.9474, 0.75, 0.6842, 0.8, 0.6842, 0.75, 0.7368, 0.55, 0.65, 0.6, 0.5, 0.65, 0.3, 0.65, 0.6, 0.7222, 0.65, 0.8, 0.7, 0.7368, 0.75, 0.7368, 0.9, 0.7895, 0.75, 0.7, 0.65, 0.7778, 0.75, 0.75, 0.85, 0.7895, 0.85, 0.6842, 0.7895, 0.8, 0.65, 0.8, 0.8421, 0.75, 0.5789, 0.8, 0.8, 0.9, 0.5, 0.6, 0.8, 0.9, 0.8, 0.7, 0.85, 0.85, 0.9, 0.8947, 0.75, 0.95, 0.9, 0.85, 0.8947, 0.95, 0.9, 0.85, 0.8421, 0.9, 0.75, 0.8, 0.8333, 0.65, 0.75, 0.9, 0.7778, 0.9444, 0.8, 0.7895, 0.8, 0.8421, 0.8421, 0.7368, 0.75, 0.85, 0.8421, 1.0, 0.8, 0.6316, 0.95, 0.7, 0.75, 0.8421, 0.95, 0.7895, 0.95, 0.95, 0.95, 0.7368, 0.8947, 1.0, 0.95, 0.9474, 0.9474, 1.0, 1.0, 0.95, 1.0, 0.95, 0.8889, 0.9474, 0.9, 0.9, 0.6842, 0.7895, 0.75, 0.8, 0.9, 0.7895, 0.5263, 0.7368, 0.5789, 0.65, 0.65, 0.7368, 0.7895, 0.7778, 0.9, 0.75, 0.7895, 0.6842, 0.65, 0.7368, 0.8, 0.75, 0.85, 0.8, 0.7895, 0.85, 0.8947, 0.8947, 1.0, 1.0]"
gpt-oss-20b,8e99e185c9670ed801211fba5a2e93f9,6d3f29eaaa14da694ae03ef821d2f586a0fbb3aa05c7d17c8a3ed325cafc9667,True,Papular Urticaria,34,35,592,923,9,0.2647058823529412,367,0.25675675675675674,0.85,0.75,1.0,21,0.6300675675675675,"[0.75, 0.9, 0.9, 0.9474, 0.7368, 0.7, 0.8947, 0.7368, 0.7895, 0.85, 0.75, 0.75, 0.9, 0.85, 0.7, 0.85, 0.7, 0.7368, 0.65, 0.7, 0.7, 1.0, 1.0, 1.0, 1.0, 1.0, 1.0, 1.0, 1.0, 1.0, 1.0, 1.0, 1.0, 1.0, 1.0]"
gpt-oss-20b,8e99e185c9670ed801211fba5a2e93f9,acc602cbaf4c09b6dbc4b00d9bf38be86644e88425af6059342b2214cf817385,False,Childhood Prurigo,43,44,964,1350,4,0.09302325581395349,337,0.12655601659751037,0.85,0.1,1.0,4,0.12655601659751037,"[0.1, 0.1053, 0.1, 0.5, 0.85, 0.85, 0.8889, 0.9, 1.0, 0.95, 0.8, 0.95, 0.95, 0.9, 1.0, 0.95, 1.0, 1.0, 1.0, 1.0, 1.0, 1.0, 1.0, 1.0, 1.0, 1.0, 1.0, 1.0, 1.0, 1.0, 1.0, 1.0, 1.0, 1.0, 1.0, 1.0, 1.0, 1.0, 1.0, 1.0, 1.0, 1.0, 1.0, 1.0]"
gpt-oss-20b,88537bcf54e128709d3d84d9a954aa6f,a3fefee18ef47e234c608be7bd8d1871304378140ad00dc1223d3a52ae4cbf55,False,Anti-TNF-α Inhibitor-Induced Small-Vessel Vasculitis,137,138,2226,3853,134,0.9781021897810219,3566,0.9766397124887691,0.9473684210526315,0.10526315789473684,0.85,134,0.9766397124887691,"[0.1053, 0.0, 0.0, 0.0, 0.0526, 0.1, 0.0, 0.0, 0.0556, 0.0, 0.0526, 0.0, 0.0526, 0.05, 0.0, 0.0, 0.0, 0.05, 0.0526, 0.0, 0.1, 0.0526, 0.05, 0.05, 0.0, 0.0, 0.0, 0.0, 0.0, 0.0, 0.0, 0.0, 0.0, 0.0, 0.0, 0.0, 0.0, 0.0, 0.0, 0.0, 0.0, 0.0, 0.0, 0.0, 0.0556, 0.0, 0.0, 0.0, 0.0, 0.0, 0.0, 0.0, 0.2, 0.1, 0.4, 0.0526, 0.1667, 0.0556, 0.1, 0.0526, 0.05, 0.1, 0.05, 0.05, 0.1, 0.1, 0.1, 0.0, 0.0, 0.0, 0.1111, 0.1053, 0.0526, 0.2, 0.1053, 0.15, 0.05, 0.0526, 0.2, 0.15, 0.15, 0.0526, 0.1579, 0.3, 0.1, 0.15, 0.15, 0.05, 0.2, 0.05, 0.0526, 0.2632, 0.3158, 0.2632, 0.1053, 0.1579, 0.2, 0.2, 0.2105, 0.15, 0.35, 0.15, 0.2632, 0.35, 0.25, 0.25, 0.15, 0.1, 0.25, 0.5, 0.3684, 0.3158, 0.35, 0.3, 0.5, 0.5263, 0.55, 0.5789, 0.6111, 0.4, 0.4, 0.3, 0.7, 0.55, 0.6, 0.5789, 0.5, 0.75, 0.5, 0.8, 0.6, 0.6842, 0.65, 0.6842, 0.9474, 0.85, 0.95, 0.85]"
gpt-oss-20b,9d8432d3b13c02fb04b55e0a74c6c063,2db84af8d9952e563a9b550a4282a47e6cd9dc4adc9d6b95175eee706838b590,False,Myocardial Infarction with Non-obstructive Coronary Arteries (MINOCA),220,221,3546,4923,219,0.9954545454545455,4619,0.9935138183869149,0.85,0.0,0.9,219,0.9935138183869149,"[0.0, 0.0, 0.0, 0.0, 0.0, 0.0, 0.0, 0.0, 0.0, 0.0526, 0.0, 0.0, 0.0, 0.0, 0.05, 0.0, 0.0, 0.0, 0.0, 0.0, 0.0, 0.0, 0.0, 0.0, 0.0, 0.0, 0.0, 0.0, 0.0, 0.0, 0.05, 0.0, 0.0, 0.0, 0.0, 0.0526, 0.0, 0.05, 0.0, 0.1, 0.0, 0.0, 0.0526, 0.1, 0.1, 0.0, 0.0, 0.0, 0.0, 0.0, 0.0526, 0.0, 0.0, 0.0, 0.0, 0.05, 0.1053, 0.0, 0.05, 0.0556, 0.0, 0.0, 0.0, 0.0, 0.0, 0.0, 0.0, 0.0, 0.0, 0.0, 0.0, 0.0, 0.0, 0.0, 0.0, 0.0, 0.0, 0.0, 0.0, 0.05, 0.0, 0.0, 0.0, 0.0, 0.0, 0.0, 0.0526, 0.0526, 0.0, 0.0, 0.05, 0.0, 0.0, 0.0, 0.0526, 0.0, 0.0, 0.0, 0.0, 0.05, 0.0, 0.0, 0.0, 0.0, 0.0526, 0.0, 0.0, 0.0, 0.0, 0.0, 0.0526, 0.0526, 0.0556, 0.0, 0.0, 0.05, 0.0, 0.0, 0.0, 0.0, 0.0, 0.05, 0.0526, 0.0, 0.0, 0.0, 0.0, 0.0, 0.05, 0.0, 0.0526, 0.0526, 0.05, 0.05, 0.0, 0.0, 0.0, 0.0, 0.0, 0.0, 0.0, 0.0, 0.05, 0.05, 0.0, 0.0, 0.0, 0.0, 0.0, 0.1053, 0.0, 0.0, 0.0, 0.0, 0.0, 0.0526, 0.0, 0.0, 0.0, 0.0, 0.0, 0.0, 0.0, 0.1, 0.05, 0.0, 0.05, 0.0, 0.0526, 0.0, 0.0, 0.0, 0.05, 0.0, 0.05, 0.05, 0.0, 0.0526, 0.05, 0.0, 0.05, 0.0, 0.0, 0.0, 0.0, 0.0, 0.0, 0.0, 0.0, 0.2, 0.4737, 0.3, 0.5789, 0.6667, 0.9, 0.9, 0.9, 0.5789, 0.45, 0.45, 0.5789, 0.4737, 0.9, 0.65, 0.55, 0.5263, 0.4737, 0.35, 0.35, 0.3, 0.6, 0.5263, 0.55, 0.5263, 0.5, 0.45, 0.15, 0.0, 0.45, 0.85, 0.9]"
gpt-oss-20b,8d4129f4074a7419ef8017429041fac4,01ab17f0fc389cd28475411bc9b52fc24cbfb2f6bef79894008248b138c03ab0,True,Simple Goiter,60,61,609,1056,29,0.48333333333333334,530,0.5024630541871922,0.8947368421052632,0.55,1.0,36,0.6617405582922824,"[0.55, 0.5, 0.2, 0.3158, 0.5, 0.2, 0.35, 0.5, 0.65, 0.5, 0.4, 0.3, 0.35, 0.25, 0.1, 0.4, 0.35, 0.15, 0.2632, 0.35, 0.55, 0.5789, 0.45, 0.5263, 0.45, 0.3684, 0.4211, 0.55, 0.6, 0.8947, 0.8421, 0.9, 1.0, 1.0, 1.0, 0.7895, 0.85, 0.8421, 1.0, 1.0, 0.9474, 0.95, 0.9474, 0.95, 1.0, 1.0, 0.9, 0.95, 1.0, 1.0, 0.9474, 1.0, 0.95, 1.0, 1.0, 0.9, 1.0, 0.9474, 1.0, 1.0, 1.0]"
gpt-oss-20b,8d4129f4074a7419ef8017429041fac4,89a77b1d5ef5b04259c5380fec56ec71413f394e948af94fb93619b7cded4d75,False,Autoimmune Thyroiditis,47,48,438,815,26,0.5531914893617021,459,0.5365296803652968,0.8421052631578947,0.2,1.0,28,0.5684931506849316,"[0.2, 0.25, 0.2, 0.2105, 0.1579, 0.25, 0.15, 0.5, 0.4, 0.5, 0.55, 0.5, 0.5, 0.45, 0.6, 0.6, 0.6, 0.6, 0.45, 0.7, 0.65, 0.6, 0.45, 0.4, 0.4211, 0.6, 0.8421, 0.75, 0.8421, 0.9, 1.0, 0.9, 0.8, 0.85, 0.9, 0.85, 0.9, 0.8421, 0.9474, 1.0, 0.85, 0.95, 0.8333, 0.95, 1.0, 1.0, 1.0, 1.0]"
gpt-oss-20b,9c22e95143200153a9b0c049452517e1,14b634c516ce10a2309149e5bd0f2ccdadf1c8c2017d01db1cb8c7b9f9ceaa5c,True,Central nervous system vasculitis,107,108,1805,4451,0,0.0,2366,0.0016620498614958448,0.05,0.05,0.1,0,0.0016620498614958448,"[0.05, 0.1053, 0.0556, 0.0625, 0.0, 0.0, 0.0, 0.05, 0.0, 0.0, 0.05, 0.1053, 0.0, 0.0, 0.0526, 0.0, 0.0526, 0.05, 0.1, 0.05, 0.0526, 0.0, 0.0526, 0.05, 0.0, 0.0, 0.0, 0.0, 0.0, 0.0, 0.05, 0.0, 0.05, 0.1053, 0.0, 0.0526, 0.0526, 0.0, 0.0, 0.1, 0.05, 0.0, 0.0, 0.0, 0.05, 0.0, 0.0, 0.0, 0.1, 0.0, 0.0, 0.0, 0.0, 0.1, 0.0526, 0.1053, 0.0, 0.0, 0.0, 0.0, 0.1, 0.0, 0.0, 0.0, 0.0, 0.0, 0.0, 0.0, 0.0, 0.0, 0.0, 0.0, 0.0, 0.15, 0.0, 0.0, 0.0, 0.0, 0.0, 0.0, 0.05, 0.0, 0.0, 0.0, 0.0, 0.0, 0.0, 0.0, 0.0, 0.0, 0.0, 0.0, 0.0, 0.05, 0.0526, 0.1053, 0.0, 0.05, 0.0, 0.15, 0.0, 0.05, 0.0, 0.0, 0.1, 0.05, 0.0556, 0.1]"
gpt-oss-20b,b1e59a85b6e9c1e020d2392193d668fb,a075137ab878cc1c26d7acac18fd04c1527a645856b3b77e0598cf0e569fb0ae,True,Vestibular Neuritis,83,84,963,1580,78,0.9397590361445783,1324,0.9491173416407062,0.45,0.75,0.3,83,1.0,"[0.75, 0.7368, 0.5, 0.65, 0.45, 0.4211, 0.55, 0.45, 0.35, 0.55, 0.4, 0.4, 0.45, 0.5789, 0.4, 0.3158, 0.2105, 0.5263, 0.3684, 0.5556, 0.3, 0.6, 0.55, 0.35, 0.35, 0.3, 0.5, 0.35, 0.35, 0.4211, 0.3, 0.5, 0.25, 0.1579, 0.25, 0.3158, 0.45, 0.25, 0.3, 0.2632, 0.3333, 0.2, 0.4444, 0.4, 0.6, 0.2, 0.35, 0.4, 0.4, 0.5, 0.45, 0.35, 0.3158, 0.2105, 0.2632, 0.1579, 0.2, 0.35, 0.35, 0.35, 0.4, 0.3684, 0.45, 0.4, 0.25, 0.25, 0.35, 0.5, 0.4, 0.45, 0.3889, 0.3684, 0.3684, 0.35, 0.25, 0.15, 0.25, 0.3684, 0.45, 0.4737, 0.65, 0.6111, 0.55, 0.3]"
gpt-oss-20b,99056c3c2db73e4929ee1df107d73688,68a7096ee44919edd852a5f8c81d04f3f72170f9e85e0bda2e0b07e50831f8d4,True,Benign Neonatal Hyperbilirubinemia,85,86,1147,1688,41,0.4823529411764706,885,0.44812554489973844,0.85,0.6842105263157895,1.0,64,0.7375762859633828,"[0.6842, 0.6111, 0.8, 0.65, 0.65, 0.75, 0.7778, 0.7895, 0.6316, 0.75, 0.5263, 0.5, 0.6, 0.65, 0.65, 0.6, 0.5556, 0.5789, 0.6, 0.6316, 0.6316, 0.85, 0.8, 0.6842, 0.8947, 0.6, 0.6316, 0.5556, 0.75, 0.5, 0.5789, 0.7368, 0.6842, 0.65, 0.5556, 0.7222, 0.95, 0.9, 0.9, 0.7, 0.75, 0.85, 0.7, 0.85, 0.95, 0.9, 0.95, 0.7, 0.95, 0.85, 0.8947, 0.8333, 0.7895, 0.8947, 0.7895, 0.8, 0.8, 0.8947, 0.7895, 0.9, 0.85, 0.8947, 0.8421, 0.7, 0.95, 0.8, 0.9, 0.95, 1.0, 1.0, 0.95, 1.0, 0.8421, 0.9, 1.0, 1.0, 0.9412, 1.0, 1.0, 1.0, 1.0, 1.0, 1.0, 1.0, 1.0, 1.0]"
gpt-oss-20b,b1e59a85b6e9c1e020d2392193d668fb,84dbb51db98fb176709d2ebecfe9528d1fbf9ab2e178d264fa4caef5fab98e0a,False,Benign Paroxysmal Positional Vertigo,141,142,2042,2708,92,0.6524822695035462,1783,0.6723800195886386,0.85,0.0,1.0,127,0.9094025465230167,"[0.0, 0.0526, 0.0, 0.05, 0.0, 0.1, 0.4444, 0.3, 0.5263, 0.3684, 0.5, 0.55, 0.55, 0.6316, 0.3889, 0.6, 0.55, 0.35, 0.45, 0.65, 0.5789, 0.35, 0.55, 0.4, 0.55, 0.5, 0.6316, 0.6, 0.3158, 0.55, 0.4737, 0.5263, 0.5, 0.5263, 0.3, 0.7368, 0.4, 0.6, 0.5, 0.5, 0.35, 0.5, 0.55, 0.2632, 0.5263, 0.3, 0.6, 0.5, 0.5263, 0.5, 0.5263, 0.5, 0.65, 0.4737, 0.75, 0.9, 0.65, 0.8, 0.75, 0.7, 0.75, 0.55, 0.85, 0.6842, 0.75, 0.6842, 0.65, 0.55, 0.6, 0.45, 0.5789, 0.85, 0.8, 0.75, 0.65, 0.65, 0.6316, 0.7895, 0.7, 0.45, 0.5, 0.65, 0.5556, 0.85, 0.65, 0.6, 0.55, 0.65, 0.65, 0.7368, 0.7, 0.7, 0.85, 0.75, 0.7, 0.8, 0.8421, 0.9, 0.9, 0.95, 0.95, 0.9, 0.85, 1.0, 0.9, 0.8421, 0.85, 0.85, 0.85, 0.85, 0.75, 1.0, 0.8947, 0.75, 0.95, 0.95, 0.8, 0.9, 0.95, 0.9, 0.95, 0.95, 0.8, 0.85, 0.7368, 0.8421, 0.7368, 0.9, 0.95, 0.9474, 0.9474, 0.95, 0.95, 0.8947, 1.0, 0.8947, 0.9, 1.0, 0.95, 1.0, 1.0, 1.0]"
gpt-oss-20b,99056c3c2db73e4929ee1df107d73688,8d904b06a55fe290acd36085f5d27db2b6370ad4559ba1539ded9b2a6510263f,False,Benign Neonatal Hyperbilirubinemia,109,110,1391,1963,100,0.9174311926605505,1644,0.9151689432063264,0.75,0.9473684210526315,0.9473684210526315,109,1.0,"[0.9474, 0.7, 0.95, 0.9, 0.9474, 0.85, 1.0, 0.95, 0.95, 1.0, 1.0, 1.0, 0.9, 0.85, 0.8947, 0.9, 1.0, 0.95, 0.8947, 0.95, 0.9474, 0.9, 0.95, 0.8421, 0.9, 1.0, 1.0, 0.85, 1.0, 1.0, 0.9, 1.0, 1.0, 1.0, 0.95, 0.9, 0.95, 0.7895, 0.75, 0.75, 0.95, 0.85, 0.9, 0.9, 0.9, 0.65, 0.8, 0.8947, 0.8947, 0.95, 0.8889, 0.8, 0.8333, 0.8421, 0.7, 0.8947, 0.8, 0.85, 0.7, 0.8947, 0.8947, 0.85, 0.95, 0.8, 0.6842, 0.8, 0.75, 0.8947, 0.8, 0.8421, 1.0, 0.7368, 0.9, 0.9474, 0.85, 0.5789, 0.85, 0.8421, 1.0, 0.8, 0.85, 0.8421, 0.7, 0.7, 0.8421, 0.75, 0.7895, 0.9, 0.95, 0.8, 0.75, 0.7, 1.0, 0.7895, 0.9474, 0.8, 0.95, 0.6842, 0.9444, 0.7778, 0.75, 0.7895, 0.7895, 0.65, 0.7368, 0.8, 0.7778, 0.55, 0.6842, 0.9474]"
gpt-oss-20b,b9e317df6f71d14e177013c57587becf,e582900ea5ce0717d7dcb5eeb42764b2870460fac4edefe813f07e69091e8af6,True,Hemangioblastoma,15,16,254,616,2,0.13333333333333333,271,0.2125984251968504,0.85,0.6,1.0,2,0.2125984251968504,"[0.6, 0.75, 0.85, 1.0, 1.0, 1.0, 1.0, 1.0, 1.0, 1.0, 1.0, 1.0, 1.0, 1.0, 1.0, 1.0]"
gpt-oss-20b,9c22e95143200153a9b0c049452517e1,e5b21b2235f9838db49c605a9ef3816059e6a6093d343e520b3f4b73cc5a853c,False,Primary Angiitis of the Central Nervous System,243,244,3173,5948,236,0.9711934156378601,5458,0.9754175858808698,0.85,0.0,1.0,241,0.9943271352032776,"[0.0, 0.0, 0.0, 0.0, 0.0, 0.0, 0.0, 0.0, 0.0, 0.0, 0.0, 0.0, 0.05, 0.0, 0.0, 0.0, 0.0, 0.0, 0.0, 0.0, 0.0, 0.0, 0.0, 0.0, 0.0, 0.0, 0.0, 0.0, 0.0, 0.0, 0.0, 0.0, 0.0, 0.0, 0.0, 0.0, 0.0, 0.0, 0.0, 0.0, 0.0, 0.0, 0.0, 0.0, 0.0, 0.0, 0.05, 0.0, 0.0, 0.0, 0.0, 0.0, 0.0, 0.0, 0.0, 0.0, 0.0, 0.0, 0.0, 0.0, 0.05, 0.0, 0.0, 0.05, 0.0, 0.0, 0.0, 0.0, 0.0, 0.0, 0.0, 0.0, 0.0, 0.0, 0.0, 0.0, 0.0, 0.0, 0.0, 0.0, 0.0, 0.0, 0.0, 0.0, 0.0, 0.0, 0.0, 0.0, 0.0, 0.0, 0.0, 0.0, 0.0, 0.0, 0.0, 0.0, 0.05, 0.05, 0.0, 0.0, 0.0, 0.0, 0.05, 0.0526, 0.05, 0.0, 0.05, 0.0, 0.0, 0.2, 0.05, 0.2, 0.3, 0.1, 0.4118, 0.1579, 0.25, 0.2353, 0.3158, 0.1111, 0.2, 0.2105, 0.3158, 0.2632, 0.2105, 0.2105, 0.3, 0.15, 0.2, 0.2, 0.35, 0.25, 0.1, 0.2105, 0.1053, 0.1579, 0.2632, 0.3, 0.1053, 0.2105, 0.25, 0.3, 0.3684, 0.3, 0.4, 0.2632, 0.2105, 0.3684, 0.2, 0.4211, 0.3889, 0.45, 0.3, 0.3158, 0.3158, 0.35, 0.1053, 0.1667, 0.2105, 0.2, 0.25, 0.3158, 0.4, 0.3, 0.2632, 0.15, 0.2105, 0.15, 0.25, 0.1579, 0.1053, 0.3158, 0.15, 0.25, 0.15, 0.25, 0.2, 0.25, 0.0526, 0.0, 0.05, 0.0, 0.05, 0.0526, 0.0, 0.0, 0.2353, 0.15, 0.15, 0.15, 0.0, 0.2, 0.1, 0.05, 0.0, 0.0, 0.2, 0.05, 0.1053, 0.1053, 0.0526, 0.15, 0.0, 0.05, 0.0, 0.0, 0.05, 0.1053, 0.0526, 0.1111, 0.05, 0.0, 0.1667, 0.1053, 0.05, 0.1579, 0.25, 0.35, 0.1, 0.1, 0.15, 0.05, 0.25, 0.05, 0.0, 0.1, 0.1, 0.15, 0.1176, 0.5263, 0.2105, 0.25, 0.3, 0.1, 0.3158, 0.3684, 0.85, 0.7895, 0.9, 0.75, 0.65, 0.85, 0.8947, 1.0]"
gpt-oss-20b,ab0226a3a9dc01c8c9b91a47198bed63,02b934286a66b738d47694f4e23caf6c8753befc9a6d5e5be5ccfb18cd7cbdc0,True,Norovirus infection,36,37,456,953,19,0.5277777777777778,624,0.6162280701754386,0.8,0.2,1.0,21,0.7149122807017544,"[0.2, 0.05, 0.05, 0.0, 0.0, 0.1, 0.1, 0.05, 0.0, 0.0, 0.0, 0.05, 0.1579, 0.7368, 0.5, 0.6, 0.65, 0.65, 0.65, 0.8, 0.75, 0.9, 0.8, 0.9, 1.0, 1.0, 1.0, 1.0, 1.0, 1.0, 1.0, 1.0, 0.95, 1.0, 1.0, 0.95, 1.0]"
gpt-oss-20b,b9e317df6f71d14e177013c57587becf,730548b31e151edcfde9639fbaadcb52972a7224705b84c5a66e31bf6a06f207,False,Pilocytic Astrocytoma,16,17,288,680,5,0.3125,317,0.3472222222222222,0.85,0.15,1.0,5,0.3472222222222222,"[0.15, 0.2632, 0.2, 0.7, 0.6316, 0.85, 0.95, 1.0, 1.0, 0.9474, 1.0, 1.0, 1.0, 1.0, 1.0, 1.0, 1.0]"
gpt-oss-20b,ab0226a3a9dc01c8c9b91a47198bed63,b8cf07c622f91482623620510f19181e8532a24fda4702f83c75675e2823ba44,False,Staphylococcal food poisoning,107,108,1174,1694,104,0.9719626168224299,1498,0.9838160136286201,0.85,0.0,1.0,104,0.9838160136286201,"[0.0, 0.0, 0.05, 0.0, 0.0, 0.0, 0.0, 0.0, 0.0, 0.05, 0.0, 0.0, 0.05, 0.0, 0.0, 0.0, 0.05, 0.0526, 0.0, 0.0, 0.0, 0.0, 0.05, 0.1, 0.1111, 0.05, 0.05, 0.2, 0.4211, 0.2632, 0.35, 0.2778, 0.1667, 0.3, 0.2, 0.15, 0.35, 0.35, 0.3333, 0.25, 0.1, 0.3, 0.25, 0.2, 0.45, 0.25, 0.0, 0.5, 0.2, 0.15, 0.1667, 0.1, 0.1, 0.2, 0.2, 0.15, 0.2, 0.25, 0.1053, 0.1579, 0.2632, 0.05, 0.05, 0.3, 0.25, 0.2, 0.2632, 0.2, 0.2632, 0.3158, 0.6, 0.55, 0.6842, 0.45, 0.15, 0.2105, 0.1053, 0.05, 0.0, 0.0, 0.15, 0.0, 0.0, 0.1, 0.25, 0.55, 0.45, 0.7, 0.5, 0.6842, 0.4737, 0.7368, 0.7, 0.4211, 0.2, 0.0526, 0.45, 0.4211, 0.4211, 0.4211, 0.45, 0.65, 0.75, 0.6, 0.85, 1.0, 0.95, 1.0]"
gpt-oss-20b,ab944ef1e6f39bfd785f38954f9458c1,d748dc38318d7a3b0caa0a3dbe7e68ab14ed82cd7b9ac8f0fb313167bdc56fa5,True,Syringomyelia,48,49,717,1292,41,0.8541666666666666,1034,0.9037656903765691,0.8,0.2,1.0,45,0.9539748953974896,"[0.2, 0.15, 0.35, 0.1579, 0.15, 0.25, 0.0, 0.25, 0.4, 0.1053, 0.2, 0.25, 0.2105, 0.0556, 0.25, 0.15, 0.1111, 0.2105, 0.2, 0.2, 0.3158, 0.2, 0.2, 0.2, 0.15, 0.0556, 0.2, 0.0526, 0.15, 0.2632, 0.35, 0.3, 0.1579, 0.2, 0.4, 0.3529, 0.7, 0.6, 0.6316, 0.6471, 0.7, 0.8, 0.7, 0.7, 0.7, 0.8, 0.9, 1.0, 1.0]"
gpt-oss-20b,beea037b8f8cec59caa352ec11f501da,478cf573bc7a05f0dfb739593ead991ecc127c437fa70756e57b3daa3eafc30e,True,Nevus sebaceus,61,62,976,1385,54,0.8852459016393442,1091,0.8995901639344263,0.8421052631578947,0.2631578947368421,1.0,59,0.9723360655737705,"[0.2632, 0.3, 0.4211, 0.4, 0.45, 0.55, 0.85, 0.6, 0.65, 0.7, 0.65, 0.45, 0.5, 0.5789, 0.2632, 0.4737, 0.7, 0.6316, 0.7222, 0.6, 0.35, 0.6316, 0.6316, 0.6, 0.7, 0.7, 0.6, 0.4737, 0.6, 0.85, 0.55, 0.6, 0.6842, 0.65, 0.7, 0.8421, 0.75, 0.65, 0.6842, 0.6316, 0.55, 0.6316, 0.6316, 0.65, 0.65, 0.7, 0.6, 0.65, 0.65, 0.7368, 0.6, 0.6316, 0.65, 0.7, 0.8421, 0.95, 0.85, 0.8, 0.75, 0.8, 0.95, 1.0]"
gpt-oss-20b,ab944ef1e6f39bfd785f38954f9458c1,e0c03b428e6a24878e5cf2d8fd1ba8e9971c12f8cfbe389f2a67617fe835734d,False,Central Cord Syndrome,40,41,723,1323,19,0.475,690,0.42047026279391425,0.9,0.8,1.0,19,0.42047026279391425,"[0.8, 0.6842, 0.5789, 0.5, 0.7778, 0.8333, 0.65, 0.8, 0.9, 0.75, 0.85, 1.0, 0.9, 0.7368, 0.9, 0.9474, 0.8421, 0.9474, 0.6, 0.9, 0.8, 1.0, 0.95, 0.95, 1.0, 1.0, 1.0, 1.0, 1.0, 1.0, 1.0, 1.0, 1.0, 1.0, 1.0, 1.0, 1.0, 1.0, 1.0, 1.0, 1.0]"
gpt-oss-20b,b2b6765627a78f61fac9ba35346d7b1d,b042057970171d07f9abca42d9b8eb2ce9b9eb7c5186256da2d99893680f33ae,True,Subphrenic Abscess,80,81,1404,2148,47,0.5875,1242,0.6517094017094017,0.8,0.3684210526315789,1.0,61,0.792022792022792,"[0.3684, 0.3, 0.3158, 0.2105, 0.2632, 0.2222, 0.8947, 0.7, 0.8, 0.7368, 0.75, 0.75, 0.95, 0.9, 0.8333, 0.75, 0.9, 0.9, 0.75, 0.95, 0.8, 0.8421, 0.8947, 0.7895, 0.95, 0.95, 0.8, 0.65, 0.9, 0.9, 0.8421, 0.9, 0.9474, 0.85, 0.7895, 0.95, 0.9, 0.65, 0.8421, 0.75, 1.0, 0.9444, 0.8421, 0.8421, 0.85, 0.8, 0.55, 0.8, 0.9, 0.85, 0.7895, 1.0, 0.85, 0.9, 0.9, 1.0, 0.85, 0.85, 0.95, 0.9, 0.7, 0.8, 0.8421, 0.85, 1.0, 1.0, 0.9, 0.9, 0.95, 0.9474, 0.95, 1.0, 1.0, 0.9474, 1.0, 1.0, 0.9, 1.0, 0.95, 0.95, 1.0]"
gpt-oss-20b,c150008220a1497832471d8e8d4e2edb,739b7605ad1b91cc8101469e990073135fa1ba6bb7236094ffcdc2042eb7124e,False,Iron deficiency anemia due to colorectal carcinoma,47,48,695,1195,47,1.0,1042,1.0,0.95,0.15,0.95,47,1.0,"[0.15, 0.2, 0.0526, 0.2105, 0.25, 0.2632, 0.2, 0.3, 0.4, 0.15, 0.25, 0.35, 0.1, 0.2632, 0.15, 0.1, 0.1053, 0.1, 0.1579, 0.3, 0.2, 0.15, 0.05, 0.1176, 0.0, 0.0, 0.1, 0.2778, 0.15, 0.2, 0.15, 0.1, 0.1, 0.1053, 0.1579, 0.2222, 0.15, 0.2, 0.15, 0.1053, 0.1, 0.4, 0.3333, 0.6, 0.35, 0.45, 0.5263, 0.95]"
gpt-oss-20b,b1e9764076e3a29c4c3c4738b878b57a,838672256415023951c11f0d497269c3b05cb13841ea0dac9fcdfb161f9f1af8,True,Psychogenic Non-Epileptic Seizures,202,203,2941,4921,176,0.8712871287128713,4203,0.8714722883373003,0.8333333333333334,0.6842105263157895,1.0,182,0.9064943896633798,"[0.6842, 0.7, 0.6842, 0.4, 0.8421, 0.5789, 0.5, 0.6, 0.6, 0.7895, 0.7, 0.7, 0.5263, 0.4444, 0.5, 0.6, 0.5, 0.7, 0.45, 0.65, 0.45, 0.45, 0.3158, 0.65, 0.4211, 0.5789, 0.45, 0.4211, 0.375, 0.4, 0.6, 0.3158, 0.45, 0.45, 0.2105, 0.4, 0.2632, 0.6316, 0.3, 0.25, 0.5, 0.4, 0.4, 0.35, 0.3, 0.3, 0.4, 0.65, 0.3, 0.25, 0.3333, 0.45, 0.4211, 0.65, 0.7368, 0.6316, 0.5263, 0.2, 0.4737, 0.5263, 0.4, 0.45, 0.55, 0.6316, 0.7, 0.4737, 0.4737, 0.4, 0.3, 0.45, 0.5263, 0.3158, 0.4211, 0.4211, 0.7222, 0.55, 0.5, 0.4211, 0.3684, 0.45, 0.45, 0.4737, 0.2941, 0.25, 0.15, 0.0526, 0.2, 0.2632, 0.15, 0.2105, 0.2105, 0.25, 0.3, 0.4211, 0.3, 0.15, 0.15, 0.2632, 0.35, 0.2105, 0.4, 0.25, 0.3158, 0.2632, 0.1053, 0.1, 0.3158, 0.15, 0.1111, 0.2632, 0.3, 0.3, 0.25, 0.3889, 0.3684, 0.35, 0.1579, 0.25, 0.3, 0.1, 0.2632, 0.5, 0.2105, 0.2, 0.5263, 0.35, 0.25, 0.2632, 0.15, 0.3158, 0.0, 0.35, 0.2632, 0.25, 0.25, 0.3, 0.3, 0.2, 0.3, 0.25, 0.4211, 0.5, 0.2, 0.3, 0.25, 0.2, 0.3, 0.6111, 0.2778, 0.6, 0.2778, 0.25, 0.3, 0.45, 0.4737, 0.7, 0.6316, 0.4, 0.6842, 0.6667, 0.6842, 0.4737, 0.5, 0.5263, 0.4211, 0.6, 0.7, 0.6842, 0.5789, 0.5789, 0.4737, 0.5263, 0.6, 0.55, 0.7368, 0.6842, 0.8333, 0.7, 0.85, 0.75, 0.9474, 0.7895, 0.9444, 0.9474, 0.95, 0.8947, 1.0, 0.95, 0.85, 0.95, 1.0, 0.9, 0.85, 0.9444, 0.95, 1.0, 1.0, 0.95, 1.0, 1.0, 1.0, 1.0, 1.0]"
gpt-oss-20b,cee4809157546a43546571ac67323953,23e00a30d05deef2e70125ae783d972e1e9202bb97848e2a3412ef9880d037e2,True,Eruption cyst,41,42,1048,1443,6,0.14634146341463414,401,0.16984732824427481,1.0,0.15,1.0,6,0.16984732824427481,"[0.15, 0.3, 0.3684, 0.5, 0.2105, 0.3158, 1.0, 1.0, 1.0, 1.0, 1.0, 0.95, 1.0, 0.95, 0.9, 1.0, 0.95, 1.0, 0.9474, 1.0, 1.0, 1.0, 1.0, 1.0, 1.0, 1.0, 1.0, 1.0, 1.0, 1.0, 0.95, 0.95, 1.0, 1.0, 1.0, 1.0, 1.0, 1.0, 1.0, 1.0, 1.0, 1.0]"
gpt-oss-20b,b2b6765627a78f61fac9ba35346d7b1d,e5a36505b67d6e68357d4a75d881de284a85dd5cb36099e485927641e63d1c06,False,Post-operative left diaphragmatic hernia,140,141,2581,3134,135,0.9642857142857143,2863,0.9825648973266176,0.85,0.5,1.0,135,0.9825648973266176,"[0.5, 0.5, 0.4, 0.3, 0.5263, 0.5789, 0.45, 0.1111, 0.4737, 0.15, 0.25, 0.3, 0.2, 0.2, 0.15, 0.2632, 0.2, 0.05, 0.25, 0.2222, 0.2, 0.3158, 0.25, 0.1053, 0.15, 0.3, 0.2, 0.3158, 0.25, 0.05, 0.0, 0.1579, 0.1, 0.15, 0.0, 0.1, 0.2, 0.2105, 0.25, 0.0526, 0.0556, 0.1, 0.1579, 0.05, 0.2, 0.05, 0.1, 0.1, 0.0, 0.2, 0.05, 0.05, 0.15, 0.0, 0.0, 0.0588, 0.0526, 0.15, 0.05, 0.1, 0.05, 0.1, 0.15, 0.2222, 0.05, 0.05, 0.15, 0.05, 0.1, 0.0526, 0.0, 0.05, 0.0, 0.05, 0.0526, 0.05, 0.0, 0.1579, 0.0, 0.1111, 0.0, 0.1, 0.1, 0.1, 0.15, 0.05, 0.4211, 0.5, 0.25, 0.35, 0.1, 0.25, 0.4444, 0.65, 0.6, 0.3, 0.25, 0.4, 0.4, 0.5, 0.15, 0.1, 0.2, 0.1, 0.25, 0.25, 0.15, 0.3, 0.2105, 0.3158, 0.1, 0.2632, 0.15, 0.3, 0.2632, 0.5, 0.6842, 0.65, 0.65, 0.8, 0.8, 0.7, 0.35, 0.55, 0.5, 0.75, 0.4211, 0.5, 0.55, 0.6, 0.3684, 0.5556, 0.6842, 0.5, 0.7895, 0.85, 1.0, 1.0, 1.0, 1.0, 1.0]"
gpt-oss-20b,cee4809157546a43546571ac67323953,741e80967b0bffdaf7bd02be699a4d8472b14d2a93e5556921d9727618ac9b1f,False,Hemangioma,34,35,621,1043,10,0.29411764705882354,382,0.2560386473429952,0.9,0.7,1.0,10,0.2560386473429952,"[0.7, 0.5, 0.6316, 0.5, 0.45, 0.4737, 0.5789, 0.4, 0.6, 0.4737, 0.9, 0.9474, 0.8947, 0.8, 0.8947, 0.85, 1.0, 1.0, 1.0, 1.0, 1.0, 1.0, 1.0, 1.0, 1.0, 1.0, 1.0, 1.0, 1.0, 1.0, 1.0, 1.0, 1.0, 1.0, 1.0]"
gpt-oss-20b,d5242ac7089552f0687edd0e403512da,7bd1420abff96b9ae8d69551b37407ee48405532c8ae3331615924add03ce0fb,True,Chronic Granulomatous Disease,51,52,632,1213,7,0.13725490196078433,439,0.12183544303797468,0.8,0.65,1.0,12,0.18037974683544303,"[0.65, 0.65, 0.7, 0.75, 0.6, 0.6316, 0.75, 0.8, 0.8, 0.75, 0.6316, 0.75, 0.9, 1.0, 1.0, 1.0, 0.95, 1.0, 1.0, 1.0, 1.0, 1.0, 1.0, 1.0, 1.0, 1.0, 1.0, 1.0, 1.0, 1.0, 1.0, 1.0, 1.0, 1.0, 1.0, 1.0, 1.0, 1.0, 1.0, 1.0, 1.0, 1.0, 1.0, 1.0, 1.0, 1.0, 1.0, 1.0, 1.0, 1.0, 1.0, 1.0]"
gpt-oss-20b,b1e9764076e3a29c4c3c4738b878b57a,ea6a1013a899a1b530a1a459655b600d0805f49a7f4dfb3e429fec34521b165a,False,Post-Traumatic Epilepsy,250,251,3586,5576,191,0.764,4371,0.7615727830451757,0.8,0.11764705882352941,1.0,196,0.7858337981037368,"[0.1176, 0.1579, 0.1053, 0.2105, 0.1579, 0.0, 0.2105, 0.3158, 0.2, 0.1, 0.0526, 0.1579, 0.15, 0.15, 0.3, 0.2105, 0.0526, 0.3684, 0.1, 0.35, 0.3, 0.2, 0.2, 0.1, 0.2, 0.1053, 0.15, 0.2, 0.1, 0.25, 0.2105, 0.15, 0.1, 0.15, 0.1, 0.05, 0.2105, 0.2, 0.0526, 0.25, 0.2632, 0.1053, 0.2, 0.05, 0.3, 0.15, 0.35, 0.1579, 0.1, 0.1, 0.2, 0.1579, 0.2105, 0.1053, 0.0556, 0.25, 0.2, 0.2632, 0.2222, 0.15, 0.0526, 0.0526, 0.1, 0.1, 0.05, 0.0526, 0.25, 0.2, 0.0526, 0.05, 0.35, 0.05, 0.05, 0.2105, 0.05, 0.1053, 0.1, 0.0526, 0.3684, 0.2, 0.35, 0.2778, 0.4211, 0.3, 0.45, 0.5, 0.35, 0.3, 0.35, 0.3158, 0.4, 0.3, 0.2632, 0.1579, 0.25, 0.2632, 0.3, 0.3, 0.6, 0.35, 0.5, 0.35, 0.45, 0.2, 0.3, 0.4211, 0.3158, 0.3158, 0.3, 0.3, 0.2, 0.35, 0.2105, 0.1, 0.3333, 0.2, 0.2222, 0.2222, 0.2, 0.15, 0.2778, 0.2632, 0.2632, 0.2, 0.1579, 0.45, 0.4, 0.4737, 0.45, 0.35, 0.25, 0.5789, 0.4, 0.4, 0.4737, 0.1579, 0.5, 0.4444, 0.2222, 0.3, 0.35, 0.3158, 0.4, 0.5263, 0.5, 0.5556, 0.3, 0.3684, 0.4, 0.35, 0.4211, 0.3, 0.25, 0.3, 0.3, 0.45, 0.3, 0.6, 0.7, 0.5263, 0.6842, 0.6842, 0.45, 0.4737, 0.6, 0.6667, 0.4211, 0.45, 0.4, 0.6316, 0.45, 0.6316, 0.65, 0.45, 0.55, 0.5, 0.3, 0.55, 0.55, 0.3333, 0.55, 0.75, 0.8, 0.7895, 0.4737, 0.85, 0.4211, 0.3333, 0.7368, 0.6316, 0.7, 0.8, 0.8, 1.0, 0.95, 0.7895, 0.95, 0.95, 0.8333, 0.95, 0.9, 1.0, 0.85, 1.0, 0.9, 0.95, 0.9, 0.9, 0.95, 0.8889, 0.9, 0.9, 0.85, 1.0, 0.8947, 0.8, 0.8, 0.8421, 0.9, 0.8947, 0.8, 0.8947, 1.0, 0.8421, 0.9, 1.0, 0.9474, 0.95, 0.95, 1.0, 0.8947, 0.9474, 0.95, 1.0, 0.9474, 0.9474, 0.8947, 0.95, 1.0, 1.0, 1.0, 1.0, 0.9474, 0.9474, 1.0, 1.0, 1.0, 1.0, 1.0, 1.0, 1.0]"
gpt-oss-20b,bcac057435ccb3a54effa545db18a3d1,61e05244a98c2d3ee06a2933d1370d407376eed508969b0499d68ffb62d110dc,True,Erythema ab igne,64,65,1012,1449,0,0.0,244,0.0029644268774703555,0.9,0.9,1.0,0,0.0029644268774703555,"[0.9, 0.9, 0.95, 0.85, 0.85, 0.95, 0.8, 0.8, 0.8, 0.9, 1.0, 1.0, 1.0, 1.0, 1.0, 1.0, 1.0, 1.0, 1.0, 1.0, 1.0, 1.0, 1.0, 1.0, 1.0, 1.0, 1.0, 1.0, 1.0, 1.0, 1.0, 1.0, 1.0, 1.0, 1.0, 1.0, 1.0, 1.0, 1.0, 1.0, 1.0, 1.0, 1.0, 1.0, 1.0, 1.0, 1.0, 1.0, 1.0, 1.0, 1.0, 1.0, 1.0, 1.0, 1.0, 1.0, 1.0, 1.0, 1.0, 1.0, 1.0, 1.0, 1.0, 1.0, 1.0]"
gpt-oss-20b,bcac057435ccb3a54effa545db18a3d1,8ce35f98e09a6286d3090b23b696956cd99473be4638dbdf4662996e7f52a002,False,Livedo Reticularis,185,186,3151,3579,184,0.9945945945945946,3382,0.9968264043160902,0.9,0.1,0.9,184,0.9968264043160902,"[0.1, 0.1053, 0.0, 0.05, 0.0, 0.0, 0.0, 0.1111, 0.05, 0.15, 0.15, 0.0526, 0.0, 0.1, 0.0526, 0.05, 0.1053, 0.0, 0.0, 0.05, 0.05, 0.1, 0.1053, 0.1, 0.05, 0.05, 0.05, 0.15, 0.05, 0.0, 0.25, 0.1, 0.2632, 0.05, 0.0, 0.1, 0.15, 0.05, 0.3, 0.15, 0.05, 0.1, 0.1053, 0.1, 0.2, 0.25, 0.15, 0.15, 0.25, 0.2, 0.15, 0.15, 0.05, 0.2105, 0.2, 0.1, 0.1053, 0.3158, 0.1, 0.2, 0.3, 0.2, 0.1, 0.2632, 0.25, 0.05, 0.45, 0.15, 0.25, 0.15, 0.25, 0.3, 0.2, 0.1111, 0.1, 0.15, 0.15, 0.15, 0.15, 0.1, 0.2632, 0.15, 0.1, 0.1, 0.15, 0.1, 0.1, 0.1053, 0.1, 0.05, 0.15, 0.0526, 0.1, 0.1053, 0.1, 0.25, 0.25, 0.1053, 0.2632, 0.1, 0.1053, 0.2, 0.1, 0.2, 0.15, 0.15, 0.2, 0.1, 0.1, 0.3158, 0.0, 0.1053, 0.15, 0.2105, 0.1579, 0.0526, 0.2105, 0.15, 0.25, 0.1, 0.3, 0.35, 0.2, 0.2, 0.15, 0.0526, 0.2, 0.3, 0.3, 0.1053, 0.3, 0.35, 0.2, 0.1579, 0.25, 0.2105, 0.3684, 0.1579, 0.2, 0.3, 0.1667, 0.3, 0.25, 0.2632, 0.1667, 0.3158, 0.1579, 0.55, 0.5, 0.35, 0.7895, 0.5, 0.5, 0.4, 0.4211, 0.4737, 0.55, 0.45, 0.7895, 0.6316, 0.75, 0.35, 0.55, 0.7, 0.5263, 0.5, 0.45, 0.45, 0.45, 0.15, 0.5263, 0.5556, 0.6, 0.6316, 0.4737, 0.55, 0.5263, 0.5556, 0.55, 0.6111, 0.5294, 0.35, 0.35, 0.2632, 0.9, 0.9]"
gpt-oss-20b,d5242ac7089552f0687edd0e403512da,acf8ea31f8c0f12ab27461ce09a8d9ac30738d4eead8f89e359c905cde86bf2d,False,Bruton Agammaglobulinemia,286,287,4808,5459,272,0.951048951048951,4980,0.9604825291181365,0.9473684210526315,0.0,1.0,272,0.9604825291181365,"[0.0, 0.0, 0.0, 0.0, 0.1579, 0.0, 0.0, 0.05, 0.0526, 0.0526, 0.0, 0.05, 0.0, 0.0, 0.0, 0.05, 0.0, 0.0526, 0.0, 0.05, 0.0, 0.0, 0.0, 0.0, 0.05, 0.0, 0.1053, 0.15, 0.0, 0.05, 0.05, 0.0, 0.05, 0.0526, 0.05, 0.0, 0.0, 0.0, 0.0, 0.05, 0.0, 0.1, 0.1053, 0.45, 0.1, 0.0, 0.3, 0.1579, 0.05, 0.05, 0.0526, 0.05, 0.05, 0.2105, 0.2, 0.1053, 0.05, 0.1, 0.1, 0.05, 0.25, 0.05, 0.0526, 0.0, 0.0, 0.0, 0.05, 0.0526, 0.0526, 0.1, 0.0, 0.1, 0.15, 0.05, 0.15, 0.05, 0.05, 0.0526, 0.0, 0.1053, 0.0, 0.25, 0.1, 0.2778, 0.35, 0.3684, 0.4737, 0.4211, 0.45, 0.3, 0.1053, 0.4, 0.5, 0.3333, 0.05, 0.3684, 0.2105, 0.25, 0.3, 0.4, 0.6, 0.4737, 0.5789, 0.4, 0.4, 0.45, 0.6, 0.6842, 0.5, 0.55, 0.55, 0.35, 0.4, 0.45, 0.4, 0.4, 0.55, 0.4, 0.3, 0.25, 0.3158, 0.25, 0.3158, 0.4737, 0.4, 0.4737, 0.35, 0.2632, 0.45, 0.35, 0.3, 0.25, 0.45, 0.2, 0.2, 0.25, 0.25, 0.4, 0.3, 0.3, 0.5263, 0.4, 0.3684, 0.4737, 0.3, 0.1, 0.5, 0.5, 0.55, 0.6, 0.65, 0.45, 0.6, 0.4737, 0.35, 0.65, 0.55, 0.35, 0.55, 0.45, 0.4444, 0.3684, 0.45, 0.45, 0.5, 0.5789, 0.55, 0.5263, 0.5789, 0.55, 0.7, 0.6, 0.4, 0.4, 0.6, 0.35, 0.7, 0.55, 0.7, 0.4737, 0.5789, 0.4737, 0.4, 0.45, 0.45, 0.4, 0.25, 0.55, 0.4, 0.45, 0.25, 0.45, 0.5263, 0.45, 0.3684, 0.4737, 0.4, 0.6, 0.6, 0.7, 0.3, 0.45, 0.3, 0.25, 0.2105, 0.25, 0.4, 0.25, 0.25, 0.3, 0.2105, 0.25, 0.4737, 0.5789, 0.25, 0.2, 0.3, 0.2105, 0.15, 0.15, 0.25, 0.25, 0.35, 0.3, 0.25, 0.35, 0.1111, 0.2105, 0.3158, 0.3333, 0.1, 0.2, 0.2222, 0.2, 0.1, 0.2105, 0.2, 0.4, 0.1, 0.1, 0.1, 0.15, 0.05, 0.05, 0.05, 0.05, 0.0, 0.0, 0.05, 0.1579, 0.0, 0.0, 0.05, 0.1, 0.1, 0.15, 0.3, 0.6316, 0.55, 0.4, 0.35, 0.4, 0.55, 0.3, 0.5, 0.5789, 0.5263, 0.7, 0.55, 0.75, 0.7, 0.7222, 0.9474, 0.95, 1.0, 0.8, 0.8, 0.95, 1.0, 1.0, 1.0, 0.9, 1.0, 1.0, 0.95, 1.0, 1.0]"
gpt-oss-20b,c13ba1d468ea408964a3ccd245638056,8c824b082288ba7eb2f1600af71f41637d259e76837872952eb83f0578aa7dd3,True,Renal Abscess,24,25,342,746,13,0.5416666666666666,425,0.6169590643274854,0.9,0.6,1.0,13,0.6169590643274854,"[0.6, 0.8, 0.55, 0.5789, 0.5, 0.7, 0.4, 0.5, 0.85, 0.9, 0.6842, 0.6316, 0.7368, 0.9, 0.9, 0.8, 0.95, 1.0, 0.95, 0.9474, 1.0, 1.0, 1.0, 0.95, 1.0]"
gpt-oss-20b,c13ba1d468ea408964a3ccd245638056,a8884a46188a52caace6db15d91383a164ca423b7166c5b43ef072c155da0f23,False,Emphysematous Pyelonephritis,21,22,223,579,11,0.5238095238095238,356,0.6367713004484304,0.8,0.4,1.0,14,0.7533632286995515,"[0.4, 0.65, 0.65, 0.6, 0.65, 0.9, 0.5, 0.65, 0.4, 0.7, 0.7, 0.8, 0.85, 0.75, 0.8, 0.85, 1.0, 1.0, 1.0, 1.0, 0.9, 1.0]"
gpt-oss-20b,da2bd7e45b94e13e1fb97126ca03fcc4,a80c4e25d0a46a44d3374ab1e5639c9d45bfa314c9c5939d5433a46dafe73e08,True,Glomus Tumor,49,50,944,1303,34,0.6938775510204082,939,0.7658898305084746,0.9,0.5789473684210527,1.0,34,0.7658898305084746,"[0.5789, 0.5, 0.65, 0.5, 0.4, 0.6, 0.25, 0.1579, 0.1579, 0.2632, 0.15, 0.25, 0.1, 0.1, 0.05, 0.0526, 0.1, 0.05, 0.1, 0.0, 0.2222, 0.15, 0.25, 0.2, 0.3158, 0.3158, 0.15, 0.3, 0.1, 0.0, 0.1, 0.0, 0.2, 0.0, 0.9, 1.0, 1.0, 1.0, 1.0, 1.0, 1.0, 1.0, 1.0, 1.0, 1.0, 1.0, 1.0, 1.0, 1.0, 1.0]"
gpt-oss-20b,bc3da8074eec813548bda5ec813b8a9b,3d8a54ea771a77ebceb1d8f208ca7796bfcbd6f8e28cd58700a53be922d529b8,False,Major depressive disorder with psychotic features,165,166,2260,4645,161,0.9757575757575757,4389,0.9823008849557522,0.8235294117647058,0.05263157894736842,1.0,161,0.9823008849557522,"[0.0526, 0.0556, 0.15, 0.0, 0.1, 0.1, 0.1, 0.05, 0.05, 0.1, 0.0, 0.15, 0.0, 0.1, 0.1, 0.1579, 0.1, 0.25, 0.05, 0.15, 0.0556, 0.1765, 0.1, 0.2, 0.05, 0.05, 0.05, 0.1579, 0.2, 0.0, 0.15, 0.2, 0.0526, 0.15, 0.3, 0.05, 0.3889, 0.15, 0.25, 0.1111, 0.2105, 0.35, 0.2632, 0.45, 0.2, 0.05, 0.15, 0.25, 0.2632, 0.15, 0.2, 0.1053, 0.25, 0.1579, 0.4, 0.3, 0.2778, 0.2, 0.05, 0.15, 0.2, 0.2222, 0.25, 0.15, 0.1579, 0.2105, 0.1, 0.15, 0.15, 0.15, 0.2105, 0.25, 0.05, 0.2, 0.25, 0.2, 0.15, 0.3, 0.15, 0.2222, 0.15, 0.2105, 0.1667, 0.2632, 0.4737, 0.2, 0.3, 0.1, 0.1579, 0.1053, 0.0, 0.15, 0.1053, 0.2632, 0.2, 0.1, 0.2, 0.15, 0.2632, 0.05, 0.1579, 0.15, 0.1, 0.05, 0.1053, 0.05, 0.15, 0.15, 0.5, 0.3, 0.6842, 0.5, 0.35, 0.45, 0.2, 0.5, 0.5, 0.4211, 0.5, 0.8, 0.4, 0.45, 0.45, 0.4211, 0.3158, 0.2, 0.25, 0.3889, 0.55, 0.4, 0.25, 0.2, 0.4, 0.35, 0.3684, 0.45, 0.2632, 0.45, 0.5, 0.3, 0.1579, 0.1, 0.1053, 0.15, 0.15, 0.3, 0.1579, 0.1053, 0.0, 0.1053, 0.1053, 0.65, 0.5, 0.45, 0.8235, 0.7368, 0.4, 0.6316, 0.75, 0.9, 0.6842, 0.8235, 0.9, 0.95, 0.9, 1.0]"
gpt-oss-20b,da2bd7e45b94e13e1fb97126ca03fcc4,8c3378ea5fa611dfbf58f6a12ebce550b1b68b3137ff1a59ccec562d3cea8419,False,Pyogenic Granuloma,28,29,542,941,4,0.14285714285714285,295,0.14575645756457564,1.0,0.55,1.0,4,0.14575645756457564,"[0.55, 0.4, 0.3684, 0.4737, 1.0, 0.85, 1.0, 0.9, 0.95, 1.0, 0.9, 1.0, 1.0, 1.0, 0.95, 0.9, 1.0, 1.0, 1.0, 1.0, 1.0, 1.0, 0.95, 0.95, 1.0, 1.0, 1.0, 1.0, 1.0]"
gpt-oss-20b,bf8e15580571e5c3976117c303cf144e,cdbb808fba92cab4a2f4d9f4ab5c462dd183766353c06b4dacd3d7fc01b232aa,True,Phlyctenular keratoconjunctivitis,38,39,587,962,33,0.868421052631579,745,0.8841567291311755,0.4,0.2,0.4,33,0.8841567291311755,"[0.2, 0.3, 0.15, 0.4, 0.4, 0.35, 0.3, 0.3, 0.25, 0.3, 0.1053, 0.2, 0.2, 0.2632, 0.4, 0.35, 0.3158, 0.3, 0.25, 0.2, 0.2, 0.2, 0.55, 0.25, 0.35, 0.6, 0.8, 0.55, 0.6842, 0.65, 0.3, 0.75, 0.7, 0.4, 0.6, 0.5, 0.4, 0.55, 0.4]"
gpt-oss-20b,ead218181cb76fdbdefd5ea17e01be5b,f6ce89a16a872d1b46a74c5b3fd81359196abea117820fff38c5c945e5cd8a28,True,Hypoparathyroidism,33,34,618,1001,31,0.9393939393939394,810,0.9449838187702265,0.9473684210526315,0.6842105263157895,1.0,31,0.9449838187702265,"[0.6842, 0.5556, 0.45, 0.5, 0.7, 0.7368, 0.9, 0.85, 0.8, 0.85, 0.6316, 0.3889, 0.5, 0.45, 0.7, 0.45, 0.6, 0.45, 0.6316, 0.5, 0.0, 0.2222, 0.35, 0.55, 0.75, 0.55, 0.45, 0.45, 0.55, 0.75, 0.7, 0.9474, 0.8421, 1.0]"
gpt-oss-20b,cc91c75860966ea7d69d7a716a857add,271c2983e7357a56205075b688e00cc58a909ee701d248b924e8ef021402ed3b,False,Polycythemia Vera,57,58,865,1514,4,0.07017543859649122,471,0.07976878612716763,0.8,0.6666666666666666,1.0,10,0.15953757225433526,"[0.6667, 0.7368, 0.6, 0.65, 0.8, 0.75, 0.75, 0.9, 0.95, 0.75, 0.85, 0.9, 0.8947, 0.8, 1.0, 1.0, 0.95, 0.95, 0.9, 0.95, 0.9, 0.95, 0.95, 1.0, 1.0, 0.95, 0.95, 1.0, 0.95, 0.95, 1.0, 1.0, 0.9474, 1.0, 1.0, 1.0, 1.0, 1.0, 0.95, 1.0, 0.8947, 1.0, 1.0, 1.0, 1.0, 0.95, 1.0, 1.0, 1.0, 1.0, 1.0, 1.0, 1.0, 1.0, 1.0, 0.8889, 1.0, 1.0]"
gpt-oss-20b,bf8e15580571e5c3976117c303cf144e,a5497c854e13246a15c6130b4bd2b18bae27bf56fcc223ba2b94c440305e73d3,False,Leprosy,95,96,1537,1955,86,0.9052631578947369,1646,0.9238776837996097,0.85,0.05,1.0,88,0.936890045543266,"[0.05, 0.25, 0.15, 0.05, 0.0, 0.0, 0.05, 0.1, 0.0526, 0.1, 0.0, 0.15, 0.1, 0.05, 0.15, 0.0, 0.3, 0.2, 0.45, 0.4, 0.35, 0.45, 0.4211, 0.55, 0.25, 0.45, 0.3158, 0.2, 0.25, 0.4, 0.5, 0.3158, 0.3, 0.45, 0.2, 0.2, 0.1, 0.2, 0.3, 0.25, 0.2105, 0.45, 0.5556, 0.35, 0.3, 0.3158, 0.2105, 0.25, 0.3, 0.3, 0.1, 0.1579, 0.35, 0.25, 0.2632, 0.3, 0.6, 0.25, 0.45, 0.3, 0.35, 0.55, 0.2105, 0.45, 0.35, 0.5263, 0.3, 0.4, 0.2632, 0.25, 0.35, 0.45, 0.35, 0.3684, 0.2105, 0.35, 0.4, 0.25, 0.45, 0.4737, 0.5, 0.45, 0.5789, 0.45, 0.75, 0.75, 0.85, 0.75, 1.0, 0.9474, 0.9, 0.95, 0.95, 1.0, 0.9474, 1.0]"
gpt-oss-20b,ead218181cb76fdbdefd5ea17e01be5b,dc135879e2c3df146c3fc33ac7ad29c97843f80d6e9c15fe7071482c40d5a7aa,False,Pseudohypoparathyroidism,52,53,869,1321,31,0.5961538461538461,763,0.61795166858458,1.0,0.05,1.0,31,0.61795166858458,"[0.05, 0.0, 0.0526, 0.0, 0.0, 0.0, 0.0, 0.0, 0.0, 0.0, 0.0, 0.0, 0.0, 0.1, 0.0, 0.0, 0.05, 0.0526, 0.0, 0.05, 0.0, 0.0, 0.0, 0.0, 0.15, 0.6842, 0.7, 0.9474, 0.7895, 0.75, 0.6, 1.0, 0.8421, 1.0, 0.95, 1.0, 0.8947, 1.0, 0.95, 1.0, 1.0, 0.9474, 1.0, 1.0, 1.0, 1.0, 1.0, 1.0, 1.0, 1.0, 1.0, 1.0, 1.0]"
gpt-oss-20b,d35ff55eca6c7f6db36a73934025f3c5,8eaba85069895d5709890dfd1a3460734a9a05ea6264de3894c853466ca28d64,True,Still's disease,15,16,244,702,7,0.4666666666666667,339,0.319672131147541,1.0,0.7,1.0,7,0.319672131147541,"[0.7, 0.7368, 0.5, 0.65, 0.5, 0.5, 0.6, 1.0, 1.0, 1.0, 1.0, 1.0, 1.0, 1.0, 1.0, 1.0]"
gpt-oss-20b,c95386c8d35897f730a382e76e5ae272,3446ec7a645805e850bf8dca38054a90bf4e53c104856410843da37cc06462fe,True,Keratoacanthoma,28,29,308,720,0,0.0,246,0.00974025974025974,0.95,0.95,1.0,0,0.00974025974025974,"[0.95, 0.95, 1.0, 1.0, 1.0, 1.0, 1.0, 1.0, 1.0, 1.0, 1.0, 1.0, 1.0, 1.0, 1.0, 1.0, 1.0, 1.0, 1.0, 1.0, 1.0, 1.0, 1.0, 1.0, 1.0, 1.0, 1.0, 1.0, 1.0]"
gpt-oss-20b,c95386c8d35897f730a382e76e5ae272,6e8dd66ec743a009bc7f4976c260086362999636950e415160a31437d309f587,False,Basal Cell Carcinoma,71,72,1212,1635,69,0.971830985915493,1436,0.9843234323432343,0.8,0.0,0.9,69,0.9843234323432343,"[0.0, 0.0, 0.0, 0.0, 0.0, 0.0, 0.0, 0.0, 0.0, 0.0, 0.0, 0.0, 0.0, 0.0, 0.0, 0.0, 0.0, 0.0, 0.05, 0.0, 0.0, 0.0, 0.0, 0.0, 0.0, 0.0, 0.0, 0.0, 0.0, 0.0, 0.0, 0.0, 0.0, 0.0, 0.0, 0.05, 0.0, 0.1, 0.05, 0.0, 0.1579, 0.35, 0.4211, 0.3684, 0.55, 0.3684, 0.2632, 0.3684, 0.5, 0.2105, 0.3158, 0.3, 0.15, 0.2, 0.35, 0.2632, 0.15, 0.5, 0.4, 0.2, 0.35, 0.1579, 0.2, 0.35, 0.45, 0.65, 0.45, 0.4737, 0.55, 0.8, 0.75, 0.9]"
gpt-oss-20b,d35ff55eca6c7f6db36a73934025f3c5,67c6940de80beec27f7afa11e397ca1da2ce44f10ca84ad363fe5709db6f364f,False,Kawasaki Disease,124,125,1771,2198,88,0.7096774193548387,1551,0.7284020327498588,0.8,0.15789473684210525,1.0,98,0.7922077922077922,"[0.1579, 0.45, 0.45, 0.15, 0.3, 0.4, 0.8, 0.55, 0.7, 0.6, 0.55, 0.8, 0.3, 0.6316, 0.65, 0.55, 0.6, 0.3, 0.65, 0.55, 0.5263, 0.5, 0.5789, 0.6316, 0.55, 0.75, 0.6, 0.65, 0.8, 0.7, 0.7, 0.65, 0.55, 0.75, 0.5, 0.65, 0.6667, 0.5, 0.55, 0.7647, 0.65, 0.75, 0.7368, 0.65, 0.7, 0.8, 0.7, 0.65, 0.75, 0.7, 0.55, 0.8, 0.6, 0.65, 0.7, 0.75, 0.65, 0.75, 0.55, 0.9, 0.7, 0.7368, 0.8947, 0.8, 0.6, 0.7, 0.75, 0.6, 0.75, 0.9, 0.85, 0.9, 0.45, 0.55, 0.8, 0.65, 0.75, 0.7, 0.5, 0.6316, 0.35, 0.25, 0.4211, 0.2941, 0.55, 0.6, 0.45, 0.75, 0.8, 0.65, 0.85, 0.8, 0.9474, 0.75, 0.85, 0.7368, 0.75, 0.7368, 0.8421, 0.8421, 0.8947, 0.95, 0.95, 0.95, 0.9474, 0.9, 0.8, 1.0, 0.9, 0.85, 0.85, 1.0, 1.0, 0.9, 0.9, 0.95, 0.85, 0.95, 0.95, 0.95, 0.95, 0.95, 1.0, 1.0, 1.0]"
gpt-oss-20b,d2a373fbe65bd86a11545430c5394c7f,f152c73c8d1a5237734226f8c24928ae2514db8b9c3bad982256001e91f3a926,True,Graves Disease,69,70,833,1365,47,0.6811594202898551,883,0.6794717887154862,0.8,0.7368421052631579,1.0,65,0.9459783913565426,"[0.7368, 0.55, 0.6, 0.4, 0.65, 0.55, 0.5, 0.35, 0.2, 0.5556, 0.6316, 0.3158, 0.3, 0.4, 0.3, 0.15, 0.35, 0.3, 0.2, 0.4737, 0.5, 0.1, 0.4, 0.4211, 0.3684, 0.4, 0.4, 0.4, 0.1, 0.25, 0.3158, 0.35, 0.2105, 0.45, 0.35, 0.8, 0.65, 0.75, 0.8, 0.65, 0.6, 0.6, 0.65, 0.75, 0.75, 0.9, 0.6, 0.8, 0.8, 0.85, 0.8947, 1.0, 0.85, 0.8947, 0.85, 0.95, 0.8, 0.9, 0.9, 0.95, 0.8421, 0.7895, 0.75, 0.9, 0.65, 0.9, 1.0, 0.9474, 1.0, 1.0]"
gpt-oss-20b,d9e1496466a6206a8617add56ddce386,bae892aea3bbdb06836f80ca12b93cd3b220149ba11cfc2d9e7d1be1264e68eb,True,Chronic pancreatitis,99,100,1287,1749,95,0.9595959595959596,1485,0.9611499611499611,1.0,0.65,1.0,95,0.9611499611499611,"[0.65, 0.6, 0.65, 0.75, 0.8, 0.55, 0.6, 0.55, 0.65, 0.75, 0.7778, 0.85, 0.8889, 0.7, 0.9, 0.55, 0.85, 0.75, 0.8, 0.75, 0.5, 0.8, 0.75, 0.65, 0.7, 0.55, 0.7, 0.85, 0.8, 0.85, 0.7, 0.7, 0.75, 0.95, 0.85, 0.65, 0.7, 0.5263, 0.6316, 0.6316, 0.9474, 0.9, 0.8947, 0.65, 0.75, 0.65, 0.5, 0.6316, 0.6, 0.65, 0.65, 0.45, 0.5, 0.5263, 0.65, 0.35, 0.3684, 0.25, 0.6, 0.4, 0.5, 0.3, 0.6, 0.4, 0.3, 0.4, 0.25, 0.05, 0.1, 0.1053, 0.2105, 0.35, 0.1579, 0.55, 0.4, 0.4737, 0.05, 0.35, 0.1, 0.2, 0.2, 0.2, 0.1579, 0.15, 0.35, 0.6842, 0.4211, 0.4, 0.6, 0.75, 0.7368, 0.85, 0.5, 0.45, 0.6, 1.0, 0.95, 1.0, 1.0, 1.0]"
gpt-oss-20b,f5479a460521f2a3b96e7924882b06d9,fa36c45f6f72a79a69842644bf1ee78d4ba4ecf28388884d165a1633f96e718f,False,Vascular Erectile Dysfunction,180,181,2483,3000,180,1.0,2811,1.0,0.8947368421052632,0.15,0.8947368421052632,180,1.0,"[0.15, 0.1579, 0.1, 0.25, 0.2105, 0.1, 0.1579, 0.0, 0.1, 0.0526, 0.2, 0.05, 0.15, 0.1053, 0.1, 0.25, 0.1, 0.1, 0.1, 0.1, 0.1579, 0.0, 0.15, 0.1, 0.15, 0.1579, 0.15, 0.15, 0.15, 0.1, 0.1, 0.2105, 0.1579, 0.2, 0.2222, 0.1579, 0.15, 0.2, 0.05, 0.15, 0.1, 0.05, 0.1053, 0.05, 0.3, 0.25, 0.1, 0.1, 0.05, 0.05, 0.0, 0.05, 0.1, 0.1, 0.0, 0.0, 0.0, 0.0, 0.05, 0.15, 0.05, 0.1, 0.1, 0.05, 0.0, 0.0526, 0.1579, 0.2, 0.1, 0.4211, 0.4, 0.45, 0.3, 0.6, 0.45, 0.25, 0.4, 0.35, 0.5263, 0.35, 0.45, 0.3, 0.55, 0.45, 0.5, 0.35, 0.6, 0.5263, 0.7, 0.4, 0.4737, 0.65, 0.45, 0.6, 0.4737, 0.45, 0.3, 0.4, 0.25, 0.5, 0.55, 0.55, 0.7, 0.35, 0.4, 0.7368, 0.7, 0.35, 0.6, 0.65, 0.75, 0.7, 0.9, 0.6842, 0.4737, 0.75, 0.7, 0.8, 0.7, 0.65, 0.8, 0.6, 0.6842, 0.65, 0.65, 0.6316, 0.7368, 0.6, 0.75, 0.75, 0.7, 0.85, 0.9, 0.9, 0.8, 0.7, 0.8, 0.75, 0.9, 0.75, 0.65, 0.6, 0.35, 0.45, 0.55, 0.25, 0.3, 0.25, 0.1, 0.25, 0.1, 0.1, 0.05, 0.1, 0.1, 0.0, 0.15, 0.1, 0.1579, 0.3, 0.05, 0.1, 0.05, 0.05, 0.15, 0.2632, 0.05, 0.1579, 0.35, 0.2, 0.35, 0.3, 0.45, 0.3, 0.4, 0.45, 0.45, 0.55, 0.55, 0.6, 0.8947]"
gpt-oss-20b,d2a373fbe65bd86a11545430c5394c7f,9ac817f5bc5b036136fcda49bd9815cca78b871e888023756488f6a126c626d9,False,Primary Hyperparathyroidism,113,114,1694,2200,77,0.6814159292035398,1542,0.7231404958677686,0.85,0.4,1.0,87,0.8063754427390791,"[0.4, 0.2632, 0.35, 0.25, 0.3, 0.05, 0.3, 0.2, 0.35, 0.3, 0.45, 0.2, 0.4211, 0.35, 0.5, 0.35, 0.45, 0.5263, 0.3684, 0.4, 0.4737, 0.15, 0.3, 0.15, 0.35, 0.45, 0.45, 0.45, 0.4444, 0.55, 0.35, 0.6842, 0.4, 0.6, 0.55, 0.55, 0.5, 0.6316, 0.65, 0.7778, 0.7, 0.65, 0.7, 0.7222, 0.65, 0.7, 0.5, 0.7368, 0.7, 0.8421, 0.6842, 0.65, 0.6, 0.8, 0.65, 0.55, 0.5, 0.75, 0.35, 0.6, 0.7, 0.7368, 0.65, 0.75, 0.75, 1.0, 0.85, 0.7, 0.75, 0.85, 0.65, 0.8, 0.55, 0.7, 0.7368, 0.6, 0.75, 0.85, 0.6842, 0.8, 0.75, 0.8, 0.85, 0.9, 0.7895, 0.75, 0.75, 0.9474, 0.95, 1.0, 0.95, 1.0, 0.9474, 0.95, 1.0, 1.0, 1.0, 1.0, 1.0, 1.0, 0.95, 0.95, 1.0, 1.0, 0.95, 0.95, 1.0, 0.95, 1.0, 1.0, 1.0, 1.0, 1.0, 1.0]"
gpt-oss-20b,d9e1496466a6206a8617add56ddce386,141678a05a3407cb3561912a013514b4e186d8d2ffc85f7dcee7fe19605dfbeb,False,Perforated peptic ulcer,50,51,520,919,24,0.48,491,0.4673076923076923,0.85,0.1,1.0,27,0.5538461538461539,"[0.1, 0.3684, 0.45, 0.45, 0.4, 0.2105, 0.35, 0.65, 0.55, 0.55, 0.65, 0.65, 1.0, 0.9474, 0.95, 0.95, 0.9, 0.95, 0.9, 0.95, 1.0, 0.75, 0.9, 0.9, 0.85, 1.0, 0.65, 0.95, 1.0, 0.95, 0.95, 1.0, 1.0, 0.8947, 0.9, 1.0, 0.9, 0.9474, 0.95, 0.95, 0.95, 0.95, 0.8947, 1.0, 1.0, 0.95, 1.0, 1.0, 1.0, 1.0, 1.0]"
gpt-oss-20b,fc75c4214c86972be10f49fa2b6b58ee,37345403c93d22a0ac2788ef611cda9539061e4e9dd8488c18f1a6935e47d238,True,Recurrent oligodendroglioma,46,47,604,1435,21,0.45652173913043476,891,0.3990066225165563,0.75,0.4,0.85,41,0.8609271523178808,"[0.4, 0.6667, 0.4, 0.2105, 0.55, 0.4737, 0.65, 0.4, 0.35, 0.6842, 0.35, 0.7, 0.6316, 0.85, 0.6842, 0.8333, 0.9474, 0.85, 0.55, 0.65, 0.6842, 0.75, 0.6, 0.6842, 0.8, 0.6, 0.6, 0.7895, 0.7895, 0.65, 0.7, 0.7895, 0.8421, 0.7368, 0.8, 0.85, 0.8947, 0.8, 0.7368, 0.8, 0.6842, 0.8421, 0.85, 0.8947, 0.8, 0.7, 0.85]"
gpt-oss-20b,d9520eadbc83f9f98a8fb0442b0a7acc,3c88f70ec2ae4840fa1032751585e7ce5e1102500e63187b9e3a146f17139432,True,Neuroleptic Malignant Syndrome,147,148,2123,2640,123,0.8367346938775511,2101,0.8205369759773905,0.85,0.7,1.0,145,0.988695242581253,"[0.7, 0.65, 0.6, 0.6, 0.9, 0.8, 1.0, 0.85, 0.8421, 0.7368, 0.8, 0.85, 0.6, 0.8, 0.85, 0.8947, 0.75, 0.7, 0.9, 0.8421, 0.85, 0.8333, 0.75, 0.8421, 0.8, 0.6316, 0.7, 0.6842, 1.0, 0.85, 0.7895, 0.5263, 0.7, 0.6316, 0.6, 0.75, 0.5789, 0.7, 0.5, 0.35, 0.6, 0.3684, 0.35, 0.5263, 0.2, 0.4211, 0.6316, 0.8, 0.6842, 0.6, 0.8, 0.65, 0.6842, 0.65, 0.65, 0.7, 0.6, 0.7, 0.6842, 0.7, 0.75, 0.5263, 0.5, 0.6316, 0.7, 0.8, 0.85, 0.7895, 0.75, 0.7, 0.8, 0.7, 0.8, 0.95, 0.85, 0.9, 0.65, 0.6316, 0.8947, 0.8421, 0.75, 0.75, 0.75, 0.5789, 0.75, 0.8, 0.65, 0.85, 0.85, 0.75, 0.65, 0.65, 0.75, 0.7368, 0.85, 0.85, 0.6111, 0.75, 0.8, 0.5789, 0.6842, 0.8, 0.75, 0.75, 0.85, 0.7, 0.85, 0.7778, 0.8, 0.9, 0.65, 0.7895, 0.7, 0.65, 0.7, 0.6667, 0.7895, 0.7895, 0.95, 0.8, 0.7368, 0.7895, 0.5556, 0.85, 0.75, 0.75, 0.8, 0.7895, 0.7, 0.75, 0.75, 0.8, 0.85, 0.8947, 0.9, 0.85, 0.85, 0.8889, 0.95, 1.0, 0.8333, 0.85, 0.9, 0.95, 0.75, 0.9474, 0.9474, 1.0]"
gpt-oss-20b,dfa32d028f082d978149d2633a2c8bf3,2705f9d617c242bd3ebc3ba8bb586771d23eb22ce1d4637478495cbdc1b9fc64,True,COVID-19,132,133,1772,3134,9,0.06818181818181818,1321,0.09198645598194131,0.8333333333333334,0.7,1.0,71,0.5445823927765236,"[0.7, 0.9, 0.7, 0.75, 0.7, 0.6, 1.0, 0.9, 0.9, 0.8333, 0.9, 0.9, 0.95, 0.9444, 0.95, 0.9474, 0.95, 1.0, 1.0, 1.0, 1.0, 1.0, 1.0, 1.0, 1.0, 1.0, 0.8947, 0.95, 0.95, 0.7, 1.0, 1.0, 1.0, 0.85, 0.9474, 1.0, 0.85, 0.85, 0.95, 1.0, 0.95, 0.95, 1.0, 0.95, 1.0, 1.0, 1.0, 1.0, 1.0, 1.0, 1.0, 1.0, 0.9, 0.9474, 0.9, 0.9, 1.0, 0.8947, 0.9, 0.9, 1.0, 0.85, 0.95, 1.0, 0.9474, 0.95, 0.95, 1.0, 0.85, 0.7, 0.75, 0.8, 0.8, 0.95, 0.8, 0.8947, 0.8, 0.85, 0.8, 0.95, 0.85, 0.95, 0.9474, 0.9, 0.95, 0.95, 0.95, 0.8421, 0.85, 0.9474, 1.0, 0.95, 0.9474, 1.0, 1.0, 0.9, 0.8947, 1.0, 0.95, 0.95, 0.95, 0.95, 1.0, 1.0, 0.95, 1.0, 0.9474, 1.0, 1.0, 1.0, 1.0, 1.0, 1.0, 1.0, 1.0, 0.95, 1.0, 1.0, 0.85, 0.95, 1.0, 1.0, 1.0, 0.95, 1.0, 1.0, 1.0, 1.0, 1.0, 1.0, 1.0, 1.0, 1.0]"
gpt-oss-20b,dfa32d028f082d978149d2633a2c8bf3,20065f7d6148965723c6a978ce91a53b9509dadefd7cae672bf256f8c8df052f,False,Cryptogenic Organizing Pneumonia,59,60,889,2246,48,0.8135593220338984,1900,0.8346456692913385,0.85,0.3,0.95,50,0.8571428571428571,"[0.3, 0.15, 0.25, 0.05, 0.05, 0.2632, 0.1, 0.2, 0.1053, 0.15, 0.2, 0.1, 0.05, 0.15, 0.25, 0.0, 0.2632, 0.15, 0.1, 0.15, 0.35, 0.15, 0.1579, 0.1, 0.2, 0.5, 0.45, 0.6, 0.75, 0.6, 0.75, 0.7778, 0.7368, 0.7895, 0.6316, 0.65, 0.6, 0.45, 0.6, 0.4, 0.5789, 0.7, 0.65, 0.6, 0.6111, 0.5, 0.65, 0.6842, 0.85, 0.65, 0.8, 0.95, 0.95, 0.9, 0.95, 0.95, 1.0, 0.95, 0.9474, 0.95]"
gpt-oss-20b,f448710697f1d3734fbc187ad15c748c,383a6833ceceee512eaebf01a69f76a5f1802a8c910721a6e219a611780a4be1,True,Fat necrosis of the breast,21,22,266,644,0,0.0,229,0.011278195488721804,1.0,1.0,1.0,0,0.011278195488721804,"[1.0, 1.0, 1.0, 1.0, 1.0, 1.0, 1.0, 1.0, 1.0, 1.0, 1.0, 1.0, 1.0, 1.0, 1.0, 1.0, 1.0, 1.0, 1.0, 1.0, 1.0, 1.0]"
gpt-oss-20b,d9520eadbc83f9f98a8fb0442b0a7acc,0eee096708a6d6d48a0d11e6dcf59aa5b1e10889303452e251bf2b8ee2adda16,False,Anticholinergic Toxicity,161,162,2005,2548,77,0.4782608695652174,1312,0.47531172069825434,0.8,0.0,1.0,82,0.5187032418952618,"[0.0, 0.05, 0.0, 0.1, 0.0, 0.05, 0.0, 0.2, 0.25, 0.2, 0.15, 0.15, 0.2, 0.3, 0.05, 0.2, 0.2105, 0.6, 0.4, 0.35, 0.4, 0.5263, 0.5, 0.35, 0.4, 0.45, 0.3158, 0.55, 0.3684, 0.6316, 0.65, 0.7368, 0.3, 0.4211, 0.3684, 0.4737, 0.8, 0.55, 0.6, 0.3158, 0.5, 0.6842, 0.45, 0.45, 0.7, 0.8, 0.7, 0.7, 0.8, 0.75, 0.6, 0.65, 0.6, 0.8, 0.85, 0.5, 0.75, 0.35, 0.7, 0.7895, 0.55, 0.65, 0.75, 0.7895, 0.65, 0.7368, 0.8421, 0.45, 0.7, 0.6316, 0.8, 0.7895, 0.85, 0.9, 0.8947, 0.4737, 0.7, 0.8, 0.7, 0.6316, 0.6842, 0.75, 0.9, 0.85, 0.95, 0.8, 0.9, 0.9474, 0.9, 0.95, 1.0, 1.0, 0.95, 1.0, 0.9, 1.0, 1.0, 1.0, 0.95, 1.0, 1.0, 0.95, 1.0, 1.0, 0.9474, 0.95, 1.0, 0.8947, 0.9474, 1.0, 0.8, 0.9, 1.0, 0.9, 1.0, 1.0, 0.9, 0.95, 1.0, 1.0, 1.0, 1.0, 0.95, 0.9, 1.0, 1.0, 1.0, 0.8947, 0.95, 0.9474, 0.9474, 1.0, 1.0, 0.95, 1.0, 0.9, 0.9, 1.0, 1.0, 1.0, 1.0, 1.0, 1.0, 1.0, 1.0, 1.0, 1.0, 1.0, 1.0, 1.0, 1.0, 1.0, 1.0, 1.0, 1.0, 1.0, 1.0, 1.0, 1.0, 1.0, 1.0, 1.0]"
gpt-oss-20b,f448710697f1d3734fbc187ad15c748c,388a16d549e458ed62bd2c7a709150ccb89eddfa0ac5a9a87fa614f24689ee32,False,Breast hematoma,30,31,546,910,20,0.6666666666666666,583,0.6538461538461539,0.9,0.05,1.0,20,0.6538461538461539,"[0.05, 0.05, 0.05, 0.15, 0.2, 0.2105, 0.6, 0.55, 0.75, 0.7222, 0.6316, 0.65, 0.45, 0.75, 0.7895, 0.7, 0.8947, 0.7, 0.6842, 0.7, 0.9, 0.9, 0.9, 1.0, 1.0, 0.95, 1.0, 1.0, 1.0, 1.0, 1.0]"
gpt-oss-20b,fb9fdfc495c899901c9c864e13bfeaff,e114605ee51758a39022f6985e80541a46987ec171f726c206e5d875ca7d2bd8,True,Constitutional Delay of Growth and Puberty,38,39,444,979,1,0.02631578947368421,372,0.06981981981981981,0.8,0.7,1.0,7,0.20045045045045046,"[0.7, 0.8, 0.75, 0.8, 0.95, 0.65, 0.75, 1.0, 1.0, 1.0, 1.0, 1.0, 0.8947, 1.0, 1.0, 1.0, 1.0, 1.0, 0.95, 1.0, 1.0, 1.0, 1.0, 1.0, 1.0, 1.0, 1.0, 1.0, 1.0, 1.0, 1.0, 1.0, 1.0, 1.0, 1.0, 0.95, 1.0, 1.0, 1.0]"
gpt-oss-20b,df37dd0f3c463be2b4787059b63a9028,fe7d3248f37cb9dcd86b4c3c644dc2d1ee9453bfdbd98308d3fb11a5658ff42a,True,Functional Neurological Disorder,54,55,544,1028,0,0.0,263,0.0055147058823529415,0.9,0.9,1.0,0,0.0055147058823529415,"[0.9, 0.9, 0.85, 0.9, 0.9474, 0.8421, 0.95, 0.95, 1.0, 1.0, 1.0, 1.0, 1.0, 1.0, 1.0, 1.0, 1.0, 1.0, 1.0, 1.0, 1.0, 1.0, 1.0, 1.0, 1.0, 1.0, 1.0, 1.0, 1.0, 1.0, 1.0, 1.0, 1.0, 1.0, 1.0, 1.0, 1.0, 1.0, 1.0, 1.0, 1.0, 1.0, 1.0, 1.0, 1.0, 1.0, 1.0, 1.0, 1.0, 1.0, 1.0, 1.0, 1.0, 1.0, 1.0]"
gpt-oss-20b,fc75c4214c86972be10f49fa2b6b58ee,83e6b8dae9ab66f5f8c2a37b629f96e56d81d056c62ef9e8547ae07ef54f16f5,False,Anaplastic oligodendroglioma,300,301,4980,5852,293,0.9766666666666667,5526,0.9791164658634538,0.8235294117647058,0.21052631578947367,0.9375,299,0.9987951807228915,"[0.2105, 0.3, 0.2778, 0.3889, 0.35, 0.45, 0.1667, 0.2105, 0.3, 0.35, 0.25, 0.1579, 0.3684, 0.15, 0.4, 0.15, 0.3, 0.1053, 0.15, 0.3333, 0.2, 0.3684, 0.1053, 0.2, 0.1, 0.2, 0.2, 0.0526, 0.25, 0.1, 0.1053, 0.1111, 0.2105, 0.15, 0.1579, 0.1579, 0.15, 0.2, 0.2, 0.15, 0.0, 0.1579, 0.2105, 0.1053, 0.2, 0.1, 0.0, 0.2105, 0.25, 0.2, 0.1579, 0.0, 0.05, 0.0, 0.1, 0.0526, 0.15, 0.1053, 0.1053, 0.05, 0.0, 0.0, 0.0, 0.05, 0.05, 0.15, 0.0526, 0.1579, 0.05, 0.1053, 0.3, 0.1, 0.1, 0.1053, 0.15, 0.1, 0.05, 0.0, 0.1, 0.15, 0.15, 0.0526, 0.05, 0.05, 0.0, 0.0, 0.15, 0.05, 0.0526, 0.1, 0.15, 0.15, 0.1053, 0.0526, 0.25, 0.15, 0.15, 0.0526, 0.0, 0.1, 0.1, 0.3, 0.4, 0.15, 0.1053, 0.05, 0.1, 0.2632, 0.2105, 0.15, 0.1, 0.1, 0.1053, 0.15, 0.05, 0.2, 0.05, 0.2, 0.1, 0.2632, 0.25, 0.1, 0.2, 0.15, 0.1579, 0.1, 0.1579, 0.2, 0.1, 0.0, 0.1053, 0.1579, 0.3333, 0.1, 0.15, 0.0526, 0.2, 0.1579, 0.15, 0.25, 0.2105, 0.05, 0.05, 0.1, 0.3, 0.25, 0.3158, 0.05, 0.15, 0.2105, 0.0, 0.15, 0.1, 0.1, 0.2105, 0.1053, 0.25, 0.2, 0.15, 0.1, 0.1, 0.1053, 0.1, 0.1579, 0.1579, 0.2632, 0.25, 0.1, 0.25, 0.15, 0.1, 0.2, 0.0526, 0.0526, 0.2, 0.4, 0.3, 0.1, 0.1, 0.1, 0.1053, 0.45, 0.15, 0.3, 0.15, 0.15, 0.2, 0.25, 0.2, 0.2, 0.25, 0.1, 0.25, 0.2105, 0.1053, 0.25, 0.15, 0.1, 0.35, 0.2, 0.1579, 0.3684, 0.3, 0.1111, 0.3, 0.3, 0.2, 0.45, 0.2, 0.2, 0.1579, 0.3, 0.3, 0.2, 0.15, 0.35, 0.3, 0.4211, 0.2632, 0.1053, 0.3684, 0.2, 0.3158, 0.25, 0.05, 0.1579, 0.3158, 0.4211, 0.2632, 0.35, 0.45, 0.1, 0.25, 0.45, 0.4737, 0.5789, 0.2105, 0.25, 0.4211, 0.6, 0.1579, 0.15, 0.2632, 0.2105, 0.2105, 0.3, 0.25, 0.15, 0.35, 0.45, 0.2632, 0.3, 0.3, 0.35, 0.4, 0.3158, 0.1579, 0.45, 0.2222, 0.2778, 0.45, 0.35, 0.2, 0.3684, 0.2, 0.2105, 0.3, 0.4, 0.2105, 0.3, 0.05, 0.1, 0.25, 0.15, 0.4211, 0.1579, 0.3684, 0.4, 0.1579, 0.1667, 0.2, 0.2632, 0.3158, 0.3, 0.35, 0.2105, 0.35, 0.35, 0.2, 0.55, 1.0, 0.6842, 0.7895, 0.8235, 0.6842, 0.7, 0.65, 1.0, 0.7, 1.0, 0.9375]"
gpt-oss-20b,fb9fdfc495c899901c9c864e13bfeaff,51b9014076deda60ebba05eb6f8a6fa5ce423849c2410ae8ddb9d9b01bea45bb,False,Growth Hormone Deficiency,61,62,821,1358,28,0.45901639344262296,754,0.5030450669914738,0.8,0.15,1.0,49,0.8282582216808769,"[0.15, 0.25, 0.2, 0.15, 0.4, 0.8421, 0.7, 0.75, 0.9474, 0.85, 0.9444, 0.8, 0.85, 0.65, 0.65, 0.85, 0.85, 0.6316, 0.8, 0.8, 0.8947, 0.7895, 0.9, 0.8, 0.9, 0.95, 0.9, 0.6, 0.8, 0.75, 0.6316, 0.8, 0.65, 0.8, 0.8, 0.85, 0.7368, 0.9474, 0.9474, 0.9, 0.95, 0.8, 0.9474, 0.9444, 0.85, 0.9, 0.8, 0.95, 0.65, 0.9, 0.8, 0.95, 0.8947, 1.0, 1.0, 1.0, 1.0, 0.9444, 1.0, 1.0, 1.0, 1.0]"
gpt-oss-20b,df37dd0f3c463be2b4787059b63a9028,634727476d89ee628e401690f8c7bf24ffd09161d722c6c4d1d1b5fecdc4e56d,False,Postictal state,79,80,941,1358,77,0.9746835443037974,1189,0.9872476089266737,0.9473684210526315,0.0,1.0,77,0.9872476089266737,"[0.0, 0.0, 0.0, 0.0, 0.0, 0.05, 0.0, 0.0, 0.0, 0.0, 0.05, 0.0, 0.0, 0.0, 0.0, 0.0, 0.0, 0.05, 0.0, 0.0, 0.0, 0.05, 0.0, 0.0, 0.0, 0.05, 0.0, 0.0, 0.0, 0.0, 0.0, 0.0, 0.05, 0.0, 0.0, 0.0, 0.0, 0.05, 0.0, 0.0, 0.0, 0.0, 0.0, 0.0, 0.0, 0.0, 0.0, 0.0, 0.0526, 0.0, 0.75, 0.75, 0.45, 0.8, 0.6316, 0.55, 0.7368, 0.7, 0.7368, 0.8, 0.7, 0.65, 0.75, 0.8, 0.95, 0.8889, 0.95, 1.0, 0.8889, 0.8, 0.95, 0.85, 0.85, 0.5263, 0.9, 0.75, 0.65, 0.9474, 1.0, 1.0]"
gpt-oss-20b,f03a4eea989b069fe918734d9e1c2644,77b002b7092554ad620516591add0b2ac8142cd99b3a72f8d02f60b38f0fa363,True,Secondary syphilitic orchitis,62,63,1218,1648,51,0.8225806451612904,1216,0.812807881773399,0.8,0.15,1.0,51,0.812807881773399,"[0.15, 0.35, 0.15, 0.1, 0.25, 0.15, 0.1, 0.05, 0.1, 0.1053, 0.2, 0.15, 0.15, 0.05, 0.25, 0.2, 0.15, 0.05, 0.2, 0.2, 0.1579, 0.25, 0.1579, 0.1, 0.0, 0.25, 0.25, 0.25, 0.2, 0.2105, 0.25, 0.0556, 0.1579, 0.2, 0.2, 0.1, 0.1, 0.1579, 0.1, 0.15, 0.1, 0.2, 0.15, 0.05, 0.25, 0.45, 0.3, 0.35, 0.3, 0.45, 0.55, 0.8, 0.8, 1.0, 0.85, 0.95, 1.0, 0.85, 0.9, 0.95, 1.0, 0.8421, 1.0]"
gpt-oss-20b,f03a4eea989b069fe918734d9e1c2644,df62b497c8a75900705e15ccdbfc560bcdebeeadc89475a41d9c905e21985c8f,False,Chlamydial orchitis,61,62,1193,1622,9,0.14754098360655737,417,0.1601005867560771,0.8,0.05,1.0,43,0.7644593461860855,"[0.05, 0.3684, 0.3, 0.25, 0.3, 0.7895, 0.6, 0.6842, 0.8889, 0.8, 0.85, 0.75, 0.95, 0.75, 0.75, 0.9, 0.8947, 0.8947, 0.8, 0.7368, 0.9474, 0.85, 0.65, 0.7, 0.65, 0.7, 0.75, 0.75, 0.8333, 0.8, 0.8, 0.85, 0.8, 0.9, 1.0, 0.95, 0.8947, 0.9, 0.8947, 0.9474, 0.85, 0.95, 0.7895, 1.0, 1.0, 1.0, 1.0, 0.9, 0.95, 0.9474, 1.0, 1.0, 1.0, 1.0, 1.0, 1.0, 1.0, 1.0, 1.0, 1.0, 1.0, 1.0]"
gpt-oss-20b,fa3f1534a8d672e364f916665953a826,c32d2e835b4871bd5ea4a367ee5ecc3326fed35031a3850e39b7c31561ab9848,True,Systemic Sclerosis (Diffuse Cutaneous),40,41,878,3428,6,0.15,2570,0.22209567198177677,0.85,0.25,1.0,13,0.4009111617312073,"[0.25, 0.5263, 0.55, 0.8, 0.6, 0.7, 0.85, 0.95, 0.85, 0.9, 0.9, 0.9, 0.7895, 0.9474, 0.9, 0.9, 0.9, 0.85, 1.0, 1.0, 1.0, 1.0, 0.85, 0.9474, 1.0, 0.9474, 1.0, 0.9, 0.95, 1.0, 1.0, 1.0, 1.0, 1.0, 1.0, 1.0, 1.0, 0.95, 1.0, 1.0, 1.0]"
gpt-oss-20b,fa3f1534a8d672e364f916665953a826,61656f522b3abe3a96e96d67d5ab685e0103c48a7e78a94c2088d1444d311be5,False,Scleromyxedema,64,65,1222,3825,19,0.296875,2675,0.24549918166939444,0.8,0.35,1.0,19,0.24549918166939444,"[0.35, 0.35, 0.5, 0.3684, 0.5, 0.3, 0.3, 0.25, 0.3684, 0.4211, 0.4, 0.15, 0.65, 0.55, 0.35, 0.6842, 0.35, 0.5, 0.55, 0.8, 1.0, 1.0, 0.95, 0.95, 0.95, 1.0, 1.0, 1.0, 1.0, 1.0, 1.0, 1.0, 1.0, 1.0, 1.0, 1.0, 1.0, 1.0, 1.0, 1.0, 1.0, 1.0, 1.0, 1.0, 1.0, 1.0, 1.0, 1.0, 1.0, 1.0, 1.0, 1.0, 1.0, 1.0, 1.0, 1.0, 1.0, 1.0, 1.0, 1.0, 1.0, 1.0, 1.0, 1.0, 1.0]"
gpt-oss-20b,fdb1907f7938f5641e21a14cd72d5adb,afbd476b9148f3972cd8556e179adadde175232a99fcb75c9a54e2762aac76f8,True,Spotted fever rickettsiosis,308,309,4260,6306,267,0.8668831168831169,5543,0.8678403755868545,0.25,0.3157894736842105,0.15,305,0.9946009389671362,"[0.3158, 0.2, 0.5, 0.3158, 0.35, 0.15, 0.35, 0.35, 0.3684, 0.35, 0.5263, 0.35, 0.3158, 0.4, 0.3, 0.55, 0.3, 0.2222, 0.35, 0.35, 0.45, 0.4737, 0.4211, 0.4211, 0.5, 0.45, 0.5, 0.5263, 0.5, 0.5789, 0.55, 0.5263, 0.45, 0.45, 0.65, 0.3158, 0.45, 0.6, 0.65, 0.3529, 0.6, 0.45, 0.55, 0.45, 0.35, 0.6, 0.5263, 0.5263, 0.3, 0.4211, 0.4, 0.4, 0.5, 0.5263, 0.35, 0.55, 0.6, 0.4444, 0.0526, 0.2, 0.3158, 0.4, 0.1053, 0.4211, 0.15, 0.15, 0.3889, 0.3, 0.25, 0.2105, 0.4, 0.2632, 0.35, 0.4, 0.4211, 0.3, 0.4, 0.1579, 0.35, 0.3158, 0.2632, 0.3, 0.2105, 0.3, 0.15, 0.3684, 0.3, 0.2632, 0.3158, 0.35, 0.2, 0.3, 0.4737, 0.3158, 0.3158, 0.3684, 0.4, 0.2, 0.3333, 0.3, 0.3158, 0.25, 0.2, 0.1, 0.1053, 0.3529, 0.35, 0.4737, 0.15, 0.2105, 0.3, 0.3, 0.3, 0.3, 0.2222, 0.25, 0.3158, 0.2632, 0.15, 0.25, 0.2, 0.2632, 0.15, 0.3, 0.25, 0.0556, 0.15, 0.25, 0.4, 0.2, 0.15, 0.3158, 0.1667, 0.1579, 0.3158, 0.3889, 0.25, 0.05, 0.3333, 0.3, 0.2632, 0.1579, 0.1667, 0.2105, 0.25, 0.3684, 0.25, 0.35, 0.3684, 0.1053, 0.1579, 0.25, 0.1667, 0.2105, 0.2353, 0.1579, 0.25, 0.15, 0.3, 0.1053, 0.35, 0.2, 0.1579, 0.25, 0.1579, 0.3158, 0.35, 0.3, 0.1579, 0.2, 0.35, 0.1111, 0.15, 0.2, 0.3158, 0.3684, 0.3158, 0.1667, 0.4, 0.3158, 0.3684, 0.2, 0.2941, 0.3684, 0.15, 0.15, 0.25, 0.2105, 0.4211, 0.1579, 0.1, 0.2632, 0.25, 0.3, 0.3, 0.1, 0.1111, 0.1053, 0.2632, 0.2222, 0.1579, 0.2105, 0.0, 0.2, 0.3, 0.3158, 0.2, 0.2, 0.25, 0.2, 0.1579, 0.3684, 0.2, 0.3684, 0.5263, 0.35, 0.2632, 0.15, 0.2, 0.1579, 0.2105, 0.35, 0.4, 0.25, 0.25, 0.3158, 0.1176, 0.3, 0.3684, 0.2222, 0.2632, 0.3, 0.1667, 0.1, 0.2, 0.1667, 0.3, 0.25, 0.15, 0.2, 0.2, 0.2, 0.4211, 0.2632, 0.2105, 0.15, 0.25, 0.2941, 0.3158, 0.4737, 0.1579, 0.2632, 0.0526, 0.3, 0.15, 0.2632, 0.25, 0.3158, 0.2105, 0.2778, 0.1, 0.25, 0.5, 0.4, 0.0526, 0.15, 0.1667, 0.25, 0.25, 0.25, 0.2222, 0.2105, 0.15, 0.35, 0.3, 0.2105, 0.25, 0.15, 0.1, 0.25, 0.3333, 0.15, 0.3, 0.4, 0.4211, 0.2, 0.35, 0.15, 0.35, 0.2, 0.1579, 0.2, 0.15, 0.25, 0.3, 0.2632, 0.15, 0.2, 0.1579, 0.15, 0.2, 0.15, 0.2941, 0.35, 0.35, 0.25, 0.05, 0.15, 0.15]"
gpt-oss-20b,fdb1907f7938f5641e21a14cd72d5adb,a8361cc3b87ca01d6395edafc583722df0e24b889f551c1016c511a914646fc5,False,Syphilis,246,247,2849,4931,246,1.0,4695,1.0,1.0,0.0,1.0,246,1.0,"[0.0, 0.1, 0.0, 0.0526, 0.0556, 0.1, 0.05, 0.0, 0.1579, 0.2222, 0.0526, 0.05, 0.1, 0.1, 0.1579, 0.0, 0.0, 0.0, 0.0, 0.05, 0.05, 0.1, 0.0, 0.0, 0.0, 0.1667, 0.0556, 0.1, 0.2, 0.0526, 0.05, 0.05, 0.0, 0.0, 0.15, 0.3, 0.1579, 0.0, 0.1, 0.0526, 0.1, 0.0, 0.0, 0.05, 0.1, 0.05, 0.0, 0.0526, 0.2, 0.05, 0.1, 0.0526, 0.1, 0.1, 0.0, 0.1, 0.0, 0.1053, 0.05, 0.0, 0.05, 0.0, 0.0, 0.0526, 0.05, 0.05, 0.05, 0.1579, 0.0, 0.0, 0.0526, 0.05, 0.05, 0.2, 0.05, 0.0, 0.1, 0.1053, 0.1, 0.1, 0.1, 0.05, 0.25, 0.15, 0.2, 0.1, 0.0526, 0.1053, 0.25, 0.15, 0.2, 0.1579, 0.25, 0.2105, 0.15, 0.25, 0.2632, 0.2, 0.2, 0.1667, 0.25, 0.35, 0.3, 0.25, 0.3684, 0.2, 0.5263, 0.2, 0.2105, 0.1667, 0.4, 0.3, 0.2, 0.2632, 0.15, 0.3684, 0.3333, 0.3, 0.4211, 0.1579, 0.1579, 0.25, 0.15, 0.4, 0.25, 0.2778, 0.25, 0.2, 0.05, 0.3, 0.0526, 0.3, 0.1, 0.3684, 0.1, 0.2105, 0.2, 0.05, 0.2778, 0.2778, 0.15, 0.25, 0.0526, 0.25, 0.2105, 0.05, 0.25, 0.1, 0.1176, 0.3684, 0.1053, 0.2, 0.0526, 0.2, 0.0556, 0.1, 0.35, 0.1, 0.2632, 0.3, 0.4, 0.0556, 0.2, 0.15, 0.0526, 0.2632, 0.3, 0.15, 0.3684, 0.2, 0.5263, 0.1579, 0.3, 0.2778, 0.2105, 0.35, 0.1667, 0.4737, 0.3684, 0.4737, 0.45, 0.2632, 0.1579, 0.0, 0.2105, 0.15, 0.2, 0.15, 0.25, 0.25, 0.15, 0.3, 0.2222, 0.35, 0.3, 0.15, 0.15, 0.3, 0.1, 0.35, 0.2632, 0.2, 0.25, 0.15, 0.3, 0.1579, 0.2, 0.3, 0.2632, 0.3158, 0.15, 0.2632, 0.25, 0.35, 0.4, 0.15, 0.25, 0.3158, 0.2632, 0.25, 0.2632, 0.15, 0.2632, 0.15, 0.4, 0.1579, 0.4444, 0.5789, 0.4737, 0.4211, 0.7778, 0.6, 0.8421, 0.75, 0.65, 0.6842, 0.6842, 0.65, 0.45, 0.8947, 0.8, 0.7, 0.7368, 0.5, 0.7895, 0.6842, 1.0]"
glm-4.7-flash,0148cedaed162d8c1591e7dad5de6dec,73450eb456f491b62dc63beefdf67f3898fd7a5a7abe1dbb0c3a20fb2cc8224c,True,Major Depressive Disorder,272,273,4041,4626,65,0.23897058823529413,1500,0.2902746844840386,0.85,0.7,1.0,72,0.32764167285325413,"[0.7, 0.55, 0.5, 0.7, 0.65, 0.9, 0.6, 0.5, 0.75, 0.75, 0.8, 0.8, 0.75, 0.65, 0.7, 0.75, 0.85, 0.9, 1.0, 1.0, 0.95, 0.8, 0.9, 0.7, 0.55, 0.75, 0.65, 0.85, 0.75, 0.85, 0.85, 0.7, 0.8, 0.9, 0.8, 0.95, 0.8, 0.8, 0.6, 0.75, 0.7, 0.55, 0.65, 0.6, 0.6, 0.65, 0.7, 0.75, 0.7, 0.7, 0.65, 0.6842, 0.65, 0.7, 0.65, 0.85, 0.75, 0.95, 0.85, 0.8, 0.8, 0.6, 0.7, 1.0, 0.7, 0.85, 0.75, 0.65, 0.7, 0.85, 0.85, 0.65, 0.85, 0.85, 0.9, 0.95, 0.95, 1.0, 0.8, 0.9, 1.0, 0.9, 0.85, 0.9, 0.95, 0.9, 0.9, 1.0, 0.9, 0.9, 0.9474, 1.0, 1.0, 1.0, 1.0, 1.0, 1.0, 0.95, 1.0, 1.0, 1.0, 1.0, 1.0, 1.0, 1.0, 1.0, 1.0, 1.0, 1.0, 1.0, 1.0, 1.0, 1.0, 1.0, 1.0, 1.0, 1.0, 1.0, 1.0, 1.0, 1.0, 1.0, 1.0, 1.0, 1.0, 1.0, 1.0, 0.95, 1.0, 1.0, 1.0, 1.0, 1.0, 1.0, 1.0, 1.0, 1.0, 1.0, 1.0, 1.0, 0.95, 1.0, 1.0, 1.0, 1.0, 1.0, 1.0, 1.0, 1.0, 1.0, 1.0, 1.0, 1.0, 1.0, 1.0, 1.0, 1.0, 1.0, 1.0, 0.95, 1.0, 1.0, 1.0, 1.0, 1.0, 1.0, 1.0, 1.0, 0.95, 1.0, 1.0, 1.0, 1.0, 1.0, 1.0, 1.0, 1.0, 1.0, 1.0, 1.0, 1.0, 1.0, 1.0, 1.0, 1.0, 1.0, 1.0, 1.0, 1.0, 1.0, 1.0, 1.0, 1.0, 1.0, 1.0, 1.0, 1.0, 1.0, 1.0, 1.0, 1.0, 1.0, 1.0, 1.0, 1.0, 1.0, 1.0, 1.0, 1.0, 1.0, 1.0, 1.0, 1.0, 1.0, 1.0, 1.0, 1.0, 1.0, 1.0, 1.0, 1.0, 1.0, 1.0, 1.0, 1.0, 1.0, 1.0, 1.0, 1.0, 1.0, 1.0, 1.0, 1.0, 1.0, 1.0, 1.0, 1.0, 1.0, 0.95, 1.0, 1.0, 1.0, 1.0, 1.0, 1.0, 1.0, 1.0, 1.0, 1.0, 1.0, 1.0, 1.0, 1.0, 1.0, 1.0, 1.0, 1.0, 1.0, 1.0, 1.0, 1.0, 1.0, 1.0, 1.0, 1.0, 1.0, 1.0, 1.0, 1.0, 1.0, 1.0, 1.0, 1.0]"
glm-4.7-flash,0148cedaed162d8c1591e7dad5de6dec,4360b056c4fc7a2f5dc1504f96ee904938d476570e0b3344dabf1405a5f35b88,False,Major Depressive Disorder,320,321,4815,5456,211,0.659375,3539,0.6670820353063344,0.8,0.5,1.0,278,0.8483904465212876,"[0.5, 0.55, 0.65, 0.65, 0.75, 0.6, 0.6, 0.7, 0.6, 0.75, 0.7, 0.55, 0.55, 0.7, 0.8, 0.65, 0.45, 0.75, 0.65, 0.55, 0.25, 0.45, 0.9, 0.75, 0.65, 0.7, 0.75, 0.45, 0.7, 0.3, 0.6, 0.35, 0.45, 0.25, 0.4, 0.65, 0.65, 0.4, 0.35, 0.5, 0.45, 0.4, 0.35, 0.35, 0.2, 0.2, 0.3, 0.5, 0.35, 0.3158, 0.45, 0.4, 0.5, 0.25, 0.25, 0.15, 0.05, 0.2, 0.15, 0.25, 0.25, 0.3, 0.3, 0.3, 0.2, 0.15, 0.1, 0.2, 0.3, 0.25, 0.4, 0.45, 0.4, 0.35, 0.25, 0.15, 0.15, 0.15, 0.05, 0.25, 0.05, 0.25, 0.0, 0.5, 0.25, 0.1053, 0.25, 0.3, 0.1, 0.25, 0.4, 0.3, 0.35, 0.35, 0.1, 0.25, 0.2, 0.2, 0.35, 0.3, 0.1, 0.2, 0.1, 0.1, 0.1, 0.15, 0.05, 0.2, 0.05, 0.2, 0.05, 0.15, 0.1, 0.15, 0.05, 0.15, 0.0, 0.15, 0.05, 0.05, 0.1, 0.15, 0.15, 0.15, 0.15, 0.1, 0.15, 0.2, 0.15, 0.15, 0.05, 0.05, 0.05, 0.1, 0.1, 0.1, 0.1, 0.15, 0.1, 0.15, 0.1, 0.1, 0.1, 0.25, 0.05, 0.05, 0.2, 0.2, 0.05, 0.3, 0.15, 0.2, 0.2, 0.2, 0.5, 0.25, 0.2, 0.1, 0.25, 0.25, 0.4, 0.35, 0.3, 0.3, 0.6, 0.3, 0.45, 0.1, 0.5, 0.3, 0.3158, 0.2, 0.2, 0.25, 0.55, 0.45, 0.6, 0.5, 0.4, 0.4737, 0.35, 0.4, 0.5, 0.35, 0.55, 0.55, 0.55, 0.5, 0.65, 0.45, 0.6, 0.45, 0.5, 0.75, 0.6, 0.75, 0.65, 0.35, 0.4, 0.7, 0.55, 0.75, 0.45, 0.55, 0.85, 0.7, 0.4, 0.55, 0.75, 0.75, 1.0, 0.8, 0.9, 1.0, 1.0, 0.85, 0.95, 1.0, 0.95, 0.95, 0.9, 0.95, 0.9, 0.9, 0.95, 0.95, 0.95, 1.0, 0.85, 1.0, 0.85, 0.95, 0.95, 1.0, 0.95, 1.0, 1.0, 0.95, 1.0, 1.0, 0.9, 0.9, 0.95, 0.85, 0.9, 0.95, 0.9, 0.95, 0.85, 1.0, 0.9, 1.0, 0.95, 0.9, 0.85, 0.9, 0.95, 0.9, 1.0, 0.95, 1.0, 0.95, 0.95, 0.9, 1.0, 1.0, 0.95, 0.85, 0.95, 0.95, 0.95, 0.85, 0.9, 0.95, 0.95, 0.9, 0.85, 0.75, 1.0, 0.9, 1.0, 0.9, 0.95, 0.9, 0.9, 1.0, 0.95, 0.95, 0.95, 1.0, 0.95, 1.0, 1.0, 0.95, 1.0, 1.0, 1.0, 1.0, 1.0, 1.0, 1.0, 1.0, 1.0, 1.0, 1.0, 1.0, 1.0, 1.0, 1.0, 1.0, 1.0, 1.0, 1.0, 1.0, 0.95, 0.95, 1.0, 1.0, 1.0, 1.0, 1.0]"
glm-4.7-flash,34f92cdb48573ee3ec1837da4f60ff3f,36831e560304a916113388e55b8fde9ae772c84d009b3b62c005370854151f9f,False,Femoral Neck Fracture,312,313,5646,6270,248,0.7948717948717948,4787,0.803931987247609,0.85,0.45,0.9473684210526315,263,0.8483882394615657,"[0.45, 0.35, 0.4, 0.2, 0.1, 0.45, 0.25, 0.2, 0.15, 0.2, 0.25, 0.15, 0.35, 0.2, 0.3, 0.25, 0.45, 0.75, 0.8, 0.6316, 0.8, 0.45, 0.3684, 0.3, 0.6, 0.2632, 0.3, 0.3, 0.15, 0.35, 0.4, 0.9, 0.5, 0.5, 0.65, 0.7, 0.65, 0.6, 0.4, 0.65, 0.65, 0.5, 0.7, 0.6, 0.75, 0.55, 0.75, 0.8, 0.3158, 0.75, 0.5, 0.6842, 0.7, 0.5, 0.7, 0.65, 0.5, 0.65, 0.7, 0.4737, 0.2, 0.3684, 0.25, 0.4, 0.25, 0.2632, 0.45, 0.25, 0.2, 0.3, 0.25, 0.1053, 0.35, 0.25, 0.4, 0.3, 0.4, 0.3, 0.4, 0.4, 0.15, 0.1, 0.3, 0.15, 0.2, 0.15, 0.25, 0.15, 0.1053, 0.15, 0.0, 0.2, 0.1, 0.15, 0.2, 0.2, 0.3, 0.15, 0.1, 0.15, 0.15, 0.1, 0.25, 0.1, 0.2, 0.2105, 0.1, 0.2, 0.1053, 0.25, 0.3, 0.15, 0.25, 0.3, 0.25, 0.3, 0.55, 0.35, 0.35, 0.5, 0.35, 0.45, 0.3, 0.35, 0.45, 0.55, 0.75, 0.5, 0.4, 0.65, 0.8, 0.6, 0.7368, 0.8, 0.65, 0.8, 0.7, 0.7, 0.6, 0.8421, 0.55, 0.85, 0.75, 0.65, 0.55, 0.7, 0.75, 0.9, 0.75, 0.8, 0.8, 0.9, 0.8, 0.8, 0.85, 0.8947, 0.75, 0.95, 0.8, 0.65, 0.75, 0.8, 0.8, 0.7, 0.9, 0.9474, 0.5789, 0.95, 0.9, 0.9, 0.95, 0.85, 0.8, 0.8, 0.85, 0.9, 0.85, 0.75, 0.85, 0.8, 0.75, 0.8, 0.85, 0.8421, 0.7895, 0.6, 0.5, 0.45, 0.5263, 0.75, 0.8, 0.65, 0.65, 0.75, 0.7, 0.55, 0.8, 0.6316, 0.8, 0.65, 0.75, 0.65, 0.6, 0.6, 0.7, 0.65, 0.45, 0.6, 0.65, 0.8, 0.8, 0.75, 0.55, 0.6, 0.9, 0.8, 0.7, 0.6, 0.7, 0.55, 0.7, 0.65, 0.65, 0.6, 0.75, 0.7, 0.9474, 0.65, 0.8, 0.6316, 0.7, 0.6, 0.9, 0.8, 0.75, 0.65, 0.85, 0.8, 0.8, 0.65, 0.65, 0.7, 0.75, 0.8, 0.8, 0.75, 0.6, 0.65, 0.85, 0.85, 0.85, 0.85, 0.8, 0.85, 0.95, 1.0, 0.9, 1.0, 0.95, 0.95, 0.9, 0.6842, 0.75, 0.95, 0.85, 0.95, 1.0, 0.85, 0.9, 0.95, 0.9, 0.9, 0.95, 0.95, 0.9, 1.0, 0.85, 1.0, 0.95, 0.9, 1.0, 0.9, 0.95, 0.95, 0.9, 0.95, 1.0, 1.0, 1.0, 0.95, 0.9, 1.0, 1.0, 0.9474, 0.95, 0.9, 0.95, 1.0, 0.95, 0.9, 0.9, 0.95, 0.95, 0.9, 0.9, 0.85, 1.0, 1.0, 0.9, 0.9474, 0.95, 0.95, 0.9474]"
glm-4.7-flash,5e08bb89aa461993e01a5790857ce599,f33f38954083f80ae62d8f50ce4f1cd75beefd59455c7180cc3740e7c1229ab2,True,Bronchogenic carcinoma,219,220,3413,3710,141,0.6438356164383562,2544,0.6621740404336361,0.8,0.25,0.8947368421052632,205,0.9314386170524466,"[0.25, 0.2, 0.15, 0.25, 0.35, 0.1, 0.25, 0.2, 0.1, 0.1, 0.45, 0.25, 0.05, 0.25, 0.15, 0.2, 0.2, 0.3, 0.3, 0.5, 0.55, 0.4, 0.55, 0.4, 0.5, 0.5, 0.55, 0.25, 0.6, 0.45, 0.5, 0.6, 0.45, 0.6, 0.6, 0.2, 0.65, 0.6, 0.45, 0.3, 0.25, 0.5, 0.3, 0.6, 0.25, 0.6, 0.3, 0.4, 0.1, 0.45, 0.3, 0.15, 0.15, 0.25, 0.2, 0.2, 0.2, 0.4211, 0.25, 0.35, 0.9, 0.7, 0.75, 0.6, 0.7, 0.7, 0.7, 0.85, 0.7, 0.8, 0.8, 0.75, 0.85, 0.8, 0.9, 0.9, 0.95, 0.7, 0.85, 1.0, 0.65, 0.75, 0.9, 0.8, 0.7, 0.9, 0.85, 0.8, 0.95, 0.7, 0.75, 0.85, 0.7, 0.85, 0.75, 0.85, 0.75, 0.8, 0.8, 0.8, 0.75, 0.75, 0.75, 0.75, 0.7, 0.8, 0.75, 0.9, 0.75, 0.7, 0.8, 0.85, 0.75, 0.7, 0.85, 0.75, 0.8, 0.75, 0.7, 0.85, 0.75, 0.75, 0.65, 0.8, 0.95, 0.6842, 0.75, 0.8, 0.8947, 0.85, 0.9, 0.75, 0.85, 0.85, 0.8, 0.65, 0.8, 0.6, 0.7, 0.9, 0.75, 0.8, 0.65, 0.9, 0.75, 0.85, 0.75, 0.95, 0.85, 0.75, 0.85, 0.9, 0.7, 0.7, 0.9, 0.95, 0.85, 0.85, 0.9, 0.9, 0.8, 1.0, 0.85, 0.95, 0.95, 0.9, 0.9, 0.85, 1.0, 1.0, 1.0, 0.95, 0.9, 1.0, 0.9, 0.95, 0.95, 0.85, 1.0, 0.95, 0.95, 0.95, 0.95, 0.95, 0.8947, 1.0, 1.0, 0.85, 1.0, 0.95, 0.85, 1.0, 0.9, 0.9, 1.0, 0.9474, 1.0, 1.0, 0.95, 0.95, 1.0, 1.0, 0.85, 0.8, 0.75, 1.0, 0.85, 0.95, 1.0, 0.95, 0.95, 1.0, 0.95, 1.0, 1.0, 0.9, 0.95, 1.0, 0.95, 0.8947]"
glm-4.7-flash,5e08bb89aa461993e01a5790857ce599,e02572e1ae6d8d3c9536bdd1261efafbecea6c22bb657899a1d6ebddd8838bbd,False,Sarcoidosis,142,143,2467,3081,35,0.24647887323943662,974,0.27969193352249694,0.8,0.05,1.0,41,0.3202269963518444,"[0.05, 0.0, 0.0, 0.0, 0.0, 0.0, 0.0, 0.15, 0.0, 0.35, 0.2, 0.3, 0.25, 0.6, 0.2, 0.2, 0.5, 0.3, 0.3, 0.45, 0.4, 0.55, 0.3, 0.45, 0.25, 0.3158, 0.5, 0.5789, 0.6, 0.6, 0.6316, 0.5789, 0.75, 0.95, 0.7368, 0.8, 0.75, 0.75, 0.85, 0.9, 0.6842, 0.95, 0.85, 0.85, 0.95, 0.95, 0.95, 1.0, 1.0, 1.0, 1.0, 1.0, 0.95, 1.0, 1.0, 1.0, 1.0, 1.0, 0.9, 1.0, 1.0, 1.0, 1.0, 1.0, 1.0, 1.0, 1.0, 1.0, 1.0, 1.0, 1.0, 1.0, 1.0, 1.0, 1.0, 1.0, 1.0, 1.0, 1.0, 1.0, 1.0, 1.0, 1.0, 1.0, 1.0, 1.0, 1.0, 1.0, 1.0, 1.0, 1.0, 1.0, 1.0, 1.0, 1.0, 1.0, 1.0, 1.0, 1.0, 1.0, 1.0, 1.0, 1.0, 1.0, 1.0, 1.0, 1.0, 1.0, 1.0, 1.0, 1.0, 1.0, 1.0, 1.0, 1.0, 1.0, 1.0, 1.0, 1.0, 1.0, 1.0, 1.0, 1.0, 1.0, 1.0, 1.0, 1.0, 1.0, 1.0, 1.0, 1.0, 1.0, 1.0, 1.0, 1.0, 1.0, 1.0, 0.95, 0.95, 1.0, 1.0, 1.0, 1.0]"
glm-4.7-flash,85684e0c092976faa0b788ef96b0a1ff,1bbc1062230223ab05c0b7d99013c8209df442c32d5811380c62ad52f3428591,True,AL amyloidosis,158,159,3290,3706,77,0.4873417721518987,1913,0.4592705167173252,0.85,0.3684210526315789,0.8,141,0.8805471124620061,"[0.3684, 0.35, 0.3, 0.45, 0.3889, 0.3, 0.15, 0.15, 0.4737, 0.25, 0.25, 0.1, 0.2222, 0.65, 0.8, 0.75, 0.75, 0.8, 0.75, 0.35, 0.3889, 0.3684, 0.45, 0.4, 0.35, 0.3, 0.45, 0.25, 0.45, 0.25, 0.55, 0.55, 0.4, 0.4737, 0.55, 0.55, 0.4, 0.4, 0.4, 0.4, 0.45, 0.45, 0.65, 0.6, 0.5, 0.7, 0.7, 0.4, 0.4, 0.7, 0.45, 0.6, 0.7, 0.4737, 0.55, 0.5, 0.65, 0.75, 0.6316, 0.7, 0.65, 0.7, 0.7, 0.65, 0.45, 0.55, 0.75, 0.9, 0.55, 0.35, 0.35, 0.7, 0.55, 0.55, 0.6, 0.5, 0.75, 0.85, 0.8, 0.85, 0.8, 0.85, 0.95, 0.8, 0.85, 0.75, 0.85, 0.85, 0.85, 0.9, 0.85, 0.85, 1.0, 0.85, 0.9, 0.9, 0.85, 0.85, 0.95, 0.85, 0.95, 0.9, 0.9, 0.95, 0.95, 0.85, 0.95, 0.9474, 0.9, 0.95, 1.0, 0.9, 1.0, 0.95, 0.8, 1.0, 0.9, 0.85, 0.95, 0.85, 0.95, 0.95, 0.95, 0.9, 0.9, 0.8, 0.85, 0.9, 0.85, 0.85, 0.95, 0.95, 1.0, 0.95, 1.0, 1.0, 0.8, 0.95, 0.95, 0.95, 1.0, 0.8, 0.85, 0.85, 0.75, 0.75, 0.95, 0.95, 0.75, 0.9, 0.85, 0.9, 0.9474, 0.85, 0.85, 0.85, 0.85, 0.85, 0.8]"
glm-4.7-flash,85684e0c092976faa0b788ef96b0a1ff,61e9fd244cf3e294ea22a17fb852f8620a40abab8dab807a50a6193371f8090e,False,Chagas Disease,241,242,4239,4661,87,0.36099585062240663,1965,0.36871903750884644,0.85,0.05,1.0,170,0.673036093418259,"[0.05, 0.1, 0.1, 0.0526, 0.05, 0.0, 0.05, 0.05, 0.0, 0.0, 0.0, 0.0, 0.05, 0.0526, 0.0, 0.0, 0.0, 0.05, 0.05, 0.0, 0.0, 0.0, 0.0, 0.0, 0.0, 0.3, 0.3, 0.1, 0.1053, 0.1, 0.05, 0.2632, 0.3, 0.3, 0.6, 0.65, 0.7368, 0.7, 0.7, 0.6, 0.6, 0.55, 0.3, 0.4737, 0.45, 0.6, 0.6, 0.5, 0.3, 0.45, 0.5, 0.5, 0.45, 0.35, 0.4, 0.6, 0.55, 0.45, 0.45, 0.45, 0.3, 0.4, 0.7, 0.75, 0.3, 0.4211, 0.6, 0.45, 0.35, 0.45, 0.4, 0.55, 0.5, 0.2, 0.45, 0.45, 0.3, 0.35, 0.35, 0.7, 0.85, 0.85, 0.95, 0.7, 0.75, 0.75, 0.55, 0.85, 0.65, 0.9, 0.75, 0.8, 0.75, 0.65, 0.9, 0.8, 0.8, 0.9, 0.8, 0.8, 0.9, 0.9, 0.85, 0.9, 0.95, 0.9, 1.0, 1.0, 1.0, 1.0, 0.95, 1.0, 1.0, 1.0, 0.95, 1.0, 1.0, 1.0, 1.0, 0.95, 0.9, 0.95, 0.85, 0.95, 0.9, 0.9, 1.0, 0.95, 1.0, 0.95, 0.95, 0.9, 0.9, 0.9, 0.95, 0.85, 0.95, 0.9, 0.9, 0.95, 1.0, 1.0, 1.0, 0.9, 0.9, 1.0, 0.95, 0.95, 1.0, 0.9, 0.95, 0.9, 1.0, 0.95, 1.0, 1.0, 1.0, 0.95, 1.0, 0.9, 1.0, 0.9, 1.0, 1.0, 0.95, 1.0, 1.0, 1.0, 0.95, 0.75, 1.0, 0.9, 0.95, 0.9, 0.95, 0.95, 1.0, 1.0, 0.95, 1.0, 1.0, 1.0, 0.95, 1.0, 0.95, 1.0, 0.95, 1.0, 1.0, 0.9, 1.0, 1.0, 1.0, 1.0, 1.0, 1.0, 1.0, 1.0, 1.0, 0.95, 1.0, 1.0, 1.0, 1.0, 1.0, 1.0, 1.0, 1.0, 1.0, 1.0, 1.0, 1.0, 1.0, 0.95, 1.0, 1.0, 1.0, 1.0, 1.0, 1.0, 1.0, 1.0, 1.0, 1.0, 1.0, 1.0, 0.95, 1.0, 1.0, 1.0, 1.0, 1.0, 0.95, 1.0, 1.0, 1.0, 1.0, 1.0, 1.0, 1.0, 1.0, 1.0]"
glm-4.7-flash,ab944ef1e6f39bfd785f38954f9458c1,0bc3b0aae08da273a96feaf6f875cf38dd64206d99009562cfa65cdfa1ba9e14,True,Syringomyelia,306,307,5340,6084,221,0.7222222222222222,4342,0.7522471910112359,0.85,0.05,1.0,227,0.7670411985018727,"[0.05, 0.2, 0.15, 0.05, 0.15, 0.1, 0.2, 0.35, 0.2, 0.15, 0.35, 0.15, 0.05, 0.1, 0.05, 0.2, 0.15, 0.05, 0.05, 0.0, 0.15, 0.0, 0.15, 0.1, 0.1, 0.7, 0.5, 0.75, 0.65, 1.0, 0.95, 0.85, 0.85, 0.85, 0.85, 0.8947, 0.9, 0.95, 0.85, 0.95, 0.6, 0.95, 0.75, 0.75, 0.85, 0.65, 0.75, 0.8, 0.7, 0.75, 0.7, 0.8, 0.9, 0.55, 0.75, 0.85, 0.9, 0.9, 1.0, 0.9, 0.9, 0.6, 0.8, 0.7, 0.85, 1.0, 0.85, 0.9, 0.9, 0.75, 0.75, 0.65, 0.8, 0.55, 0.6, 0.75, 0.75, 0.65, 0.5, 0.6, 0.9, 0.7, 0.65, 0.55, 0.2, 0.3, 0.5, 0.5, 0.65, 0.65, 0.6, 0.55, 0.75, 0.7, 0.55, 0.45, 0.7, 0.65, 0.75, 0.6, 0.45, 0.55, 0.45, 0.75, 0.5, 0.8, 0.7, 0.6, 0.65, 0.4, 0.5, 0.5, 0.4, 0.6, 0.5, 0.5, 0.4, 0.35, 0.4, 0.45, 0.6, 0.6, 0.35, 0.65, 0.35, 0.4, 0.25, 0.35, 0.3684, 0.25, 0.5, 0.2, 0.3, 0.25, 0.15, 0.3, 0.15, 0.25, 0.4, 0.35, 0.25, 0.5, 0.45, 0.25, 0.4, 0.4, 0.25, 0.15, 0.45, 0.45, 0.25, 0.5, 0.65, 0.55, 0.55, 0.75, 0.7, 0.7, 0.55, 0.7, 0.5, 0.75, 0.4, 0.7, 0.8, 0.7, 0.7, 0.65, 0.8, 0.6, 0.8, 0.75, 0.85, 0.65, 0.9, 0.9, 0.6, 0.65, 0.85, 0.65, 0.55, 0.55, 0.55, 0.8, 0.7, 0.4, 0.45, 0.8, 0.65, 0.8, 0.65, 0.8, 0.7, 0.8, 0.5, 0.75, 0.6, 0.85, 0.75, 0.75, 0.65, 0.65, 0.75, 0.6, 0.8, 0.85, 0.8, 0.65, 0.8, 0.9, 0.65, 0.9, 0.85, 0.7, 0.55, 0.7, 0.9, 0.75, 0.9, 0.7, 0.9, 0.85, 0.9, 0.7, 0.75, 0.8, 0.65, 0.8421, 0.85, 0.9, 0.9, 0.95, 0.95, 1.0, 0.95, 0.9, 0.9, 0.9, 0.9, 0.8, 0.9, 0.95, 0.95, 0.95, 0.8, 0.9, 0.95, 0.85, 0.95, 0.9, 1.0, 0.9, 0.95, 0.9, 0.95, 0.95, 0.95, 0.95, 1.0, 1.0, 0.9, 1.0, 1.0, 0.9474, 1.0, 1.0, 1.0, 1.0, 1.0, 0.95, 1.0, 1.0, 1.0, 1.0, 0.9, 0.95, 0.95, 0.9, 1.0, 1.0, 0.95, 1.0, 0.9, 0.95, 1.0, 1.0, 0.95, 1.0, 0.95, 1.0, 1.0, 1.0, 1.0, 1.0, 1.0, 1.0, 1.0, 1.0, 1.0, 1.0, 1.0, 1.0, 0.95, 0.95, 1.0, 1.0, 1.0]"
glm-4.7-flash,ab944ef1e6f39bfd785f38954f9458c1,5359cb94f325cf6ecb0a1dbb9cb45056be63c4e6b7fdb6aa5219eb23bf9cbe61,False,Brown-Sequard Syndrome,217,218,4040,4648,194,0.8940092165898618,3906,0.8863861386138614,0.8421052631578947,0.05,1.0,198,0.902970297029703,"[0.05, 0.0, 0.0, 0.0, 0.0, 0.0, 0.0, 0.0, 0.0, 0.0, 0.0, 0.05, 0.0, 0.05, 0.0, 0.0, 0.0, 0.0, 0.0, 0.05, 0.05, 0.0, 0.0, 0.0, 0.05, 0.05, 0.0, 0.0, 0.1, 0.0526, 0.0, 0.0, 0.05, 0.1, 0.0, 0.05, 0.0, 0.0, 0.05, 0.05, 0.0, 0.0, 0.15, 0.3, 0.2, 0.15, 0.3, 0.4, 0.2, 0.5, 0.35, 0.25, 0.25, 0.4, 0.4737, 0.45, 0.3, 0.55, 0.5, 0.45, 0.45, 0.55, 0.4, 0.05, 0.0, 0.1, 0.1, 0.1, 0.15, 0.05, 0.05, 0.0, 0.0, 0.15, 0.0, 0.1, 0.0, 0.15, 0.05, 0.05, 0.1, 0.05, 0.05, 0.05, 0.05, 0.2, 0.1, 0.05, 0.05, 0.05, 0.1, 0.05, 0.05, 0.05, 0.05, 0.2, 0.1, 0.05, 0.1, 0.0, 0.05, 0.15, 0.0, 0.0, 0.05, 0.0, 0.1, 0.15, 0.0, 0.05, 0.0, 0.3, 0.25, 0.2, 0.25, 0.2, 0.15, 0.0, 0.35, 0.3, 0.15, 0.1, 0.05, 0.05, 0.15, 0.15, 0.15, 0.05, 0.0, 0.1, 0.1, 0.05, 0.15, 0.0, 0.1, 0.1, 0.05, 0.0, 0.1, 0.0, 0.0, 0.0, 0.0, 0.1, 0.0, 0.1, 0.15, 0.0, 0.0, 0.2, 0.0, 0.1, 0.0, 0.1, 0.05, 0.0, 0.0, 0.15, 0.05, 0.0, 0.05, 0.3, 0.1, 0.05, 0.0, 0.15, 0.05, 0.0, 0.1, 0.15, 0.05, 0.05, 0.1, 0.05, 0.05, 0.0, 0.1, 0.05, 0.15, 0.25, 0.05, 0.1579, 0.1579, 0.2, 0.45, 0.1579, 0.35, 0.35, 0.5, 0.55, 0.35, 0.35, 0.6, 0.75, 0.8421, 0.85, 0.8, 0.7, 0.85, 0.85, 0.9, 1.0, 0.8, 0.95, 0.95, 1.0, 1.0, 1.0, 1.0, 1.0, 0.9474, 1.0, 1.0, 1.0, 1.0, 1.0, 1.0, 1.0]"
glm-4.7-flash,cc91c75860966ea7d69d7a716a857add,6e67e65a674138e7473e9eaec9c24ab4a5e0aad8fcfe34005201a07ae2a0a167,True,Secondary polycythemia due to chronic hypoxia,58,59,1243,1598,22,0.3793103448275862,800,0.3692679002413516,0.95,0.25,1.0,22,0.3692679002413516,"[0.25, 0.15, 0.5, 0.25, 0.5, 0.2, 0.35, 0.4, 0.2, 0.45, 0.5, 0.15, 0.35, 0.55, 0.2, 0.45, 0.55, 0.3, 0.65, 0.9, 0.7, 0.7, 0.95, 0.8, 0.9, 0.8, 0.9, 0.95, 0.9474, 0.95, 0.95, 1.0, 0.95, 0.95, 0.95, 1.0, 1.0, 1.0, 1.0, 1.0, 1.0, 1.0, 1.0, 1.0, 1.0, 1.0, 1.0, 1.0, 1.0, 0.95, 0.95, 1.0, 1.0, 1.0, 1.0, 1.0, 1.0, 1.0, 1.0]"
glm-4.7-flash,f03a4eea989b069fe918734d9e1c2644,b8ef975e1bd41c5f5c3a87947902eb30c7088aada65cb597838a7058d65824c6,True,Secondary syphilitic orchitis,32,33,717,1106,22,0.6875,713,0.7670850767085077,0.95,0.15,0.95,22,0.7670850767085077,"[0.15, 0.35, 0.4, 0.35, 0.45, 0.5, 0.45, 0.5789, 0.5, 0.9, 0.7, 0.65, 0.75, 0.5, 0.6, 0.5, 0.6, 0.7, 0.55, 0.55, 0.5, 0.5, 0.95, 0.95, 0.95, 1.0, 1.0, 1.0, 0.95, 0.95, 1.0, 0.95, 0.95]"
glm-4.7-flash,f03a4eea989b069fe918734d9e1c2644,99b0e2c9e0afcff644f642a7555183ce87728fb60d1c405b13d99159d0db9aa9,False,Sarcoidosis,32,33,671,985,10,0.3125,317,0.22950819672131148,0.9,0.05,1.0,10,0.22950819672131148,"[0.05, 0.0, 0.0526, 0.1, 0.1, 0.1, 0.25, 0.15, 0.25, 0.1, 0.9, 0.9, 0.9, 0.9, 1.0, 1.0, 1.0, 0.95, 0.95, 0.85, 1.0, 0.9, 1.0, 1.0, 1.0, 0.95, 1.0, 0.95, 1.0, 1.0, 1.0, 1.0, 1.0]"
glm-4.7-flash,02b15d84011aa2ed96dcb904e63129bb,cc0f21aef8b915c4c9a7b6bc0788c31df424db916d6470daec85488bcb55f5df,False,Interstitial Lung Disease,222,223,3371,3543,85,0.38288288288288286,1654,0.4437852269356274,0.85,0.05,1.0,180,0.8223079204983684,"[0.05, 0.0, 0.05, 0.0, 0.15, 0.0, 0.0, 0.15, 0.1, 0.05, 0.0526, 0.0, 0.0, 0.0, 0.05, 0.0, 0.05, 0.05, 0.0, 0.05, 0.1, 0.1, 0.05, 0.15, 0.2, 0.15, 0.05, 0.1, 0.05, 0.1, 0.15, 0.1, 0.25, 0.2, 0.1, 0.05, 0.15, 0.1, 0.35, 0.6, 0.45, 0.4, 0.4, 0.65, 0.4, 0.5, 0.35, 0.35, 0.6, 0.4, 0.3, 0.6, 0.6, 0.4, 0.4, 0.3, 0.45, 0.45, 0.55, 0.3, 0.3, 0.3158, 0.45, 0.8, 0.55, 0.5, 0.4, 0.5, 0.6316, 0.6, 0.6, 0.5, 0.65, 0.55, 0.7, 0.75, 0.75, 0.65, 0.7, 0.8, 0.65, 0.75, 0.7, 0.75, 0.55, 0.85, 0.85, 0.7, 0.65, 0.85, 0.8, 0.85, 0.7, 0.9, 0.8, 0.7, 0.85, 0.75, 0.85, 0.75, 0.85, 0.95, 0.85, 0.9, 0.9, 0.9, 0.85, 0.8, 0.9, 0.8, 0.9, 0.9, 0.85, 1.0, 1.0, 0.8, 1.0, 0.9, 0.95, 0.85, 0.95, 1.0, 0.9, 0.8, 0.8, 0.9, 0.75, 0.95, 0.85, 0.95, 0.85, 0.95, 0.8, 0.8947, 0.9474, 1.0, 0.85, 0.9, 0.85, 0.75, 0.75, 1.0, 0.9, 1.0, 0.95, 0.85, 0.95, 0.9, 0.95, 0.95, 0.85, 0.9, 0.95, 1.0, 0.9, 0.95, 1.0, 1.0, 0.95, 1.0, 0.85, 0.9, 0.85, 0.9, 0.9, 1.0, 0.9, 0.9, 0.95, 0.85, 0.95, 0.95, 1.0, 0.95, 0.85, 0.8947, 0.95, 0.9, 1.0, 0.75, 1.0, 0.9, 1.0, 1.0, 1.0, 0.85, 1.0, 1.0, 1.0, 1.0, 0.8947, 1.0, 0.95, 1.0, 0.95, 1.0, 0.95, 0.9, 0.9, 1.0, 0.95, 0.9, 0.9, 1.0, 0.95, 0.95, 0.9, 1.0, 0.95, 0.95, 0.95, 1.0, 0.95, 0.95, 0.95, 1.0, 1.0, 0.95, 1.0, 1.0, 1.0, 1.0, 1.0]"
glm-4.7-flash,3544e050c3ae29b6422ea56dc506cd8d,3bafd715e4b0de7e4e9e6ffb0610d820c3e95cae54d49a3e7a7d181e801b180a,True,Pemphigus Foliaceus,112,113,2144,4225,40,0.35714285714285715,2539,0.31669776119402987,0.85,0.8,1.0,48,0.3941231343283582,"[0.8, 0.65, 0.6, 0.6, 0.6, 0.55, 0.65, 0.75, 0.8, 0.7, 0.6, 0.65, 0.5, 0.7368, 0.55, 0.65, 0.7, 0.75, 0.55, 0.6, 0.55, 0.7, 0.7, 0.75, 0.6, 0.65, 0.6, 0.5263, 0.6, 0.6, 0.55, 0.4, 0.8, 0.6, 0.6, 0.5, 0.45, 0.75, 0.7, 0.55, 0.85, 0.95, 0.7, 0.95, 0.85, 0.8421, 0.95, 0.75, 0.85, 0.95, 1.0, 0.95, 0.9, 1.0, 0.95, 0.9, 1.0, 1.0, 1.0, 1.0, 1.0, 1.0, 1.0, 1.0, 1.0, 1.0, 1.0, 1.0, 1.0, 1.0, 1.0, 1.0, 1.0, 1.0, 1.0, 1.0, 1.0, 1.0, 1.0, 0.95, 1.0, 1.0, 1.0, 1.0, 1.0, 1.0, 1.0, 1.0, 1.0, 1.0, 1.0, 1.0, 1.0, 1.0, 1.0, 1.0, 1.0, 1.0, 1.0, 1.0, 1.0, 1.0, 1.0, 1.0, 1.0, 1.0, 1.0, 1.0, 1.0, 1.0, 1.0, 1.0, 1.0]"
glm-4.7-flash,5e7abd32af948047598121dd03ac97b6,16c1ebefd8ac68a88bffa93ee5739adf0e32824e84568839357476aa6e2104b4,True,Varicella,44,45,855,1140,8,0.18181818181818182,301,0.17777777777777778,1.0,0.65,1.0,8,0.17777777777777778,"[0.65, 0.35, 0.5, 0.35, 0.3, 0.55, 0.5, 0.45, 1.0, 1.0, 1.0, 1.0, 1.0, 1.0, 1.0, 1.0, 1.0, 1.0, 1.0, 1.0, 1.0, 1.0, 1.0, 1.0, 1.0, 1.0, 1.0, 1.0, 1.0, 1.0, 0.95, 1.0, 1.0, 1.0, 1.0, 1.0, 1.0, 1.0, 1.0, 1.0, 1.0, 1.0, 1.0, 1.0, 1.0]"
glm-4.7-flash,88537bcf54e128709d3d84d9a954aa6f,2a2bec12489ddc66de996da99298a8d9caeec523764170fdc2ef1bd29bedb17a,True,Henoch-Schönlein Purpura (IgA Vasculitis),103,104,1967,3343,18,0.17475728155339806,1706,0.17996949669547535,0.8,0.25,1.0,22,0.21911540416878494,"[0.25, 0.2, 0.5, 0.2105, 0.2632, 0.2, 0.35, 0.5, 0.2632, 0.3, 0.4, 0.3158, 0.35, 0.2, 0.25, 0.6, 0.55, 0.35, 0.8, 0.7, 0.75, 0.7, 0.9, 0.95, 0.9, 0.9, 0.9, 0.9, 0.95, 1.0, 0.95, 0.95, 1.0, 1.0, 0.95, 1.0, 0.95, 1.0, 1.0, 1.0, 0.9, 0.95, 1.0, 1.0, 1.0, 1.0, 1.0, 1.0, 1.0, 1.0, 1.0, 1.0, 1.0, 1.0, 1.0, 1.0, 1.0, 0.95, 1.0, 1.0, 1.0, 1.0, 1.0, 0.95, 1.0, 1.0, 1.0, 1.0, 1.0, 1.0, 1.0, 1.0, 1.0, 1.0, 1.0, 1.0, 1.0, 1.0, 1.0, 1.0, 1.0, 1.0, 1.0, 1.0, 1.0, 1.0, 1.0, 1.0, 1.0, 1.0, 1.0, 1.0, 1.0, 1.0, 1.0, 1.0, 1.0, 1.0, 1.0, 1.0, 1.0, 1.0, 1.0, 1.0]"
glm-4.7-flash,88537bcf54e128709d3d84d9a954aa6f,0b01fc68368eb243316b9c561190d6fced77057ec62e1376e8047b9f47006aaa,False,Pyoderma Gangrenosum,274,275,5197,7208,47,0.17153284671532848,2549,0.23032518760823553,0.95,0.0,1.0,52,0.2480277082932461,"[0.0, 0.05, 0.1053, 0.0, 0.1, 0.0, 0.0556, 0.0, 0.0526, 0.0, 0.05, 0.15, 0.05, 0.05, 0.0526, 0.0, 0.0, 0.0, 0.1, 0.1053, 0.05, 0.0, 0.1, 0.0, 0.1, 0.05, 0.25, 0.2, 0.15, 0.25, 0.15, 0.1579, 0.25, 0.1667, 0.3158, 0.2632, 0.1, 0.05, 0.0526, 0.2, 0.0556, 0.25, 0.0588, 0.5, 0.75, 0.6842, 0.75, 0.95, 0.85, 0.8421, 0.75, 0.75, 0.8, 0.8, 0.95, 0.95, 0.95, 0.95, 0.9, 0.9, 0.8421, 0.9, 0.85, 0.9, 0.95, 0.8, 0.95, 0.8947, 1.0, 0.8947, 1.0, 0.95, 0.9, 1.0, 0.95, 0.95, 1.0, 1.0, 0.95, 0.9, 1.0, 0.9, 0.95, 0.9, 1.0, 1.0, 0.85, 1.0, 0.9, 0.95, 0.95, 1.0, 0.95, 1.0, 0.85, 1.0, 0.95, 1.0, 1.0, 0.9474, 0.9, 0.95, 1.0, 1.0, 1.0, 1.0, 0.9474, 1.0, 0.9, 1.0, 0.9, 1.0, 0.95, 0.95, 0.95, 0.9474, 0.95, 1.0, 1.0, 0.95, 0.95, 1.0, 1.0, 1.0, 0.95, 0.95, 1.0, 1.0, 0.95, 1.0, 0.95, 0.95, 0.95, 0.95, 1.0, 1.0, 1.0, 0.95, 1.0, 1.0, 1.0, 1.0, 0.95, 1.0, 1.0, 1.0, 1.0, 1.0, 1.0, 1.0, 1.0, 1.0, 1.0, 1.0, 1.0, 1.0, 1.0, 1.0, 1.0, 1.0, 1.0, 1.0, 1.0, 1.0, 1.0, 1.0, 1.0, 1.0, 1.0, 1.0, 1.0, 1.0, 1.0, 1.0, 1.0, 1.0, 1.0, 1.0, 1.0, 1.0, 1.0, 1.0, 1.0, 1.0, 1.0, 1.0, 1.0, 1.0, 1.0, 1.0, 1.0, 1.0, 1.0, 1.0, 1.0, 1.0, 1.0, 1.0, 1.0, 1.0, 1.0, 1.0, 1.0, 0.95, 1.0, 1.0, 1.0, 1.0, 1.0, 1.0, 1.0, 1.0, 1.0, 1.0, 1.0, 1.0, 1.0, 1.0, 1.0, 1.0, 1.0, 1.0, 1.0, 1.0, 1.0, 1.0, 1.0, 1.0, 1.0, 1.0, 1.0, 1.0, 1.0, 1.0, 1.0, 1.0, 1.0, 1.0, 1.0, 1.0, 1.0, 1.0, 1.0, 1.0, 1.0, 1.0, 1.0, 0.95, 1.0, 1.0, 1.0, 1.0, 1.0, 1.0, 1.0, 1.0, 1.0, 1.0, 1.0, 1.0, 1.0, 1.0, 1.0, 1.0, 1.0, 1.0, 1.0, 1.0, 1.0, 1.0, 1.0, 1.0, 1.0, 1.0, 1.0]"
glm-4.7-flash,b1e59a85b6e9c1e020d2392193d668fb,6e1ca271cd2420e503cc7795d93a822d963c99788e6d823631063d682fe00c90,False,Ototoxicity,250,251,4055,4590,87,0.348,1730,0.3403205918618989,0.85,0.0,1.0,109,0.4295930949445129,"[0.0, 0.05, 0.0, 0.0, 0.0, 0.1, 0.05, 0.0, 0.05, 0.0, 0.05, 0.0, 0.0, 0.0526, 0.05, 0.05, 0.1053, 0.2, 0.1053, 0.2, 0.1579, 0.1, 0.25, 0.05, 0.2, 0.05, 0.0526, 0.1, 0.1, 0.05, 0.2, 0.05, 0.1111, 0.15, 0.25, 0.1111, 0.2, 0.3158, 0.4211, 0.55, 0.35, 0.3889, 0.05, 0.25, 0.2, 0.2632, 0.3, 0.3, 0.55, 0.5, 0.4, 0.55, 0.5, 0.4, 0.6, 0.5, 0.55, 0.35, 0.4, 0.2, 0.7, 0.4, 0.3, 0.3, 0.5, 0.35, 0.45, 0.45, 0.4, 0.25, 0.25, 0.4, 0.4, 0.3, 0.2, 0.3158, 0.5, 0.65, 0.3, 0.5, 0.45, 0.55, 0.5, 0.5, 0.25, 0.9, 0.9, 0.85, 0.9, 0.9, 1.0, 0.9, 1.0, 1.0, 0.85, 0.9, 0.95, 0.95, 1.0, 0.95, 0.9, 0.9, 0.85, 0.8, 0.9, 1.0, 0.95, 0.95, 0.7, 0.8, 1.0, 0.8, 0.9, 0.8, 0.95, 0.85, 0.8, 0.85, 0.8421, 1.0, 0.85, 0.85, 0.95, 1.0, 1.0, 1.0, 0.95, 0.95, 1.0, 0.8947, 1.0, 0.9, 0.9, 1.0, 0.9, 0.9, 0.95, 0.95, 1.0, 1.0, 0.9, 0.95, 0.95, 0.9, 0.95, 1.0, 0.95, 1.0, 0.95, 1.0, 1.0, 0.9, 1.0, 1.0, 0.95, 0.95, 1.0, 1.0, 1.0, 1.0, 0.9, 0.95, 0.95, 0.95, 1.0, 0.9, 0.9, 1.0, 0.9, 1.0, 1.0, 0.95, 1.0, 1.0, 0.95, 1.0, 1.0, 1.0, 1.0, 1.0, 1.0, 1.0, 0.95, 1.0, 1.0, 1.0, 1.0, 0.95, 1.0, 1.0, 1.0, 1.0, 1.0, 1.0, 1.0, 1.0, 1.0, 1.0, 1.0, 1.0, 1.0, 1.0, 1.0, 1.0, 1.0, 1.0, 1.0, 1.0, 1.0, 1.0, 1.0, 1.0, 1.0, 1.0, 1.0, 1.0, 1.0, 1.0, 1.0, 1.0, 1.0, 1.0, 1.0, 1.0, 1.0, 1.0, 0.9474, 1.0, 1.0, 1.0, 1.0, 1.0, 1.0, 1.0, 1.0, 1.0, 1.0, 1.0, 1.0, 1.0, 0.95, 1.0, 1.0, 1.0, 1.0, 1.0, 1.0, 1.0, 1.0, 1.0, 1.0]"
glm-4.7-flash,cee4809157546a43546571ac67323953,61cd0ef603f492b4e875ff18071d55780388ce376a6d39cc58c9b014c54ec3d1,True,Eruption cyst,65,66,1309,1622,18,0.27692307692307694,658,0.3819709702062643,1.0,0.75,0.9,18,0.3819709702062643,"[0.75, 0.45, 0.55, 0.4, 0.65, 0.55, 0.8, 0.7, 0.8, 0.7, 0.6, 0.6, 0.65, 0.7, 0.85, 0.7, 0.75, 0.55, 1.0, 0.95, 1.0, 0.95, 1.0, 0.9, 0.95, 0.95, 0.95, 1.0, 0.95, 0.8, 1.0, 0.9, 1.0, 1.0, 0.95, 0.95, 0.9, 1.0, 0.9, 1.0, 1.0, 1.0, 1.0, 0.9, 0.95, 1.0, 0.95, 1.0, 1.0, 1.0, 1.0, 1.0, 1.0, 1.0, 1.0, 1.0, 1.0, 1.0, 1.0, 1.0, 1.0, 1.0, 1.0, 1.0, 1.0, 0.9]"
glm-4.7-flash,cee4809157546a43546571ac67323953,ccfe2994f69f6714a1d02c00702d3f8b73114607e1a444e80f91854d8e09745b,False,Hemangioma,63,64,1177,1446,49,0.7777777777777778,1124,0.820730671197961,0.9,0.2,1.0,49,0.820730671197961,"[0.2, 0.25, 0.2, 0.1, 0.25, 0.2, 0.35, 0.2, 0.1, 0.3, 0.35, 0.15, 0.5, 0.9, 0.9, 0.8, 0.9, 0.9, 0.85, 0.9, 0.8, 0.9, 0.95, 0.7, 0.75, 0.95, 0.9, 0.9, 1.0, 0.85, 0.95, 1.0, 0.95, 1.0, 0.7895, 0.85, 0.8, 0.6, 0.65, 0.7368, 0.7, 0.6, 0.75, 0.65, 0.85, 0.65, 0.55, 0.8, 0.55, 0.9, 0.95, 1.0, 1.0, 1.0, 1.0, 1.0, 1.0, 1.0, 1.0, 1.0, 1.0, 1.0, 1.0, 1.0]"
glm-4.7-flash,f31c3814e305d57f67bdcfac27ec4bc2,cc88411760adf26468ebd49ea567a100dec6e5a6adffffd800b45248fc059a0e,True,Streptococcus pneumoniae infection,141,142,2855,3464,111,0.7872340425531915,2534,0.7506129597197898,0.8,0.35,0.9,137,0.9656742556917688,"[0.35, 0.25, 0.2632, 0.25, 0.4, 0.2105, 0.2, 0.2105, 0.2105, 0.25, 0.2, 0.5, 0.2, 0.2, 0.25, 0.35, 0.35, 0.45, 0.3, 0.3, 0.25, 0.35, 0.6, 0.5, 0.75, 0.5, 0.6, 0.3, 0.45, 0.55, 0.85, 0.65, 0.5, 0.9, 0.55, 0.75, 0.75, 0.75, 0.85, 0.7895, 0.8, 0.65, 0.85, 0.75, 0.8, 0.7, 0.7, 0.7, 0.95, 0.75, 0.85, 0.75, 0.65, 0.7, 0.75, 0.7, 0.8, 0.65, 0.75, 0.7, 0.8, 0.8, 0.8421, 0.7, 0.75, 0.75, 0.8, 0.45, 0.7, 0.45, 0.6, 0.7, 0.75, 0.7, 0.55, 0.65, 0.7, 0.45, 0.6, 0.6, 0.7, 0.85, 0.45, 0.7, 0.4, 0.7, 0.6, 0.5, 0.6, 0.7, 0.55, 0.6, 0.7368, 0.7, 0.65, 0.5, 0.6316, 0.65, 0.8, 0.7, 0.75, 0.85, 0.75, 0.85, 0.75, 0.95, 0.75, 0.55, 0.9, 0.75, 0.7, 0.8, 0.8, 0.85, 0.95, 0.85, 0.85, 0.75, 1.0, 0.7368, 0.9, 0.95, 0.95, 0.8, 0.95, 0.9, 0.8, 0.9, 0.9, 0.9, 0.8421, 1.0, 0.85, 0.85, 0.95, 0.95, 0.65, 0.85, 0.95, 0.8421, 0.95, 0.9]"
glm-4.7-flash,07dbd8eabfba4b1d9d665331dea90335,1f1d1ab36785ddf2aba9420c7c6bc14e3f59f7abee2ece61fb6024f30fc36b61,True,Uterine Inversion,62,63,1306,1659,12,0.1935483870967742,386,0.17534456355283307,0.85,0.7368421052631579,1.0,12,0.17534456355283307,"[0.7368, 0.6, 0.75, 0.75, 0.8, 0.6, 0.5789, 0.75, 0.7, 0.6, 0.7, 0.65, 0.85, 1.0, 0.95, 1.0, 1.0, 1.0, 1.0, 1.0, 1.0, 1.0, 0.95, 1.0, 1.0, 1.0, 1.0, 1.0, 1.0, 1.0, 1.0, 1.0, 1.0, 1.0, 1.0, 1.0, 1.0, 1.0, 1.0, 1.0, 1.0, 1.0, 0.95, 1.0, 1.0, 1.0, 1.0, 1.0, 1.0, 1.0, 1.0, 1.0, 1.0, 1.0, 1.0, 1.0, 1.0, 0.95, 1.0, 1.0, 1.0, 1.0, 1.0]"
glm-4.7-flash,07dbd8eabfba4b1d9d665331dea90335,f4b8318fb88b5fe16cd21164d64159ae00370d46bc6a1f200afc37c4d24a8907,False,Retained Placenta,45,46,918,1223,26,0.5777777777777777,690,0.5806100217864923,0.95,0.0,1.0,26,0.5806100217864923,"[0.0, 0.05, 0.2, 0.0, 0.05, 0.0, 0.05, 0.05, 0.15, 0.0, 0.05, 0.0, 0.0, 0.05, 0.0, 0.0526, 0.3, 0.15, 0.05, 0.15, 0.05, 0.05, 0.45, 0.65, 0.4, 0.7, 0.95, 0.85, 0.95, 0.85, 0.95, 1.0, 0.95, 0.95, 1.0, 1.0, 1.0, 1.0, 1.0, 1.0, 0.95, 1.0, 1.0, 1.0, 1.0, 1.0]"
glm-4.7-flash,392e2a9bea699b47177b6179d80b2b23,0b515ef8dfc2d07559388b3433c8466dc06ce074cfe06b913d58255cccf4ceff,True,Granulomatosis with polyangiitis,122,123,2294,4472,30,0.2459016393442623,2861,0.3051438535309503,0.95,0.1,1.0,30,0.3051438535309503,"[0.1, 0.0, 0.1, 0.1, 0.0, 0.15, 0.0, 0.05, 0.05, 0.05, 0.0, 0.05, 0.05, 0.05, 0.05, 0.0, 0.1, 0.0, 0.0, 0.0, 0.05, 0.0, 0.0, 0.05, 0.0, 0.0, 0.1, 0.0, 0.1, 0.05, 0.95, 1.0, 1.0, 1.0, 0.95, 0.95, 1.0, 0.95, 1.0, 0.9, 1.0, 0.95, 0.95, 1.0, 1.0, 1.0, 1.0, 0.95, 1.0, 1.0, 1.0, 1.0, 1.0, 1.0, 1.0, 1.0, 1.0, 1.0, 1.0, 1.0, 1.0, 0.9, 1.0, 1.0, 1.0, 0.95, 1.0, 1.0, 1.0, 1.0, 1.0, 1.0, 1.0, 1.0, 1.0, 1.0, 1.0, 1.0, 1.0, 1.0, 1.0, 0.95, 1.0, 1.0, 1.0, 1.0, 1.0, 1.0, 0.95, 1.0, 1.0, 1.0, 1.0, 1.0, 1.0, 1.0, 1.0, 1.0, 1.0, 1.0, 1.0, 1.0, 1.0, 1.0, 1.0, 1.0, 1.0, 1.0, 1.0, 1.0, 1.0, 1.0, 1.0, 1.0, 1.0, 0.95, 1.0, 1.0, 1.0, 0.9474, 1.0, 1.0, 1.0]"
glm-4.7-flash,61f7d8bcb43d0bd0621b066d85eb2529,f0fa6f84acd96a810ff8f49628fbe6dc6faa3586fd0457e450b13e9b90561681,True,Multicentric Castleman Disease,302,303,5753,9724,267,0.8841059602649006,8456,0.858508604206501,0.85,0.0,0.9,300,0.9940900399791414,"[0.0, 0.1, 0.0, 0.05, 0.1, 0.0, 0.0, 0.0526, 0.05, 0.0, 0.1, 0.0, 0.0, 0.0, 0.0526, 0.0526, 0.0, 0.1, 0.0526, 0.0526, 0.0, 0.0, 0.05, 0.05, 0.0, 0.0, 0.0, 0.0, 0.05, 0.0, 0.0, 0.0, 0.0, 0.0, 0.0, 0.0, 0.0, 0.0, 0.05, 0.05, 0.0526, 0.05, 0.05, 0.0, 0.0, 0.05, 0.05, 0.05, 0.05, 0.0, 0.0, 0.05, 0.05, 0.05, 0.0, 0.0, 0.0, 0.1, 0.05, 0.1, 0.05, 0.25, 0.15, 0.3, 0.05, 0.3, 0.2, 0.2, 0.1, 0.2, 0.25, 0.35, 0.2, 0.45, 0.2, 0.1579, 0.2, 0.3, 0.2, 0.2, 0.2, 0.1, 0.25, 0.2, 0.2, 0.3, 0.3, 0.2, 0.1, 0.25, 0.35, 0.4, 0.45, 0.1, 0.2, 0.3, 0.4, 0.2, 0.2, 0.1, 0.2, 0.05, 0.2, 0.1, 0.3, 0.1, 0.15, 0.05, 0.1111, 0.05, 0.1, 0.1, 0.2, 0.0, 0.05, 0.25, 0.05, 0.1, 0.1, 0.05, 0.15, 0.45, 0.25, 0.5, 0.25, 0.4, 0.45, 0.2, 0.2105, 0.55, 0.4, 0.5, 0.4, 0.3, 0.2, 0.3, 0.4, 0.4, 0.4, 0.3, 0.55, 0.5, 0.0, 0.4, 0.4, 0.5789, 0.25, 0.2, 0.35, 0.2, 0.2, 0.4, 0.3, 0.35, 0.35, 0.4, 0.15, 0.25, 0.35, 0.15, 0.15, 0.1, 0.25, 0.4, 0.25, 0.5, 0.5, 0.4, 0.45, 0.35, 0.55, 0.6, 0.4, 0.25, 0.65, 0.25, 0.5, 0.65, 0.45, 0.75, 0.4, 0.5, 0.6, 0.45, 0.5, 0.55, 0.5, 0.4, 0.5, 0.6, 0.45, 0.3, 0.5, 0.35, 0.5, 0.45, 0.35, 0.55, 0.4, 0.25, 0.35, 0.3, 0.4, 0.25, 0.35, 0.3, 0.35, 0.25, 0.15, 0.55, 0.2105, 0.45, 0.35, 0.3, 0.6, 0.35, 0.3, 0.6, 0.3, 0.45, 0.7, 0.45, 0.65, 0.35, 0.45, 0.4, 0.6, 0.65, 0.65, 0.6, 0.6316, 0.6, 0.55, 0.75, 0.65, 0.75, 0.65, 0.55, 0.65, 0.55, 0.45, 0.7, 0.45, 0.6, 0.55, 0.6, 0.55, 0.6, 0.65, 0.75, 0.7, 0.7, 0.4, 0.65, 0.65, 0.45, 0.4737, 0.65, 0.4, 0.4, 0.5, 0.7895, 0.45, 0.65, 0.55, 0.55, 0.7895, 0.85, 0.8, 0.85, 0.75, 0.85, 0.95, 0.8, 0.9, 0.9, 0.9, 0.8, 0.65, 0.8421, 0.75, 0.95, 0.7, 0.7, 0.75, 0.9, 0.65, 0.6842, 0.95, 0.75, 0.65, 0.8, 0.8947, 0.8, 0.7, 0.75, 0.9, 0.8421, 1.0, 0.65, 0.95, 0.85, 0.9]"
glm-4.7-flash,61f7d8bcb43d0bd0621b066d85eb2529,c140ff20211d7a33f7a08892892b6bcdbae9e4b9dcdc7ab7ae7a9a10e72aa560,False,Thymoma,222,223,4350,7900,124,0.5585585585585585,5831,0.5319540229885057,0.9,0.25,1.0,146,0.6239080459770115,"[0.25, 0.1, 0.0556, 0.1, 0.15, 0.0526, 0.0, 0.25, 0.15, 0.2105, 0.25, 0.15, 0.3, 0.0, 0.05, 0.25, 0.05, 0.1579, 0.1, 0.1, 0.15, 0.2632, 0.05, 0.2, 0.1, 0.25, 0.2, 0.25, 0.25, 0.35, 0.25, 0.2105, 0.25, 0.2, 0.1579, 0.3684, 0.35, 0.3, 0.1579, 0.15, 0.2, 0.05, 0.1, 0.05, 0.2, 0.0, 0.1579, 0.5, 0.4, 0.45, 0.65, 0.3, 0.2, 0.35, 0.15, 0.25, 0.5, 0.2105, 0.05, 0.2105, 0.15, 0.3, 0.1053, 0.3, 0.3, 0.25, 0.3, 0.3, 0.15, 0.1, 0.7, 0.75, 0.4, 0.55, 0.55, 0.45, 0.55, 0.5, 0.4, 0.55, 0.4, 0.4, 0.45, 0.3, 0.75, 0.75, 0.8, 0.7, 0.65, 0.55, 0.8, 0.7, 0.75, 0.7, 0.7, 0.75, 0.65, 0.65, 0.65, 0.65, 0.5, 0.75, 0.7, 0.8, 0.6, 0.55, 0.55, 0.8, 0.7, 0.9, 0.8, 0.6, 0.65, 0.7, 0.65, 0.7895, 0.7368, 0.8, 1.0, 0.85, 0.7, 0.85, 0.7, 0.55, 0.9, 0.9, 1.0, 1.0, 0.95, 0.95, 0.9, 0.9, 0.95, 0.85, 1.0, 0.85, 0.9, 1.0, 0.9, 1.0, 0.95, 0.8, 0.95, 1.0, 0.9, 0.75, 0.8, 0.9, 1.0, 0.9, 1.0, 0.95, 1.0, 0.95, 0.95, 1.0, 0.9, 1.0, 1.0, 1.0, 1.0, 1.0, 1.0, 1.0, 1.0, 1.0, 1.0, 1.0, 0.95, 1.0, 1.0, 1.0, 0.95, 1.0, 1.0, 1.0, 1.0, 1.0, 1.0, 1.0, 1.0, 1.0, 1.0, 1.0, 1.0, 1.0, 1.0, 1.0, 1.0, 1.0, 1.0, 1.0, 1.0, 1.0, 1.0, 1.0, 0.95, 1.0, 1.0, 1.0, 1.0, 1.0, 1.0, 1.0, 1.0, 1.0, 0.95, 1.0, 1.0, 1.0, 1.0, 1.0, 1.0, 1.0, 1.0, 1.0, 1.0, 1.0, 1.0, 1.0, 1.0, 1.0, 1.0]"
glm-4.7-flash,8b5ae4c8982f0b55e7334ff4117d6a4f,4ccce22195c7223e39943f94df1c893a1aaf271b0ebf3c336c35d5d0a5cc099c,True,Aphthous stomatitis,124,125,2179,2343,75,0.6048387096774194,1459,0.6011932078935291,0.95,0.15,1.0,75,0.6011932078935291,"[0.15, 0.1, 0.2, 0.2, 0.2, 0.2, 0.25, 0.2, 0.2, 0.3, 0.1, 0.1, 0.15, 0.15, 0.15, 0.15, 0.0, 0.1, 0.35, 0.3, 0.5, 0.2, 0.45, 0.55, 0.45, 0.45, 0.4, 0.2, 0.45, 0.35, 0.35, 0.2, 0.4, 0.3, 0.1, 0.1, 0.05, 0.0526, 0.2, 0.05, 0.25, 0.2, 0.1, 0.4, 0.4, 0.15, 0.2, 0.15, 0.25, 0.15, 0.0, 0.4, 0.6, 0.45, 0.6, 0.75, 0.7, 0.6, 0.4, 0.45, 0.45, 0.4, 0.4, 0.45, 0.65, 0.55, 0.4, 0.6, 0.75, 0.3684, 0.65, 0.85, 0.55, 0.8, 0.55, 0.95, 0.85, 0.9, 0.85, 0.95, 1.0, 0.95, 1.0, 0.95, 1.0, 0.95, 0.95, 1.0, 0.95, 1.0, 1.0, 1.0, 1.0, 1.0, 1.0, 0.95, 1.0, 1.0, 0.95, 0.9, 0.95, 1.0, 0.95, 1.0, 1.0, 0.95, 1.0, 0.95, 1.0, 1.0, 1.0, 1.0, 1.0, 1.0, 1.0, 1.0, 1.0, 1.0, 1.0, 0.95, 1.0, 1.0, 1.0, 1.0, 1.0]"
glm-4.7-flash,8b5ae4c8982f0b55e7334ff4117d6a4f,3283baaaeb941768f508912d36a41261a9d84abe6afea8e13dbd6a851b45c759,False,Herpangina,52,53,1089,1447,21,0.40384615384615385,565,0.3820018365472911,0.8,0.25,1.0,30,0.5757575757575758,"[0.25, 0.1, 0.15, 0.0526, 0.1, 0.1, 0.1, 0.1, 0.15, 0.1, 0.0, 0.0, 0.05, 0.15, 0.05, 0.2, 0.2, 0.65, 0.7, 0.7895, 0.9, 0.8, 0.7, 0.8, 0.8, 0.8, 0.7, 0.9, 0.85, 0.75, 0.95, 0.9, 0.9, 0.85, 0.95, 1.0, 0.85, 0.95, 1.0, 1.0, 1.0, 1.0, 1.0, 1.0, 1.0, 1.0, 1.0, 1.0, 1.0, 1.0, 1.0, 1.0, 1.0]"
glm-4.7-flash,b1e9764076e3a29c4c3c4738b878b57a,307d087ba43e15684262887f3c1aeb81a9b7577e8941ceefdf330c85b04e415c,True,Psychogenic Non-Epileptic Seizures,242,243,4282,6438,65,0.26859504132231404,2643,0.24661373190098085,0.8,0.35,1.0,78,0.3306865950490425,"[0.35, 0.5, 0.6, 0.3, 0.5, 0.2, 0.3158, 0.35, 0.55, 0.4, 0.45, 0.45, 0.45, 0.4, 0.5, 0.45, 0.3, 0.4, 0.5, 0.2, 0.3, 0.25, 0.5, 0.3, 0.1, 0.7, 0.6, 0.6, 0.8, 0.45, 0.55, 0.5, 0.45, 0.5, 0.3, 0.45, 0.35, 0.55, 0.45, 0.65, 0.35, 0.7, 0.5, 0.3684, 0.7, 0.6, 0.5, 0.6, 0.65, 0.6, 0.65, 0.55, 0.75, 0.55, 0.8, 0.8, 0.8, 0.75, 0.6, 0.6, 0.7, 0.65, 0.7, 0.6, 0.55, 0.8, 0.75, 0.95, 0.9, 0.95, 0.9, 1.0, 0.95, 0.7, 0.7, 0.75, 0.7, 0.65, 1.0, 0.95, 0.95, 0.95, 0.95, 1.0, 0.95, 1.0, 1.0, 1.0, 1.0, 1.0, 0.95, 0.95, 0.95, 1.0, 0.95, 0.95, 1.0, 1.0, 1.0, 0.95, 1.0, 0.95, 1.0, 1.0, 0.95, 1.0, 1.0, 1.0, 1.0, 0.95, 1.0, 1.0, 0.95, 1.0, 1.0, 1.0, 1.0, 1.0, 1.0, 1.0, 1.0, 1.0, 1.0, 1.0, 0.9474, 1.0, 1.0, 1.0, 1.0, 1.0, 1.0, 1.0, 1.0, 1.0, 1.0, 1.0, 1.0, 1.0, 1.0, 1.0, 1.0, 1.0, 1.0, 1.0, 1.0, 1.0, 1.0, 1.0, 1.0, 1.0, 1.0, 1.0, 1.0, 1.0, 1.0, 1.0, 1.0, 1.0, 1.0, 1.0, 1.0, 1.0, 1.0, 1.0, 1.0, 1.0, 1.0, 1.0, 1.0, 1.0, 1.0, 1.0, 1.0, 1.0, 1.0, 1.0, 1.0, 1.0, 1.0, 1.0, 1.0, 1.0, 1.0, 1.0, 1.0, 1.0, 1.0, 1.0, 1.0, 1.0, 1.0, 1.0, 1.0, 1.0, 1.0, 1.0, 1.0, 1.0, 1.0, 1.0, 1.0, 1.0, 1.0, 1.0, 1.0, 1.0, 1.0, 1.0, 1.0, 1.0, 1.0, 1.0, 1.0, 1.0, 1.0, 1.0, 1.0, 1.0, 1.0, 1.0, 1.0, 1.0, 1.0, 1.0, 1.0, 1.0, 1.0, 1.0, 1.0, 1.0, 1.0, 1.0, 1.0, 1.0, 1.0, 1.0, 1.0, 1.0, 1.0, 1.0, 1.0, 1.0, 1.0]"
glm-4.7-flash,f448710697f1d3734fbc187ad15c748c,05540cc07f9f1861272df7877439088218d870595f131965b8d5076a7cdb59d1,True,Fat necrosis of the breast,50,51,1007,1345,0,0.0,162,0.0,0.9,0.9,1.0,0,0.0,"[0.9, 0.9, 1.0, 1.0, 0.95, 1.0, 0.9, 0.9, 1.0, 1.0, 1.0, 0.95, 1.0, 0.95, 0.95, 1.0, 1.0, 1.0, 0.95, 1.0, 1.0, 1.0, 0.95, 1.0, 1.0, 0.95, 1.0, 1.0, 1.0, 1.0, 1.0, 1.0, 1.0, 1.0, 1.0, 1.0, 1.0, 1.0, 1.0, 1.0, 0.95, 1.0, 1.0, 1.0, 1.0, 1.0, 1.0, 1.0, 1.0, 1.0, 1.0]"
glm-4.7-flash,f448710697f1d3734fbc187ad15c748c,f138919245cb386cca5639b25c83b301f119c4b78c9fe34d9f362117dc17ae24,False,Fibroadenoma,89,90,1785,1969,55,0.6179775280898876,1344,0.6621848739495798,0.8,0.05,1.0,72,0.8005602240896359,"[0.05, 0.0, 0.05, 0.0, 0.0, 0.0, 0.0, 0.0, 0.0, 0.0, 0.0, 0.0, 0.0, 0.0, 0.85, 0.85, 0.9, 1.0, 1.0, 0.95, 1.0, 0.95, 1.0, 1.0, 1.0, 1.0, 1.0, 1.0, 1.0, 1.0, 0.9, 1.0, 0.95, 0.9, 0.85, 0.85, 0.95, 0.75, 0.85, 1.0, 0.75, 0.45, 0.45, 0.35, 0.5, 0.55, 0.45, 0.4, 0.55, 0.5, 0.45, 0.75, 0.6, 0.5, 0.6, 0.8, 0.75, 0.9, 1.0, 0.85, 0.85, 1.0, 0.85, 0.9, 0.85, 0.85, 0.85, 0.65, 0.8, 0.85, 0.7, 0.7, 1.0, 0.85, 1.0, 0.95, 0.85, 0.95, 1.0, 1.0, 1.0, 0.9, 1.0, 1.0, 1.0, 1.0, 1.0, 1.0, 1.0, 1.0]"
glm-4.7-flash,0a3c768a49d4110f6c1604ace9951ee5,c777baecbb42ab80b8090ca3ad62c6edf9dbc41fd205ff8885637aaee90e06d1,True,Generalized Anxiety Disorder,285,286,4420,5818,121,0.4245614035087719,2513,0.49343891402714934,0.85,0.10526315789473684,1.0,140,0.5495475113122172,"[0.1053, 0.15, 0.1, 0.05, 0.1053, 0.05, 0.15, 0.05, 0.0, 0.1, 0.1053, 0.05, 0.0, 0.0, 0.0, 0.15, 0.1, 0.1, 0.1, 0.25, 0.3889, 0.35, 0.35, 0.25, 0.5, 0.25, 0.25, 0.15, 0.2, 0.1, 0.1, 0.15, 0.45, 0.55, 0.45, 0.25, 0.35, 0.3, 0.5263, 0.15, 0.2, 0.25, 0.65, 0.15, 0.2, 0.35, 0.2, 0.15, 0.15, 0.1579, 0.45, 0.5, 0.5, 0.4, 0.4, 0.45, 0.55, 0.55, 0.45, 0.55, 0.8, 0.75, 0.65, 0.7, 1.0, 0.95, 0.95, 1.0, 1.0, 0.95, 1.0, 0.95, 0.95, 1.0, 0.9, 0.9, 0.7895, 0.95, 1.0, 0.8, 0.95, 1.0, 0.95, 0.8, 0.9, 0.8, 0.85, 0.9, 0.85, 0.85, 0.85, 0.95, 0.6, 0.8, 0.7368, 0.7, 0.6842, 0.6, 0.75, 0.85, 0.8, 0.7, 0.7, 0.9, 0.8, 0.9, 0.75, 0.6, 0.5, 0.75, 0.8, 0.75, 0.55, 0.7, 0.7, 0.7, 0.65, 0.7, 0.75, 0.5, 0.75, 0.85, 0.85, 0.9, 0.95, 0.85, 0.95, 0.9, 0.7895, 0.95, 0.95, 0.8, 0.9, 0.9474, 0.9, 0.9, 0.9, 0.85, 0.9, 0.7368, 0.8, 0.9, 0.8, 1.0, 0.9474, 1.0, 0.95, 1.0, 0.95, 0.95, 0.9, 0.9, 1.0, 0.95, 0.95, 0.95, 0.95, 0.9, 0.95, 0.95, 0.9474, 0.8421, 0.8, 0.85, 1.0, 1.0, 1.0, 1.0, 0.95, 0.9474, 1.0, 1.0, 1.0, 1.0, 1.0, 0.95, 0.8, 0.9, 0.9474, 0.8421, 0.8421, 0.9474, 0.95, 1.0, 1.0, 1.0, 0.95, 0.8947, 0.95, 0.95, 0.95, 0.85, 0.95, 0.8, 1.0, 0.8947, 0.95, 0.9474, 0.95, 1.0, 1.0, 1.0, 1.0, 1.0, 0.95, 1.0, 1.0, 0.85, 0.9474, 0.95, 0.95, 1.0, 1.0, 0.95, 1.0, 0.95, 0.95, 1.0, 1.0, 1.0, 1.0, 1.0, 1.0, 1.0, 0.95, 1.0, 1.0, 1.0, 1.0, 1.0, 1.0, 0.9474, 0.95, 1.0, 1.0, 1.0, 1.0, 1.0, 1.0, 1.0, 1.0, 0.95, 1.0, 1.0, 0.95, 1.0, 0.95, 1.0, 0.95, 1.0, 1.0, 1.0, 1.0, 1.0, 1.0, 1.0, 1.0, 1.0, 1.0, 1.0, 1.0, 1.0, 1.0, 1.0, 1.0, 0.95, 1.0, 0.95, 0.95, 1.0, 1.0, 1.0, 1.0, 1.0, 1.0, 1.0, 1.0, 1.0, 1.0, 0.9474, 0.95, 1.0, 1.0, 1.0, 1.0, 1.0]"
glm-4.7-flash,3ffd64fa59b0f373586831b18ec69d1f,d51f1865121af630b9ff435319623a95be1a6a829e108c0e26ffb222f8bc440b,True,Nonbacterial Thrombotic Endocarditis,329,330,5865,8789,149,0.45288753799392095,5418,0.46035805626598464,0.8,0.3,1.0,280,0.8625745950554135,"[0.3, 0.2, 0.15, 0.3158, 0.25, 0.3, 0.2105, 0.1579, 0.35, 0.3, 0.3158, 0.1, 0.2, 0.1, 0.1, 0.25, 0.25, 0.2632, 0.4, 0.15, 0.4, 0.3, 0.35, 0.2, 0.25, 0.3158, 0.3, 0.25, 0.25, 0.3333, 0.2, 0.2, 0.35, 0.1053, 0.15, 0.25, 0.15, 0.2, 0.2, 0.35, 0.45, 0.3158, 0.3, 0.3, 0.1667, 0.25, 0.3, 0.5, 0.25, 0.45, 0.35, 0.45, 0.2, 0.3, 0.7, 0.6, 0.65, 0.3, 0.45, 0.45, 0.35, 0.4, 0.45, 0.55, 0.55, 0.65, 0.7, 0.6, 0.55, 0.55, 0.5, 0.85, 0.8, 0.5, 0.7, 0.6, 0.7, 0.8, 0.7, 0.75, 0.8, 0.8, 0.75, 0.5, 0.55, 0.6, 0.65, 0.4737, 0.3, 0.4, 0.35, 0.45, 0.5, 0.45, 0.25, 0.45, 0.25, 0.35, 0.4, 0.55, 0.7, 0.45, 0.55, 0.6, 0.45, 0.25, 0.2, 0.15, 0.35, 0.4, 0.45, 0.35, 0.4211, 0.25, 0.25, 0.2, 0.1579, 0.8, 0.7, 0.55, 0.75, 0.7, 0.65, 0.55, 0.7, 0.75, 0.65, 0.7, 0.7, 0.65, 0.7, 0.8, 0.65, 0.7, 0.65, 0.55, 0.6, 0.7, 0.65, 0.75, 0.55, 0.75, 0.75, 0.85, 0.45, 0.75, 0.65, 0.7368, 0.7, 0.8, 0.95, 0.8, 1.0, 0.75, 0.75, 0.9, 0.9, 0.8421, 0.9474, 1.0, 0.95, 0.95, 0.95, 1.0, 1.0, 1.0, 1.0, 0.95, 1.0, 0.95, 1.0, 0.95, 1.0, 0.95, 1.0, 1.0, 1.0, 1.0, 1.0, 1.0, 1.0, 1.0, 1.0, 1.0, 1.0, 1.0, 1.0, 1.0, 0.95, 1.0, 1.0, 1.0, 1.0, 0.95, 1.0, 1.0, 1.0, 1.0, 0.95, 1.0, 1.0, 1.0, 1.0, 0.9474, 1.0, 1.0, 1.0, 1.0, 1.0, 1.0, 1.0, 1.0, 1.0, 1.0, 1.0, 1.0, 1.0, 1.0, 1.0, 1.0, 1.0, 1.0, 1.0, 0.9474, 1.0, 1.0, 1.0, 1.0, 1.0, 1.0, 1.0, 1.0, 1.0, 1.0, 1.0, 1.0, 1.0, 1.0, 1.0, 0.95, 1.0, 1.0, 1.0, 1.0, 0.95, 1.0, 1.0, 0.9, 0.95, 0.9, 0.95, 0.85, 0.95, 0.95, 0.9, 0.95, 0.9, 0.8947, 0.95, 1.0, 1.0, 1.0, 1.0, 1.0, 0.85, 1.0, 1.0, 0.95, 1.0, 1.0, 0.95, 0.95, 1.0, 1.0, 0.95, 0.95, 1.0, 0.95, 0.95, 0.7, 0.95, 1.0, 0.9, 1.0, 0.95, 0.95, 1.0, 1.0, 1.0, 0.95, 1.0, 1.0, 1.0, 0.95, 1.0, 0.95, 1.0, 1.0, 1.0, 1.0, 1.0, 1.0, 1.0, 1.0, 1.0, 1.0, 1.0, 1.0, 0.95, 1.0, 1.0, 1.0, 1.0, 0.95, 1.0, 1.0, 0.95, 0.95, 1.0, 1.0, 1.0, 0.95, 0.95, 1.0, 0.95, 0.95, 1.0, 1.0, 1.0, 1.0]"
glm-4.7-flash,3ffd64fa59b0f373586831b18ec69d1f,bea7ac8ec0967283e16d4b1428fcba5a94b05113c2d1330b8f569804e9e94e81,False,Systemic Sclerosis,170,171,3315,6336,32,0.18823529411764706,3325,0.18310708898944192,0.9,0.0,1.0,32,0.18310708898944192,"[0.0, 0.0526, 0.0, 0.0, 0.0, 0.05, 0.0, 0.0, 0.05, 0.0, 0.0, 0.1, 0.0, 0.0, 0.05, 0.0, 0.05, 0.05, 0.2, 0.0, 0.0526, 0.0, 0.05, 0.0, 0.05, 0.05, 0.0, 0.2, 0.3684, 0.25, 0.2, 0.7, 0.9, 1.0, 0.95, 1.0, 1.0, 0.95, 1.0, 0.95, 0.95, 0.85, 1.0, 1.0, 0.8, 0.95, 1.0, 1.0, 1.0, 1.0, 1.0, 1.0, 1.0, 1.0, 1.0, 1.0, 1.0, 1.0, 0.9, 1.0, 1.0, 1.0, 1.0, 1.0, 1.0, 1.0, 1.0, 1.0, 1.0, 1.0, 1.0, 1.0, 1.0, 1.0, 1.0, 1.0, 1.0, 1.0, 0.95, 1.0, 1.0, 1.0, 1.0, 1.0, 1.0, 1.0, 1.0, 1.0, 1.0, 1.0, 1.0, 1.0, 1.0, 1.0, 1.0, 1.0, 1.0, 1.0, 1.0, 1.0, 1.0, 1.0, 1.0, 1.0, 1.0, 1.0, 1.0, 1.0, 1.0, 1.0, 1.0, 1.0, 1.0, 1.0, 1.0, 1.0, 1.0, 1.0, 1.0, 1.0, 1.0, 1.0, 1.0, 1.0, 1.0, 1.0, 1.0, 1.0, 1.0, 1.0, 1.0, 1.0, 1.0, 1.0, 1.0, 1.0, 1.0, 1.0, 1.0, 1.0, 1.0, 1.0, 1.0, 0.95, 1.0, 1.0, 1.0, 1.0, 1.0, 1.0, 1.0, 1.0, 1.0, 1.0, 1.0, 1.0, 1.0, 1.0, 1.0, 1.0, 1.0, 1.0, 1.0, 1.0, 1.0, 1.0, 1.0, 1.0, 1.0, 1.0, 1.0]"
glm-4.7-flash,633420a679153f203fc61a88a953629e,e6ae6ff6476d9e84235f707aa869368f97e5d18894e878afd9836c2e4fd51909,True,Irritable Bowel Syndrome,113,114,2100,2442,19,0.168141592920354,694,0.17476190476190476,0.8,0.7,0.95,53,0.4533333333333333,"[0.7, 0.7, 0.6, 0.8, 0.55, 0.6, 0.55, 0.4, 0.55, 0.75, 0.7, 0.75, 0.5, 0.6, 0.3, 0.8, 0.5, 0.4737, 0.6, 0.8, 0.8, 0.95, 0.8, 0.85, 0.7, 0.8, 0.8, 0.8, 0.95, 0.9, 0.9, 0.85, 0.85, 0.95, 0.95, 1.0, 0.95, 0.95, 1.0, 0.95, 0.9, 1.0, 0.8, 0.9, 0.85, 0.9, 0.8, 0.75, 0.8421, 0.7, 0.75, 0.85, 0.7, 0.85, 0.9474, 0.9, 0.85, 0.85, 1.0, 1.0, 1.0, 1.0, 1.0, 0.8, 1.0, 0.95, 1.0, 0.95, 0.95, 0.9, 0.95, 0.95, 1.0, 1.0, 1.0, 1.0, 1.0, 0.9, 1.0, 1.0, 1.0, 1.0, 1.0, 0.95, 1.0, 1.0, 1.0, 0.95, 1.0, 0.95, 1.0, 0.95, 1.0, 1.0, 0.95, 1.0, 1.0, 0.95, 1.0, 0.95, 1.0, 1.0, 1.0, 1.0, 0.95, 0.95, 1.0, 1.0, 0.95, 1.0, 1.0, 0.95, 1.0, 0.95]"
glm-4.7-flash,633420a679153f203fc61a88a953629e,e86d2fcad549d52cd9942fb32c1e4effa83af500b217ce96ae0f25ea9c98975d,False,Giardiasis,136,137,2241,2780,116,0.8529411764705882,2299,0.8799643016510487,0.85,0.2,1.0,128,0.927264614011602,"[0.2, 0.15, 0.05, 0.0, 0.15, 0.25, 0.15, 0.15, 0.1, 0.1, 0.1, 0.05, 0.05, 0.05, 0.1, 0.1, 0.1, 0.3, 0.05, 0.0, 0.05, 0.2, 0.2, 0.15, 0.2, 0.1, 0.3, 0.45, 0.3684, 0.75, 0.7, 0.35, 0.7, 0.75, 0.65, 0.55, 0.75, 0.8, 0.75, 0.6, 0.5, 0.5, 0.7, 0.65, 0.75, 0.65, 0.6, 0.7, 0.35, 0.75, 0.4, 0.5, 0.7, 0.55, 0.65, 0.65, 0.8, 0.7, 0.5, 0.4, 0.5, 0.75, 0.6, 0.55, 0.65, 0.65, 0.5, 0.6, 0.75, 0.55, 0.85, 0.75, 0.5, 0.65, 0.7, 0.7, 0.7, 0.55, 0.65, 0.65, 0.8, 0.75, 0.7, 0.6, 1.0, 0.8, 0.6, 0.65, 0.65, 0.65, 0.65, 0.85, 0.8, 0.8, 0.8, 0.7, 0.85, 0.85, 0.95, 0.8, 0.85, 1.0, 1.0, 1.0, 0.8, 0.65, 0.85, 0.8, 0.75, 0.7, 0.8, 0.75, 0.85, 0.85, 0.6, 0.6, 0.85, 0.75, 0.75, 0.85, 0.8, 0.85, 0.85, 0.85, 0.95, 0.9, 0.8, 0.75, 0.9, 0.95, 0.95, 0.9, 0.95, 1.0, 1.0, 1.0, 1.0]"
glm-4.7-flash,8c88e2f998f2ec7a396f40c6d5452b84,c6aa5864354e82084e773c195022f9a5b996cfa613eb31214b9248000f6dd295,True,Congenital Toxoplasmosis,56,57,1346,1892,26,0.4642857142857143,845,0.37444279346210996,0.85,0.25,1.0,26,0.37444279346210996,"[0.25, 0.15, 0.2, 0.2, 0.05, 0.3, 0.15, 0.2, 0.15, 0.15, 0.2, 0.1, 0.45, 0.45, 0.35, 0.25, 0.35, 0.1, 0.4, 0.15, 0.2, 0.8, 0.8, 0.7, 0.9, 0.6, 0.85, 1.0, 0.95, 1.0, 0.85, 0.95, 1.0, 1.0, 1.0, 1.0, 1.0, 0.95, 1.0, 0.9, 1.0, 1.0, 1.0, 1.0, 1.0, 1.0, 1.0, 1.0, 1.0, 0.95, 1.0, 1.0, 1.0, 1.0, 1.0, 1.0, 1.0]"
glm-4.7-flash,8c88e2f998f2ec7a396f40c6d5452b84,1d86c8b0ee5e0f1e39805124213d476d7973156e22d224fd55720bb7014efd75,False,Congenital Cytomegalovirus Infection,322,323,5267,5874,140,0.43478260869565216,2709,0.4495917979874691,0.8,0.6,1.0,145,0.4662996012910575,"[0.6, 0.65, 0.75, 0.55, 0.55, 0.6, 0.5, 0.55, 0.45, 0.75, 0.7, 0.65, 0.65, 0.6, 0.85, 0.65, 0.8, 0.5, 0.8, 0.7368, 0.75, 0.55, 0.6, 0.75, 0.55, 0.6, 0.65, 0.8, 0.65, 0.8, 0.6, 0.7, 0.5, 0.6, 0.8, 0.55, 0.4737, 0.35, 0.35, 0.4, 0.2, 0.1, 0.05, 0.0, 0.25, 0.0, 0.05, 0.1, 0.05, 0.15, 0.25, 0.25, 0.05, 0.2, 0.2, 0.25, 0.0, 0.05, 0.15, 0.2, 0.25, 0.25, 0.3, 0.5, 0.4, 0.3, 0.05, 0.5, 0.15, 0.15, 0.2, 0.2, 0.0526, 0.05, 0.1, 0.15, 0.2, 0.45, 0.1, 0.2, 0.35, 0.3, 0.45, 0.4, 0.25, 0.5, 0.5, 0.35, 0.25, 0.2, 0.3158, 0.3684, 0.6, 0.4211, 0.35, 0.45, 0.7, 0.7, 0.65, 0.85, 0.4, 0.35, 0.6, 0.5, 0.8, 0.55, 0.45, 0.7, 0.55, 0.7, 0.65, 0.65, 0.5, 0.7, 0.75, 0.65, 0.65, 0.9, 0.65, 0.55, 0.75, 0.75, 0.8, 0.65, 0.85, 0.9, 0.65, 0.8, 0.8, 0.75, 0.6, 0.6, 0.6, 0.7, 0.65, 0.65, 0.55, 0.5, 0.6, 0.6316, 0.8, 0.7, 0.85, 0.7, 0.65, 0.8, 0.8, 0.8, 1.0, 0.8, 0.8, 0.8, 0.85, 0.9, 0.95, 0.9, 0.9, 0.95, 1.0, 0.8889, 0.8, 0.95, 0.8, 0.9, 0.85, 0.9, 0.9, 0.95, 0.95, 0.9, 0.95, 0.95, 0.9, 0.95, 0.95, 0.95, 1.0, 0.9, 1.0, 1.0, 1.0, 0.95, 0.9474, 1.0, 1.0, 1.0, 1.0, 1.0, 0.9474, 0.85, 1.0, 1.0, 1.0, 0.95, 1.0, 1.0, 0.8947, 0.95, 1.0, 0.95, 1.0, 0.95, 0.95, 1.0, 0.95, 1.0, 0.95, 1.0, 0.95, 1.0, 1.0, 0.95, 1.0, 1.0, 1.0, 0.95, 1.0, 0.95, 1.0, 0.95, 1.0, 1.0, 1.0, 0.95, 1.0, 0.95, 1.0, 1.0, 0.95, 1.0, 1.0, 1.0, 0.95, 0.95, 1.0, 1.0, 1.0, 0.95, 1.0, 1.0, 1.0, 1.0, 1.0, 1.0, 1.0, 1.0, 1.0, 1.0, 1.0, 1.0, 1.0, 1.0, 1.0, 1.0, 0.95, 1.0, 1.0, 1.0, 1.0, 1.0, 1.0, 1.0, 1.0, 1.0, 1.0, 1.0, 1.0, 1.0, 1.0, 1.0, 0.9474, 1.0, 1.0, 1.0, 1.0, 1.0, 1.0, 1.0, 1.0, 1.0, 1.0, 1.0, 1.0, 1.0, 1.0, 1.0, 1.0, 1.0, 1.0, 1.0, 1.0, 1.0, 1.0, 1.0, 1.0, 1.0, 1.0, 1.0, 1.0, 1.0, 1.0, 1.0, 1.0, 1.0, 1.0, 1.0, 1.0, 1.0, 1.0, 1.0, 0.95, 1.0, 1.0, 1.0, 1.0, 1.0, 1.0, 1.0, 1.0, 1.0, 1.0, 1.0, 1.0]"
glm-4.7-flash,b2b6765627a78f61fac9ba35346d7b1d,bf0f6d0b3b718c8d689df93237c64fdbfd20c9dee9251d69cb86d3a25c0785d1,True,Subphrenic Abscess,85,86,1993,2271,43,0.5058823529411764,1247,0.49372804816859006,0.8,0.35,1.0,43,0.49372804816859006,"[0.35, 0.1, 0.2, 0.25, 0.15, 0.25, 0.3, 0.2, 0.1, 0.2, 0.45, 0.1, 0.0, 0.3, 0.3, 0.4, 0.3, 0.45, 0.1, 0.25, 0.4, 0.4, 0.3, 0.3, 0.35, 0.2, 0.45, 0.4, 0.4, 0.35, 0.45, 0.3, 0.7, 0.7, 0.25, 0.6, 0.7, 0.4, 0.7, 0.45, 0.45, 0.25, 0.6, 0.8, 0.85, 0.95, 1.0, 0.9, 0.95, 1.0, 1.0, 1.0, 1.0, 0.95, 0.95, 1.0, 1.0, 1.0, 1.0, 1.0, 1.0, 1.0, 1.0, 1.0, 1.0, 1.0, 1.0, 1.0, 1.0, 1.0, 1.0, 1.0, 1.0, 1.0, 1.0, 1.0, 1.0, 1.0, 1.0, 1.0, 1.0, 1.0, 1.0, 1.0, 0.95, 1.0]"
glm-4.7-flash,b2b6765627a78f61fac9ba35346d7b1d,fb149d42a1b8acd416da4f5dcd5fa160bafb9a036084b9c051128423a736434d,False,Bacterial pneumonia,138,139,2495,2972,65,0.47101449275362317,1613,0.5410821643286573,0.85,0.15,1.0,70,0.5695390781563127,"[0.15, 0.1, 0.1, 0.15, 0.1, 0.1, 0.0, 0.05, 0.15, 0.15, 0.05, 0.25, 0.1, 0.05, 0.2, 0.35, 0.3, 0.6, 0.4, 0.5, 0.5, 0.45, 0.3, 0.5, 0.3, 0.4, 0.45, 0.35, 0.4, 0.35, 0.25, 0.55, 0.35, 0.25, 0.55, 0.35, 0.3, 0.4, 0.6, 0.55, 0.5, 0.6, 0.4, 0.4, 0.45, 0.55, 0.55, 0.75, 0.35, 0.4, 0.5, 0.75, 0.5, 0.5, 0.6, 0.55, 0.65, 0.5, 0.75, 0.75, 0.9, 0.7, 0.65, 0.6, 0.7, 0.85, 0.95, 0.9, 0.95, 0.75, 0.95, 0.95, 0.9, 0.95, 0.95, 0.9, 0.95, 0.95, 1.0, 1.0, 0.95, 0.9, 1.0, 0.95, 1.0, 1.0, 0.9, 1.0, 1.0, 0.95, 1.0, 1.0, 1.0, 1.0, 1.0, 1.0, 0.9, 1.0, 0.95, 1.0, 1.0, 1.0, 1.0, 0.95, 1.0, 1.0, 1.0, 1.0, 1.0, 1.0, 1.0, 0.95, 1.0, 1.0, 1.0, 1.0, 1.0, 1.0, 1.0, 1.0, 1.0, 1.0, 1.0, 1.0, 1.0, 1.0, 1.0, 1.0, 0.95, 0.95, 1.0, 1.0, 1.0, 1.0, 1.0, 1.0, 1.0, 1.0, 1.0]"
glm-4.7-flash,d35ff55eca6c7f6db36a73934025f3c5,26020ff46f6067196f17030f225e032c20632f0d5d37caf8f980e3b91667836a,True,Still's disease,59,60,1326,1714,11,0.1864406779661017,412,0.16138763197586728,1.0,0.55,1.0,11,0.16138763197586728,"[0.55, 0.35, 0.2, 0.2, 0.2, 0.25, 0.2, 0.3158, 0.2, 0.4, 0.35, 1.0, 0.95, 0.9, 0.9, 1.0, 0.9, 0.85, 1.0, 0.95, 1.0, 0.8, 0.9, 0.95, 0.95, 0.95, 0.95, 0.8, 1.0, 1.0, 1.0, 1.0, 1.0, 1.0, 1.0, 1.0, 1.0, 1.0, 1.0, 0.95, 1.0, 1.0, 1.0, 1.0, 1.0, 1.0, 1.0, 1.0, 1.0, 1.0, 1.0, 1.0, 1.0, 1.0, 1.0, 1.0, 1.0, 1.0, 1.0, 1.0]"
glm-4.7-flash,d35ff55eca6c7f6db36a73934025f3c5,7373a138bb3f86d945650ee0a69ac422e845f89985263ebcb87ccb7c987ab6a6,False,Rheumatic Fever,204,205,3610,4096,95,0.46568627450980393,1970,0.49085872576177286,0.85,0.4,1.0,95,0.49085872576177286,"[0.4, 0.35, 0.2, 0.35, 0.25, 0.2, 0.25, 0.15, 0.35, 0.3, 0.2, 0.25, 0.2, 0.25, 0.25, 0.25, 0.15, 0.15, 0.2, 0.1, 0.0, 0.0, 0.05, 0.05, 0.2, 0.1, 0.05, 0.0, 0.0, 0.0, 0.05, 0.05, 0.1, 0.1579, 0.0, 0.0, 0.1, 0.0, 0.05, 0.0, 0.1, 0.15, 0.05, 0.1, 0.1, 0.0, 0.05, 0.15, 0.05, 0.0, 0.05, 0.0, 0.0, 0.0, 0.05, 0.0, 0.4, 0.45, 0.3, 0.25, 0.4, 0.25, 0.25, 0.5, 0.3, 0.3, 0.3, 0.5, 0.3, 0.55, 0.25, 0.25, 0.3, 0.35, 0.15, 0.3, 0.15, 0.1, 0.3, 0.25, 0.35, 0.5, 0.2, 0.3, 0.35, 0.25, 0.15, 0.15, 0.4, 0.35, 0.6, 0.3, 0.55, 0.6, 0.65, 0.85, 1.0, 0.95, 0.95, 1.0, 1.0, 1.0, 0.95, 0.9, 1.0, 0.95, 1.0, 0.95, 1.0, 0.95, 1.0, 1.0, 0.95, 1.0, 1.0, 0.95, 1.0, 0.95, 0.95, 1.0, 0.95, 1.0, 0.95, 0.95, 1.0, 0.95, 0.95, 0.9, 0.9, 0.95, 0.9, 0.95, 0.9, 0.85, 0.95, 1.0, 0.9, 0.85, 0.9, 0.8947, 0.9, 0.9, 0.9, 1.0, 0.95, 1.0, 1.0, 1.0, 0.95, 0.95, 0.95, 0.95, 1.0, 0.95, 1.0, 0.95, 1.0, 1.0, 1.0, 1.0, 1.0, 1.0, 1.0, 1.0, 0.95, 1.0, 1.0, 1.0, 1.0, 1.0, 1.0, 1.0, 1.0, 1.0, 1.0, 1.0, 1.0, 1.0, 1.0, 1.0, 0.95, 1.0, 1.0, 1.0, 1.0, 1.0, 1.0, 1.0, 1.0, 1.0, 1.0, 1.0, 1.0, 1.0, 1.0, 1.0, 1.0, 1.0, 1.0, 1.0, 1.0, 1.0, 1.0, 1.0, 1.0]"
glm-4.7-flash,f5479a460521f2a3b96e7924882b06d9,ee48b707875b5b193dbe26d188d462a7e28c12d6af2a07905103cc4574526e12,False,Peyronie's Disease,101,102,1884,2298,32,0.31683168316831684,832,0.30201698513800423,0.9,0.05,1.0,32,0.30201698513800423,"[0.05, 0.0, 0.05, 0.0, 0.0, 0.0, 0.0, 0.0, 0.0, 0.05, 0.0, 0.0, 0.0, 0.0, 0.0, 0.0, 0.05, 0.05, 0.0, 0.0, 0.0, 0.0, 0.2, 0.4, 0.45, 0.35, 0.2, 0.2, 0.4, 0.15, 0.25, 0.1, 0.9, 0.95, 0.9474, 0.9, 1.0, 0.95, 1.0, 1.0, 0.95, 0.95, 1.0, 0.95, 1.0, 1.0, 0.95, 1.0, 0.95, 1.0, 1.0, 1.0, 1.0, 1.0, 1.0, 1.0, 1.0, 1.0, 1.0, 1.0, 1.0, 0.95, 1.0, 1.0, 1.0, 1.0, 1.0, 1.0, 1.0, 1.0, 1.0, 1.0, 1.0, 1.0, 0.95, 0.95, 1.0, 1.0, 0.9474, 0.95, 0.95, 1.0, 1.0, 1.0, 1.0, 1.0, 1.0, 1.0, 1.0, 1.0, 1.0, 1.0, 1.0, 1.0, 1.0, 1.0, 1.0, 1.0, 1.0, 1.0, 1.0, 1.0]"
glm-4.7-flash,0a50a7f439c2c0e933b8132ed7650075,91352b2bd6d1d7760cddc7ac725aa3a22ba917a51f278d91e62d56f5fc773f6c,True,Psychogenic Non-Epileptic Seizure,57,58,1009,1578,4,0.07017543859649122,330,0.04558969276511397,0.85,0.9,1.0,8,0.10406342913776016,"[0.9, 0.65, 0.95, 1.0, 0.85, 0.9, 1.0, 0.7, 0.95, 0.9, 0.8, 0.95, 0.95, 0.95, 1.0, 1.0, 1.0, 0.95, 1.0, 1.0, 0.95, 0.95, 1.0, 1.0, 1.0, 0.95, 0.95, 1.0, 1.0, 1.0, 1.0, 1.0, 1.0, 1.0, 1.0, 1.0, 1.0, 1.0, 1.0, 1.0, 1.0, 1.0, 1.0, 1.0, 1.0, 1.0, 1.0, 1.0, 1.0, 0.95, 1.0, 1.0, 1.0, 1.0, 1.0, 1.0, 1.0, 1.0]"
glm-4.7-flash,0a50a7f439c2c0e933b8132ed7650075,51563f956eb9e75bcf6ffec7809bce94dfc038a6aceb79240ea025ad0dd825fe,False,Drug-Facilitated Sexual Assault,243,244,5120,5579,200,0.823045267489712,4520,0.82734375,0.8,0.0,0.95,208,0.8630859375,"[0.0, 0.0, 0.0, 0.0, 0.0, 0.0, 0.05, 0.0, 0.0, 0.0, 0.0, 0.0, 0.0, 0.1, 0.1, 0.15, 0.2, 0.1, 0.1, 0.05, 0.15, 0.1, 0.2, 0.05, 0.05, 0.0, 0.1, 0.05, 0.05, 0.1, 0.0, 0.0, 0.2, 0.1, 0.1, 0.05, 0.05, 0.1, 0.15, 0.0, 0.15, 0.0, 0.05, 0.05, 0.0, 0.0, 0.15, 0.15, 0.25, 0.2, 0.0556, 0.15, 0.05, 0.05, 0.4, 0.25, 0.25, 0.3, 0.25, 0.15, 0.3, 0.4, 0.35, 0.45, 0.35, 0.25, 0.45, 0.35, 0.3, 0.6, 0.45, 0.25, 0.45, 0.25, 0.45, 0.25, 0.3, 0.25, 0.3, 0.2, 0.4, 0.25, 0.5, 0.45, 0.3, 0.4, 0.2, 0.45, 0.45, 0.2, 0.4, 0.05, 0.4, 0.45, 0.3, 0.45, 0.45, 0.3, 0.6, 0.85, 0.5, 0.75, 0.75, 0.75, 0.8, 0.7, 0.5, 0.6, 0.65, 0.8, 0.6, 0.7, 0.7, 0.6842, 0.7, 0.85, 0.7, 0.9, 0.8, 0.85, 0.8, 0.85, 0.85, 0.9, 0.85, 0.85, 0.85, 0.85, 0.8, 0.65, 0.8, 0.65, 0.8, 0.8, 0.7, 0.7, 0.85, 0.65, 0.8, 0.95, 1.0, 0.8, 0.85, 0.8, 0.8, 0.85, 0.85, 0.8, 0.9, 0.9, 0.8, 1.0, 0.75, 0.85, 0.5, 0.6, 0.65, 0.5, 0.5, 0.4, 0.65, 0.55, 0.65, 0.4, 0.45, 0.5, 0.45, 0.25, 0.6, 0.7, 0.45, 0.7, 0.65, 0.55, 0.4211, 0.65, 0.4, 0.45, 0.55, 0.55, 0.55, 0.55, 0.75, 0.75, 0.8, 0.7, 0.6, 0.6, 0.7, 0.8, 0.8, 0.55, 0.75, 0.6, 0.7, 0.7, 0.65, 0.9, 0.8, 0.6, 0.8, 0.7, 0.75, 0.85, 0.95, 0.8, 0.85, 0.75, 0.95, 1.0, 0.9, 0.95, 0.95, 0.9, 0.95, 0.95, 1.0, 0.85, 1.0, 1.0, 1.0, 1.0, 1.0, 1.0, 1.0, 0.9474, 1.0, 1.0, 0.9, 1.0, 0.95, 0.9, 1.0, 1.0, 0.9, 1.0, 1.0, 1.0, 1.0, 1.0, 1.0, 0.9, 1.0, 0.95]"
glm-4.7-flash,40548af835e36bf1d06c74be11ea5d70,e07fea2f4b091074340d5322c5eeb52fa443eb09ff1f53740a1267b885b33400,True,Aplastic Anemia,78,79,1809,2330,22,0.28205128205128205,690,0.28634604754007736,0.9,0.05,1.0,39,0.564400221116639,"[0.05, 0.0, 0.1, 0.15, 0.05, 0.1, 0.1, 0.0, 0.15, 0.05, 0.05, 0.05, 0.1, 0.0, 0.1, 0.5, 0.25, 0.3158, 0.5, 0.75, 0.7, 1.0, 0.9, 1.0, 0.85, 0.85, 0.8, 0.85, 0.9, 0.9, 0.95, 0.95, 1.0, 0.95, 0.95, 1.0, 0.95, 0.9, 0.75, 0.85, 0.9, 0.85, 0.85, 0.9, 0.8, 0.95, 0.95, 0.9, 0.95, 0.95, 0.9, 1.0, 0.85, 1.0, 0.95, 1.0, 1.0, 1.0, 1.0, 1.0, 1.0, 1.0, 1.0, 1.0, 1.0, 1.0, 1.0, 1.0, 1.0, 1.0, 0.95, 1.0, 1.0, 1.0, 1.0, 1.0, 1.0, 1.0, 1.0]"
glm-4.7-flash,40548af835e36bf1d06c74be11ea5d70,f95bb5a851a26994ca4e68593e2e8ea1327706a7b861331eeea3bf3279195d1a,False,Acute Leukemia,112,113,2377,2753,37,0.33035714285714285,1008,0.3517038283550694,0.85,0.1,0.95,56,0.5111485065208246,"[0.1, 0.1, 0.15, 0.1, 0.2, 0.1053, 0.3, 0.1, 0.1, 0.15, 0.45, 0.3158, 0.15, 0.2, 0.15, 0.35, 0.3, 0.15, 0.15, 0.3, 0.15, 0.15, 0.1, 0.2, 0.4, 0.15, 0.35, 0.5, 0.3, 0.5, 0.35, 0.55, 0.25, 0.45, 0.6, 0.3, 0.65, 0.85, 0.8, 0.75, 0.7, 0.8, 0.85, 0.75, 0.7, 0.85, 0.65, 0.7, 0.7, 0.9, 0.9, 0.75, 0.8, 0.8, 0.8, 0.75, 0.95, 0.9, 0.9, 0.9, 0.95, 1.0, 0.95, 0.95, 0.95, 0.95, 0.95, 1.0, 0.95, 1.0, 0.95, 0.95, 1.0, 1.0, 1.0, 0.95, 0.95, 0.95, 0.95, 1.0, 1.0, 1.0, 1.0, 1.0, 1.0, 1.0, 1.0, 1.0, 1.0, 1.0, 1.0, 1.0, 0.95, 1.0, 0.95, 1.0, 1.0, 1.0, 0.95, 1.0, 1.0, 0.95, 1.0, 1.0, 1.0, 1.0, 0.95, 1.0, 1.0, 1.0, 1.0, 1.0, 0.95]"
glm-4.7-flash,8d4129f4074a7419ef8017429041fac4,20dc2da23790f9c08879d97ba58ceba663f796534a9c74870cb812f2b407f24c,True,Simple Goiter,148,149,2509,2681,39,0.2635135135135135,985,0.3288162614587485,0.85,0.1,1.0,39,0.3288162614587485,"[0.1, 0.25, 0.05, 0.15, 0.0, 0.15, 0.15, 0.05, 0.15, 0.15, 0.1, 0.0526, 0.1, 0.0, 0.05, 0.1, 0.1, 0.0, 0.1, 0.15, 0.3, 0.35, 0.35, 0.7, 0.3, 0.65, 0.4, 0.5, 0.55, 0.65, 0.55, 0.65, 0.7, 0.7, 0.45, 0.4, 0.6, 0.35, 0.7, 0.85, 0.8, 0.8, 0.85, 0.8, 0.95, 0.95, 0.9, 0.95, 1.0, 0.85, 0.85, 0.8421, 0.95, 1.0, 0.8, 0.8, 0.95, 0.95, 0.9, 0.95, 1.0, 0.95, 0.95, 1.0, 1.0, 0.95, 1.0, 1.0, 1.0, 1.0, 1.0, 0.95, 1.0, 1.0, 1.0, 1.0, 1.0, 1.0, 1.0, 1.0, 1.0, 1.0, 1.0, 1.0, 1.0, 1.0, 1.0, 1.0, 1.0, 1.0, 1.0, 1.0, 1.0, 1.0, 1.0, 1.0, 1.0, 0.95, 1.0, 1.0, 1.0, 1.0, 1.0, 1.0, 1.0, 0.95, 1.0, 1.0, 1.0, 1.0, 1.0, 1.0, 0.95, 1.0, 1.0, 1.0, 1.0, 1.0, 1.0, 1.0, 1.0, 1.0, 1.0, 1.0, 1.0, 1.0, 1.0, 1.0, 1.0, 1.0, 1.0, 1.0, 1.0, 1.0, 1.0, 1.0, 1.0, 1.0, 1.0, 1.0, 1.0, 1.0, 1.0, 1.0, 1.0, 1.0, 1.0, 1.0, 1.0]"
glm-4.7-flash,8d4129f4074a7419ef8017429041fac4,c6d5dc16f3d6b8fdf85b6df84c441d228f77f75155fd094dc884f672acb85935,False,Graves disease,163,164,2631,2940,98,0.6012269938650306,1892,0.6583048270619536,0.85,0.45,1.0,102,0.6689471683770429,"[0.45, 0.25, 0.65, 0.55, 0.35, 0.05, 0.3, 0.05, 0.3, 0.25, 0.15, 0.25, 0.25, 0.3, 0.2, 0.3, 0.25, 0.3, 0.2632, 0.4, 0.4, 0.15, 0.75, 0.5, 0.6, 0.75, 0.65, 0.7, 0.75, 0.65, 0.6, 0.8, 0.8, 0.6, 0.75, 0.7, 0.6, 0.6, 0.3889, 0.6316, 0.6842, 0.55, 0.7, 0.7, 0.5, 0.7, 1.0, 0.9, 0.85, 0.6, 0.8421, 0.7, 1.0, 0.9474, 0.85, 0.8, 0.8, 0.9, 0.75, 0.8, 0.85, 0.75, 0.7, 0.7, 0.6, 0.75, 0.75, 0.9, 0.9, 0.9, 0.9, 0.85, 0.95, 0.9, 0.8, 0.75, 0.8, 0.7, 0.85, 0.9, 0.8, 0.7778, 0.7, 0.8, 0.7, 0.75, 0.6, 0.25, 0.4, 0.65, 0.3, 0.65, 0.6, 0.6, 0.75, 0.7, 0.7, 0.75, 0.85, 0.65, 0.8, 0.75, 0.9, 0.85, 0.9, 0.95, 0.9, 0.8, 0.85, 0.85, 0.85, 0.85, 1.0, 1.0, 1.0, 1.0, 1.0, 0.95, 0.95, 1.0, 0.95, 1.0, 1.0, 0.9, 1.0, 1.0, 0.95, 1.0, 0.9, 1.0, 1.0, 0.95, 0.95, 1.0, 1.0, 0.85, 1.0, 0.95, 1.0, 1.0, 0.85, 0.9, 1.0, 1.0, 1.0, 0.95, 0.95, 1.0, 1.0, 0.9, 1.0, 1.0, 1.0, 0.95, 1.0, 0.95, 0.95, 1.0, 1.0, 1.0, 1.0, 1.0, 0.95, 1.0]"
glm-4.7-flash,b456600e51f08dfb7754936792b3800e,ec0b9449699bf7ecbae4407843cd87e7b9cb12ffb4744edef481b55e47af3182,False,Myelofibrosis,172,173,3728,4122,33,0.19186046511627908,913,0.20466738197424894,0.95,0.05,1.0,33,0.20466738197424894,"[0.05, 0.0, 0.1, 0.05, 0.0, 0.1, 0.05, 0.0, 0.0, 0.0, 0.0, 0.05, 0.0, 0.0, 0.0, 0.0, 0.05, 0.0, 0.1, 0.05, 0.25, 0.1, 0.3, 0.4737, 0.4, 0.35, 0.15, 0.4, 0.1, 0.2, 0.15, 0.55, 0.7, 0.95, 0.85, 0.9, 0.95, 0.95, 1.0, 1.0, 0.95, 1.0, 1.0, 1.0, 0.95, 1.0, 1.0, 1.0, 1.0, 1.0, 1.0, 1.0, 1.0, 1.0, 0.95, 1.0, 1.0, 1.0, 1.0, 1.0, 1.0, 1.0, 1.0, 1.0, 1.0, 1.0, 0.9, 0.95, 1.0, 1.0, 1.0, 1.0, 1.0, 1.0, 1.0, 1.0, 1.0, 1.0, 1.0, 1.0, 1.0, 0.95, 1.0, 1.0, 1.0, 1.0, 1.0, 1.0, 1.0, 1.0, 1.0, 1.0, 1.0, 1.0, 1.0, 1.0, 1.0, 1.0, 0.95, 0.95, 0.95, 1.0, 1.0, 0.95, 1.0, 1.0, 1.0, 1.0, 1.0, 1.0, 1.0, 1.0, 1.0, 1.0, 1.0, 1.0, 0.9474, 1.0, 1.0, 1.0, 1.0, 0.9474, 0.9, 1.0, 1.0, 1.0, 1.0, 1.0, 1.0, 1.0, 1.0, 1.0, 1.0, 1.0, 1.0, 1.0, 1.0, 1.0, 1.0, 1.0, 1.0, 1.0, 1.0, 1.0, 1.0, 1.0, 1.0, 1.0, 1.0, 1.0, 1.0, 1.0, 1.0, 1.0, 1.0, 1.0, 1.0, 1.0, 1.0, 1.0, 1.0, 1.0, 1.0, 1.0, 1.0, 1.0, 1.0, 1.0, 1.0, 1.0, 1.0, 1.0, 1.0]"
glm-4.7-flash,d5242ac7089552f0687edd0e403512da,94edcf7e26d267fecfa56053026eae466e6c944a7842862816267229f56749ca,True,Chronic Granulomatous Disease,113,114,2264,2777,20,0.17699115044247787,652,0.15547703180212014,1.0,0.35,1.0,20,0.15547703180212014,"[0.35, 0.2632, 0.1579, 0.25, 0.2, 0.35, 0.35, 0.3, 0.45, 0.35, 0.35, 0.4, 0.45, 0.5789, 0.4, 0.3, 0.4, 0.25, 0.4211, 0.75, 1.0, 1.0, 0.9, 0.95, 0.95, 1.0, 0.9, 1.0, 0.95, 0.9, 1.0, 0.85, 0.95, 0.9474, 0.9, 0.9, 0.8, 0.85, 0.8, 1.0, 0.9474, 0.85, 1.0, 0.95, 0.95, 1.0, 1.0, 1.0, 1.0, 1.0, 1.0, 1.0, 1.0, 1.0, 1.0, 1.0, 1.0, 1.0, 1.0, 1.0, 1.0, 1.0, 1.0, 1.0, 1.0, 1.0, 1.0, 1.0, 1.0, 1.0, 1.0, 1.0, 1.0, 1.0, 1.0, 1.0, 1.0, 1.0, 1.0, 1.0, 1.0, 1.0, 1.0, 1.0, 1.0, 1.0, 1.0, 1.0, 1.0, 1.0, 1.0, 1.0, 1.0, 1.0, 1.0, 1.0, 1.0, 1.0, 1.0, 1.0, 1.0, 1.0, 1.0, 1.0, 1.0, 1.0, 1.0, 1.0, 1.0, 1.0, 1.0, 1.0, 1.0, 1.0]"
glm-4.7-flash,d5242ac7089552f0687edd0e403512da,2c66d5fae107fbfa69d02bda936336b3fe1d77e26295cacd2ccefdd552b09407,False,Severe Combined Immunodeficiency (SCID),53,54,1231,1549,16,0.3018867924528302,612,0.25345247766043866,0.95,0.1,1.0,16,0.25345247766043866,"[0.1, 0.0, 0.05, 0.05, 0.05, 0.05, 0.0, 0.05, 0.0, 0.0, 0.0, 0.0, 0.0, 0.0, 0.05, 0.05, 0.95, 0.95, 1.0, 1.0, 1.0, 1.0, 1.0, 1.0, 1.0, 1.0, 1.0, 1.0, 1.0, 1.0, 0.95, 0.95, 1.0, 1.0, 1.0, 1.0, 1.0, 1.0, 1.0, 1.0, 1.0, 1.0, 1.0, 1.0, 1.0, 1.0, 1.0, 1.0, 1.0, 1.0, 1.0, 1.0, 1.0, 1.0]"
glm-4.7-flash,fa3f1534a8d672e364f916665953a826,e0c99f8bf081706762e48d239bc5c4630fc0916671f8b4bbb16a5caeaadc56ff,True,Scleredema,77,78,1694,5164,28,0.36363636363636365,2977,0.35832349468713104,0.9,0.5,0.85,35,0.5371900826446281,"[0.5, 0.3158, 0.5, 0.35, 0.4737, 0.45, 0.6, 0.45, 0.6316, 0.65, 0.55, 0.55, 0.75, 0.65, 0.55, 0.35, 0.3, 0.45, 0.5, 0.65, 0.6, 0.55, 0.6, 0.55, 0.7368, 0.6667, 0.5, 0.35, 0.9, 0.9, 0.9, 0.8947, 0.95, 1.0, 0.7895, 1.0, 0.9, 0.95, 0.9474, 1.0, 1.0, 0.85, 0.95, 0.95, 1.0, 1.0, 1.0, 0.95, 1.0, 1.0, 0.95, 1.0, 0.9, 0.9444, 0.95, 0.8947, 0.95, 0.9, 0.9, 0.9444, 1.0, 1.0, 1.0, 0.95, 1.0, 1.0, 1.0, 1.0, 0.9474, 0.95, 1.0, 1.0, 0.95, 0.9, 1.0, 1.0, 0.95, 0.85]"
glm-4.7-flash,fa3f1534a8d672e364f916665953a826,0776ce0ea835da2281c6f4df2280eea0fe3fdbf1fbbd7bee126a87d82eebd885,False,POEMS Syndrome,177,178,3420,6170,128,0.7231638418079096,4797,0.7096491228070175,0.95,0.0,1.0,128,0.7096491228070175,"[0.0, 0.0, 0.0, 0.0, 0.0, 0.0, 0.05, 0.0, 0.0, 0.0, 0.1, 0.05, 0.0, 0.0, 0.0, 0.05, 0.0, 0.0, 0.0, 0.05, 0.0526, 0.0, 0.0, 0.0, 0.1, 0.0, 0.0, 0.05, 0.1, 0.0, 0.0, 0.0, 0.05, 0.0, 0.0, 0.0, 0.0, 0.0, 0.0, 0.0, 0.0, 0.0, 0.0, 0.0, 0.0, 0.05, 0.0, 0.0, 0.0, 0.05, 0.05, 0.05, 0.05, 0.05, 0.05, 0.05, 0.25, 0.0, 0.0, 0.0, 0.05, 0.25, 0.2, 0.15, 0.15, 0.25, 0.1, 0.4, 0.3, 0.3, 0.25, 0.3, 0.2105, 0.3, 0.5, 0.35, 0.25, 0.45, 0.1053, 0.55, 0.25, 0.5, 0.6, 0.7, 0.65, 0.7, 0.6, 0.55, 0.6, 0.65, 0.6, 0.6, 0.45, 0.5, 0.75, 0.9, 0.75, 0.95, 0.85, 0.9, 0.9, 0.75, 0.9, 0.95, 0.9, 0.95, 0.8, 0.95, 0.9, 0.75, 0.85, 0.9, 0.9, 0.75, 0.8, 0.85, 0.8, 0.8, 0.9, 0.75, 0.8, 0.8, 0.95, 0.9, 0.75, 0.95, 0.8, 0.6, 0.95, 0.9, 0.95, 0.95, 0.95, 1.0, 0.95, 1.0, 1.0, 0.95, 0.95, 1.0, 1.0, 1.0, 1.0, 1.0, 1.0, 1.0, 1.0, 1.0, 0.95, 1.0, 1.0, 1.0, 1.0, 1.0, 1.0, 1.0, 1.0, 1.0, 1.0, 1.0, 1.0, 1.0, 1.0, 1.0, 1.0, 1.0, 1.0, 1.0, 1.0, 1.0, 1.0, 1.0, 1.0, 1.0, 1.0, 1.0, 1.0, 1.0]"
glm-4.7-flash,11340d814fe69bcd7dec113898fd5947,aa61c9cee15ef0dabfcafe74e16c7ab5abc04d42ebe62573cfa9bb615e0fa550,False,Catatonia,245,246,4967,7204,80,0.32653061224489793,3370,0.33964163478961146,0.8,0.42105263157894735,1.0,91,0.37749144352728004,"[0.4211, 0.3, 0.35, 0.15, 0.2, 0.2, 0.4, 0.1053, 0.25, 0.25, 0.35, 0.2, 0.2105, 0.2, 0.25, 0.15, 0.25, 0.3, 0.25, 0.25, 0.3, 0.3, 0.35, 0.55, 0.4, 0.3, 0.5, 0.4, 0.3, 0.25, 0.25, 0.4, 0.25, 0.3684, 0.3, 0.35, 0.5, 0.3, 0.2, 0.4, 0.4, 0.4, 0.45, 0.4, 0.45, 0.4, 0.15, 0.5, 0.45, 0.55, 0.5, 0.5, 0.5, 0.55, 0.8, 0.7, 0.75, 0.75, 0.75, 0.7, 0.85, 0.9, 0.7, 0.75, 0.85, 0.75, 0.85, 0.55, 0.5, 0.8, 0.65, 0.65, 0.8, 0.6, 0.8421, 0.8, 0.5263, 0.75, 0.7, 0.65, 0.8, 0.85, 0.65, 0.9, 0.75, 0.75, 0.8, 0.65, 0.7, 0.75, 0.65, 0.85, 0.8, 0.95, 0.95, 0.95, 0.9, 0.9, 0.9, 0.95, 0.8, 0.85, 0.85, 0.85, 0.9, 0.9, 0.8, 0.95, 0.9, 0.9, 0.95, 0.9, 0.95, 0.9, 0.95, 1.0, 1.0, 0.95, 1.0, 0.9, 0.95, 0.95, 0.85, 0.9, 1.0, 1.0, 0.95, 1.0, 0.95, 0.95, 0.95, 0.9, 1.0, 1.0, 1.0, 1.0, 1.0, 0.95, 1.0, 0.95, 0.95, 0.95, 1.0, 0.9474, 0.95, 1.0, 1.0, 0.95, 1.0, 0.9, 1.0, 0.95, 1.0, 1.0, 1.0, 1.0, 0.95, 0.95, 0.95, 1.0, 1.0, 0.95, 1.0, 1.0, 0.9, 1.0, 0.95, 1.0, 1.0, 1.0, 1.0, 1.0, 1.0, 0.9, 1.0, 1.0, 0.9, 1.0, 0.95, 0.9, 0.9, 0.95, 1.0, 0.8421, 0.95, 0.95, 0.95, 0.9, 0.95, 0.95, 1.0, 0.95, 1.0, 0.85, 0.95, 0.9, 0.95, 1.0, 1.0, 1.0, 0.9, 1.0, 1.0, 0.9, 0.9, 1.0, 0.85, 1.0, 1.0, 0.9, 1.0, 0.95, 1.0, 0.95, 1.0, 1.0, 1.0, 1.0, 1.0, 1.0, 0.95, 1.0, 0.95, 1.0, 0.95, 1.0, 0.95, 0.95, 1.0, 1.0, 1.0, 1.0, 0.95, 1.0, 0.95, 1.0, 1.0, 1.0, 1.0, 0.9, 1.0, 0.95, 1.0, 0.95, 1.0, 1.0]"
glm-4.7-flash,42657169f520db24ecd36735fa5fcd7f,f9d655f986ea602d6da2eb9493c95410c9dc9dddffb5c8b89596d32fbf4bc249,True,Stimulant Intoxication,191,192,3377,4109,73,0.38219895287958117,1811,0.4400355344980752,0.95,0.15,1.0,73,0.4400355344980752,"[0.15, 0.15, 0.1, 0.1, 0.2, 0.1, 0.25, 0.0, 0.25, 0.1, 0.2, 0.15, 0.2632, 0.15, 0.2, 0.15, 0.15, 0.35, 0.1, 0.35, 0.3, 0.25, 0.2105, 0.5, 0.35, 0.4, 0.4, 0.25, 0.2, 0.35, 0.5, 0.45, 0.5, 0.6, 0.7, 0.65, 0.6, 0.55, 0.7, 0.6, 0.65, 0.6, 0.6, 0.7, 0.5, 0.6, 0.5, 0.4, 0.35, 0.4, 0.35, 0.35, 0.25, 0.4, 0.5, 0.3, 0.2, 0.55, 0.3684, 0.35, 0.4, 0.3, 0.3684, 0.2, 0.25, 0.35, 0.2, 0.55, 0.7, 0.75, 0.65, 0.9, 0.7, 0.95, 0.95, 0.8333, 0.85, 0.85, 0.85, 0.85, 0.85, 0.9, 0.9, 0.9, 0.85, 0.9, 0.8, 0.9, 0.9, 0.9, 0.95, 1.0, 0.95, 0.95, 1.0, 0.85, 0.8421, 1.0, 0.9, 0.95, 0.95, 1.0, 0.95, 0.95, 1.0, 1.0, 1.0, 0.95, 0.95, 1.0, 0.9, 0.95, 1.0, 1.0, 0.95, 1.0, 1.0, 1.0, 1.0, 1.0, 1.0, 0.95, 1.0, 1.0, 1.0, 1.0, 1.0, 1.0, 1.0, 1.0, 1.0, 1.0, 1.0, 1.0, 1.0, 1.0, 1.0, 1.0, 1.0, 1.0, 1.0, 1.0, 1.0, 1.0, 1.0, 1.0, 1.0, 1.0, 1.0, 1.0, 1.0, 1.0, 1.0, 1.0, 1.0, 1.0, 0.95, 1.0, 1.0, 1.0, 1.0, 1.0, 1.0, 1.0, 1.0, 1.0, 1.0, 1.0, 1.0, 1.0, 1.0, 1.0, 1.0, 1.0, 1.0, 1.0, 1.0, 0.95, 1.0, 1.0, 1.0, 1.0, 1.0, 1.0, 1.0, 1.0, 1.0, 1.0, 1.0, 1.0, 1.0, 1.0]"
glm-4.7-flash,6a6759f19289095fe5bdee59a062046c,ea651021aa2034d9e5d1dbbb5fb52aeba661fbaf86637a70f9b91ff946952f3c,True,Loxoscelism,45,46,907,1347,10,0.2222222222222222,440,0.16538037486218302,0.8,0.6,1.0,20,0.35942668136714445,"[0.6, 0.65, 0.85, 0.55, 0.75, 0.75, 0.65, 0.65, 0.7, 0.65, 0.8, 0.7, 0.65, 0.85, 0.8, 0.75, 0.9, 0.9, 0.75, 0.7895, 1.0, 1.0, 1.0, 1.0, 1.0, 1.0, 1.0, 1.0, 1.0, 1.0, 1.0, 1.0, 1.0, 1.0, 1.0, 1.0, 1.0, 1.0, 1.0, 1.0, 1.0, 1.0, 1.0, 1.0, 1.0, 1.0]"
glm-4.7-flash,6a6759f19289095fe5bdee59a062046c,d272956d0dda7105288ef1956aac1634531424d6ddec1a98309a7ef4b447f3d0,False,Rabies,174,175,2919,3383,24,0.13793103448275862,727,0.14970880438506337,0.85,0.0,1.0,24,0.14970880438506337,"[0.0, 0.0, 0.0, 0.0, 0.05, 0.0, 0.15, 0.25, 0.1, 0.2, 0.35, 0.2, 0.1, 0.15, 0.15, 0.1, 0.1, 0.2, 0.05, 0.1, 0.05, 0.1, 0.15, 0.2, 0.85, 0.9, 1.0, 1.0, 0.8, 0.8, 1.0, 1.0, 1.0, 1.0, 1.0, 1.0, 1.0, 0.95, 1.0, 1.0, 1.0, 1.0, 0.9, 0.9474, 1.0, 1.0, 0.95, 1.0, 1.0, 0.95, 1.0, 1.0, 1.0, 1.0, 1.0, 1.0, 0.95, 1.0, 1.0, 1.0, 1.0, 1.0, 1.0, 1.0, 1.0, 1.0, 0.95, 1.0, 1.0, 1.0, 1.0, 0.95, 0.95, 1.0, 1.0, 1.0, 1.0, 1.0, 1.0, 1.0, 1.0, 1.0, 1.0, 1.0, 1.0, 1.0, 1.0, 1.0, 1.0, 1.0, 1.0, 1.0, 1.0, 1.0, 1.0, 1.0, 1.0, 1.0, 1.0, 1.0, 1.0, 1.0, 1.0, 1.0, 1.0, 1.0, 1.0, 1.0, 1.0, 1.0, 1.0, 1.0, 1.0, 1.0, 1.0, 1.0, 1.0, 1.0, 1.0, 1.0, 1.0, 0.95, 1.0, 1.0, 1.0, 1.0, 1.0, 1.0, 1.0, 1.0, 1.0, 1.0, 1.0, 1.0, 1.0, 1.0, 1.0, 1.0, 0.95, 1.0, 0.95, 1.0, 1.0, 1.0, 1.0, 1.0, 0.95, 1.0, 1.0, 1.0, 1.0, 1.0, 1.0, 1.0, 1.0, 1.0, 1.0, 1.0, 1.0, 1.0, 1.0, 1.0, 1.0, 1.0, 1.0, 1.0, 1.0, 0.95, 1.0, 1.0, 1.0, 1.0, 1.0, 1.0, 1.0]"
glm-4.7-flash,8e99e185c9670ed801211fba5a2e93f9,e39922c1465daa93db5f0cd977009d6bd93bef9271f5a7dce75b9b092ee4f025,True,Papular Urticaria,204,205,3475,3644,111,0.5441176470588235,2226,0.5971223021582733,0.8,0.0,1.0,127,0.6722302158273381,"[0.0, 0.1, 0.05, 0.05, 0.0, 0.0, 0.0, 0.05, 0.0, 0.05, 0.05, 0.05, 0.05, 0.0, 0.0, 0.1, 0.05, 0.05, 0.05, 0.25, 0.05, 0.0, 0.5, 0.35, 0.35, 0.25, 0.3, 0.2, 0.35, 0.65, 0.4, 0.55, 0.2778, 0.45, 0.55, 0.65, 0.75, 0.9, 0.7, 0.8, 0.9, 0.9, 0.75, 0.95, 0.9, 0.85, 0.65, 0.8, 0.9, 0.7895, 0.55, 0.8, 0.75, 0.65, 0.75, 0.75, 0.7, 0.7, 0.3, 0.6, 0.4, 0.3, 0.65, 0.6, 0.75, 0.75, 0.6, 0.6, 0.7, 0.55, 0.75, 0.8, 0.75, 0.85, 0.8, 0.9, 0.75, 0.85, 0.7, 0.7895, 0.55, 0.7, 0.75, 0.6316, 0.8, 0.75, 0.4, 0.7, 0.55, 0.35, 0.75, 0.5, 0.45, 0.55, 0.65, 0.6, 0.5, 0.55, 0.7, 0.6, 0.6, 0.85, 0.7, 0.65, 0.8, 0.65, 0.6, 0.65, 0.6, 0.55, 0.75, 0.8, 0.65, 0.8, 0.95, 0.85, 0.85, 0.8, 0.8947, 0.8, 0.8, 0.9, 0.65, 0.95, 0.75, 0.75, 0.65, 0.8947, 0.8, 0.9, 0.9, 1.0, 0.95, 0.95, 1.0, 0.95, 1.0, 1.0, 0.95, 1.0, 1.0, 1.0, 0.9, 1.0, 1.0, 1.0, 1.0, 1.0, 1.0, 1.0, 1.0, 1.0, 1.0, 1.0, 0.95, 0.95, 1.0, 1.0, 1.0, 1.0, 1.0, 1.0, 1.0, 1.0, 1.0, 0.95, 1.0, 1.0, 1.0, 1.0, 1.0, 1.0, 1.0, 1.0, 1.0, 1.0, 1.0, 1.0, 1.0, 1.0, 1.0, 1.0, 1.0, 1.0, 1.0, 1.0, 1.0, 1.0, 1.0, 1.0, 1.0, 1.0, 1.0, 1.0, 1.0, 1.0, 1.0, 1.0, 1.0, 1.0, 1.0, 1.0, 1.0, 1.0, 1.0]"
glm-4.7-flash,b9e317df6f71d14e177013c57587becf,c64892da6999e18e2696d74c917ee8f86d915cc5418130a028c6563c15129246,True,Hemangioblastoma,60,61,1170,1494,27,0.45,668,0.441025641025641,0.8,0.3684210526315789,1.0,27,0.441025641025641,"[0.3684, 0.2105, 0.3684, 0.35, 0.15, 0.4211, 0.5263, 0.4, 0.25, 0.45, 0.4, 0.35, 0.4444, 0.75, 0.65, 0.3158, 0.45, 0.35, 0.3, 0.3, 0.4, 0.5, 0.2632, 0.45, 0.6316, 0.35, 0.25, 0.8, 0.85, 0.95, 1.0, 0.95, 1.0, 1.0, 0.95, 1.0, 1.0, 1.0, 1.0, 1.0, 1.0, 1.0, 1.0, 1.0, 1.0, 1.0, 1.0, 1.0, 1.0, 1.0, 1.0, 1.0, 1.0, 1.0, 1.0, 1.0, 1.0, 1.0, 1.0, 1.0, 1.0]"
glm-4.7-flash,b9e317df6f71d14e177013c57587becf,5b83a2acd94d5d12776c3f8a3d780f92e34139e6b8caa72b44ba3df0d86d5fad,False,Pilocytic Astrocytoma,35,36,740,1056,17,0.4857142857142857,475,0.43648648648648647,0.85,0.25,1.0,17,0.43648648648648647,"[0.25, 0.45, 0.25, 0.55, 0.7, 0.4, 0.4, 0.55, 0.35, 0.5, 0.35, 0.5263, 0.45, 0.5, 0.45, 0.65, 0.35, 0.85, 1.0, 1.0, 1.0, 0.95, 1.0, 1.0, 0.95, 1.0, 1.0, 1.0, 1.0, 1.0, 1.0, 1.0, 1.0, 1.0, 1.0, 1.0]"
glm-4.7-flash,d9520eadbc83f9f98a8fb0442b0a7acc,9afa8c0553e074dbb7b429e551242f325b82b7ab58f3dd31f7fd817236aa3abb,True,Neuroleptic Malignant Syndrome,79,80,1603,1916,27,0.34177215189873417,898,0.3736743605739239,0.8947368421052632,0.45,1.0,29,0.3948845913911416,"[0.45, 0.7, 0.7, 0.75, 0.6, 0.7, 0.75, 0.6, 0.65, 0.55, 0.6, 0.65, 0.85, 0.75, 0.6, 0.45, 0.55, 0.45, 0.4, 0.6, 0.75, 0.7, 0.55, 0.65, 0.6, 0.6, 1.0, 0.8947, 0.75, 0.8, 0.9, 0.85, 0.9, 0.85, 0.85, 0.95, 1.0, 1.0, 0.95, 0.9, 0.95, 1.0, 1.0, 1.0, 1.0, 1.0, 1.0, 1.0, 0.95, 0.95, 1.0, 1.0, 1.0, 1.0, 1.0, 1.0, 1.0, 1.0, 1.0, 1.0, 1.0, 1.0, 1.0, 1.0, 1.0, 1.0, 1.0, 1.0, 1.0, 1.0, 1.0, 1.0, 1.0, 1.0, 1.0, 1.0, 1.0, 1.0, 1.0, 1.0]"
glm-4.7-flash,d9520eadbc83f9f98a8fb0442b0a7acc,8ee332502507b2ea2ab7c76b8592ae583510c61b32a7588c0416957a59c6295a,False,Anticholinergic Toxicity,62,63,1492,2012,9,0.14516129032258066,534,0.15750670241286863,0.95,0.15,1.0,9,0.15750670241286863,"[0.15, 0.0, 0.0, 0.1, 0.15, 0.15, 0.15, 0.05, 0.05, 0.95, 1.0, 1.0, 1.0, 1.0, 0.95, 0.95, 0.95, 1.0, 0.95, 1.0, 0.95, 0.85, 1.0, 0.95, 0.9474, 1.0, 1.0, 1.0, 0.95, 1.0, 1.0, 1.0, 1.0, 1.0, 1.0, 1.0, 1.0, 1.0, 1.0, 1.0, 1.0, 1.0, 1.0, 1.0, 1.0, 1.0, 1.0, 1.0, 1.0, 1.0, 1.0, 1.0, 1.0, 1.0, 1.0, 1.0, 1.0, 1.0, 1.0, 1.0, 1.0, 1.0, 1.0]"
glm-4.7-flash,fb9fdfc495c899901c9c864e13bfeaff,4022cc5511306f04c5363f37d26577582ef21e227e4abecc92bd29f9af87b230,True,Constitutional Delay of Growth and Puberty,40,41,634,926,0,0.0,278,0.0,1.0,1.0,1.0,0,0.0,"[1.0, 0.9, 0.85, 0.95, 1.0, 0.85, 0.9, 0.8, 0.9, 0.95, 0.85, 1.0, 1.0, 1.0, 1.0, 1.0, 1.0, 1.0, 1.0, 0.95, 1.0, 1.0, 1.0, 1.0, 1.0, 1.0, 1.0, 1.0, 1.0, 1.0, 1.0, 1.0, 1.0, 1.0, 1.0, 1.0, 1.0, 1.0, 1.0, 1.0, 1.0]"
glm-4.7-flash,fb9fdfc495c899901c9c864e13bfeaff,021c663ef67d39834a5924a92b33594386f595155aef014fe4c88355849c3d6d,False,Growth Hormone Deficiency,150,151,3047,3350,114,0.76,2514,0.733836560551362,0.85,0.1,1.0,117,0.7518871020676074,"[0.1, 0.05, 0.1, 0.1, 0.05, 0.0, 0.05, 0.0, 0.0, 0.2, 0.1, 0.05, 0.2, 0.05, 0.0, 0.2, 0.0526, 0.0, 0.1, 0.0, 0.0, 0.05, 0.1, 0.15, 0.05, 0.15, 0.6316, 0.7, 0.7, 0.8, 0.85, 1.0, 1.0, 0.9, 1.0, 1.0, 1.0, 0.95, 0.9, 0.95, 0.95, 1.0, 0.95, 1.0, 1.0, 0.9, 1.0, 0.9, 1.0, 1.0, 1.0, 0.95, 0.8, 0.9, 0.8, 0.75, 0.65, 0.65, 0.85, 0.9, 0.85, 0.9, 0.95, 0.95, 1.0, 0.8, 0.85, 0.85, 0.8, 0.8, 0.8, 0.7, 0.9, 0.85, 0.7, 0.85, 0.85, 0.95, 0.95, 0.8, 0.9, 0.95, 0.95, 1.0, 0.95, 1.0, 0.85, 0.95, 0.8421, 0.85, 0.9, 0.9, 0.75, 0.8, 0.9, 0.85, 0.85, 0.7, 0.6, 0.8, 0.7, 0.4, 0.6, 0.6, 0.7, 0.55, 0.25, 0.65, 0.5263, 0.75, 0.9, 0.9, 0.85, 0.6, 0.85, 0.95, 0.7, 0.9, 0.9, 1.0, 0.95, 0.95, 1.0, 0.9, 1.0, 1.0, 1.0, 1.0, 1.0, 0.95, 1.0, 1.0, 0.95, 1.0, 1.0, 1.0, 1.0, 0.9, 1.0, 1.0, 1.0, 1.0, 1.0, 1.0, 1.0, 1.0, 1.0, 1.0, 1.0, 1.0, 1.0]"
glm-4.7-flash,14a87d69ccc079d85a0f5d57dc4a7bdb,1466d4cce58cf59181cbb3bf928f34db8a02d6aa27a2fe5d391ff0a399eade2c,True,Oligozoospermia,82,83,1346,1538,38,0.4634146341463415,821,0.4888558692421991,0.85,0.4,1.0,41,0.5237741456166419,"[0.4, 0.55, 0.3, 0.45, 0.5, 0.4, 0.5, 0.4, 0.35, 0.45, 0.55, 0.4, 0.45, 0.6, 0.45, 0.55, 0.4, 0.6, 0.7, 0.55, 0.6, 0.65, 0.5, 0.6, 0.4, 0.45, 0.3, 0.35, 0.3, 0.4, 0.55, 0.5, 0.35, 0.45, 0.25, 0.25, 0.9, 0.9, 0.85, 1.0, 0.7, 1.0, 0.95, 1.0, 1.0, 1.0, 1.0, 1.0, 1.0, 1.0, 1.0, 1.0, 1.0, 1.0, 1.0, 0.95, 1.0, 1.0, 1.0, 1.0, 0.95, 0.95, 1.0, 0.95, 0.95, 1.0, 1.0, 1.0, 1.0, 1.0, 1.0, 1.0, 1.0, 1.0, 1.0, 1.0, 1.0, 1.0, 1.0, 1.0, 1.0, 1.0, 1.0]"
glm-4.7-flash,44182d567f7978b8cf0aa37c5ce0d4aa,ad123216bbb987880df30364a3def58e50c305ba585042fa2f34418e15ed1180,True,Acute Biliary Hepatitis,210,211,4351,4707,56,0.26666666666666666,1630,0.33417605148241786,0.8,0.0,0.95,65,0.3819811537577568,"[0.0, 0.0, 0.0, 0.05, 0.0, 0.0, 0.0, 0.0, 0.05, 0.0, 0.05, 0.0, 0.0, 0.0, 0.0, 0.05, 0.05, 0.05, 0.05, 0.0, 0.1, 0.55, 0.55, 0.5, 0.7, 0.75, 0.75, 0.75, 0.6, 0.45, 0.5263, 0.65, 0.65, 0.65, 0.9, 0.7, 0.9, 0.85, 0.5, 0.5, 0.55, 0.6, 0.6, 0.6, 0.75, 0.65, 0.75, 0.7, 0.6, 0.5, 0.6, 0.8, 0.6, 0.85, 0.85, 0.55, 0.8, 0.75, 0.8, 0.75, 0.95, 0.8, 0.75, 0.9, 0.7, 1.0, 0.9, 0.95, 0.95, 1.0, 1.0, 1.0, 1.0, 0.95, 1.0, 1.0, 1.0, 1.0, 0.95, 1.0, 0.95, 1.0, 0.95, 1.0, 1.0, 0.95, 1.0, 1.0, 1.0, 0.9, 0.95, 1.0, 1.0, 0.95, 0.8, 0.9, 1.0, 0.95, 1.0, 1.0, 1.0, 1.0, 0.95, 1.0, 1.0, 1.0, 1.0, 0.9, 0.8, 0.95, 0.9, 1.0, 1.0, 1.0, 1.0, 0.95, 1.0, 1.0, 1.0, 1.0, 1.0, 0.95, 1.0, 0.95, 1.0, 0.95, 1.0, 0.95, 1.0, 1.0, 0.95, 1.0, 1.0, 1.0, 1.0, 1.0, 1.0, 1.0, 1.0, 1.0, 0.95, 1.0, 1.0, 1.0, 1.0, 1.0, 1.0, 1.0, 1.0, 1.0, 1.0, 1.0, 1.0, 1.0, 1.0, 1.0, 1.0, 1.0, 1.0, 1.0, 1.0, 1.0, 1.0, 1.0, 1.0, 1.0, 1.0, 1.0, 1.0, 1.0, 1.0, 1.0, 1.0, 1.0, 1.0, 1.0, 1.0, 1.0, 1.0, 1.0, 1.0, 1.0, 1.0, 1.0, 1.0, 1.0, 1.0, 1.0, 1.0, 1.0, 1.0, 1.0, 1.0, 1.0, 1.0, 1.0, 1.0, 1.0, 1.0, 1.0, 1.0, 1.0, 1.0, 1.0, 1.0, 1.0, 1.0, 1.0, 1.0, 1.0, 0.95]"
glm-4.7-flash,6c4cccbdfe3340d1de38720b444b4e83,a4245708a05802146ab3eaf378cc414451b48a91398758077eaecd6c630f3acf,True,Carotid Body Paraganglioma,73,74,1571,1979,27,0.3698630136986301,782,0.36919159770846594,1.0,0.3,1.0,27,0.36919159770846594,"[0.3, 0.4, 0.45, 0.4, 0.4, 0.2, 0.45, 0.4, 0.4, 0.35, 0.25, 0.25, 0.35, 0.35, 0.3684, 0.3, 0.45, 0.3, 0.75, 0.35, 0.3, 0.5, 0.4, 0.4, 0.35, 0.1, 0.1, 1.0, 0.85, 1.0, 0.9, 0.9474, 1.0, 1.0, 1.0, 0.95, 0.95, 1.0, 0.95, 1.0, 1.0, 0.95, 1.0, 0.95, 1.0, 1.0, 0.9, 1.0, 1.0, 0.95, 1.0, 1.0, 0.95, 1.0, 1.0, 1.0, 1.0, 1.0, 1.0, 1.0, 1.0, 1.0, 0.95, 1.0, 1.0, 1.0, 1.0, 1.0, 1.0, 1.0, 1.0, 1.0, 1.0, 1.0]"
glm-4.7-flash,6c4cccbdfe3340d1de38720b444b4e83,9168cd942728510904a02deadcd8724e1b05000123846bf0ea1f58f9933cc6b2,False,Accessory Thyroid,121,122,1959,2388,14,0.11570247933884298,419,0.11077080142930067,0.9,0.05,1.0,14,0.11077080142930067,"[0.05, 0.0, 0.1, 0.0, 0.0, 0.0, 0.0, 0.0, 0.0, 0.0, 0.0, 0.0, 0.0, 0.0, 0.9, 1.0, 0.85, 0.95, 1.0, 1.0, 0.95, 0.85, 0.95, 1.0, 0.95, 1.0, 1.0, 1.0, 1.0, 1.0, 0.95, 1.0, 1.0, 1.0, 0.9, 1.0, 1.0, 0.95, 0.9, 0.95, 0.9, 0.95, 1.0, 1.0, 1.0, 1.0, 0.95, 1.0, 1.0, 1.0, 1.0, 1.0, 0.95, 1.0, 1.0, 1.0, 1.0, 1.0, 1.0, 1.0, 1.0, 1.0, 0.95, 1.0, 1.0, 1.0, 1.0, 1.0, 1.0, 1.0, 1.0, 1.0, 1.0, 1.0, 1.0, 1.0, 1.0, 1.0, 1.0, 1.0, 1.0, 1.0, 1.0, 1.0, 1.0, 1.0, 1.0, 1.0, 1.0, 1.0, 1.0, 1.0, 1.0, 1.0, 1.0, 1.0, 1.0, 1.0, 1.0, 1.0, 1.0, 1.0, 1.0, 1.0, 1.0, 1.0, 1.0, 1.0, 1.0, 1.0, 1.0, 1.0, 1.0, 1.0, 1.0, 1.0, 1.0, 1.0, 1.0, 1.0, 1.0, 1.0]"
glm-4.7-flash,967834058a7e6f5cb903d6d983ecba7e,eda4c836c75380ed49ea9cc29771d9cd354855600f164513d2ec79336a207086,True,Beta-Thalassemia Minor/Trait,139,140,2731,3189,18,0.12949640287769784,577,0.13365067740754302,0.8,0.3,1.0,55,0.3870377151226657,"[0.3, 0.55, 0.45, 0.6316, 0.6842, 0.65, 0.2632, 0.45, 0.4, 0.45, 0.55, 0.65, 0.55, 0.6, 0.5, 0.6, 0.6, 0.75, 0.8, 0.7, 0.85, 0.65, 0.85, 0.75, 0.9, 0.95, 0.75, 0.95, 0.9, 0.75, 0.9, 0.8947, 0.8, 0.8, 0.9, 0.9, 0.95, 1.0, 0.9, 0.8421, 1.0, 0.95, 0.85, 0.9, 0.85, 0.85, 0.9, 0.95, 0.8, 0.95, 0.85, 0.9474, 0.85, 0.95, 0.75, 0.9, 0.95, 0.95, 0.9, 0.85, 0.9, 0.9, 0.85, 0.95, 1.0, 0.95, 1.0, 1.0, 0.95, 1.0, 1.0, 1.0, 0.95, 0.95, 0.9, 0.95, 1.0, 0.9474, 1.0, 1.0, 0.95, 0.95, 1.0, 0.9, 0.95, 0.95, 0.9, 1.0, 0.95, 0.9, 0.95, 0.85, 1.0, 1.0, 0.9, 0.9, 0.95, 1.0, 1.0, 0.95, 1.0, 0.9, 0.85, 0.85, 0.95, 0.9, 0.95, 0.9, 1.0, 0.9474, 0.95, 0.95, 0.85, 0.95, 0.95, 0.95, 1.0, 0.95, 0.95, 1.0, 1.0, 1.0, 0.95, 1.0, 0.95, 1.0, 1.0, 1.0, 0.95, 1.0, 1.0, 0.9, 0.95, 0.95, 1.0, 0.95, 1.0, 0.9474, 1.0, 1.0]"
glm-4.7-flash,967834058a7e6f5cb903d6d983ecba7e,ad742c8e9dc9dd77e446a01a065bcd5059f5b1aa6384b8f02720b5155f0f83f6,False,Sickle cell anemia (HbSS),145,146,2699,3193,79,0.5448275862068965,1845,0.6050389032975176,0.8,0.0,0.95,113,0.7754723971841423,"[0.0, 0.05, 0.0, 0.0, 0.05, 0.35, 0.35, 0.55, 0.1, 0.3158, 0.25, 0.05, 0.1, 0.1, 0.15, 0.15, 0.0, 0.1, 0.2, 0.1, 0.05, 0.4, 0.35, 0.35, 0.1, 0.3, 0.35, 0.25, 0.3, 0.25, 0.2, 0.35, 0.3, 0.4, 0.45, 0.5, 0.5, 0.6, 0.8, 0.8, 0.9, 0.9, 0.9, 0.9, 0.95, 0.95, 0.9, 0.9, 0.95, 0.95, 1.0, 1.0, 1.0, 1.0, 0.95, 1.0, 0.95, 1.0, 0.95, 1.0, 1.0, 1.0, 1.0, 1.0, 0.85, 0.95, 0.95, 0.9, 1.0, 1.0, 0.95, 0.85, 1.0, 0.95, 0.8, 0.85, 0.8, 0.7, 0.55, 0.8, 0.85, 0.75, 0.75, 0.75, 0.85, 0.9, 0.65, 0.85, 1.0, 0.75, 0.8, 0.85, 0.9, 0.9, 0.65, 0.85, 0.95, 0.8, 0.9, 0.9, 0.9, 1.0, 0.9, 0.95, 0.9, 1.0, 0.85, 1.0, 0.9, 0.95, 0.85, 0.85, 0.75, 0.9, 0.85, 0.95, 0.85, 0.95, 0.9, 0.95, 0.95, 0.9, 0.9, 1.0, 0.95, 1.0, 0.95, 1.0, 0.9, 1.0, 1.0, 1.0, 0.9, 0.95, 1.0, 0.95, 1.0, 0.85, 0.95, 1.0, 0.95, 1.0, 0.95, 0.95, 0.85, 0.95]"
glm-4.7-flash,bc3da8074eec813548bda5ec813b8a9b,7b4d246d6180bc8067f1f92139c10c1fa714a69317f61d4a707b9c362ba22c62,True,Graves disease,258,259,4635,7007,32,0.12403100775193798,2869,0.16073354908306364,0.8421052631578947,0.75,1.0,95,0.43149946062567424,"[0.75, 0.75, 0.7, 0.5263, 0.55, 0.7, 0.55, 0.5, 0.65, 0.7368, 0.7, 0.6, 0.6842, 0.7, 0.6842, 0.55, 0.65, 0.7, 0.8947, 0.8, 0.9, 0.8, 0.9, 0.9, 0.8, 0.8, 0.55, 0.55, 0.65, 0.75, 0.7, 0.9, 0.8421, 0.8, 0.7, 0.8, 0.8, 0.9, 0.95, 1.0, 0.95, 1.0, 0.9, 1.0, 0.9, 1.0, 1.0, 0.95, 1.0, 1.0, 0.9, 1.0, 1.0, 1.0, 0.95, 1.0, 0.95, 1.0, 0.9, 1.0, 0.95, 1.0, 0.95, 0.9, 1.0, 0.95, 1.0, 1.0, 1.0, 0.95, 0.8947, 0.95, 1.0, 1.0, 0.95, 0.95, 0.95, 1.0, 0.85, 0.95, 0.95, 0.85, 0.8947, 0.95, 1.0, 0.9, 0.9, 0.85, 0.9, 0.95, 0.9, 0.95, 0.85, 0.85, 0.65, 0.85, 1.0, 1.0, 1.0, 1.0, 1.0, 1.0, 0.9474, 0.95, 1.0, 0.9, 1.0, 1.0, 0.95, 1.0, 1.0, 1.0, 0.95, 0.95, 1.0, 1.0, 1.0, 0.95, 1.0, 1.0, 1.0, 1.0, 1.0, 1.0, 1.0, 1.0, 1.0, 1.0, 1.0, 1.0, 0.95, 1.0, 1.0, 1.0, 1.0, 1.0, 1.0, 1.0, 1.0, 1.0, 1.0, 1.0, 0.95, 1.0, 1.0, 1.0, 1.0, 1.0, 1.0, 1.0, 1.0, 1.0, 1.0, 1.0, 1.0, 1.0, 1.0, 1.0, 1.0, 1.0, 0.95, 1.0, 1.0, 1.0, 1.0, 0.95, 1.0, 0.95, 1.0, 1.0, 1.0, 1.0, 1.0, 1.0, 1.0, 1.0, 1.0, 1.0, 1.0, 1.0, 1.0, 1.0, 1.0, 1.0, 0.95, 1.0, 1.0, 1.0, 1.0, 1.0, 1.0, 1.0, 1.0, 1.0, 1.0, 0.95, 1.0, 1.0, 1.0, 1.0, 1.0, 1.0, 1.0, 1.0, 1.0, 1.0, 1.0, 1.0, 1.0, 1.0, 1.0, 1.0, 1.0, 1.0, 1.0, 1.0, 1.0, 1.0, 1.0, 1.0, 1.0, 1.0, 1.0, 1.0, 1.0, 1.0, 1.0, 1.0, 1.0, 1.0, 1.0, 1.0, 1.0, 1.0, 1.0, 0.95, 1.0, 1.0, 1.0, 1.0, 1.0, 1.0, 1.0, 1.0, 1.0, 1.0, 1.0, 1.0, 1.0, 1.0, 1.0, 0.95, 1.0, 1.0, 1.0, 1.0, 1.0, 1.0, 1.0]"
glm-4.7-flash,bc3da8074eec813548bda5ec813b8a9b,835f0d6cb931a2b37d1852d4995589cb4878edf668bffca0907716ba70d68909,False,Schizophrenia,4,5,55,9333,0,0.0,2124,0.0,0.1,0.1,0.2631578947368421,2,0.5272727272727272,"[0.1, 0.05, 0.1, 0.15, 0.2632]"
glm-4.7-flash,d9e1496466a6206a8617add56ddce386,4832f6608e50ef415dbca3b9f98755a7b07f25a793e3e9a6a9ad202846d4b6ac,True,Acute on chronic pancreatitis,84,85,1796,2201,62,0.7380952380952381,1527,0.7483296213808464,0.85,0.0,1.0,67,0.8173719376391982,"[0.0, 0.0, 0.0, 0.0, 0.0, 0.0, 0.0, 0.0, 0.0, 0.05, 0.0, 0.0, 0.0, 0.0, 0.0, 0.0, 0.05, 0.05, 0.0, 0.0, 0.0, 0.0, 0.0, 0.05, 0.0, 0.0, 0.0, 0.0, 0.0, 0.05, 0.0, 0.1, 0.0, 0.05, 0.0, 0.0, 0.0, 0.05, 0.1, 0.1, 0.1, 0.25, 0.1, 0.05, 0.2, 0.05, 0.1, 0.15, 0.15, 0.4, 0.6, 0.85, 0.75, 0.75, 0.65, 0.8, 0.7, 0.65, 0.85, 0.7, 0.6, 0.6, 0.85, 0.8, 0.7, 0.85, 0.7, 1.0, 1.0, 0.9474, 0.85, 0.9, 1.0, 1.0, 1.0, 1.0, 1.0, 1.0, 1.0, 1.0, 1.0, 1.0, 0.95, 1.0, 1.0]"
glm-4.7-flash,d9e1496466a6206a8617add56ddce386,59e56862785c3d6bfd45af63b8ce099661b5ddb3bc6491d8f3083afe69cbc8d6,False,Malignant neoplasm of the pancreas,29,30,720,1096,15,0.5172413793103449,492,0.42916666666666664,0.85,0.1,1.0,17,0.475,"[0.1, 0.25, 0.25, 0.25, 0.3, 0.35, 0.25, 0.75, 0.6, 0.8, 0.7, 0.8, 0.85, 0.85, 0.5, 0.85, 0.75, 0.9, 1.0, 1.0, 1.0, 1.0, 1.0, 1.0, 1.0, 1.0, 1.0, 1.0, 1.0, 1.0]"
glm-4.7-flash,fc75c4214c86972be10f49fa2b6b58ee,df6b1577bd0ecf9ff12e4ea93100695860425c9f4655060cf06b91433695d26f,False,Recurrent oligodendroglioma,338,339,5472,6381,183,0.5414201183431953,3564,0.5425804093567251,0.8,0.0,1.0,237,0.7231359649122807,"[0.0, 0.05, 0.15, 0.2632, 0.1111, 0.0, 0.05, 0.0, 0.1, 0.0, 0.15, 0.0526, 0.0, 0.05, 0.05, 0.0556, 0.1053, 0.05, 0.15, 0.1111, 0.05, 0.05, 0.15, 0.1667, 0.1111, 0.25, 0.2632, 0.2222, 0.1176, 0.15, 0.3333, 0.1579, 0.1, 0.15, 0.3, 0.15, 0.1579, 0.4, 0.2105, 0.1579, 0.2105, 0.1, 0.2, 0.2222, 0.15, 0.2632, 0.15, 0.2632, 0.45, 0.4, 0.3158, 0.6, 0.35, 0.3684, 0.45, 0.3, 0.45, 0.4, 0.55, 0.45, 0.4, 0.5, 0.5789, 0.2632, 0.45, 0.5263, 0.5, 0.25, 0.7895, 0.35, 0.5, 0.5789, 0.5, 0.2, 0.4737, 0.5263, 0.5789, 0.5, 0.75, 0.45, 0.45, 0.65, 0.6, 0.7, 0.5, 0.45, 0.55, 0.75, 0.3, 0.5, 0.45, 0.6, 0.45, 0.6842, 0.4, 0.55, 0.35, 0.35, 0.5, 0.35, 0.5263, 0.5, 0.6, 0.5, 0.55, 0.65, 0.5789, 0.5, 0.3, 0.55, 0.6316, 0.55, 0.4737, 0.5, 0.3684, 0.65, 0.4737, 0.45, 0.75, 0.75, 0.3158, 0.55, 0.5, 0.6, 0.55, 0.7368, 0.5, 0.55, 0.85, 0.55, 0.65, 0.65, 0.6, 0.6, 0.6, 0.5, 0.6316, 0.55, 0.55, 0.35, 0.75, 0.45, 0.75, 0.4737, 0.55, 0.7, 0.85, 0.7, 0.75, 0.75, 0.75, 0.75, 0.5, 0.7, 0.85, 0.85, 0.8, 0.75, 0.7, 0.6842, 0.8, 0.85, 0.65, 0.7, 0.65, 0.75, 0.75, 0.75, 0.6316, 0.8, 0.55, 0.75, 0.65, 0.8, 0.7, 0.8, 0.75, 0.8, 0.75, 0.55, 0.7, 0.9, 0.65, 0.8, 0.7, 0.9, 0.95, 0.8, 0.9, 0.8, 0.9, 0.85, 0.85, 0.75, 0.8, 0.85, 0.9, 0.85, 0.9, 0.9, 0.9, 0.85, 0.95, 0.85, 0.9, 0.95, 0.85, 0.85, 0.75, 0.85, 1.0, 0.85, 0.9, 0.8, 0.75, 0.8, 0.85, 0.75, 0.75, 0.65, 0.9, 0.8, 0.75, 0.95, 0.85, 0.65, 0.9, 0.75, 0.95, 0.8, 0.7, 0.95, 0.9, 0.9, 0.95, 0.95, 0.75, 0.85, 0.9, 0.95, 1.0, 0.9, 0.8, 0.95, 0.9, 0.95, 0.9, 0.95, 0.85, 0.85, 0.85, 0.95, 0.95, 0.95, 1.0, 0.85, 1.0, 1.0, 0.95, 0.8, 0.8, 1.0, 0.85, 0.85, 1.0, 0.9, 0.95, 0.95, 0.95, 1.0, 0.9, 0.85, 1.0, 1.0, 0.85, 0.95, 0.95, 0.85, 0.95, 0.9, 0.9, 1.0, 0.85, 1.0, 1.0, 1.0, 0.95, 1.0, 1.0, 0.95, 1.0, 1.0, 1.0, 1.0, 0.95, 1.0, 1.0, 1.0, 1.0, 1.0, 1.0, 1.0, 0.95, 1.0, 1.0, 1.0, 1.0, 1.0, 1.0, 1.0, 1.0, 1.0, 1.0, 1.0, 0.95, 1.0, 1.0, 0.95, 1.0, 1.0, 1.0, 1.0, 1.0, 1.0, 0.95, 1.0, 1.0, 1.0, 1.0, 1.0, 1.0, 1.0, 1.0, 1.0, 1.0, 0.95, 1.0, 1.0, 1.0]"
glm-4.7-flash,224470287933cd1645a9c37f922eb1c8,359cff442f436934632dbdee6ae6fec7f1870a98f89bcb1f32d2b9df8ea4eee4,False,Aortic Stenosis,292,293,4834,5231,154,0.5273972602739726,2745,0.5355812991311544,0.95,0.0,1.0,168,0.5709557302441043,"[0.0, 0.1, 0.15, 0.3, 0.2105, 0.05, 0.05, 0.3158, 0.3, 0.2, 0.55, 0.45, 0.3684, 0.75, 0.35, 0.5, 0.6, 0.55, 0.75, 0.75, 0.6, 0.65, 0.6, 0.6, 0.6, 0.45, 0.75, 0.75, 0.7, 0.6, 0.45, 0.9, 0.75, 0.75, 0.75, 0.65, 0.8, 0.55, 0.8, 0.65, 0.9, 0.5263, 0.85, 0.75, 0.55, 0.65, 0.75, 0.65, 0.6316, 0.8, 0.6842, 0.85, 0.8, 0.7895, 0.7895, 0.85, 0.9, 0.75, 0.8, 0.85, 0.7, 0.75, 0.7, 0.75, 0.5789, 0.8, 0.6842, 0.7, 0.65, 0.65, 0.8, 0.5, 0.6, 0.65, 0.7, 0.7, 0.9, 0.8, 0.65, 0.65, 0.5, 0.65, 0.75, 0.45, 0.55, 0.5, 0.6, 0.6, 0.8, 0.75, 0.55, 0.55, 0.7, 0.75, 0.8, 0.7, 0.75, 0.6842, 0.8, 0.75, 0.75, 0.8, 0.7, 1.0, 0.85, 0.6, 0.75, 0.85, 0.9, 0.7, 0.7, 0.65, 0.9, 0.7, 0.8, 0.8, 0.95, 0.85, 0.75, 0.75, 0.9, 0.85, 0.8, 1.0, 0.75, 0.8, 0.85, 0.7, 0.75, 0.75, 0.8, 0.8, 0.8, 0.8, 0.8, 0.7368, 0.85, 0.75, 0.7, 0.9, 0.8, 0.7, 0.7, 0.7, 0.9, 0.85, 0.75, 0.65, 0.8, 0.6, 0.7, 0.7, 0.65, 0.75, 0.95, 0.9, 0.8, 0.85, 0.8, 0.7895, 0.85, 0.8, 0.8, 0.75, 0.9, 0.85, 0.85, 0.75, 1.0, 0.95, 0.95, 0.85, 0.8, 0.85, 0.95, 1.0, 0.8, 0.95, 0.95, 0.9, 0.9, 0.95, 1.0, 1.0, 1.0, 0.95, 0.9, 0.95, 0.95, 1.0, 1.0, 1.0, 1.0, 1.0, 0.95, 1.0, 1.0, 0.95, 1.0, 0.95, 1.0, 0.95, 1.0, 1.0, 1.0, 0.95, 0.95, 0.95, 1.0, 0.95, 1.0, 0.95, 1.0, 0.95, 0.9, 0.95, 1.0, 1.0, 0.95, 0.95, 1.0, 1.0, 1.0, 0.95, 0.95, 1.0, 1.0, 1.0, 1.0, 1.0, 1.0, 0.95, 0.95, 1.0, 1.0, 1.0, 1.0, 1.0, 0.95, 1.0, 1.0, 1.0, 1.0, 1.0, 1.0, 0.9474, 1.0, 1.0, 1.0, 0.95, 1.0, 1.0, 1.0, 1.0, 1.0, 1.0, 0.95, 1.0, 1.0, 1.0, 1.0, 1.0, 1.0, 1.0, 1.0, 0.95, 1.0, 1.0, 1.0, 1.0, 1.0, 0.9474, 1.0, 1.0, 1.0, 1.0, 0.95, 1.0, 1.0, 1.0, 1.0, 1.0, 1.0, 1.0, 1.0, 1.0, 1.0, 1.0, 1.0, 1.0, 1.0, 1.0, 1.0]"
glm-4.7-flash,6cae95de019b8b107893b29e2418ab4a,2b0bb813ccc85be002ad035be0469a9f4bb2541e47319d877eade7a2cce4a553,False,Scabies,38,39,695,976,17,0.4473684210526316,510,0.34532374100719426,0.95,0.1,1.0,17,0.34532374100719426,"[0.1, 0.25, 0.15, 0.15, 0.4, 0.35, 0.15, 0.25, 0.15, 0.2, 0.3, 0.35, 0.05, 0.45, 0.15, 0.3, 0.6, 0.95, 0.9, 1.0, 1.0, 1.0, 1.0, 1.0, 1.0, 1.0, 1.0, 1.0, 1.0, 1.0, 1.0, 1.0, 1.0, 1.0, 1.0, 1.0, 1.0, 1.0, 1.0]"
glm-4.7-flash,99056c3c2db73e4929ee1df107d73688,7592260487d6f9cd04f81c45106c55307e4407267885c175ef75fb5c81c3d1c4,True,Benign Neonatal Hyperbilirubinemia,196,197,3559,3883,37,0.18877551020408162,1036,0.20398988479910088,0.8,0.25,1.0,59,0.33267771846024163,"[0.25, 0.2, 0.3, 0.25, 0.5, 0.5263, 0.25, 0.4, 0.45, 0.15, 0.35, 0.3, 0.25, 0.3, 0.5, 0.4, 0.4, 0.35, 0.35, 0.25, 0.3, 0.25, 0.3, 0.45, 0.7, 0.5, 0.6, 0.65, 0.6, 0.45, 0.5789, 0.55, 0.55, 0.4, 0.75, 0.7, 0.9, 0.8, 0.8, 0.8, 0.7, 0.7, 0.75, 0.9, 0.7, 0.85, 0.85, 0.7, 0.75, 0.85, 0.85, 0.85, 0.7, 0.75, 0.8, 1.0, 0.8, 0.9, 0.75, 0.9, 0.85, 0.85, 0.85, 0.85, 0.9, 0.95, 1.0, 1.0, 0.9, 1.0, 1.0, 1.0, 1.0, 1.0, 1.0, 1.0, 1.0, 1.0, 1.0, 1.0, 1.0, 1.0, 1.0, 1.0, 1.0, 1.0, 1.0, 1.0, 1.0, 1.0, 1.0, 1.0, 1.0, 1.0, 1.0, 1.0, 1.0, 1.0, 1.0, 1.0, 1.0, 1.0, 1.0, 1.0, 1.0, 1.0, 1.0, 1.0, 1.0, 1.0, 1.0, 1.0, 1.0, 1.0, 1.0, 1.0, 1.0, 1.0, 1.0, 1.0, 1.0, 1.0, 1.0, 1.0, 1.0, 1.0, 1.0, 1.0, 1.0, 1.0, 1.0, 1.0, 1.0, 1.0, 1.0, 1.0, 1.0, 1.0, 1.0, 1.0, 1.0, 1.0, 1.0, 1.0, 1.0, 1.0, 1.0, 1.0, 1.0, 1.0, 1.0, 1.0, 1.0, 1.0, 1.0, 1.0, 1.0, 1.0, 1.0, 1.0, 1.0, 1.0, 1.0, 1.0, 1.0, 1.0, 1.0, 1.0, 1.0, 1.0, 1.0, 1.0, 1.0, 1.0, 1.0, 1.0, 1.0, 1.0, 1.0, 1.0, 0.95, 1.0, 1.0, 1.0, 1.0, 1.0, 1.0, 1.0, 1.0, 1.0, 1.0, 1.0, 1.0, 1.0, 1.0, 1.0, 1.0]"
glm-4.7-flash,99056c3c2db73e4929ee1df107d73688,4b818a1d0d28d2f296e2ee401ef3cabb56c6bb7831fd0e2a3260b91a8a1bf61e,False,Physiologic Jaundice,288,289,5344,5669,120,0.4166666666666667,2565,0.4219685628742515,0.9,0.3,1.0,127,0.45190868263473055,"[0.3, 0.0526, 0.05, 0.15, 0.0526, 0.05, 0.2, 0.0526, 0.0, 0.3, 0.1, 0.05, 0.3, 0.05, 0.1, 0.2, 0.3158, 0.2, 0.2, 0.15, 0.45, 0.3, 0.2, 0.25, 0.15, 0.25, 0.3, 0.35, 0.1579, 0.2632, 0.1, 0.0, 0.05, 0.1053, 0.05, 0.05, 0.0526, 0.05, 0.2, 0.15, 0.05, 0.0, 0.2, 0.0526, 0.05, 0.15, 0.05, 0.05, 0.05, 0.1, 0.1, 0.1, 0.1, 0.1, 0.1, 0.1, 0.1, 0.1, 0.05, 0.0, 0.15, 0.15, 0.2, 0.15, 0.25, 0.2, 0.1, 0.2632, 0.3, 0.15, 0.0, 0.4, 0.2, 0.1, 0.2, 0.1, 0.35, 0.3, 0.3, 0.3, 0.25, 0.1, 0.15, 0.15, 0.2, 0.15, 0.2, 0.25, 0.45, 0.5, 0.4, 0.15, 0.7, 0.6, 0.6, 0.55, 0.4, 0.7, 0.65, 0.75, 0.6, 0.75, 0.5, 0.65, 0.55, 0.55, 0.5, 0.45, 0.55, 0.6, 0.45, 0.45, 0.35, 0.3, 0.45, 0.65, 0.6, 0.7, 0.55, 0.65, 0.9, 0.9, 0.8, 0.8, 0.8, 0.8, 0.75, 0.9, 0.8, 0.9, 0.95, 0.9, 0.95, 0.9, 0.95, 1.0, 1.0, 0.85, 0.85, 0.85, 0.9, 0.95, 0.95, 0.95, 0.95, 0.95, 1.0, 0.95, 1.0, 0.95, 1.0, 0.9, 1.0, 1.0, 0.95, 0.95, 1.0, 0.9, 0.9, 1.0, 1.0, 0.95, 0.95, 1.0, 0.95, 0.95, 1.0, 0.9, 0.95, 1.0, 0.95, 1.0, 0.95, 0.9, 0.95, 0.95, 1.0, 0.95, 0.9, 1.0, 0.95, 0.95, 0.95, 0.95, 0.9, 0.9, 0.95, 0.85, 1.0, 0.9, 0.9, 0.95, 1.0, 0.9, 0.85, 1.0, 0.9, 1.0, 1.0, 0.95, 0.9, 0.85, 1.0, 1.0, 1.0, 0.95, 0.9, 1.0, 1.0, 0.95, 0.9, 1.0, 0.9, 1.0, 1.0, 1.0, 1.0, 1.0, 1.0, 1.0, 0.95, 1.0, 1.0, 1.0, 1.0, 1.0, 1.0, 1.0, 1.0, 1.0, 0.95, 1.0, 1.0, 0.95, 1.0, 0.9, 1.0, 1.0, 1.0, 1.0, 1.0, 1.0, 1.0, 1.0, 1.0, 1.0, 1.0, 1.0, 1.0, 1.0, 1.0, 1.0, 1.0, 1.0, 1.0, 1.0, 1.0, 1.0, 1.0, 1.0, 1.0, 1.0, 1.0, 1.0, 1.0, 1.0, 0.95, 1.0, 1.0, 1.0, 1.0, 1.0, 1.0, 0.95, 1.0, 1.0, 0.95, 1.0, 1.0, 1.0, 1.0, 1.0, 1.0, 1.0, 1.0, 1.0, 1.0, 1.0, 1.0]"
glm-4.7-flash,bcac057435ccb3a54effa545db18a3d1,14a9b7522b4cb2610599acb324459642a60f0dae90a3b4419b89c1bca9e7b611,True,Idiopathic Periumbilical Reticulate Hyperpigmentation,105,106,2162,2357,34,0.3238095238095238,965,0.364477335800185,0.8,0.0,1.0,34,0.364477335800185,"[0.0, 0.0, 0.0, 0.0, 0.0, 0.0, 0.0, 0.0, 0.05, 0.05, 0.0, 0.0, 0.05, 0.0, 0.05, 0.0, 0.1053, 0.05, 0.05, 0.05, 0.05, 0.0, 0.05, 0.0, 0.0, 0.0, 0.0, 0.0, 0.05, 0.0, 0.0, 0.0, 0.0, 0.0, 0.8, 0.9, 1.0, 1.0, 0.95, 1.0, 1.0, 0.95, 1.0, 1.0, 1.0, 0.95, 1.0, 1.0, 1.0, 0.95, 1.0, 1.0, 1.0, 1.0, 1.0, 1.0, 1.0, 0.95, 1.0, 1.0, 1.0, 1.0, 1.0, 1.0, 1.0, 1.0, 1.0, 1.0, 1.0, 1.0, 1.0, 1.0, 1.0, 1.0, 1.0, 1.0, 1.0, 1.0, 1.0, 1.0, 1.0, 1.0, 1.0, 1.0, 1.0, 1.0, 1.0, 1.0, 1.0, 1.0, 1.0, 1.0, 1.0, 1.0, 1.0, 1.0, 1.0, 1.0, 1.0, 1.0, 1.0, 1.0, 1.0, 1.0, 1.0, 1.0]"
glm-4.7-flash,bcac057435ccb3a54effa545db18a3d1,de8f5db17e20ac7312441fe1aebaff9d1a294cccc9bf86644d12bfa216eefb6c,False,Incontinentia Pigmenti,332,333,4778,5411,133,0.4006024096385542,2136,0.41000418585182086,0.8,0.0,1.0,188,0.5583926329007953,"[0.0, 0.0, 0.05, 0.0, 0.05, 0.0, 0.0, 0.05, 0.0, 0.0, 0.0, 0.0, 0.0, 0.0, 0.0, 0.0, 0.0, 0.0, 0.0, 0.0, 0.0, 0.0, 0.0, 0.0, 0.05, 0.0, 0.0, 0.0, 0.0, 0.0, 0.0, 0.2, 0.45, 0.05, 0.2, 0.1053, 0.0, 0.25, 0.25, 0.1579, 0.2632, 0.2, 0.3, 0.15, 0.2632, 0.65, 0.75, 0.45, 0.65, 0.6, 0.5, 0.6842, 0.6, 0.65, 0.4737, 0.3, 0.6, 0.45, 0.7, 0.55, 0.45, 0.4, 0.6316, 0.55, 0.25, 0.65, 0.55, 0.4, 0.5, 0.4, 0.55, 0.6, 0.7, 0.85, 0.65, 0.85, 0.75, 0.75, 0.6, 0.9, 0.9, 0.75, 0.85, 0.85, 0.85, 0.8, 0.95, 0.6, 0.8, 0.75, 0.7, 0.4, 0.6, 0.75, 0.65, 0.55, 0.7, 0.7, 0.9, 0.8, 0.75, 0.7, 0.7, 0.75, 0.7, 0.75, 0.6316, 0.5, 0.65, 0.8, 0.9, 0.9, 0.7, 0.8, 0.7, 0.8, 0.8, 0.65, 0.85, 0.75, 0.6316, 0.8, 0.85, 0.7, 0.5, 0.9, 0.65, 0.8, 0.7, 0.75, 0.75, 0.55, 0.7, 0.8, 0.7, 0.9, 0.75, 0.85, 0.7, 0.7, 0.9, 0.9, 0.7, 0.95, 0.9, 0.8, 0.8, 0.85, 0.75, 1.0, 0.8, 0.9, 0.9, 0.9, 0.85, 0.85, 0.9, 0.95, 0.9, 0.9, 0.85, 0.9, 0.8, 0.95, 1.0, 0.9, 0.9, 0.95, 0.95, 0.9, 0.95, 0.9, 0.8, 0.85, 0.85, 0.8, 0.9, 0.9, 0.85, 0.85, 0.8, 0.95, 0.9, 0.9, 0.9, 0.85, 0.85, 0.75, 0.9, 0.8, 0.95, 1.0, 0.9, 0.95, 0.85, 0.9, 0.85, 0.95, 1.0, 1.0, 0.8947, 0.9, 1.0, 0.95, 0.95, 0.95, 0.9, 1.0, 0.9, 1.0, 0.9, 0.95, 1.0, 1.0, 1.0, 1.0, 1.0, 1.0, 1.0, 1.0, 1.0, 1.0, 1.0, 1.0, 1.0, 0.95, 1.0, 1.0, 0.95, 1.0, 1.0, 0.95, 1.0, 0.95, 1.0, 0.95, 1.0, 1.0, 0.95, 1.0, 1.0, 1.0, 0.95, 1.0, 1.0, 0.95, 0.95, 1.0, 1.0, 1.0, 1.0, 1.0, 1.0, 1.0, 1.0, 1.0, 1.0, 1.0, 1.0, 0.95, 1.0, 1.0, 1.0, 1.0, 0.95, 1.0, 1.0, 1.0, 1.0, 1.0, 1.0, 1.0, 1.0, 1.0, 1.0, 1.0, 1.0, 1.0, 1.0, 1.0, 1.0, 1.0, 1.0, 1.0, 1.0, 1.0, 1.0, 1.0, 1.0, 1.0, 0.9, 0.95, 1.0, 1.0, 1.0, 1.0, 1.0, 1.0, 0.95, 1.0, 0.95, 1.0, 1.0, 1.0, 1.0, 1.0, 1.0, 1.0, 1.0, 0.95, 1.0, 1.0, 1.0, 1.0, 1.0, 1.0, 1.0, 1.0, 1.0, 1.0, 1.0, 1.0, 1.0, 1.0, 1.0, 1.0, 1.0, 1.0, 1.0, 1.0, 1.0, 1.0, 1.0]"
glm-4.7-flash,da2bd7e45b94e13e1fb97126ca03fcc4,920e3bdd25392d30f25583e0461dd8083fe64e47e8f1f868b09973b0a87044f0,True,Angiomatoid Malignant Fibrous Histiocytoma,193,194,3672,3853,117,0.6062176165803109,2349,0.5980392156862745,0.85,0.0,1.0,117,0.5980392156862745,"[0.0, 0.0, 0.0, 0.0, 0.0, 0.0, 0.0, 0.0, 0.0, 0.0, 0.0, 0.0, 0.0, 0.0, 0.0, 0.0, 0.1579, 0.15, 0.0, 0.0, 0.1, 0.05, 0.05, 0.05, 0.0, 0.05, 0.05, 0.1, 0.1, 0.15, 0.05, 0.1579, 0.15, 0.5, 0.15, 0.25, 0.1579, 0.2, 0.15, 0.05, 0.1, 0.1, 0.0, 0.05, 0.05, 0.2, 0.1, 0.1, 0.05, 0.15, 0.1, 0.2105, 0.0, 0.3, 0.15, 0.2, 0.1, 0.15, 0.15, 0.45, 0.1, 0.05, 0.3, 0.1, 0.45, 0.25, 0.3, 0.2632, 0.6, 0.6, 0.65, 0.55, 0.8, 0.55, 0.55, 0.85, 0.5, 0.65, 0.5, 0.75, 0.6, 0.6, 0.5, 0.6, 0.7, 0.7368, 0.75, 0.75, 0.9, 0.75, 0.75, 0.75, 0.65, 0.75, 0.95, 0.7, 0.6, 0.6, 0.45, 0.6, 0.55, 0.3684, 0.85, 0.6, 0.75, 0.65, 0.6, 0.55, 0.7, 0.9, 0.85, 0.6842, 0.8, 0.8, 0.4, 0.45, 0.7, 0.85, 0.95, 0.9, 0.9, 0.9474, 0.95, 1.0, 0.95, 1.0, 0.95, 0.95, 1.0, 1.0, 1.0, 1.0, 1.0, 0.85, 1.0, 1.0, 1.0, 0.95, 1.0, 1.0, 1.0, 1.0, 1.0, 0.9, 0.95, 1.0, 0.95, 1.0, 1.0, 1.0, 1.0, 1.0, 1.0, 1.0, 1.0, 0.95, 1.0, 1.0, 0.9, 0.95, 1.0, 1.0, 1.0, 0.95, 1.0, 1.0, 1.0, 1.0, 1.0, 1.0, 1.0, 1.0, 0.95, 1.0, 1.0, 0.95, 0.95, 1.0, 1.0, 1.0, 0.95, 1.0, 1.0, 1.0, 1.0, 1.0, 1.0, 1.0, 1.0, 1.0, 1.0, 1.0, 1.0, 1.0]"
glm-4.7-flash,da2bd7e45b94e13e1fb97126ca03fcc4,c37874945d095004de3e135a7755fcfc78316b5e287ac9cdc9f8ce23cc59fcff,False,Kaposiform Hemangioendothelioma,62,63,1510,1856,23,0.3709677419354839,708,0.3675496688741722,0.8,0.05,1.0,32,0.5490066225165563,"[0.05, 0.0, 0.0, 0.0, 0.0, 0.05, 0.0, 0.0, 0.1, 0.0, 0.05, 0.25, 0.15, 0.05, 0.15, 0.1, 0.3, 0.55, 0.5, 0.55, 0.4, 0.35, 0.7, 0.8, 0.7, 0.9, 0.9, 0.95, 0.9, 0.95, 0.95, 0.7, 1.0, 1.0, 1.0, 0.95, 1.0, 1.0, 0.95, 1.0, 1.0, 0.95, 1.0, 1.0, 0.95, 1.0, 1.0, 1.0, 0.95, 0.95, 1.0, 1.0, 1.0, 1.0, 1.0, 1.0, 1.0, 1.0, 1.0, 1.0, 1.0, 1.0, 1.0]"
glm-4.7-flash,24686977bb5ff6eaee7dac452c92c4be,1ad07400b2dad6ab74fb94a1e9aa3286d662753f691ea8b4ea007f608768e068,True,Sphenoid Sinus Inflammatory Pseudotumor,51,52,1260,3539,13,0.2549019607843137,2234,0.2706349206349206,0.8,0.05,1.0,13,0.2706349206349206,"[0.05, 0.0, 0.0, 0.0, 0.0, 0.05, 0.05, 0.0, 0.0, 0.0, 0.0, 0.0, 0.0, 0.8, 0.9, 1.0, 1.0, 1.0, 0.95, 0.9, 1.0, 0.95, 0.8, 1.0, 1.0, 0.95, 0.85, 0.95, 0.95, 0.85, 1.0, 1.0, 1.0, 1.0, 1.0, 1.0, 1.0, 1.0, 1.0, 1.0, 1.0, 1.0, 1.0, 1.0, 1.0, 1.0, 1.0, 1.0, 1.0, 1.0, 1.0, 1.0]"
glm-4.7-flash,24686977bb5ff6eaee7dac452c92c4be,75839765f4c227068f0b1d89cbb15b59791db7348344d33258a266ec71832dc7,False,Granulomatous Hypophysitis,134,135,2752,4863,73,0.5447761194029851,3547,0.6010174418604651,0.8,0.0,0.95,96,0.7474563953488372,"[0.0, 0.15, 0.0556, 0.15, 0.15, 0.1053, 0.0, 0.15, 0.15, 0.2, 0.15, 0.1053, 0.1, 0.1, 0.1, 0.15, 0.15, 0.3, 0.15, 0.05, 0.15, 0.1, 0.35, 0.05, 0.3, 0.25, 0.1, 0.25, 0.2, 0.3, 0.4, 0.25, 0.1, 0.4, 0.05, 0.1053, 0.1053, 0.05, 0.3, 0.1, 0.2, 0.1, 0.3, 0.25, 0.2, 0.25, 0.1, 0.25, 0.25, 0.25, 0.2, 0.2, 0.15, 0.0, 0.05, 0.05, 0.05, 0.3, 0.1579, 0.0, 0.25, 0.15, 0.15, 0.15, 0.05, 0.25, 0.1, 0.15, 0.2, 0.15, 0.55, 0.4, 0.4, 0.8, 0.7, 0.8, 0.7, 0.65, 0.7, 0.75, 0.75, 0.8947, 0.9, 0.9474, 0.85, 0.85, 0.9, 1.0, 0.8, 0.95, 0.85, 0.85, 0.85, 0.75, 0.75, 0.75, 1.0, 0.85, 0.9, 0.9, 1.0, 1.0, 1.0, 1.0, 1.0, 1.0, 1.0, 0.95, 1.0, 1.0, 1.0, 1.0, 1.0, 1.0, 1.0, 1.0, 1.0, 0.95, 1.0, 1.0, 1.0, 1.0, 1.0, 0.9, 1.0, 1.0, 1.0, 1.0, 1.0, 1.0, 1.0, 1.0, 1.0, 1.0, 0.95]"
glm-4.7-flash,47601c56544121804558b55dbddc694b,79393d9abcf4205932effabf3c12e683b2d326214ae4134be4d1eab004a2d7cd,True,Secondary syphilis,69,70,1404,1743,26,0.37681159420289856,634,0.3368945868945869,0.95,0.6,1.0,48,0.6951566951566952,"[0.6, 0.6, 0.55, 0.6, 0.15, 0.5, 0.45, 0.45, 0.6, 0.55, 0.5, 0.25, 0.45, 0.5, 0.3, 0.35, 0.45, 0.45, 0.45, 0.3, 0.4, 0.35, 0.35, 0.15, 0.45, 0.25, 0.95, 0.9, 0.85, 0.95, 0.95, 0.95, 1.0, 1.0, 0.9474, 0.85, 0.8, 0.75, 0.8, 0.9, 0.9, 0.95, 0.8, 0.9, 0.85, 0.8, 0.9, 0.75, 0.95, 0.8, 0.9, 0.9, 0.95, 1.0, 0.95, 1.0, 1.0, 1.0, 1.0, 1.0, 1.0, 1.0, 1.0, 1.0, 0.95, 0.95, 1.0, 1.0, 1.0, 1.0]"
glm-4.7-flash,47601c56544121804558b55dbddc694b,d977d9afafeaac901b5db5a0e63be540855e83623217f8583a2ef67bd87cc646,False,"Leprosy, unspecified",93,94,2197,2822,38,0.40860215053763443,1014,0.3882567137005007,0.8,0.0,1.0,38,0.3882567137005007,"[0.0, 0.0, 0.05, 0.0, 0.2, 0.0, 0.0, 0.0, 0.05, 0.15, 0.1, 0.1, 0.1, 0.15, 0.15, 0.2, 0.2, 0.35, 0.5, 0.25, 0.5, 0.5, 0.45, 0.6, 0.55, 0.65, 0.55, 0.45, 0.3, 0.55, 0.45, 0.25, 0.4, 0.55, 0.4, 0.4, 0.45, 0.75, 0.8, 0.8, 0.95, 0.95, 1.0, 1.0, 1.0, 0.9, 1.0, 0.8947, 0.9, 1.0, 0.85, 0.95, 0.95, 0.95, 1.0, 0.95, 0.95, 0.95, 0.85, 1.0, 0.95, 0.9, 0.9, 1.0, 0.85, 0.9, 1.0, 0.95, 0.95, 0.9, 0.95, 1.0, 0.95, 0.95, 0.9, 0.8947, 1.0, 0.95, 1.0, 1.0, 0.85, 1.0, 1.0, 0.95, 0.9, 1.0, 0.9, 0.95, 1.0, 0.95, 1.0, 1.0, 0.95, 1.0]"
glm-4.7-flash,711f389c59ebfcb9eb04d37c86efae77,2b5c1412cd0c7cf86f45b89c848bf2c91b58cf1e5aaf5f2ffa8e42649df9e158,True,Primary Dysmenorrhea,55,56,1081,1440,17,0.3090909090909091,536,0.28307123034227566,0.8,0.55,1.0,17,0.28307123034227566,"[0.55, 0.75, 0.8, 0.6, 0.7, 0.55, 0.9, 0.4, 0.45, 0.55, 0.75, 0.75, 0.7, 0.5, 0.65, 0.55, 0.55, 0.8, 1.0, 1.0, 1.0, 1.0, 1.0, 1.0, 0.9474, 1.0, 0.9, 0.95, 0.95, 0.95, 0.95, 1.0, 1.0, 1.0, 1.0, 0.95, 1.0, 1.0, 1.0, 1.0, 1.0, 1.0, 1.0, 1.0, 1.0, 1.0, 1.0, 1.0, 1.0, 1.0, 1.0, 1.0, 1.0, 1.0, 1.0, 1.0]"
glm-4.7-flash,711f389c59ebfcb9eb04d37c86efae77,1c8db804d7c7a8df06d94e3b7f51205dd6193e95aa253e4a65f52c88277ee0a2,False,Endometriosis,58,59,1236,1596,31,0.5344827586206896,798,0.459546925566343,0.85,0.15,1.0,39,0.6343042071197411,"[0.15, 0.3, 0.25, 0.25, 0.25, 0.05, 0.2, 0.25, 0.1, 0.3, 0.1, 0.35, 0.1, 0.15, 0.4, 0.15, 0.2, 0.2, 0.25, 0.35, 0.3, 0.4, 0.35, 0.55, 0.4, 0.3, 0.5, 0.25, 0.35, 0.35, 0.45, 0.85, 0.85, 0.8, 0.85, 0.65, 0.65, 0.75, 0.7, 0.95, 0.95, 1.0, 0.9, 1.0, 0.95, 1.0, 1.0, 0.95, 1.0, 1.0, 1.0, 1.0, 1.0, 1.0, 1.0, 1.0, 1.0, 1.0, 1.0]"
glm-4.7-flash,9c22e95143200153a9b0c049452517e1,e48537ceb9aa459ad6d9aa0db3f8905548be7e80f992e63c947fc88ded72c871,True,Idiopathic Intracranial Hypertension,196,197,4057,6441,92,0.46938775510204084,4109,0.4298742913482869,0.9,0.2,1.0,101,0.48779886615725904,"[0.2, 0.3, 0.2632, 0.3, 0.15, 0.3, 0.4, 0.25, 0.2, 0.35, 0.3, 0.6, 0.35, 0.2, 0.2, 0.3, 0.5, 0.3, 0.3, 0.35, 0.15, 0.3, 0.35, 0.15, 0.3, 0.45, 0.3, 0.1579, 0.2, 0.15, 0.3, 0.4, 0.3, 0.2, 0.15, 0.25, 0.2, 0.25, 0.4, 0.5, 0.2, 0.45, 0.2, 0.3, 0.35, 0.4, 0.25, 0.3, 0.6, 0.4, 0.3, 0.55, 0.25, 0.7, 0.45, 0.55, 0.45, 0.4, 0.65, 0.6, 0.5, 0.8, 0.75, 0.7, 0.65, 0.8, 0.55, 0.85, 1.0, 0.75, 0.9, 0.9, 0.85, 0.85, 0.65, 0.7, 0.9, 0.9, 0.75, 0.7368, 0.75, 0.8, 0.7, 0.85, 0.55, 0.7, 0.9, 0.8, 0.75, 0.75, 0.55, 0.65, 0.9, 0.85, 0.95, 0.85, 0.75, 0.95, 0.8, 0.9, 0.75, 0.95, 0.95, 0.85, 0.8, 0.95, 0.95, 0.8, 0.95, 0.9, 0.9, 0.85, 0.95, 0.85, 1.0, 0.9, 0.85, 0.95, 0.9, 0.9, 0.95, 0.9, 0.95, 0.95, 0.95, 1.0, 1.0, 1.0, 0.9, 0.95, 1.0, 1.0, 0.85, 1.0, 0.95, 1.0, 1.0, 1.0, 1.0, 1.0, 1.0, 0.95, 1.0, 1.0, 1.0, 1.0, 1.0, 1.0, 1.0, 1.0, 1.0, 1.0, 1.0, 1.0, 1.0, 1.0, 0.9, 1.0, 1.0, 1.0, 1.0, 1.0, 1.0, 1.0, 0.95, 0.95, 0.95, 1.0, 1.0, 1.0, 1.0, 0.95, 1.0, 1.0, 1.0, 1.0, 1.0, 0.9474, 1.0, 0.95, 1.0, 1.0, 1.0, 1.0, 1.0, 0.95, 1.0, 1.0, 1.0, 1.0, 1.0, 1.0, 1.0, 1.0, 1.0, 1.0, 1.0]"
glm-4.7-flash,9c22e95143200153a9b0c049452517e1,f47e2ccb957cf80c6a80f617d52c6e6774bb7f0581c3c416443290ae9b63207a,False,Pseudoxanthoma Elasticum,267,268,5614,8218,198,0.7415730337078652,6529,0.7417171357320983,0.8,0.0,0.95,203,0.7570359814748843,"[0.0, 0.0, 0.0, 0.0, 0.0, 0.0, 0.0, 0.0, 0.0, 0.0, 0.0, 0.0, 0.0, 0.0, 0.0, 0.0, 0.0, 0.0, 0.0, 0.0, 0.0, 0.0, 0.0, 0.0, 0.0526, 0.0, 0.0, 0.0, 0.0, 0.0, 0.05, 0.0, 0.0, 0.0, 0.0, 0.0, 0.2, 0.35, 0.4, 0.55, 0.2, 0.5, 0.7, 0.75, 0.7, 0.7895, 0.8, 0.8421, 1.0, 0.9, 0.95, 0.95, 0.85, 0.85, 0.8, 0.95, 0.9, 0.75, 0.85, 0.8, 0.9474, 0.8421, 0.85, 0.5, 0.9474, 0.6, 0.75, 0.85, 0.7, 0.95, 0.6, 0.75, 0.75, 0.75, 0.8, 0.65, 0.7, 0.8, 0.7, 0.7, 0.7, 0.65, 0.75, 0.8, 0.85, 0.8, 0.85, 0.75, 0.85, 0.85, 0.9, 0.65, 0.7895, 0.75, 0.65, 0.75, 0.75, 0.75, 0.7, 0.85, 0.8, 0.95, 0.85, 0.75, 0.8, 0.8, 0.85, 0.8, 0.8, 0.85, 0.7, 0.75, 0.75, 0.8, 0.9, 0.8947, 0.8, 0.8, 0.85, 0.85, 0.7, 0.7, 0.95, 0.95, 0.9, 0.8, 0.8, 0.65, 0.8, 0.7, 0.7, 0.75, 0.7, 0.8, 0.75, 0.8, 0.5, 0.35, 0.85, 0.5, 0.8, 0.95, 0.6, 0.85, 0.8, 0.7, 0.8, 0.85, 0.9, 0.65, 0.75, 0.6, 0.75, 0.9, 0.7, 0.9, 0.75, 0.75, 0.75, 0.8421, 0.85, 0.95, 0.8, 0.85, 0.65, 0.6, 0.6842, 0.7, 0.75, 0.75, 0.8, 0.85, 0.9, 0.7, 0.8, 0.75, 0.7, 0.85, 0.85, 0.75, 0.65, 0.5263, 0.9, 0.75, 0.75, 0.85, 0.8, 0.9, 0.85, 0.7368, 0.8, 0.75, 1.0, 0.95, 0.95, 0.8, 0.85, 0.6, 0.8, 0.85, 0.85, 0.9, 0.75, 0.95, 0.85, 0.8, 0.8, 0.95, 0.8, 0.8421, 0.8, 0.9, 0.95, 0.95, 0.9, 0.8, 0.8, 0.95, 0.95, 0.95, 0.9, 0.95, 0.95, 0.85, 0.95, 0.95, 0.9, 0.8, 0.95, 0.95, 0.95, 1.0, 0.95, 0.85, 0.9474, 0.9, 0.95, 1.0, 0.9, 0.95, 1.0, 0.95, 0.95, 0.9, 0.95, 1.0, 0.95, 0.9, 1.0, 1.0, 1.0, 0.95, 0.85, 1.0, 0.9, 0.95, 0.9, 1.0, 0.9, 0.95, 0.95, 1.0, 1.0, 1.0, 1.0, 0.9, 0.95, 0.95]"
glm-4.7-flash,beea037b8f8cec59caa352ec11f501da,c8fdd1c758506b66ca9174c1d9788425c1a58803ee36346e742e0fac64d7b9ba,True,Nevus sebaceus,26,27,508,673,9,0.34615384615384615,274,0.25,1.0,0.25,1.0,9,0.25,"[0.25, 0.3, 0.35, 0.5, 0.65, 0.35, 0.7, 0.4, 0.65, 1.0, 1.0, 1.0, 1.0, 1.0, 1.0, 0.95, 1.0, 0.95, 1.0, 1.0, 1.0, 0.9474, 1.0, 1.0, 1.0, 1.0, 1.0]"
glm-4.7-flash,beea037b8f8cec59caa352ec11f501da,1791b5666d38dfa0b4929aab09d8329438bf086abd4c6f71c017c4a8536c8135,False,Seborrheic keratosis,56,57,1031,1393,12,0.21428571428571427,338,0.18525703200775945,0.85,0.3,1.0,17,0.2725509214354995,"[0.3, 0.2, 0.2, 0.15, 0.2, 0.1, 0.1, 0.1, 0.25, 0.65, 0.45, 0.7, 0.85, 0.65, 0.8, 1.0, 0.75, 0.8, 0.9, 0.9, 0.8, 0.8, 0.9, 0.85, 0.9, 0.85, 0.85, 0.85, 0.9, 0.9, 1.0, 0.95, 0.95, 1.0, 0.95, 1.0, 1.0, 1.0, 1.0, 1.0, 1.0, 1.0, 1.0, 1.0, 1.0, 1.0, 0.95, 0.95, 1.0, 0.95, 1.0, 1.0, 1.0, 1.0, 1.0, 1.0, 1.0]"
glm-4.7-flash,df37dd0f3c463be2b4787059b63a9028,d6ac27c2e32e3cd8f6fe36f79aea1faa66c690e0f44cbfadf570c95e478e7db9,True,Functional Neurological Disorder,50,51,1135,1504,17,0.34,487,0.25726872246696036,0.9,0.4,1.0,17,0.25726872246696036,"[0.4, 0.4, 0.55, 0.45, 0.3, 0.5, 0.2, 0.55, 0.45, 0.4, 0.3, 0.55, 0.45, 0.6316, 0.45, 0.6, 0.65, 0.9, 0.8, 0.9, 0.85, 0.95, 0.95, 1.0, 0.95, 1.0, 1.0, 1.0, 1.0, 0.95, 1.0, 1.0, 1.0, 1.0, 1.0, 1.0, 1.0, 1.0, 1.0, 1.0, 1.0, 1.0, 1.0, 1.0, 1.0, 1.0, 1.0, 1.0, 1.0, 1.0, 1.0]"
glm-4.7-flash,258c0f33efb3e637962b4ea8f6971d09,f8730a9f89eb49b7c1cfdc6d476e8d68ec67bc15b15d9da7b3fdae93d6814f27,True,Disseminated Gonococcal Infection,186,187,3080,3822,41,0.22043010752688172,1027,0.2448051948051948,0.8,0.3,1.0,61,0.3555194805194805,"[0.3, 0.35, 0.2105, 0.3, 0.25, 0.45, 0.45, 0.5, 0.45, 0.6, 0.4, 0.2, 0.3, 0.15, 0.25, 0.5789, 0.4, 0.45, 0.2632, 0.3684, 0.5263, 0.3684, 0.35, 0.6, 0.45, 0.5, 0.55, 0.45, 0.2632, 0.4, 0.5556, 0.5263, 0.45, 0.4, 0.25, 0.4737, 0.4, 0.5789, 0.3684, 0.3684, 0.35, 0.8, 0.9, 0.8, 0.95, 0.75, 0.75, 0.7, 0.85, 0.8, 0.8, 0.75, 0.7368, 0.75, 0.75, 0.8, 0.8, 0.75, 0.65, 0.85, 0.75, 1.0, 0.9, 0.95, 0.9474, 1.0, 0.95, 1.0, 1.0, 1.0, 1.0, 0.95, 1.0, 1.0, 1.0, 1.0, 1.0, 1.0, 1.0, 1.0, 1.0, 1.0, 1.0, 1.0, 0.85, 1.0, 1.0, 1.0, 1.0, 1.0, 1.0, 1.0, 1.0, 1.0, 1.0, 1.0, 1.0, 1.0, 1.0, 1.0, 1.0, 1.0, 1.0, 1.0, 1.0, 1.0, 1.0, 1.0, 1.0, 1.0, 1.0, 1.0, 1.0, 1.0, 1.0, 1.0, 1.0, 1.0, 1.0, 1.0, 1.0, 1.0, 1.0, 1.0, 1.0, 1.0, 1.0, 1.0, 1.0, 1.0, 1.0, 1.0, 1.0, 1.0, 1.0, 1.0, 1.0, 1.0, 1.0, 1.0, 1.0, 1.0, 1.0, 1.0, 1.0, 1.0, 1.0, 1.0, 1.0, 1.0, 1.0, 1.0, 1.0, 1.0, 1.0, 1.0, 1.0, 1.0, 1.0, 1.0, 1.0, 1.0, 1.0, 1.0, 1.0, 1.0, 1.0, 1.0, 1.0, 1.0, 1.0, 1.0, 1.0, 1.0, 1.0, 1.0, 1.0, 1.0, 1.0, 1.0, 1.0, 1.0, 1.0, 1.0, 1.0, 1.0, 1.0]"
glm-4.7-flash,48d8738209cbe3d0f3490417e6c37914,57496d07e0f94950d9100df79f830d9c5f2b0f150939b0a70caeea797765c397,True,Congenital Adrenal Hyperplasia,74,75,1775,2399,66,0.8918918918918919,1777,0.8940845070422535,0.75,0.05,0.85,72,0.9735211267605633,"[0.05, 0.15, 0.15, 0.0, 0.15, 0.1, 0.05, 0.05, 0.05, 0.1, 0.15, 0.3, 0.15, 0.0, 0.1, 0.05, 0.1053, 0.1579, 0.0, 0.1053, 0.05, 0.0, 0.3, 0.1, 0.15, 0.15, 0.05, 0.25, 0.2, 0.3, 0.5, 0.45, 0.35, 0.7, 0.55, 0.45, 0.5, 0.45, 0.1, 0.25, 0.15, 0.2, 0.15, 0.2, 0.25, 0.15, 0.25, 0.1, 0.3158, 0.0, 0.1, 0.45, 0.5, 0.6, 0.55, 0.5, 0.65, 0.35, 0.65, 0.5, 0.6, 0.6, 0.85, 0.7, 0.7, 0.7, 0.75, 0.75, 0.65, 0.7368, 0.8, 0.6, 0.95, 0.8, 0.85]"
glm-4.7-flash,715eb949cafa36ccc69ff816a68a68bd,118356764ff8814af26e0a796dc37ed0834270346623b32d872ff253a56ef83d,True,Purpura fulminans,91,92,2199,4777,32,0.3516483516483517,3329,0.3487949067758072,0.8,0.0,1.0,53,0.5657116871305139,"[0.0, 0.0, 0.0, 0.0, 0.0, 0.0, 0.0526, 0.0, 0.0526, 0.05, 0.0, 0.0, 0.0, 0.0526, 0.0, 0.0526, 0.1, 0.0, 0.1, 0.05, 0.1, 0.0, 0.0, 0.05, 0.0556, 0.05, 0.35, 0.3, 0.9, 0.7, 0.75, 0.75, 0.8, 0.75, 0.85, 0.85, 0.9, 0.75, 0.7, 0.75, 0.65, 0.9, 0.9, 0.9, 0.9, 0.8, 0.8, 0.85, 0.7, 0.85, 0.9, 0.8, 0.75, 0.9474, 1.0, 1.0, 1.0, 1.0, 1.0, 0.95, 1.0, 1.0, 0.95, 0.95, 1.0, 1.0, 1.0, 1.0, 1.0, 1.0, 1.0, 1.0, 1.0, 1.0, 1.0, 0.95, 1.0, 1.0, 1.0, 1.0, 1.0, 1.0, 1.0, 1.0, 1.0, 1.0, 1.0, 1.0, 1.0, 1.0, 1.0, 1.0]"
glm-4.7-flash,715eb949cafa36ccc69ff816a68a68bd,f66d2f965a9abed82eef1dd65edba2a9d86281a646fa04833290fce24d4460c6,False,Staphylococcal Toxic Shock Syndrome,84,85,2361,4941,51,0.6071428571428571,3980,0.6005929690808979,0.85,0.05263157894736842,0.95,58,0.6764083015671326,"[0.0526, 0.1667, 0.3, 0.2632, 0.2632, 0.3, 0.1579, 0.2632, 0.05, 0.15, 0.1579, 0.2, 0.3, 0.2, 0.4, 0.4, 0.1, 0.3158, 0.25, 0.35, 0.25, 0.25, 0.3158, 0.25, 0.35, 0.25, 0.6316, 0.7, 0.6, 0.75, 0.55, 0.6, 0.7, 0.55, 0.55, 0.5, 0.6, 0.6, 0.55, 0.6, 0.55, 0.55, 0.65, 0.7, 0.55, 0.6, 0.3, 0.3, 0.45, 0.75, 0.45, 0.85, 0.95, 0.9, 0.95, 0.85, 1.0, 0.75, 0.95, 0.9, 0.95, 0.9, 0.95, 0.95, 0.9, 0.95, 0.9, 0.95, 1.0, 0.9474, 0.85, 0.95, 1.0, 0.95, 0.95, 0.9474, 1.0, 0.9, 0.95, 1.0, 1.0, 0.95, 1.0, 0.9, 0.95]"
glm-4.7-flash,9d8432d3b13c02fb04b55e0a74c6c063,bab68997abb7b1315f8128cb437cd3e74f94f6f236ed64a79c5b1f79f7981726,False,Injured Myocardium,250,251,4853,6122,116,0.464,3297,0.46280651143622503,0.8,0.0,1.0,116,0.46280651143622503,"[0.0, 0.0, 0.0, 0.0, 0.0, 0.0, 0.0, 0.0, 0.0, 0.0, 0.0, 0.0, 0.0, 0.0, 0.0, 0.0, 0.0, 0.0, 0.0, 0.0, 0.0, 0.0, 0.0, 0.0, 0.0, 0.0, 0.0, 0.4, 0.35, 0.3, 0.25, 0.1, 0.25, 0.3, 0.35, 0.35, 0.15, 0.15, 0.15, 0.3, 0.1, 0.3, 0.2, 0.2, 0.15, 0.15, 0.25, 0.25, 0.15, 0.4, 0.25, 0.2, 0.15, 0.25, 0.2, 0.0, 0.2, 0.25, 0.1, 0.15, 0.15, 0.1, 0.05, 0.05, 0.1, 0.1, 0.1, 0.05, 0.05, 0.05, 0.1, 0.2, 0.1, 0.05, 0.05, 0.2, 0.0, 0.15, 0.05, 0.05, 0.05, 0.0, 0.1, 0.0, 0.05, 0.05, 0.0, 0.0, 0.05, 0.15, 0.45, 0.4, 0.3, 0.3, 0.35, 0.45, 0.3, 0.2632, 0.25, 0.3684, 0.1, 0.35, 0.15, 0.1, 0.45, 0.45, 0.75, 0.65, 0.8, 0.7, 0.7368, 0.55, 0.5, 0.7368, 0.8, 0.55, 0.8, 0.9, 0.8947, 1.0, 0.9, 0.9, 0.95, 0.9, 1.0, 0.95, 0.85, 0.85, 0.95, 1.0, 0.95, 0.85, 1.0, 1.0, 0.9474, 0.95, 1.0, 1.0, 0.95, 0.9, 1.0, 1.0, 0.9, 1.0, 1.0, 1.0, 1.0, 1.0, 0.95, 1.0, 0.95, 1.0, 1.0, 1.0, 1.0, 1.0, 0.95, 1.0, 1.0, 1.0, 1.0, 0.95, 0.95, 1.0, 0.95, 0.95, 1.0, 0.95, 1.0, 0.95, 1.0, 1.0, 1.0, 0.95, 1.0, 1.0, 1.0, 1.0, 1.0, 0.9, 1.0, 1.0, 1.0, 0.95, 1.0, 1.0, 0.95, 1.0, 1.0, 1.0, 1.0, 1.0, 1.0, 1.0, 1.0, 1.0, 1.0, 1.0, 1.0, 1.0, 1.0, 1.0, 1.0, 1.0, 1.0, 1.0, 1.0, 1.0, 1.0, 1.0, 1.0, 1.0, 1.0, 1.0, 1.0, 1.0, 1.0, 1.0, 1.0, 1.0, 1.0, 1.0, 1.0, 1.0, 1.0, 1.0, 1.0, 1.0, 1.0, 1.0, 1.0, 1.0, 1.0, 1.0, 1.0, 1.0, 1.0, 1.0, 1.0, 1.0, 0.95, 1.0, 1.0, 1.0, 1.0, 1.0, 1.0, 1.0, 1.0, 1.0, 1.0]"
glm-4.7-flash,bf8e15580571e5c3976117c303cf144e,21a0949470ff49e5359f919ef1165a35323ff0fe2e011b2aa4dd18029a2018d8,False,Vernal Keratoconjunctivitis,257,258,4373,4745,33,0.12840466926070038,846,0.1564143608506746,0.8,0.0,1.0,38,0.1712782986508118,"[0.0, 0.0, 0.0, 0.0, 0.0, 0.0, 0.0, 0.05, 0.05, 0.0, 0.0, 0.0, 0.65, 0.75, 0.75, 0.4, 0.55, 0.85, 0.8, 0.75, 0.9, 0.7, 0.8, 0.95, 0.8, 0.8, 0.8947, 0.95, 0.95, 0.9, 0.75, 0.5, 0.9, 0.8, 0.65, 0.9, 0.8, 0.7, 0.8, 0.95, 1.0, 1.0, 0.9, 1.0, 1.0, 1.0, 1.0, 1.0, 1.0, 1.0, 1.0, 1.0, 1.0, 0.95, 0.95, 1.0, 1.0, 1.0, 0.95, 1.0, 1.0, 1.0, 1.0, 1.0, 1.0, 0.95, 1.0, 0.9, 1.0, 1.0, 1.0, 1.0, 1.0, 1.0, 1.0, 1.0, 1.0, 1.0, 1.0, 1.0, 1.0, 0.95, 0.95, 1.0, 0.9, 1.0, 1.0, 1.0, 1.0, 1.0, 1.0, 0.95, 1.0, 1.0, 1.0, 1.0, 1.0, 1.0, 1.0, 0.9, 1.0, 0.95, 0.9, 1.0, 1.0, 1.0, 1.0, 0.95, 1.0, 0.95, 0.95, 0.95, 1.0, 0.95, 1.0, 1.0, 1.0, 1.0, 1.0, 1.0, 1.0, 1.0, 1.0, 1.0, 1.0, 1.0, 1.0, 1.0, 1.0, 1.0, 1.0, 1.0, 0.95, 1.0, 1.0, 1.0, 1.0, 1.0, 1.0, 1.0, 1.0, 1.0, 1.0, 1.0, 1.0, 0.95, 1.0, 1.0, 0.95, 1.0, 1.0, 1.0, 1.0, 1.0, 1.0, 1.0, 1.0, 1.0, 1.0, 1.0, 1.0, 1.0, 1.0, 1.0, 1.0, 1.0, 1.0, 1.0, 1.0, 1.0, 1.0, 1.0, 1.0, 1.0, 1.0, 1.0, 1.0, 1.0, 1.0, 1.0, 1.0, 1.0, 1.0, 1.0, 1.0, 1.0, 0.95, 1.0, 1.0, 1.0, 1.0, 1.0, 1.0, 1.0, 1.0, 1.0, 1.0, 1.0, 1.0, 1.0, 1.0, 1.0, 1.0, 1.0, 1.0, 1.0, 1.0, 1.0, 1.0, 1.0, 1.0, 1.0, 1.0, 1.0, 1.0, 1.0, 1.0, 1.0, 1.0, 1.0, 1.0, 1.0, 1.0, 1.0, 1.0, 1.0, 1.0, 1.0, 1.0, 1.0, 1.0, 1.0, 1.0, 1.0, 0.95, 1.0, 1.0, 1.0, 1.0, 1.0, 0.9474, 1.0, 1.0, 1.0, 1.0, 1.0, 1.0, 1.0, 1.0, 1.0, 1.0, 1.0, 1.0, 1.0, 1.0, 1.0, 1.0, 1.0]"
glm-4.7-flash,dfa32d028f082d978149d2633a2c8bf3,74926859d1b7eb0e7cb6e07fbe873b72306b0488cf632a9a97699a064e06c951,True,COVID-19,111,112,2199,3485,32,0.2882882882882883,1777,0.29968167348794905,0.95,0.45,0.95,34,0.3328785811732606,"[0.45, 0.45, 0.35, 0.35, 0.7, 0.4, 0.75, 0.55, 0.45, 0.5, 0.4, 0.6, 0.3, 0.45, 0.3, 0.25, 0.35, 0.3, 0.5, 0.2, 0.45, 0.25, 0.4, 0.65, 0.4, 0.45, 0.7, 0.7, 0.65, 0.5, 0.55, 0.7, 0.95, 0.75, 0.9, 0.9, 0.95, 0.9, 1.0, 0.9, 0.9, 1.0, 1.0, 1.0, 1.0, 1.0, 1.0, 1.0, 1.0, 1.0, 0.95, 1.0, 1.0, 1.0, 1.0, 1.0, 1.0, 1.0, 1.0, 1.0, 0.95, 0.95, 1.0, 1.0, 1.0, 1.0, 1.0, 1.0, 1.0, 1.0, 1.0, 1.0, 1.0, 1.0, 1.0, 1.0, 1.0, 1.0, 1.0, 1.0, 1.0, 1.0, 1.0, 1.0, 1.0, 1.0, 1.0, 1.0, 1.0, 1.0, 1.0, 1.0, 1.0, 1.0, 1.0, 1.0, 1.0, 1.0, 1.0, 1.0, 1.0, 0.95, 1.0, 1.0, 1.0, 1.0, 1.0, 1.0, 1.0, 1.0, 1.0, 0.95]"
glm-4.7-flash,dfa32d028f082d978149d2633a2c8bf3,baa1890f0f8a3ec0863dcf2c0bfa732d3d4da1a1dadb473007de6fb40fcaa4d5,False,Cryptococcal Pneumonia,223,224,4681,6140,68,0.30493273542600896,2618,0.3204443494979705,0.85,0.05,1.0,93,0.42085024567400126,"[0.05, 0.15, 0.0, 0.0, 0.0, 0.05, 0.05, 0.1, 0.05, 0.05, 0.05, 0.1, 0.1, 0.0, 0.0, 0.05, 0.15, 0.05, 0.1, 0.05, 0.05, 0.1, 0.0526, 0.1, 0.1, 0.2, 0.25, 0.1, 0.05, 0.05, 0.1, 0.05, 0.05, 0.2, 0.4, 0.25, 0.35, 0.3, 0.2, 0.25, 0.15, 0.25, 0.25, 0.3, 0.5, 0.4, 0.35, 0.25, 0.35, 0.35, 0.5, 0.4, 0.8, 0.65, 0.8, 0.65, 0.85, 0.75, 0.95, 0.5789, 0.9, 0.85, 0.9, 0.95, 0.6, 0.75, 0.9, 0.6, 0.85, 0.9, 0.95, 0.75, 0.85, 0.9, 0.9, 0.8, 0.95, 0.8, 0.75, 0.85, 0.8, 0.85, 0.75, 0.85, 0.95, 0.9, 0.8, 0.8, 0.85, 0.9, 0.95, 0.75, 0.7895, 0.9, 0.95, 0.85, 0.9, 0.8947, 0.9, 0.8, 0.95, 0.85, 0.85, 0.9, 1.0, 0.85, 0.95, 0.85, 0.95, 0.9, 0.95, 0.85, 0.85, 0.9, 0.9, 0.9, 0.95, 1.0, 0.8421, 0.85, 0.95, 0.95, 1.0, 1.0, 1.0, 0.95, 0.95, 1.0, 0.8, 1.0, 0.95, 1.0, 0.9, 1.0, 1.0, 0.95, 0.95, 1.0, 1.0, 0.9, 0.95, 0.95, 1.0, 1.0, 0.95, 1.0, 1.0, 0.8421, 0.9, 1.0, 0.95, 0.85, 1.0, 0.95, 0.95, 1.0, 1.0, 0.95, 0.95, 1.0, 1.0, 0.95, 1.0, 1.0, 0.85, 1.0, 0.95, 1.0, 1.0, 0.9, 0.95, 0.95, 0.85, 1.0, 1.0, 1.0, 0.95, 1.0, 1.0, 1.0, 0.95, 0.9, 0.9474, 0.9, 0.95, 0.95, 0.95, 0.95, 1.0, 1.0, 0.9444, 0.95, 1.0, 1.0, 1.0, 1.0, 1.0, 0.95, 1.0, 1.0, 1.0, 1.0, 1.0, 1.0, 1.0, 1.0, 1.0, 1.0, 1.0, 1.0, 0.9474, 1.0, 0.95, 0.95, 1.0, 1.0, 1.0, 0.9474, 0.95, 1.0, 1.0, 0.95, 1.0, 1.0]"
glm-4.7-flash,27f2b910c19b40bb9f36ce9a3a8909af,05e8b723f7ac07382910a014e2d3f7a3c5e8bee44211511a158da125c7794fc7,True,Prosthetic Valve Hemolysis,150,151,3038,5853,65,0.43333333333333335,4100,0.4282422646477946,0.85,0.3,1.0,74,0.4911125740618828,"[0.3, 0.35, 0.6, 0.35, 0.25, 0.25, 0.2, 0.3, 0.35, 0.4, 0.25, 0.45, 0.15, 0.25, 0.3, 0.1, 0.3, 0.3, 0.2632, 0.3, 0.5, 0.45, 0.1, 0.3, 0.35, 0.45, 0.35, 0.7, 0.9, 0.75, 0.8, 0.5, 0.5, 0.65, 0.9, 0.6, 0.75, 0.75, 0.9, 0.6, 0.7, 0.8, 0.6, 0.7, 0.6, 0.65, 0.75, 0.55, 0.75, 0.6316, 0.6, 0.7, 0.6, 0.75, 0.6, 0.45, 0.55, 0.5, 0.7, 0.7, 0.55, 0.75, 0.8, 0.6, 0.6, 0.85, 0.75, 0.7, 0.85, 0.75, 0.9, 0.9, 0.9, 0.75, 0.9, 0.9, 1.0, 1.0, 0.95, 0.85, 0.95, 0.95, 0.95, 0.9, 0.95, 1.0, 0.95, 1.0, 0.95, 1.0, 1.0, 0.85, 1.0, 0.9, 0.95, 1.0, 0.95, 1.0, 1.0, 1.0, 1.0, 1.0, 1.0, 1.0, 1.0, 0.95, 1.0, 1.0, 0.95, 1.0, 1.0, 1.0, 1.0, 1.0, 1.0, 1.0, 1.0, 1.0, 1.0, 1.0, 1.0, 1.0, 1.0, 1.0, 1.0, 1.0, 1.0, 1.0, 1.0, 1.0, 1.0, 1.0, 1.0, 1.0, 1.0, 1.0, 1.0, 1.0, 1.0, 1.0, 1.0, 1.0, 1.0, 1.0, 1.0, 1.0, 1.0, 1.0, 1.0, 1.0, 1.0]"
glm-4.7-flash,27f2b910c19b40bb9f36ce9a3a8909af,e0197da839568906d6f2a00055ee26b28b54fea26a4b019211d6e6db79c05994,False,Prosthetic valve thrombosis,184,185,3216,6312,58,0.31521739130434784,3931,0.35199004975124376,0.85,0.25,0.95,86,0.5071517412935324,"[0.25, 0.15, 0.35, 0.2, 0.35, 0.15, 0.2632, 0.1, 0.15, 0.05, 0.15, 0.35, 0.4211, 0.15, 0.2632, 0.25, 0.35, 0.3, 0.2, 0.05, 0.3, 0.15, 0.15, 0.25, 0.25, 0.35, 0.0, 0.1, 0.3, 0.4, 0.15, 0.3158, 0.3, 0.35, 0.25, 0.35, 0.5263, 0.4, 0.3, 0.3, 0.1, 0.3158, 0.5, 0.7, 0.5, 0.45, 0.7, 0.7, 0.55, 0.7, 0.6, 0.55, 0.35, 0.75, 0.65, 0.55, 0.3, 0.7, 0.85, 0.9, 0.85, 0.85, 0.95, 0.85, 0.85, 0.8947, 0.8, 0.95, 0.8, 0.85, 0.75, 0.9, 0.85, 0.85, 0.65, 0.8, 0.75, 0.75, 0.85, 0.75, 0.8, 0.95, 0.9, 0.75, 0.95, 0.7, 1.0, 1.0, 1.0, 1.0, 1.0, 1.0, 0.95, 0.95, 1.0, 1.0, 1.0, 1.0, 1.0, 1.0, 1.0, 1.0, 1.0, 1.0, 1.0, 1.0, 1.0, 1.0, 1.0, 1.0, 1.0, 1.0, 1.0, 0.95, 1.0, 1.0, 1.0, 1.0, 1.0, 1.0, 1.0, 1.0, 1.0, 1.0, 1.0, 0.95, 1.0, 1.0, 1.0, 1.0, 1.0, 1.0, 1.0, 0.95, 1.0, 1.0, 1.0, 1.0, 0.95, 1.0, 1.0, 1.0, 0.9474, 1.0, 1.0, 1.0, 1.0, 1.0, 1.0, 1.0, 1.0, 1.0, 1.0, 1.0, 1.0, 1.0, 1.0, 1.0, 1.0, 1.0, 1.0, 1.0, 1.0, 1.0, 1.0, 0.95, 1.0, 1.0, 1.0, 1.0, 1.0, 1.0, 1.0, 1.0, 1.0, 1.0, 1.0, 1.0, 1.0, 1.0, 1.0, 1.0, 1.0, 1.0, 0.95]"
glm-4.7-flash,4abc3a40659612c935b6036cf7018466,501a7d44b89c049942505d8789cecb3c158901e24cfe09690bd6fa135a501066,True,Glossopharyngeal Neuralgia,145,146,3506,3821,55,0.3793103448275862,1868,0.4478037649743297,0.8,0.35,1.0,66,0.5390758699372504,"[0.35, 0.4, 0.2, 0.3, 0.4, 0.15, 0.2, 0.3, 0.3, 0.2, 0.2, 0.4, 0.2, 0.15, 0.1, 0.05, 0.05, 0.1, 0.25, 0.65, 0.45, 0.45, 0.55, 0.15, 0.15, 0.2, 0.1, 0.15, 0.3, 0.15, 0.1, 0.1, 0.2, 0.4, 0.15, 0.45, 0.4, 0.4, 0.3, 0.5, 0.55, 0.45, 0.6, 0.35, 0.5, 0.6, 0.6, 0.6, 0.65, 0.6, 0.8, 0.85, 0.8, 0.55, 0.75, 0.8, 0.8, 0.7, 0.65, 0.9, 0.85, 0.75, 0.9, 0.85, 1.0, 0.75, 0.85, 0.9, 0.9, 0.95, 0.95, 0.9, 1.0, 0.9, 0.9, 0.95, 0.95, 1.0, 0.9, 1.0, 0.85, 0.95, 1.0, 0.95, 1.0, 0.95, 0.8, 1.0, 0.95, 1.0, 1.0, 1.0, 1.0, 1.0, 1.0, 1.0, 1.0, 1.0, 1.0, 1.0, 1.0, 1.0, 1.0, 1.0, 1.0, 1.0, 1.0, 0.95, 1.0, 1.0, 1.0, 1.0, 1.0, 1.0, 1.0, 1.0, 1.0, 1.0, 1.0, 1.0, 1.0, 1.0, 1.0, 1.0, 1.0, 1.0, 0.95, 1.0, 1.0, 1.0, 1.0, 1.0, 1.0, 1.0, 1.0, 1.0, 1.0, 1.0, 1.0, 1.0, 1.0, 1.0, 1.0, 1.0, 0.95, 1.0]"
glm-4.7-flash,4abc3a40659612c935b6036cf7018466,28230232e6648f24ffe20fb796feac7f198b75d18a39ea69014e085c407aa3a2,False,Trigeminal Neuralgia,55,56,1314,2055,16,0.2909090909090909,601,0.23059360730593606,0.95,0.05,1.0,16,0.23059360730593606,"[0.05, 0.1579, 0.05, 0.2, 0.05, 0.1579, 0.1, 0.7, 0.45, 0.55, 0.65, 0.6, 0.5, 0.45, 0.7, 0.75, 0.95, 1.0, 0.95, 1.0, 0.95, 0.9, 0.9, 1.0, 1.0, 1.0, 0.95, 1.0, 1.0, 1.0, 1.0, 1.0, 1.0, 1.0, 1.0, 1.0, 1.0, 1.0, 1.0, 0.95, 1.0, 1.0, 1.0, 1.0, 1.0, 1.0, 1.0, 1.0, 1.0, 1.0, 1.0, 0.95, 1.0, 1.0, 1.0, 1.0]"
glm-4.7-flash,7351fe5f8ee14ff826bc262030efc469,10d16d1035218fa1888612333473588066552f0e5786f5c3c4aebc51174d6228,False,Von Willebrand disease,83,84,1583,1970,34,0.40963855421686746,1027,0.4131396083385976,0.85,0.2,1.0,50,0.5773847125710676,"[0.2, 0.25, 0.15, 0.15, 0.15, 0.25, 0.05, 0.2105, 0.1579, 0.1, 0.05, 0.0, 0.15, 0.1, 0.0, 0.15, 0.0, 0.2, 0.1, 0.1, 0.2, 0.05, 0.0, 0.05, 0.0, 0.15, 0.2, 0.3, 0.6, 0.7, 0.45, 0.55, 0.7, 0.6, 0.85, 0.85, 0.9, 0.8, 1.0, 0.95, 0.9, 0.95, 0.8, 0.95, 0.9, 0.95, 1.0, 0.95, 0.95, 0.75, 0.85, 0.95, 0.95, 0.95, 0.95, 0.9, 0.85, 0.95, 1.0, 0.95, 0.85, 1.0, 1.0, 1.0, 1.0, 1.0, 0.95, 0.95, 1.0, 1.0, 1.0, 1.0, 1.0, 1.0, 1.0, 0.95, 1.0, 1.0, 1.0, 1.0, 1.0, 1.0, 1.0, 1.0]"
glm-4.7-flash,c13ba1d468ea408964a3ccd245638056,1eb610e35a9050ab0d44ec038d5227aca0f8124f4ba219eeea3406a2ec626daf,False,Emphysematous Pyelonephritis,200,201,3782,5508,123,0.615,2641,0.6586462189317821,0.85,0.15,1.0,140,0.7342675832892649,"[0.15, 0.15, 0.1, 0.1, 0.1, 0.15, 0.15, 0.15, 0.1, 0.0, 0.2, 0.25, 0.1, 0.0, 0.1, 0.0, 0.0, 0.05, 0.0, 0.15, 0.05, 0.05, 0.1, 0.05, 0.1, 0.0, 0.1, 0.05, 0.1, 0.1, 0.15, 0.05, 0.05, 0.2, 0.25, 0.3, 0.25, 0.2, 0.5, 0.25, 0.35, 0.25, 0.15, 0.3, 0.45, 0.25, 0.4, 0.4, 0.5, 0.2, 0.3, 0.3684, 0.15, 0.2, 0.1, 0.15, 0.05, 0.15, 0.15, 0.25, 0.25, 0.0, 0.25, 0.15, 0.0, 0.1, 0.05, 0.2, 0.05, 0.15, 0.4, 0.35, 0.4, 0.25, 0.4, 0.25, 0.2, 0.4, 0.3, 0.45, 0.25, 0.45, 0.4, 0.35, 0.35, 0.5, 0.3, 0.2632, 0.15, 0.15, 0.3, 0.3, 0.15, 0.2, 0.35, 0.2, 0.2, 0.4, 0.15, 0.25, 0.25, 0.1, 0.1, 0.3, 0.5, 0.35, 0.55, 0.4, 0.45, 0.45, 0.3, 0.65, 0.6, 0.5, 0.75, 0.9, 0.4, 0.75, 0.75, 0.8, 0.5, 0.7, 0.6842, 0.85, 1.0, 1.0, 1.0, 0.95, 0.95, 0.85, 0.9, 0.95, 0.85, 0.9, 0.9, 0.95, 0.8, 1.0, 0.9, 0.75, 0.85, 0.9, 0.9, 0.85, 0.95, 0.95, 0.9, 0.8, 0.85, 0.9, 0.85, 0.9, 0.85, 0.9, 1.0, 0.8947, 0.9474, 0.95, 0.85, 0.9, 0.9, 0.95, 0.95, 1.0, 1.0, 1.0, 0.95, 1.0, 1.0, 1.0, 1.0, 1.0, 1.0, 0.95, 1.0, 1.0, 1.0, 0.95, 1.0, 1.0, 0.95, 1.0, 1.0, 1.0, 0.95, 1.0, 1.0, 0.95, 1.0, 1.0, 1.0, 1.0, 1.0, 1.0, 1.0, 0.95, 0.95, 1.0, 1.0, 0.95, 1.0]"
glm-4.7-flash,e71511f59eb934d904d9e69b91fb59ac,76f174726bf56b12d85cda8e1511e5eaa9198b26532360ce20fd92a16b08b239,False,Congenital toxoplasmosis,107,108,1999,4568,53,0.4953271028037383,3203,0.4777388694347174,0.8,0.15,1.0,55,0.4942471235617809,"[0.15, 0.2, 0.2632, 0.35, 0.3, 0.1053, 0.25, 0.2, 0.15, 0.3158, 0.1053, 0.2105, 0.1, 0.2, 0.0, 0.1, 0.0, 0.1053, 0.15, 0.1053, 0.05, 0.0526, 0.1, 0.1176, 0.1667, 0.05, 0.25, 0.05, 0.15, 0.1, 0.25, 0.2, 0.2, 0.35, 0.15, 0.55, 0.3, 0.0526, 0.2, 0.6, 0.6, 0.8421, 0.45, 0.45, 0.55, 0.3158, 0.6, 0.6316, 0.65, 0.4444, 0.5789, 0.5263, 0.7368, 0.8, 0.7, 0.85, 0.85, 1.0, 1.0, 1.0, 1.0, 1.0, 1.0, 1.0, 1.0, 1.0, 1.0, 1.0, 1.0, 1.0, 1.0, 1.0, 1.0, 1.0, 1.0, 1.0, 1.0, 1.0, 1.0, 1.0, 1.0, 1.0, 1.0, 1.0, 1.0, 1.0, 0.95, 1.0, 1.0, 1.0, 1.0, 1.0, 1.0, 1.0, 1.0, 1.0, 1.0, 1.0, 1.0, 1.0, 1.0, 1.0, 1.0, 1.0, 1.0, 1.0, 1.0, 1.0]"
glm-4.7-flash,288897f502a272f8f0b8b999354a154d,379faaf94d068c9a70750e7a874255163ba4560d279e6c798cf4c276eed8cee1,False,Idiopathic Intracranial Hypertension,299,300,4979,5619,13,0.043478260869565216,619,0.06527415143603134,0.9444444444444444,0.2222222222222222,1.0,13,0.06527415143603134,"[0.2222, 0.15, 0.2, 0.25, 0.3158, 0.2, 0.15, 0.7, 0.6, 0.55, 0.65, 0.5789, 0.65, 0.9444, 0.8, 0.85, 0.95, 0.85, 0.8, 0.95, 0.95, 0.9, 0.8, 0.8, 0.9, 0.9, 0.9, 0.85, 0.9, 0.95, 0.95, 0.9, 0.95, 0.95, 0.8947, 1.0, 0.9, 0.95, 0.9, 1.0, 1.0, 0.9, 1.0, 0.85, 0.8421, 0.8, 0.85, 0.95, 0.85, 0.9, 0.95, 0.9, 1.0, 0.95, 0.95, 0.95, 0.95, 1.0, 0.95, 0.85, 0.95, 0.9, 0.95, 1.0, 1.0, 0.95, 0.95, 0.85, 0.95, 0.95, 0.85, 0.95, 0.85, 1.0, 0.95, 1.0, 0.9, 1.0, 0.9, 0.9, 0.95, 0.95, 0.85, 0.95, 1.0, 0.9, 0.95, 0.95, 0.95, 1.0, 1.0, 0.85, 0.95, 0.95, 1.0, 0.9, 1.0, 0.95, 0.9, 0.95, 1.0, 0.9, 0.9474, 1.0, 0.85, 0.85, 0.95, 0.9, 0.95, 1.0, 0.95, 0.9, 0.95, 0.95, 0.9474, 1.0, 1.0, 1.0, 1.0, 0.9, 1.0, 1.0, 1.0, 1.0, 0.95, 1.0, 1.0, 1.0, 1.0, 1.0, 0.95, 1.0, 1.0, 1.0, 1.0, 1.0, 1.0, 1.0, 0.95, 1.0, 1.0, 1.0, 1.0, 0.95, 1.0, 1.0, 1.0, 1.0, 1.0, 1.0, 1.0, 1.0, 1.0, 1.0, 1.0, 1.0, 1.0, 1.0, 1.0, 0.95, 1.0, 1.0, 1.0, 1.0, 1.0, 0.95, 1.0, 1.0, 1.0, 1.0, 1.0, 1.0, 1.0, 1.0, 1.0, 1.0, 1.0, 1.0, 1.0, 1.0, 1.0, 1.0, 1.0, 1.0, 0.95, 1.0, 1.0, 1.0, 1.0, 1.0, 1.0, 1.0, 1.0, 1.0, 1.0, 1.0, 1.0, 1.0, 1.0, 1.0, 1.0, 1.0, 1.0, 1.0, 1.0, 0.95, 1.0, 1.0, 1.0, 1.0, 1.0, 0.95, 1.0, 1.0, 1.0, 1.0, 1.0, 1.0, 1.0, 1.0, 1.0, 1.0, 1.0, 0.95, 1.0, 1.0, 1.0, 1.0, 1.0, 1.0, 1.0, 1.0, 1.0, 1.0, 1.0, 1.0, 1.0, 1.0, 1.0, 1.0, 1.0, 1.0, 1.0, 1.0, 1.0, 1.0, 1.0, 1.0, 1.0, 1.0, 1.0, 1.0, 1.0, 1.0, 1.0, 1.0, 1.0, 1.0, 1.0, 1.0, 1.0, 1.0, 1.0, 1.0, 1.0, 1.0, 1.0, 1.0, 1.0, 1.0, 1.0, 1.0, 1.0, 1.0, 1.0, 1.0, 1.0, 1.0, 1.0, 1.0, 1.0, 1.0, 1.0, 1.0, 1.0, 1.0, 1.0, 1.0, 1.0, 1.0, 1.0, 1.0, 1.0, 1.0, 1.0, 1.0, 1.0, 1.0, 1.0, 1.0]"
glm-4.7-flash,4ac69654711e8b95f09faca42e95c605,92e54f1e44584ad4cd53ecbb2a401ea5fa52e0ffd36cd33b6c9c0ae1e571b1dc,False,Thrombotic Thrombocytopenic Purpura,115,116,2191,4799,93,0.808695652173913,4372,0.8169785486079416,0.6,0.4,0.7,112,0.9570972158831583,"[0.4, 0.3333, 0.3, 0.35, 0.15, 0.4, 0.4, 0.45, 0.45, 0.25, 0.35, 0.3, 0.25, 0.4, 0.35, 0.65, 0.25, 0.4, 0.5, 0.4737, 0.25, 0.45, 0.2, 0.65, 0.55, 0.25, 0.45, 0.45, 0.6, 0.75, 0.65, 0.6316, 0.5, 0.85, 0.6, 0.65, 0.75, 0.65, 0.5, 0.45, 0.6, 0.6, 0.75, 0.7, 0.75, 0.65, 0.7, 0.65, 0.65, 0.65, 0.7, 0.85, 0.6, 0.65, 0.9, 0.55, 0.6, 0.8, 0.55, 0.6842, 0.75, 0.75, 0.7, 0.65, 0.65, 0.75, 0.75, 0.7, 0.65, 0.6316, 0.75, 0.8, 0.7, 0.75, 0.75, 0.65, 0.75, 0.8, 0.6, 0.6, 0.7, 0.65, 0.7368, 0.75, 0.55, 0.6, 0.7, 0.45, 0.35, 0.45, 0.7, 0.75, 0.7, 0.6, 0.75, 0.6, 0.6, 0.5, 0.6, 0.7, 0.55, 0.4, 0.6, 0.55, 0.45, 0.7, 0.6, 0.5, 0.6, 0.65, 0.45, 0.45, 0.5, 0.55, 0.55, 0.7]"
glm-4.7-flash,7d75815cb2310bdcf17826679b94cee2,286230e63d9e72c1dd13e7c9bd63fd7bf0a329e40ed28188ec1d6e296339a838,True,IgA Nephropathy,46,47,869,3092,12,0.2608695652173913,2521,0.36018411967779057,0.8,0.5,1.0,14,0.38550057537399307,"[0.5, 0.35, 0.4, 0.3, 0.3, 0.2, 0.2632, 0.5, 0.25, 0.55, 0.4, 0.75, 0.8, 0.75, 0.85, 0.8, 1.0, 0.95, 1.0, 0.9, 1.0, 0.95, 0.9, 0.95, 0.95, 0.95, 0.9, 1.0, 1.0, 1.0, 0.95, 0.95, 1.0, 1.0, 1.0, 0.95, 1.0, 1.0, 1.0, 1.0, 1.0, 1.0, 1.0, 1.0, 1.0, 1.0, 1.0]"
glm-4.7-flash,a670afa64f606d20eed4a435fc89d120,6cb3e5bb803018a15c2028631050305565c74b4ff4eceb9ec18ee36d1137e529,True,Chemical Meningitis,50,51,1011,1206,20,0.4,497,0.32344213649851633,0.95,0.0,1.0,20,0.32344213649851633,"[0.0, 0.0, 0.0, 0.0, 0.0, 0.0, 0.0, 0.0, 0.0, 0.0, 0.0, 0.0, 0.0, 0.0, 0.45, 0.15, 0.25, 0.35, 0.25, 0.7368, 0.95, 1.0, 1.0, 1.0, 1.0, 1.0, 0.95, 1.0, 0.95, 1.0, 0.95, 1.0, 1.0, 1.0, 0.9, 1.0, 1.0, 1.0, 1.0, 1.0, 1.0, 1.0, 1.0, 1.0, 1.0, 1.0, 1.0, 1.0, 0.95, 1.0, 1.0]"
glm-4.7-flash,a670afa64f606d20eed4a435fc89d120,f2d74c7838db16db07d217d99812bee671d171fa4a07af64455f5336c49b6022,False,Acute Hydrocephalus,76,77,1563,2063,17,0.2236842105263158,526,0.22776711452335252,0.8,0.0,1.0,17,0.22776711452335252,"[0.0, 0.0, 0.0, 0.05, 0.0, 0.05, 0.0, 0.0, 0.0, 0.0, 0.05, 0.0, 0.05, 0.05, 0.0, 0.05, 0.0, 0.8, 0.85, 0.9, 0.9, 1.0, 1.0, 0.95, 0.8, 1.0, 0.95, 0.95, 0.85, 1.0, 1.0, 1.0, 1.0, 1.0, 1.0, 1.0, 1.0, 1.0, 1.0, 1.0, 1.0, 1.0, 1.0, 1.0, 1.0, 1.0, 1.0, 1.0, 1.0, 1.0, 1.0, 1.0, 1.0, 1.0, 1.0, 1.0, 1.0, 1.0, 1.0, 1.0, 1.0, 1.0, 1.0, 1.0, 1.0, 1.0, 1.0, 1.0, 1.0, 1.0, 1.0, 1.0, 1.0, 1.0, 1.0, 1.0, 1.0]"
glm-4.7-flash,c150008220a1497832471d8e8d4e2edb,8f7139537a53d14297e330e03e0857d3a32ab22d0fdb8d37b7a92849d04edc29,True,Iron deficiency anemia,100,101,1916,2661,7,0.07,421,0.06732776617954071,0.8,0.55,0.9473684210526315,17,0.1617954070981211,"[0.55, 0.7, 0.7, 0.85, 0.6316, 0.9, 0.7, 0.8, 0.85, 0.8, 0.85, 0.85, 0.8947, 0.85, 0.85, 0.8, 0.75, 0.8, 0.85, 0.9, 1.0, 1.0, 0.95, 0.95, 1.0, 0.95, 1.0, 1.0, 0.95, 0.95, 0.95, 1.0, 1.0, 0.95, 1.0, 1.0, 0.95, 0.9, 1.0, 1.0, 1.0, 1.0, 1.0, 1.0, 1.0, 1.0, 1.0, 1.0, 1.0, 1.0, 1.0, 1.0, 1.0, 1.0, 1.0, 1.0, 1.0, 1.0, 1.0, 1.0, 1.0, 1.0, 1.0, 1.0, 1.0, 1.0, 1.0, 1.0, 1.0, 1.0, 1.0, 1.0, 1.0, 1.0, 1.0, 1.0, 1.0, 1.0, 1.0, 1.0, 1.0, 1.0, 1.0, 1.0, 1.0, 1.0, 1.0, 1.0, 1.0, 1.0, 1.0, 1.0, 1.0, 1.0, 1.0, 1.0, 1.0, 1.0, 1.0, 1.0, 0.9474]"
glm-4.7-flash,e84545b4073db0c4d84a58b5f4243d50,85f1d92febaf4866a6729716a4fb13eb342bbb7720921ba77868cb61d022cd84,True,Central Diabetes Insipidus,86,87,1702,2169,27,0.313953488372093,882,0.3983548766157462,0.9,0.45,0.95,27,0.3983548766157462,"[0.45, 0.35, 0.55, 0.45, 0.5, 0.4, 0.45, 0.45, 0.45, 0.5, 0.5, 0.5, 0.5, 0.7, 0.75, 0.6, 0.5, 0.7, 0.5789, 0.55, 0.35, 0.5, 0.4, 0.45, 0.1, 0.55, 0.6, 0.9, 0.85, 1.0, 0.95, 1.0, 1.0, 1.0, 0.95, 0.95, 0.95, 1.0, 1.0, 1.0, 0.95, 0.95, 0.95, 0.95, 1.0, 1.0, 1.0, 1.0, 1.0, 0.9, 1.0, 1.0, 1.0, 1.0, 1.0, 1.0, 1.0, 1.0, 1.0, 1.0, 1.0, 1.0, 1.0, 1.0, 1.0, 1.0, 1.0, 0.95, 0.95, 1.0, 1.0, 1.0, 1.0, 1.0, 1.0, 1.0, 1.0, 1.0, 1.0, 1.0, 1.0, 1.0, 1.0, 1.0, 1.0, 1.0, 0.95]"
glm-4.7-flash,e84545b4073db0c4d84a58b5f4243d50,779273f5a384c7f40babfe5c0888e6477d8b5e8330f156be491e99fc7065e1ab,False,Nephrogenic Diabetes Insipidus,175,176,3581,4030,35,0.2,976,0.2155822395978777,0.85,0.0,1.0,49,0.3013124825467746,"[0.0, 0.05, 0.0, 0.2, 0.05, 0.05, 0.05, 0.0, 0.1, 0.1, 0.05, 0.0, 0.1, 0.05, 0.1, 0.0, 0.0, 0.0, 0.0, 0.0, 0.1, 0.0, 0.0, 0.05, 0.0, 0.1, 0.0, 0.0, 0.05, 0.0, 0.0, 0.4, 0.95, 0.95, 0.75, 0.85, 0.85, 0.8, 0.9, 0.85, 0.9, 1.0, 0.85, 0.9, 1.0, 0.75, 0.85, 0.85, 0.65, 0.95, 1.0, 0.9, 1.0, 0.95, 1.0, 0.95, 0.95, 0.9, 0.9, 0.95, 0.9, 0.95, 1.0, 0.9, 0.9, 0.9, 0.85, 0.9, 0.9, 0.9, 1.0, 0.95, 0.95, 1.0, 1.0, 0.9, 0.95, 1.0, 0.85, 0.95, 0.9, 0.9, 0.95, 0.9, 1.0, 1.0, 1.0, 0.9, 1.0, 1.0, 0.95, 0.95, 1.0, 0.95, 1.0, 1.0, 0.95, 1.0, 0.95, 1.0, 1.0, 1.0, 1.0, 1.0, 1.0, 1.0, 1.0, 1.0, 1.0, 1.0, 1.0, 1.0, 1.0, 1.0, 1.0, 0.95, 1.0, 1.0, 1.0, 1.0, 1.0, 1.0, 1.0, 1.0, 1.0, 1.0, 1.0, 1.0, 1.0, 1.0, 1.0, 1.0, 1.0, 1.0, 1.0, 1.0, 1.0, 1.0, 1.0, 1.0, 1.0, 1.0, 1.0, 1.0, 1.0, 0.95, 1.0, 1.0, 1.0, 1.0, 1.0, 1.0, 1.0, 1.0, 1.0, 1.0, 1.0, 1.0, 0.95, 1.0, 1.0, 1.0, 1.0, 1.0, 1.0, 1.0, 1.0, 1.0, 1.0, 1.0, 1.0, 1.0, 1.0, 1.0, 1.0, 1.0]"
glm-4.7-flash,28c328b44b6a8b287cd1e29bfc9c17eb,df882243712ba468484104f295da9dcd56c2465027003283c4462d030c834c85,True,Hydatid Disease,67,68,1269,1575,22,0.3283582089552239,468,0.23483057525610718,0.8,0.2,1.0,25,0.29393223010244285,"[0.2, 0.2, 0.25, 0.15, 0.15, 0.2, 0.1579, 0.2632, 0.15, 0.15, 0.1, 0.2, 0.0, 0.0, 0.15, 0.4, 0.45, 0.3, 0.3, 0.3, 0.15, 0.05, 0.8, 0.8, 0.7895, 0.95, 0.8, 0.9, 0.9, 0.9, 0.9, 0.95, 0.95, 1.0, 0.9, 1.0, 0.95, 1.0, 1.0, 1.0, 1.0, 1.0, 1.0, 1.0, 1.0, 1.0, 1.0, 1.0, 1.0, 1.0, 1.0, 1.0, 1.0, 1.0, 1.0, 1.0, 1.0, 1.0, 1.0, 1.0, 1.0, 1.0, 1.0, 1.0, 1.0, 1.0, 1.0, 1.0]"
glm-4.7-flash,28c328b44b6a8b287cd1e29bfc9c17eb,c205055a82c57efe737ddff486bb36eea3acca84bffdce9d45f184d4608cccbb,False,Pulmonary Tuberculosis with Aspergilloma,62,63,1256,1444,32,0.5161290322580645,800,0.5015923566878981,0.95,0.0,1.0,32,0.5015923566878981,"[0.0, 0.0, 0.0, 0.0, 0.0, 0.0, 0.0, 0.0, 0.1, 0.0, 0.05, 0.05, 0.15, 0.2, 0.3, 0.05, 0.25, 0.4, 0.3, 0.5, 0.3, 0.2, 0.35, 0.15, 0.15, 0.25, 0.2, 0.15, 0.15, 0.2, 0.3, 0.25, 0.95, 0.85, 1.0, 1.0, 0.95, 1.0, 1.0, 1.0, 0.95, 1.0, 1.0, 1.0, 1.0, 1.0, 1.0, 1.0, 1.0, 1.0, 0.9474, 1.0, 1.0, 1.0, 1.0, 1.0, 1.0, 1.0, 1.0, 1.0, 1.0, 1.0, 1.0]"
glm-4.7-flash,5355d6e5738c1e76aa8f1441131c9295,a5a6a9a1da91c0217b8eac4853e5248db94976099d205e3a56eda31af7523749,True,Constrictive pericarditis,104,105,2201,2700,29,0.27884615384615385,716,0.23898228078146297,0.9,0.15,1.0,29,0.23898228078146297,"[0.15, 0.1, 0.4, 0.15, 0.3, 0.25, 0.45, 0.15, 0.2, 0.6, 0.5, 0.5, 0.65, 0.65, 0.65, 0.7, 0.7, 0.6, 0.75, 0.7, 0.5, 0.45, 0.6, 0.8, 0.65, 0.85, 0.95, 0.6, 0.7, 0.9, 0.85, 1.0, 1.0, 1.0, 0.95, 1.0, 0.9, 0.9, 0.9, 0.85, 0.85, 0.9, 1.0, 0.95, 0.9, 1.0, 0.9, 1.0, 1.0, 0.95, 0.95, 1.0, 1.0, 1.0, 1.0, 1.0, 1.0, 1.0, 1.0, 1.0, 1.0, 0.95, 1.0, 1.0, 1.0, 1.0, 1.0, 1.0, 1.0, 1.0, 1.0, 1.0, 1.0, 1.0, 1.0, 1.0, 1.0, 1.0, 1.0, 0.95, 1.0, 1.0, 1.0, 1.0, 1.0, 1.0, 1.0, 1.0, 1.0, 1.0, 1.0, 1.0, 1.0, 1.0, 1.0, 1.0, 1.0, 1.0, 1.0, 1.0, 1.0, 1.0, 1.0, 0.95, 1.0]"
glm-4.7-flash,839d5849b985de3b732f197086218847,094757b64dfefa987c316ff904fcfad036356b5c47d0fd1dae43ecc652408937,True,Pneumocystis pneumonia,210,211,3721,4261,55,0.2619047619047619,1375,0.28433216877183554,0.85,0.6,1.0,59,0.29938188658962644,"[0.6, 0.55, 0.7, 0.7, 0.6, 0.65, 0.5, 0.7, 0.6, 0.65, 0.3, 0.6, 0.5, 0.5, 0.5, 0.4, 0.45, 0.55, 0.55, 0.5, 0.85, 0.75, 0.55, 0.55, 0.6842, 0.5, 0.45, 0.4211, 0.35, 0.7, 0.2, 0.35, 0.45, 0.6, 0.55, 0.6, 0.55, 0.25, 0.6, 0.55, 0.55, 0.65, 0.7, 0.65, 0.7, 0.5, 0.75, 0.85, 0.95, 0.75, 0.5, 0.4, 0.5, 0.45, 0.4, 0.85, 0.7, 0.9, 0.75, 0.8, 0.9, 0.8, 1.0, 0.95, 1.0, 0.85, 1.0, 0.95, 0.9, 1.0, 0.95, 1.0, 1.0, 0.95, 0.85, 1.0, 1.0, 1.0, 1.0, 0.95, 1.0, 1.0, 1.0, 1.0, 1.0, 1.0, 1.0, 1.0, 0.95, 1.0, 1.0, 1.0, 0.95, 1.0, 1.0, 1.0, 1.0, 1.0, 1.0, 1.0, 1.0, 1.0, 1.0, 1.0, 1.0, 1.0, 1.0, 1.0, 1.0, 1.0, 0.95, 1.0, 1.0, 1.0, 1.0, 1.0, 1.0, 1.0, 1.0, 1.0, 1.0, 1.0, 1.0, 1.0, 1.0, 1.0, 1.0, 1.0, 1.0, 1.0, 1.0, 1.0, 1.0, 1.0, 1.0, 1.0, 1.0, 1.0, 1.0, 0.95, 1.0, 1.0, 1.0, 0.95, 1.0, 1.0, 1.0, 1.0, 1.0, 1.0, 1.0, 1.0, 1.0, 0.95, 1.0, 1.0, 1.0, 1.0, 1.0, 1.0, 1.0, 1.0, 1.0, 1.0, 1.0, 1.0, 1.0, 1.0, 0.95, 1.0, 1.0, 1.0, 1.0, 1.0, 1.0, 1.0, 1.0, 1.0, 1.0, 1.0, 1.0, 1.0, 1.0, 1.0, 1.0, 1.0, 1.0, 1.0, 1.0, 1.0, 1.0, 1.0, 1.0, 1.0, 1.0, 1.0, 1.0, 1.0, 1.0, 1.0, 1.0, 1.0, 1.0, 1.0, 1.0, 1.0, 1.0, 1.0, 1.0, 1.0, 1.0]"
glm-4.7-flash,839d5849b985de3b732f197086218847,742f702ab1cb91bd8994f42b168f260fb4f25826c0ea812f03f6fbc802dae64e,False,Coccidioidomycosis,149,150,2749,3082,17,0.11409395973154363,773,0.16587850127319026,0.8,0.0,0.95,19,0.17751909785376502,"[0.0, 0.0, 0.0, 0.0, 0.0, 0.0, 0.0, 0.0, 0.0, 0.5, 0.4, 0.45, 0.55, 0.7, 0.55, 0.4, 0.5789, 0.8, 0.7, 0.9, 0.8, 0.95, 0.95, 1.0, 0.85, 1.0, 0.9, 0.95, 1.0, 0.95, 0.9, 0.9, 0.95, 0.95, 0.9, 1.0, 1.0, 1.0, 1.0, 1.0, 0.95, 1.0, 0.9, 1.0, 1.0, 0.95, 0.95, 1.0, 1.0, 1.0, 0.95, 0.9, 0.95, 1.0, 1.0, 1.0, 0.9, 1.0, 0.9, 0.95, 1.0, 0.95, 0.9, 0.95, 1.0, 0.95, 1.0, 1.0, 1.0, 1.0, 1.0, 1.0, 1.0, 1.0, 1.0, 1.0, 1.0, 1.0, 0.95, 1.0, 1.0, 1.0, 1.0, 1.0, 1.0, 1.0, 1.0, 0.9, 1.0, 1.0, 1.0, 0.95, 0.95, 0.95, 1.0, 1.0, 1.0, 1.0, 1.0, 1.0, 0.95, 0.95, 1.0, 1.0, 1.0, 1.0, 1.0, 1.0, 0.95, 1.0, 0.95, 1.0, 1.0, 0.95, 0.9, 1.0, 1.0, 1.0, 1.0, 1.0, 1.0, 1.0, 1.0, 1.0, 1.0, 1.0, 1.0, 1.0, 1.0, 1.0, 0.95, 1.0, 1.0, 1.0, 1.0, 1.0, 1.0, 1.0, 1.0, 1.0, 1.0, 1.0, 1.0, 0.95, 1.0, 1.0, 0.95, 1.0, 1.0, 0.95]"
glm-4.7-flash,ab0226a3a9dc01c8c9b91a47198bed63,007af9e13451a3dc0ad41554d420d15729aec5ac4e2c7f9c602841fb2b2af76a,True,Enterotoxigenic Escherichia coli infection,47,48,905,1211,9,0.19148936170212766,473,0.20883977900552486,0.85,0.55,1.0,16,0.3370165745856354,"[0.55, 0.55, 0.4, 0.65, 0.7368, 0.5, 0.6, 0.55, 0.75, 0.85, 0.95, 0.8889, 0.8421, 0.7, 0.85, 0.75, 1.0, 0.95, 0.85, 0.95, 0.95, 0.9, 0.85, 0.95, 0.8947, 1.0, 0.95, 0.9, 1.0, 0.95, 0.95, 0.85, 0.8421, 1.0, 1.0, 0.9474, 0.9474, 0.95, 0.95, 0.95, 0.9, 1.0, 1.0, 1.0, 1.0, 1.0, 0.95, 1.0]"
glm-4.7-flash,c4ce6239240ed6d8489f1ee8bf9a4784,d8228ed2c40ccf4bedea1ae709c112760f9bbdaba2350ef7aac8e89869fcb2b9,False,Optic Neuritis,209,210,3407,3877,22,0.10526315789473684,974,0.151746404461403,0.95,0.1,1.0,103,0.5412386263574993,"[0.1, 0.1, 0.4, 0.05, 0.2, 0.3, 0.35, 0.3158, 0.4, 0.6316, 0.7, 0.7, 0.7895, 0.7, 0.75, 0.7, 0.7, 0.75, 0.8, 0.5, 0.6, 0.7, 0.95, 0.95, 0.9, 1.0, 0.95, 1.0, 0.9, 0.95, 1.0, 0.95, 0.95, 0.95, 0.95, 1.0, 1.0, 1.0, 1.0, 0.95, 1.0, 1.0, 0.95, 0.9, 1.0, 0.9, 0.9474, 1.0, 1.0, 0.95, 0.95, 0.85, 1.0, 0.9474, 0.95, 0.95, 1.0, 0.95, 0.95, 0.95, 1.0, 1.0, 0.9, 0.9474, 1.0, 0.75, 1.0, 0.95, 1.0, 0.9, 0.95, 1.0, 0.95, 0.9, 0.95, 0.8, 0.95, 0.9, 0.95, 0.95, 1.0, 0.95, 0.9, 0.8, 0.85, 0.95, 0.85, 0.8, 0.95, 0.9, 0.85, 0.9, 0.95, 0.95, 0.95, 0.85, 0.95, 0.9, 1.0, 1.0, 1.0, 0.95, 0.75, 0.95, 0.95, 1.0, 0.95, 1.0, 1.0, 1.0, 1.0, 0.95, 0.95, 1.0, 1.0, 0.95, 1.0, 1.0, 1.0, 1.0, 0.95, 0.95, 1.0, 1.0, 1.0, 1.0, 1.0, 1.0, 1.0, 1.0, 1.0, 0.95, 1.0, 1.0, 1.0, 1.0, 1.0, 1.0, 0.95, 1.0, 0.9, 0.95, 0.95, 0.95, 0.95, 0.95, 1.0, 1.0, 1.0, 1.0, 0.95, 1.0, 1.0, 1.0, 1.0, 1.0, 1.0, 1.0, 1.0, 1.0, 1.0, 1.0, 1.0, 1.0, 1.0, 1.0, 1.0, 1.0, 1.0, 1.0, 1.0, 1.0, 1.0, 1.0, 1.0, 1.0, 1.0, 0.95, 1.0, 1.0, 1.0, 1.0, 1.0, 1.0, 1.0, 1.0, 1.0, 1.0, 1.0, 0.95, 1.0, 1.0, 1.0, 1.0, 1.0, 1.0, 1.0, 1.0, 1.0, 1.0, 1.0, 1.0, 1.0, 1.0, 1.0, 1.0, 1.0, 1.0, 1.0, 1.0]"
glm-4.7-flash,e9c3b2227f99155be055e871c23ef702,a46b6a7d67f5cca07326de561c7f3dfad072ce2cddef216f28dfbe96045e56ac,True,Stimulant Intoxication,116,117,2677,3002,26,0.22413793103448276,953,0.24206200971236458,1.0,0.6,1.0,26,0.24206200971236458,"[0.6, 0.6, 0.6, 0.65, 0.7, 0.55, 0.55, 0.7, 0.65, 0.45, 0.7, 0.5, 0.6, 0.85, 0.7, 0.8, 0.6, 0.5, 0.7, 0.65, 0.55, 0.85, 0.8, 0.55, 0.6842, 0.7, 1.0, 0.95, 1.0, 0.95, 0.95, 0.9, 1.0, 0.9, 0.95, 0.95, 1.0, 1.0, 0.95, 0.95, 1.0, 0.95, 1.0, 1.0, 1.0, 1.0, 1.0, 1.0, 0.95, 1.0, 0.95, 1.0, 1.0, 1.0, 1.0, 1.0, 1.0, 0.95, 1.0, 1.0, 1.0, 1.0, 1.0, 1.0, 1.0, 1.0, 1.0, 0.95, 1.0, 1.0, 1.0, 1.0, 1.0, 1.0, 0.9474, 1.0, 1.0, 1.0, 1.0, 1.0, 1.0, 1.0, 1.0, 1.0, 1.0, 1.0, 1.0, 1.0, 1.0, 1.0, 1.0, 1.0, 1.0, 1.0, 0.95, 1.0, 1.0, 1.0, 1.0, 1.0, 1.0, 1.0, 1.0, 1.0, 1.0, 1.0, 1.0, 1.0, 1.0, 1.0, 1.0, 1.0, 1.0, 1.0, 1.0, 1.0, 1.0]"
glm-4.7-flash,e9c3b2227f99155be055e871c23ef702,cb92988e7abe7928cab0639a3c92bdb5c3d40d742208b93b24427fc3225c5279,False,Anticholinergic and Sympathomimetic Toxicity (Syndrome X),187,188,4312,4629,177,0.946524064171123,4413,0.9526901669758813,0.6,0.0,0.5789473684210527,177,0.9526901669758813,"[0.0, 0.0, 0.0, 0.0, 0.0, 0.0, 0.0, 0.0, 0.0, 0.0, 0.0, 0.0, 0.0, 0.0, 0.0, 0.0, 0.0, 0.0, 0.0, 0.0, 0.0, 0.0, 0.0, 0.0, 0.0, 0.0, 0.0, 0.0, 0.0, 0.0, 0.0, 0.0, 0.0, 0.0, 0.0, 0.0, 0.0, 0.0, 0.0, 0.0, 0.0, 0.0, 0.1, 0.15, 0.1, 0.1053, 0.05, 0.0, 0.2, 0.15, 0.15, 0.0, 0.1, 0.15, 0.0, 0.05, 0.35, 0.15, 0.0526, 0.2, 0.15, 0.3684, 0.1, 0.1, 0.25, 0.3, 0.35, 0.15, 0.35, 0.35, 0.4, 0.4, 0.25, 0.45, 0.35, 0.4, 0.25, 0.5, 0.45, 0.5, 0.5, 0.4, 0.25, 0.4, 0.55, 0.6, 0.3, 0.2, 0.25, 0.4, 0.45, 0.35, 0.45, 0.3, 0.5, 0.45, 0.5, 0.1, 0.3, 0.35, 0.35, 0.3, 0.45, 0.35, 0.65, 0.4, 0.4, 0.35, 0.35, 0.4211, 0.35, 0.3, 0.4, 0.15, 0.3, 0.35, 0.35, 0.4, 0.15, 0.35, 0.4, 0.2, 0.35, 0.3, 0.5, 0.25, 0.3, 0.15, 0.35, 0.3, 0.2, 0.25, 0.4, 0.15, 0.25, 0.4, 0.1, 0.25, 0.2, 0.15, 0.4, 0.3, 0.3, 0.1, 0.1, 0.35, 0.2, 0.2, 0.15, 0.35, 0.55, 0.45, 0.55, 0.7, 0.55, 0.5263, 0.5, 0.5, 0.3, 0.35, 0.45, 0.55, 0.55, 0.45, 0.25, 0.5, 0.3, 0.6, 0.45, 0.5, 0.6, 0.45, 0.35, 0.35, 0.65, 0.35, 0.5, 0.6, 0.6842, 0.55, 0.6, 0.7, 0.6, 0.7, 0.6, 0.75, 0.55, 0.5789]"
glm-4.7-flash,34d053d3a9b3a1f013655f7223718de7,168756db524f831b277f4bec029aad978f50b98fce02f7917b365afd190c8ac3,True,Primary central nervous system lymphoma,269,270,4402,6354,144,0.5353159851301115,4306,0.548614266242617,0.8,0.6,1.0,207,0.7787369377555656,"[0.6, 0.5, 0.65, 0.5, 0.55, 0.4, 0.3, 0.5, 0.6, 0.55, 0.65, 0.5, 0.35, 0.45, 0.5, 0.45, 0.45, 0.3158, 0.25, 0.25, 0.45, 0.6, 0.6, 0.5, 0.6, 0.6, 0.6, 0.5, 0.5, 0.65, 0.35, 0.5789, 0.7, 0.35, 0.5, 0.4211, 0.25, 0.45, 0.2, 0.45, 0.5, 0.4, 0.55, 0.55, 0.6, 0.5, 0.6, 0.45, 0.4, 0.45, 0.35, 0.45, 0.4737, 0.45, 0.55, 0.65, 0.55, 0.55, 0.45, 0.4, 0.3684, 0.65, 0.45, 0.55, 0.6, 0.35, 0.35, 0.6, 0.7, 0.65, 0.85, 0.95, 0.9, 0.4, 0.55, 0.3, 0.25, 0.1579, 0.45, 0.2105, 0.4, 0.25, 0.5, 0.55, 0.6, 0.4, 0.7, 0.7368, 0.3, 0.5789, 0.45, 0.35, 0.4, 0.3, 0.75, 0.4737, 0.55, 0.7, 0.65, 0.6, 0.4737, 0.35, 0.35, 0.35, 0.1, 0.4, 0.3684, 0.35, 0.25, 0.5, 0.4, 0.55, 0.4, 0.5, 0.5, 0.7, 0.6, 0.75, 0.7368, 0.6, 0.85, 0.7, 0.7, 0.6, 0.8, 0.65, 0.7, 0.55, 0.9, 0.55, 0.7, 0.65, 0.7, 0.65, 0.65, 0.65, 0.7, 0.85, 0.7, 0.75, 0.65, 0.65, 0.55, 0.65, 0.8, 0.95, 0.95, 0.9, 0.85, 0.8, 0.95, 0.9, 0.95, 0.8, 0.95, 0.85, 0.9474, 0.95, 0.9, 0.9, 0.95, 0.9, 0.95, 1.0, 0.85, 0.9, 1.0, 0.95, 0.95, 0.9, 0.95, 1.0, 0.9, 0.95, 0.95, 0.95, 0.95, 0.85, 0.95, 0.9, 1.0, 1.0, 0.95, 0.9474, 0.7895, 1.0, 1.0, 0.95, 0.95, 0.85, 0.9, 0.95, 0.9, 0.8, 0.95, 0.95, 0.85, 0.85, 0.9, 1.0, 0.8, 0.9, 0.9, 0.9, 0.8, 0.85, 0.7, 0.85, 0.85, 0.95, 0.9, 0.95, 0.95, 0.9, 0.95, 0.85, 1.0, 1.0, 1.0, 1.0, 1.0, 0.9474, 0.9, 0.95, 1.0, 0.9, 0.95, 0.95, 0.9, 0.95, 0.95, 1.0, 1.0, 1.0, 0.95, 1.0, 1.0, 1.0, 1.0, 1.0, 1.0, 1.0, 1.0, 1.0, 1.0, 0.95, 1.0, 1.0, 1.0, 1.0, 1.0, 1.0, 1.0, 1.0, 1.0, 1.0, 1.0, 1.0, 1.0, 1.0, 1.0, 0.95, 1.0, 1.0, 1.0, 1.0, 1.0, 1.0, 1.0, 1.0]"
glm-4.7-flash,34d053d3a9b3a1f013655f7223718de7,751c30e68f202d671ba116507134f2f27b25822392486c36b111ee9c9e7db232,False,Glioblastoma,144,145,2765,4958,66,0.4583333333333333,3216,0.47920433996383366,0.85,0.35,0.95,74,0.5142857142857142,"[0.35, 0.2, 0.2105, 0.3, 0.2, 0.35, 0.4, 0.3, 0.35, 0.4, 0.3, 0.2, 0.45, 0.45, 0.35, 0.35, 0.3, 0.45, 0.3684, 0.5, 0.25, 0.4, 0.2, 0.4737, 0.5, 0.2, 0.4, 0.35, 0.2, 0.15, 0.4, 0.4, 0.45, 0.3, 0.35, 0.5, 0.6, 0.85, 0.55, 0.6, 0.75, 0.55, 0.4, 0.45, 0.25, 0.25, 0.25, 0.4, 0.35, 0.5, 0.45, 0.35, 0.3, 0.25, 0.2, 0.25, 0.4, 0.3, 0.45, 0.2, 0.4, 0.75, 0.55, 0.7, 0.65, 0.7, 0.85, 0.7, 0.7, 0.65, 0.7, 0.85, 0.85, 0.7, 0.95, 0.95, 0.9, 0.95, 1.0, 0.95, 0.95, 0.95, 0.95, 0.9, 0.95, 0.95, 1.0, 1.0, 1.0, 1.0, 1.0, 1.0, 1.0, 0.95, 1.0, 1.0, 1.0, 1.0, 1.0, 1.0, 1.0, 1.0, 1.0, 1.0, 0.95, 1.0, 1.0, 1.0, 1.0, 1.0, 1.0, 1.0, 1.0, 1.0, 1.0, 1.0, 1.0, 1.0, 1.0, 1.0, 1.0, 1.0, 1.0, 1.0, 1.0, 1.0, 1.0, 1.0, 1.0, 1.0, 1.0, 1.0, 1.0, 1.0, 1.0, 1.0, 1.0, 1.0, 1.0, 1.0, 0.95, 1.0, 1.0, 1.0, 0.95]"
glm-4.7-flash,5bebb5ccb1b21ef642e37fb57088d0af,e8fd4118ca360a1986cbc1dc1b51cfb49e3fdb235d555945a109826ee8ec546d,True,Cervical Syringomyelia,257,258,4737,4913,192,0.7470817120622568,3679,0.7428752374920836,0.2,0.25,0.1,254,0.9807895292379143,"[0.25, 0.1111, 0.05, 0.2, 0.1111, 0.0, 0.05, 0.1579, 0.1053, 0.05, 0.1, 0.25, 0.0, 0.0, 0.15, 0.1, 0.15, 0.1111, 0.05, 0.2, 0.0526, 0.1053, 0.1, 0.25, 0.15, 0.1053, 0.0, 0.15, 0.1579, 0.1053, 0.05, 0.1579, 0.15, 0.05, 0.05, 0.05, 0.05, 0.05, 0.0, 0.0526, 0.05, 0.0, 0.1, 0.0, 0.0, 0.05, 0.1, 0.1, 0.0, 0.15, 0.1, 0.2, 0.4, 0.2, 0.4, 0.15, 0.3, 0.5, 0.35, 0.1, 0.2, 0.3, 0.45, 0.35, 0.5, 0.35, 0.2, 0.45, 0.25, 0.2, 0.4, 0.4, 0.3158, 0.5, 0.3684, 0.4, 0.15, 0.25, 0.35, 0.2105, 0.25, 0.25, 0.2632, 0.5263, 0.35, 0.3, 0.35, 0.2, 0.2, 0.25, 0.5, 0.3, 0.45, 0.3, 0.1, 0.2, 0.45, 0.4, 0.3, 0.25, 0.25, 0.4, 0.15, 0.35, 0.3, 0.3, 0.6, 0.7, 0.7, 0.75, 0.65, 0.55, 0.6316, 0.6316, 0.85, 0.75, 0.65, 0.8, 0.75, 0.75, 0.55, 0.8, 0.55, 0.6, 0.45, 0.75, 0.7, 0.75, 0.65, 0.75, 0.65, 0.65, 0.5263, 0.7, 0.6, 0.55, 0.55, 0.45, 0.5263, 0.4, 0.45, 0.3, 0.4211, 0.35, 0.5, 0.35, 0.3, 0.45, 0.6, 0.4211, 0.6, 0.5, 0.3, 0.6, 0.65, 0.4, 0.7, 0.4, 0.45, 0.55, 0.4, 0.5, 0.3, 0.45, 0.25, 0.55, 0.2, 0.1, 0.25, 0.25, 0.3, 0.25, 0.2, 0.1, 0.25, 0.3, 0.5, 0.5, 0.15, 0.25, 0.45, 0.35, 0.45, 0.4, 0.25, 0.5263, 0.3158, 0.25, 0.35, 0.4, 0.4, 0.3, 0.2, 0.1, 0.15, 0.15, 0.3158, 0.15, 0.25, 0.1, 0.05, 0.2, 0.2, 0.25, 0.25, 0.2, 0.3, 0.35, 0.35, 0.15, 0.1053, 0.25, 0.4, 0.15, 0.2, 0.2105, 0.1579, 0.2, 0.2632, 0.15, 0.15, 0.25, 0.2, 0.15, 0.35, 0.15, 0.05, 0.15, 0.3, 0.2, 0.15, 0.25, 0.05, 0.2, 0.1, 0.15, 0.15, 0.1, 0.0, 0.2, 0.0, 0.1, 0.0526, 0.05, 0.05, 0.0, 0.05, 0.1, 0.0, 0.1, 0.05, 0.05, 0.0, 0.3, 0.2, 0.1053, 0.05, 0.1]"
glm-4.7-flash,5bebb5ccb1b21ef642e37fb57088d0af,6cffa262662ec0637e05df28837de84049dba54274ffbd437a1e172589c869df,False,Cervical Radiculopathy,121,122,2481,2656,17,0.14049586776859505,599,0.1769447803305119,0.9,0.2,1.0,23,0.237807335751713,"[0.2, 0.25, 0.1667, 0.15, 0.15, 0.1, 0.2105, 0.15, 0.25, 0.2, 0.1, 0.65, 0.25, 0.3, 0.25, 0.35, 0.6, 0.9, 0.75, 0.9, 0.85, 0.85, 0.75, 0.85, 0.9, 0.95, 0.85, 0.85, 0.85, 1.0, 0.95, 0.9474, 0.9, 0.95, 0.9, 0.9, 0.95, 0.9, 0.9, 0.9, 1.0, 1.0, 0.9, 1.0, 0.8, 1.0, 1.0, 1.0, 1.0, 1.0, 0.95, 1.0, 1.0, 1.0, 1.0, 1.0, 1.0, 0.95, 1.0, 1.0, 1.0, 1.0, 0.95, 1.0, 1.0, 1.0, 0.9, 1.0, 1.0, 0.85, 1.0, 0.95, 0.95, 1.0, 0.95, 0.85, 0.95, 0.95, 0.95, 0.9, 1.0, 1.0, 1.0, 0.9, 1.0, 0.9, 1.0, 1.0, 0.95, 1.0, 0.95, 0.9, 0.95, 0.95, 1.0, 1.0, 0.95, 1.0, 1.0, 1.0, 1.0, 0.95, 0.95, 1.0, 0.95, 0.9, 1.0, 1.0, 1.0, 1.0, 1.0, 0.85, 0.95, 1.0, 1.0, 1.0, 1.0, 0.95, 1.0, 1.0, 1.0, 1.0]"
glm-4.7-flash,855d2426bc87f84b919fa59d39097374,d0fe72a24db0bab3f395e07dd290f85dc29c947d18a48246479497c613764226,True,Schizophrenia,56,57,965,1235,22,0.39285714285714285,452,0.30259067357512953,0.9473684210526315,0.4,1.0,24,0.3626943005181347,"[0.4, 0.25, 0.2, 0.3, 0.25, 0.4, 0.05, 0.2, 0.25, 0.1, 0.2, 0.2, 0.1, 0.3158, 0.35, 0.6, 0.15, 0.15, 0.1, 0.45, 0.5, 0.65, 0.9474, 0.75, 0.9, 1.0, 0.95, 0.95, 0.95, 0.95, 0.9, 0.8, 0.95, 1.0, 0.95, 1.0, 0.95, 0.85, 0.9474, 1.0, 1.0, 1.0, 1.0, 1.0, 1.0, 1.0, 1.0, 1.0, 0.95, 1.0, 1.0, 1.0, 1.0, 1.0, 1.0, 1.0, 1.0]"
glm-4.7-flash,855d2426bc87f84b919fa59d39097374,848b85778af52c7c41477c042d5ca3d733d93683f9d819c824201049b25dc4de,False,Alzheimer's Disease,161,162,3082,3412,53,0.32919254658385094,1437,0.4143413367942894,0.85,0.0,1.0,59,0.44678780012978586,"[0.0, 0.0, 0.0, 0.05, 0.2, 0.1, 0.1, 0.05, 0.15, 0.15, 0.2, 0.15, 0.15, 0.2105, 0.05, 0.3, 0.15, 0.2, 0.3, 0.15, 0.25, 0.35, 0.9, 0.95, 0.75, 0.6, 0.8, 0.95, 0.85, 0.95, 0.8, 0.75, 0.65, 1.0, 0.9, 1.0, 0.9, 0.85, 0.95, 0.8, 0.65, 0.5, 0.65, 0.8, 0.8, 0.85, 0.8, 0.65, 0.75, 0.6, 0.9, 0.9, 0.9, 0.85, 0.8, 0.9, 0.85, 0.9, 0.7, 0.95, 1.0, 0.95, 0.9, 0.95, 1.0, 1.0, 1.0, 1.0, 1.0, 1.0, 1.0, 1.0, 0.95, 1.0, 1.0, 0.95, 0.95, 1.0, 0.95, 1.0, 1.0, 1.0, 1.0, 1.0, 1.0, 1.0, 1.0, 1.0, 1.0, 1.0, 1.0, 1.0, 1.0, 1.0, 1.0, 1.0, 1.0, 1.0, 1.0, 1.0, 1.0, 1.0, 1.0, 1.0, 1.0, 1.0, 1.0, 1.0, 1.0, 1.0, 1.0, 1.0, 1.0, 1.0, 1.0, 1.0, 1.0, 0.95, 0.95, 1.0, 1.0, 1.0, 1.0, 1.0, 1.0, 1.0, 1.0, 1.0, 1.0, 1.0, 1.0, 1.0, 1.0, 1.0, 1.0, 1.0, 1.0, 1.0, 1.0, 1.0, 1.0, 1.0, 1.0, 1.0, 1.0, 1.0, 1.0, 1.0, 1.0, 1.0, 1.0, 1.0, 1.0, 1.0, 1.0, 1.0, 1.0, 1.0, 1.0, 1.0, 1.0, 1.0]"
glm-4.7-flash,ab79da6338f2deff095e1bf3b5b4d9f0,8fe36c09eeac9ffb6eb19c6fb34f9d57e2b8209ca135e9af3f1c0528d1ca61a9,True,Myotonic Dystrophy Type 1,46,47,906,1240,1,0.021739130434782608,228,0.03642384105960265,0.8,0.6,1.0,17,0.26600441501103755,"[0.6, 0.8, 0.65, 0.75, 0.8, 0.8, 0.7, 0.8, 0.65, 0.8, 0.8, 0.7368, 0.75, 0.75, 0.85, 0.8, 0.65, 1.0, 1.0, 1.0, 1.0, 1.0, 1.0, 1.0, 1.0, 1.0, 1.0, 1.0, 1.0, 1.0, 1.0, 1.0, 1.0, 1.0, 1.0, 1.0, 1.0, 1.0, 0.95, 1.0, 1.0, 1.0, 1.0, 1.0, 1.0, 1.0, 1.0]"
glm-4.7-flash,ab79da6338f2deff095e1bf3b5b4d9f0,bd7769ef16c36131ce00ff26d8fb93968ef29bb14ac16d3eebbb9ba188574ccc,False,Myasthenia Gravis,228,229,3678,4370,94,0.41228070175438597,1832,0.445078847199565,0.85,0.0,1.0,140,0.6389342033713975,"[0.0, 0.0, 0.05, 0.0, 0.0, 0.0, 0.0, 0.05, 0.0, 0.1, 0.3, 0.25, 0.25, 0.2, 0.15, 0.2, 0.15, 0.25, 0.25, 0.3, 0.15, 0.2, 0.0, 0.05, 0.1, 0.0, 0.0526, 0.0, 0.0, 0.0, 0.15, 0.15, 0.05, 0.05, 0.1053, 0.15, 0.4, 0.25, 0.3, 0.35, 0.25, 0.2105, 0.35, 0.2, 0.15, 0.2, 0.1, 0.35, 0.15, 0.3, 0.25, 0.4, 0.35, 0.3, 0.55, 0.45, 0.35, 0.5, 0.1, 0.2, 0.25, 0.15, 0.35, 0.45, 0.2, 0.35, 0.55, 0.8, 0.55, 0.25, 0.55, 0.45, 0.4, 0.6, 0.7368, 0.8, 0.45, 0.6, 0.6, 0.6, 0.55, 0.75, 0.5, 0.55, 0.65, 0.55, 0.55, 0.55, 0.65, 0.65, 0.5, 0.6, 0.75, 0.9, 0.85, 0.85, 0.8, 0.8, 0.65, 0.75, 0.75, 0.75, 0.7, 0.75, 0.95, 0.95, 0.9, 1.0, 0.95, 0.9, 0.95, 0.85, 0.9, 0.95, 0.8, 0.8, 0.9, 0.9, 0.85, 0.9, 1.0, 0.9, 0.9, 1.0, 0.95, 0.75, 0.95, 0.8421, 0.8, 0.8, 0.8, 0.65, 0.85, 0.85, 0.65, 0.75, 0.75, 0.9, 0.7, 0.75, 0.95, 0.95, 1.0, 1.0, 1.0, 1.0, 1.0, 1.0, 1.0, 1.0, 1.0, 0.95, 1.0, 1.0, 1.0, 0.95, 1.0, 0.95, 1.0, 1.0, 1.0, 1.0, 1.0, 0.95, 1.0, 1.0, 1.0, 1.0, 1.0, 1.0, 1.0, 1.0, 1.0, 1.0, 1.0, 1.0, 1.0, 1.0, 1.0, 1.0, 1.0, 1.0, 1.0, 1.0, 1.0, 1.0, 1.0, 1.0, 1.0, 1.0, 1.0, 1.0, 1.0, 1.0, 1.0, 1.0, 1.0, 1.0, 1.0, 1.0, 1.0, 1.0, 1.0, 1.0, 1.0, 1.0, 1.0, 1.0, 1.0, 1.0, 1.0, 1.0, 1.0, 1.0, 1.0, 1.0, 1.0, 1.0, 1.0, 1.0, 1.0, 1.0, 1.0, 1.0, 1.0, 1.0, 1.0, 1.0, 1.0]"
glm-4.7-flash,c95386c8d35897f730a382e76e5ae272,1820b90c15f1fb29e10fa4e167b572e068bf58538b7e136f8f7f2f53f980173c,True,Keratoacanthoma,162,163,2702,2895,66,0.4074074074074074,1339,0.4296817172464841,0.8,0.6,1.0,66,0.4296817172464841,"[0.6, 0.4, 0.7, 0.7, 0.65, 0.5789, 0.75, 0.75, 0.7, 0.75, 0.85, 0.65, 0.85, 0.8, 0.7, 0.8, 0.8, 0.8, 0.85, 0.6316, 0.8, 0.65, 0.75, 0.65, 0.9, 0.7, 0.7, 0.5, 0.35, 0.45, 0.7, 0.85, 0.8, 0.6, 0.75, 0.5, 0.6, 0.6, 0.5, 0.4, 0.65, 0.55, 0.4737, 0.55, 0.6, 0.45, 0.8, 0.45, 0.45, 0.75, 0.6, 0.65, 0.55, 0.7368, 0.55, 0.85, 0.6842, 0.4, 0.45, 0.45, 0.6, 0.5, 0.45, 0.65, 0.3684, 0.7, 0.8, 1.0, 0.95, 0.95, 1.0, 0.95, 1.0, 1.0, 1.0, 1.0, 1.0, 0.95, 1.0, 1.0, 1.0, 1.0, 1.0, 1.0, 1.0, 1.0, 1.0, 1.0, 1.0, 1.0, 1.0, 1.0, 1.0, 1.0, 0.95, 1.0, 1.0, 1.0, 1.0, 1.0, 1.0, 1.0, 0.95, 1.0, 1.0, 1.0, 1.0, 1.0, 1.0, 1.0, 1.0, 1.0, 1.0, 1.0, 1.0, 1.0, 1.0, 1.0, 1.0, 1.0, 1.0, 0.9, 1.0, 1.0, 1.0, 1.0, 1.0, 1.0, 1.0, 1.0, 1.0, 1.0, 1.0, 1.0, 1.0, 1.0, 1.0, 1.0, 0.95, 1.0, 1.0, 1.0, 1.0, 1.0, 1.0, 1.0, 1.0, 1.0, 1.0, 1.0, 1.0, 1.0, 1.0, 1.0, 1.0, 1.0, 1.0, 1.0, 1.0, 1.0, 1.0, 1.0, 1.0]"
glm-4.7-flash,c95386c8d35897f730a382e76e5ae272,6fa7ce6cb4b0e67115ee234836219277d68d5f49636962c37a1e5b4b50e3febc,False,Epidermoid Cyst,113,114,1935,2127,37,0.3274336283185841,861,0.35297157622739017,0.8,0.05,0.9,40,0.36175710594315247,"[0.05, 0.05, 0.1, 0.05, 0.15, 0.1, 0.05, 0.15, 0.0, 0.0, 0.05, 0.2, 0.1, 0.35, 0.25, 0.1, 0.35, 0.3, 0.25, 0.55, 0.45, 0.35, 0.4, 0.3, 0.55, 0.6, 0.55, 0.65, 0.6, 0.55, 0.65, 0.45, 0.7, 0.65, 0.8, 0.8, 0.55, 0.8, 0.95, 0.75, 0.85, 0.95, 1.0, 1.0, 1.0, 1.0, 1.0, 0.95, 0.9, 0.9, 0.9, 0.95, 0.9, 0.95, 0.95, 0.95, 0.85, 1.0, 0.95, 0.9, 0.9, 0.95, 0.9, 1.0, 0.9, 1.0, 1.0, 1.0, 1.0, 1.0, 0.95, 0.95, 1.0, 0.9, 1.0, 0.95, 0.95, 0.95, 1.0, 0.95, 1.0, 0.9, 1.0, 0.95, 0.95, 0.95, 0.95, 0.95, 1.0, 0.95, 0.9, 0.95, 0.95, 0.95, 1.0, 1.0, 1.0, 0.95, 1.0, 0.95, 0.95, 0.95, 1.0, 1.0, 0.95, 1.0, 0.95, 0.8947, 0.85, 1.0, 0.95, 1.0, 1.0, 0.9]"
glm-4.7-flash,cc91c75860966ea7d69d7a716a857add,5f494632162108bf04da608cc93a138e898701f465d6d94978e74b299386712c,False,Polycythemia Vera,345,346,4897,5252,69,0.2,1441,0.22462732285072493,0.8,0.4,1.0,69,0.22462732285072493,"[0.4, 0.3, 0.4, 0.25, 0.25, 0.2, 0.2, 0.3, 0.1, 0.2, 0.15, 0.35, 0.25, 0.35, 0.35, 0.35, 0.35, 0.35, 0.5, 0.3, 0.55, 0.6, 0.65, 0.6, 0.2, 0.4, 0.35, 0.35, 0.45, 0.3, 0.7, 0.5, 0.3158, 0.75, 0.75, 0.45, 0.5, 0.7, 0.55, 0.5, 0.5263, 0.65, 0.5263, 0.45, 0.4211, 0.5, 0.35, 0.4, 0.25, 0.3, 0.3, 0.1, 0.2, 0.2, 0.25, 0.3, 0.5, 0.55, 0.75, 0.85, 0.7, 0.55, 0.85, 0.7, 0.6, 0.75, 0.6, 0.6, 0.7, 0.8, 0.9, 0.9, 0.9, 0.8, 0.9, 0.85, 0.95, 1.0, 0.95, 1.0, 1.0, 1.0, 0.95, 1.0, 1.0, 1.0, 0.95, 0.95, 1.0, 1.0, 1.0, 1.0, 1.0, 1.0, 0.9, 1.0, 1.0, 0.85, 1.0, 0.95, 1.0, 0.95, 1.0, 1.0, 0.95, 1.0, 0.95, 1.0, 0.95, 1.0, 1.0, 1.0, 0.95, 1.0, 1.0, 0.95, 1.0, 1.0, 1.0, 0.95, 0.95, 1.0, 1.0, 0.95, 1.0, 0.95, 1.0, 1.0, 1.0, 1.0, 1.0, 0.8947, 1.0, 1.0, 0.95, 1.0, 0.95, 0.95, 1.0, 0.95, 0.9, 1.0, 1.0, 0.9, 0.95, 1.0, 0.95, 1.0, 1.0, 1.0, 1.0, 1.0, 1.0, 1.0, 1.0, 1.0, 1.0, 1.0, 0.9, 1.0, 0.95, 0.95, 0.95, 1.0, 1.0, 0.95, 0.95, 0.95, 1.0, 0.95, 1.0, 1.0, 1.0, 0.9, 1.0, 0.95, 1.0, 1.0, 1.0, 1.0, 1.0, 0.95, 1.0, 1.0, 1.0, 0.95, 1.0, 1.0, 1.0, 1.0, 1.0, 1.0, 0.95, 1.0, 1.0, 1.0, 1.0, 1.0, 1.0, 1.0, 1.0, 1.0, 1.0, 1.0, 1.0, 1.0, 1.0, 1.0, 1.0, 0.9474, 0.95, 1.0, 0.95, 0.95, 0.95, 1.0, 1.0, 1.0, 1.0, 1.0, 1.0, 1.0, 1.0, 1.0, 0.85, 0.95, 1.0, 1.0, 1.0, 0.9, 1.0, 0.85, 0.95, 0.9, 1.0, 1.0, 1.0, 1.0, 0.95, 0.95, 1.0, 1.0, 0.9, 1.0, 0.95, 0.95, 1.0, 0.95, 0.95, 0.9, 0.95, 1.0, 0.9, 0.8947, 1.0, 1.0, 1.0, 0.9, 1.0, 0.95, 1.0, 1.0, 0.9, 1.0, 0.95, 1.0, 0.95, 1.0, 0.9, 0.95, 1.0, 1.0, 1.0, 0.95, 0.95, 0.95, 0.9, 1.0, 0.95, 1.0, 1.0, 0.95, 0.85, 1.0, 1.0, 1.0, 1.0, 0.95, 1.0, 1.0, 1.0, 0.95, 0.95, 1.0, 1.0, 0.95, 1.0, 1.0, 1.0, 0.95, 1.0, 0.95, 1.0, 0.95, 1.0, 1.0, 1.0, 1.0, 1.0, 1.0, 1.0, 1.0, 1.0, 1.0, 1.0, 1.0, 1.0, 1.0, 1.0, 1.0, 1.0, 1.0, 0.9, 1.0, 1.0, 1.0, 1.0, 1.0, 1.0, 1.0, 1.0, 0.95, 1.0, 1.0, 1.0, 1.0, 1.0, 1.0, 1.0, 1.0, 1.0, 1.0, 1.0, 1.0, 1.0, 1.0]"
glm-4.7-flash,3544e050c3ae29b6422ea56dc506cd8d,cdde01a5833ee98287eb509d7af4b9e02b6fa1ea1208ae602bb7a64fec59809b,False,Paraneoplastic Pemphigus,510,511,9502,11702,375,0.7352941176470589,8602,0.709534834771627,0.8,0.1,1.0,380,0.731635445169438,"[0.1, 0.0, 0.05, 0.05, 0.1, 0.1, 0.1, 0.15, 0.1, 0.15, 0.0, 0.2, 0.15, 0.05, 0.1, 0.05, 0.15, 0.05, 0.1, 0.05, 0.05, 0.15, 0.2, 0.1, 0.2105, 0.05, 0.05, 0.05, 0.0, 0.1, 0.05, 0.15, 0.2, 0.05, 0.05, 0.15, 0.1111, 0.2, 0.05, 0.05, 0.0526, 0.0, 0.1, 0.0, 0.2, 0.15, 0.1, 0.35, 0.1053, 0.35, 0.2, 0.2, 0.3158, 0.35, 0.2, 0.4, 0.25, 0.3, 0.65, 0.7, 0.4, 0.4, 0.35, 0.45, 0.6, 0.75, 0.7368, 0.7, 0.6, 0.75, 0.75, 0.65, 0.8, 0.75, 0.6, 0.6, 0.65, 0.5, 0.9, 0.6316, 0.6, 0.95, 0.8, 0.75, 0.75, 0.6, 0.5, 0.75, 0.45, 0.8, 0.6, 0.6, 0.4, 0.5, 0.65, 0.65, 0.3684, 0.4211, 0.65, 0.65, 0.4737, 0.35, 0.7, 0.6, 0.2, 0.35, 0.4211, 0.55, 0.3, 0.2105, 0.3, 0.3889, 0.25, 0.3158, 0.3158, 0.3, 0.45, 0.4, 0.55, 0.2632, 0.45, 0.6316, 0.7368, 0.55, 0.4, 0.7, 0.5, 0.6, 0.4, 0.55, 0.4, 0.4, 0.85, 0.7, 0.8, 0.5, 0.55, 0.55, 0.55, 0.75, 0.5, 0.65, 0.5, 0.55, 0.6842, 0.75, 0.7368, 0.6842, 0.6316, 0.65, 0.85, 0.7, 0.75, 0.8, 0.8, 0.75, 0.7, 0.85, 0.85, 0.7895, 0.75, 0.85, 0.65, 0.8, 0.6, 0.7778, 0.8421, 0.9, 0.8, 0.75, 0.9, 0.75, 0.7895, 0.85, 0.85, 0.9, 0.9, 0.9, 0.7368, 0.8947, 0.8, 0.8, 0.7, 0.95, 1.0, 0.8947, 0.9, 0.8, 0.8421, 0.85, 0.95, 1.0, 0.9, 0.95, 0.95, 0.8947, 0.9, 0.8947, 0.85, 1.0, 0.9, 0.9, 1.0, 0.95, 1.0, 1.0, 1.0, 1.0, 0.95, 0.95, 1.0, 1.0, 1.0, 0.85, 1.0, 0.95, 1.0, 1.0, 0.95, 0.95, 0.9, 0.95, 1.0, 1.0, 1.0, 1.0, 1.0, 0.9, 1.0, 1.0, 0.9, 1.0, 0.9, 0.85, 1.0, 0.9, 0.95, 1.0, 0.85, 0.9, 0.9, 1.0, 0.9, 1.0, 0.9474, 0.95, 0.9, 0.95, 1.0, 0.95, 0.9, 0.9, 0.95, 0.95, 1.0, 0.9, 1.0, 0.9, 0.95, 0.95, 0.8, 0.9, 1.0, 1.0, 1.0, 0.9, 0.8, 0.85, 0.75, 0.85, 1.0, 1.0, 1.0, 0.95, 1.0, 0.9, 0.95, 0.95, 0.8947, 1.0, 1.0, 1.0, 1.0, 1.0, 1.0, 1.0, 1.0, 1.0, 1.0, 0.95, 0.95, 1.0, 0.9, 0.85, 0.9, 0.9, 0.9, 1.0, 1.0, 1.0, 0.9, 0.95, 0.9, 0.9, 0.85, 0.95, 0.85, 0.8, 1.0, 0.95, 0.95, 0.9, 0.95, 0.95, 0.95, 0.8, 0.9, 0.85, 0.9, 0.95, 0.9, 0.85, 1.0, 0.95, 1.0, 0.95, 0.95, 0.8, 0.9, 0.95, 0.95, 1.0, 1.0, 0.9, 0.85, 0.75, 0.95, 0.8, 0.9, 0.85, 0.9, 0.9, 0.9, 0.9, 0.85, 0.95, 0.7895, 0.85, 0.85, 0.85, 0.95, 0.85, 0.95, 0.8, 0.75, 0.85, 0.6, 0.65, 0.75, 0.75, 0.75, 0.75, 0.75, 0.65, 0.9, 0.9, 0.8947, 0.85, 0.65, 0.65, 0.7, 0.7368, 0.85, 0.6, 0.6842, 0.8, 0.75, 0.75, 0.65, 0.75, 0.95, 0.8, 0.95, 0.95, 0.8, 0.95, 1.0, 0.85, 0.95, 0.85, 0.85, 0.9, 0.9, 1.0, 1.0, 1.0, 1.0, 0.95, 1.0, 1.0, 0.95, 0.95, 0.85, 1.0, 1.0, 1.0, 1.0, 1.0, 1.0, 1.0, 0.95, 0.95, 1.0, 0.9, 1.0, 0.95, 1.0, 1.0, 1.0, 1.0, 1.0, 1.0, 1.0, 1.0, 0.95, 1.0, 1.0, 1.0, 1.0, 1.0, 0.9, 1.0, 1.0, 0.9, 1.0, 0.95, 1.0, 1.0, 1.0, 1.0, 1.0, 1.0, 1.0, 1.0, 1.0, 0.95, 1.0, 1.0, 1.0, 0.95, 0.95, 1.0, 1.0, 1.0, 1.0, 1.0, 1.0, 1.0, 1.0, 1.0, 0.95, 1.0, 1.0, 0.9, 1.0, 0.95, 1.0, 1.0, 1.0, 1.0, 1.0, 1.0, 1.0, 1.0, 1.0, 1.0, 0.95, 1.0, 1.0, 1.0, 1.0, 0.95, 1.0, 1.0, 0.95, 1.0, 0.95, 1.0, 1.0, 1.0, 1.0, 1.0, 1.0, 1.0, 1.0, 1.0, 1.0, 1.0, 1.0, 1.0, 1.0, 1.0, 1.0, 1.0, 1.0, 1.0, 1.0, 1.0, 1.0, 1.0, 1.0]"
glm-4.7-flash,5e7abd32af948047598121dd03ac97b6,0b5a1f396eecd13636044ab491984fdfb254465f8fdcd0146a725ff5bd987576,False,Scarlet fever,367,368,4957,5635,45,0.1226158038147139,969,0.16542263465805931,0.8421052631578947,0.1,0.95,85,0.24248537421827718,"[0.1, 0.1, 0.1, 0.15, 0.0, 0.0, 0.15, 0.05, 0.1, 0.15, 0.0, 0.05, 0.0, 0.05, 0.1, 0.15, 0.0, 0.05, 0.1, 0.0526, 0.0, 0.0, 0.0526, 0.05, 0.1, 0.05, 0.05, 0.15, 0.3, 0.1, 0.15, 0.05, 0.0, 0.15, 0.15, 0.15, 0.15, 0.2, 0.0526, 0.65, 0.65, 0.6, 0.65, 0.6, 0.6, 0.8421, 0.9, 0.75, 0.8, 0.85, 0.7, 0.8, 0.85, 0.9, 0.8, 0.95, 0.95, 0.95, 0.85, 0.85, 0.9474, 0.9, 0.95, 0.9, 0.9, 0.9, 0.95, 0.85, 0.65, 0.8, 0.9, 1.0, 1.0, 0.8, 0.85, 0.9, 0.9, 0.9, 0.85, 0.9, 1.0, 0.9, 0.85, 0.85, 0.75, 0.85, 0.85, 0.9, 1.0, 0.95, 1.0, 1.0, 0.95, 0.9, 1.0, 0.95, 0.95, 0.9, 0.9, 0.9, 1.0, 1.0, 0.95, 1.0, 0.95, 0.9474, 0.95, 0.95, 0.95, 0.85, 1.0, 0.95, 0.95, 1.0, 0.95, 0.95, 1.0, 0.9, 1.0, 0.85, 0.9, 0.9, 0.95, 1.0, 1.0, 0.95, 1.0, 0.9, 0.95, 0.95, 0.95, 1.0, 1.0, 1.0, 0.9, 1.0, 1.0, 1.0, 1.0, 0.95, 1.0, 0.9, 0.95, 0.95, 1.0, 1.0, 1.0, 0.95, 0.95, 0.95, 1.0, 0.9474, 1.0, 0.95, 1.0, 1.0, 1.0, 1.0, 1.0, 1.0, 1.0, 0.95, 1.0, 1.0, 0.95, 0.95, 0.95, 0.95, 1.0, 1.0, 0.95, 1.0, 1.0, 1.0, 1.0, 1.0, 0.95, 1.0, 1.0, 0.9, 1.0, 0.9, 1.0, 0.95, 1.0, 1.0, 1.0, 1.0, 1.0, 1.0, 1.0, 1.0, 1.0, 1.0, 1.0, 1.0, 1.0, 1.0, 0.95, 1.0, 1.0, 1.0, 1.0, 1.0, 1.0, 0.95, 1.0, 1.0, 1.0, 1.0, 1.0, 0.95, 1.0, 0.95, 1.0, 1.0, 1.0, 1.0, 1.0, 1.0, 1.0, 1.0, 0.9474, 0.95, 1.0, 1.0, 1.0, 1.0, 1.0, 1.0, 1.0, 1.0, 1.0, 0.95, 0.95, 1.0, 0.9474, 1.0, 1.0, 1.0, 1.0, 0.95, 0.8889, 1.0, 1.0, 0.95, 1.0, 0.95, 1.0, 0.95, 1.0, 1.0, 1.0, 1.0, 0.95, 0.95, 0.9, 1.0, 0.95, 1.0, 1.0, 0.95, 1.0, 1.0, 1.0, 1.0, 0.9, 1.0, 1.0, 1.0, 0.95, 1.0, 1.0, 0.95, 1.0, 1.0, 1.0, 0.95, 1.0, 1.0, 1.0, 1.0, 1.0, 1.0, 0.95, 1.0, 1.0, 1.0, 1.0, 1.0, 1.0, 1.0, 1.0, 1.0, 1.0, 1.0, 1.0, 1.0, 1.0, 1.0, 0.95, 0.95, 1.0, 0.95, 1.0, 1.0, 1.0, 1.0, 1.0, 1.0, 1.0, 1.0, 1.0, 1.0, 1.0, 1.0, 1.0, 1.0, 1.0, 1.0, 1.0, 1.0, 1.0, 1.0, 1.0, 1.0, 1.0, 1.0, 1.0, 1.0, 1.0, 1.0, 1.0, 1.0, 1.0, 1.0, 1.0, 1.0, 1.0, 1.0, 1.0, 1.0, 0.95, 1.0, 1.0, 1.0, 1.0, 1.0, 1.0, 1.0, 1.0, 1.0, 1.0, 1.0, 1.0, 1.0, 1.0, 1.0, 1.0, 1.0, 1.0, 1.0, 1.0, 1.0, 1.0, 1.0, 1.0, 0.95]"
glm-4.7-flash,b1e59a85b6e9c1e020d2392193d668fb,42e31b61f50fafc018004e899086d726e10f17510d64af171c4c9f48490ad08a,True,Vestibular Neuritis,357,358,5673,6368,51,0.14285714285714285,1581,0.21699277278335977,0.85,0.3,1.0,64,0.26441036488630354,"[0.3, 0.45, 0.65, 0.7368, 0.5, 0.4737, 0.45, 0.35, 0.3158, 0.5789, 0.4737, 0.4, 0.6, 0.4211, 0.25, 0.35, 0.6, 0.5263, 0.65, 0.55, 0.75, 0.65, 0.7368, 0.6316, 0.6, 0.55, 0.7, 0.65, 0.6842, 0.4737, 0.55, 0.75, 0.55, 0.5789, 0.55, 0.7, 0.7, 0.65, 0.65, 0.7368, 0.7, 0.8, 0.95, 0.7, 0.7, 0.9, 0.85, 0.85, 0.85, 0.65, 0.6, 0.85, 0.95, 0.8, 0.8947, 0.7, 1.0, 0.9, 0.95, 0.85, 0.95, 1.0, 0.95, 0.75, 0.85, 0.9, 0.85, 0.95, 0.95, 1.0, 1.0, 0.9, 0.9, 0.9, 1.0, 0.95, 0.95, 0.85, 1.0, 0.9, 0.9474, 1.0, 0.9, 1.0, 1.0, 1.0, 0.9, 1.0, 1.0, 1.0, 1.0, 0.95, 0.95, 1.0, 1.0, 1.0, 0.95, 1.0, 1.0, 1.0, 0.95, 0.9, 1.0, 0.95, 1.0, 0.9, 1.0, 0.95, 1.0, 0.95, 0.9, 1.0, 1.0, 1.0, 1.0, 1.0, 0.95, 1.0, 0.9, 1.0, 1.0, 1.0, 1.0, 1.0, 1.0, 0.95, 1.0, 1.0, 1.0, 1.0, 1.0, 0.95, 1.0, 1.0, 1.0, 0.85, 1.0, 1.0, 1.0, 0.95, 1.0, 0.95, 1.0, 1.0, 0.95, 0.9, 0.95, 0.95, 1.0, 1.0, 1.0, 1.0, 1.0, 0.95, 1.0, 0.95, 1.0, 1.0, 0.95, 1.0, 1.0, 0.9, 1.0, 0.9, 0.85, 1.0, 1.0, 0.95, 0.95, 1.0, 0.95, 0.95, 0.8, 1.0, 0.95, 0.95, 0.95, 1.0, 0.95, 0.95, 0.9, 0.9, 0.9, 1.0, 0.9, 0.95, 0.95, 0.95, 0.9474, 0.9, 1.0, 1.0, 1.0, 0.9, 1.0, 1.0, 0.95, 1.0, 0.95, 0.95, 1.0, 1.0, 1.0, 1.0, 1.0, 0.95, 1.0, 1.0, 1.0, 1.0, 0.9, 1.0, 1.0, 1.0, 1.0, 1.0, 0.95, 1.0, 1.0, 1.0, 1.0, 0.95, 1.0, 1.0, 1.0, 0.9, 1.0, 1.0, 1.0, 0.95, 1.0, 1.0, 1.0, 1.0, 1.0, 1.0, 1.0, 1.0, 0.95, 0.95, 1.0, 1.0, 1.0, 0.9, 1.0, 1.0, 0.95, 1.0, 1.0, 1.0, 1.0, 1.0, 1.0, 1.0, 1.0, 1.0, 1.0, 1.0, 1.0, 1.0, 1.0, 1.0, 1.0, 1.0, 1.0, 1.0, 1.0, 1.0, 1.0, 1.0, 1.0, 1.0, 0.95, 0.95, 1.0, 1.0, 1.0, 1.0, 1.0, 1.0, 1.0, 1.0, 1.0, 1.0, 1.0, 0.95, 1.0, 1.0, 1.0, 1.0, 1.0, 1.0, 1.0, 1.0, 1.0, 1.0, 1.0, 1.0, 1.0, 1.0, 1.0, 0.95, 1.0, 1.0, 1.0, 1.0, 1.0, 1.0, 1.0, 1.0, 1.0, 1.0, 1.0, 1.0, 1.0, 1.0, 1.0, 1.0, 1.0, 1.0, 1.0, 1.0, 1.0, 1.0, 1.0, 1.0, 1.0, 1.0, 1.0, 1.0, 1.0, 1.0, 1.0, 1.0, 1.0, 1.0, 1.0, 1.0, 1.0, 1.0, 1.0, 0.95, 1.0, 1.0, 1.0, 1.0, 1.0, 0.9474, 1.0, 1.0, 1.0, 1.0, 1.0, 1.0, 1.0, 0.95, 1.0, 1.0]"
glm-4.7-flash,392e2a9bea699b47177b6179d80b2b23,f5eff48fe899f017c78b01916eaa8b76e033935f7633a0ef69394571c389642c,False,Pulmonary sarcoidosis,517,518,9088,11764,290,0.5609284332688588,7537,0.5915492957746479,0.85,0.2,1.0,385,0.7724471830985915,"[0.2, 0.1, 0.0526, 0.05, 0.15, 0.05, 0.15, 0.1579, 0.25, 0.05, 0.25, 0.1, 0.1, 0.15, 0.2, 0.05, 0.05, 0.0, 0.0, 0.1, 0.05, 0.2, 0.1, 0.15, 0.2, 0.2, 0.25, 0.2, 0.25, 0.1, 0.15, 0.15, 0.25, 0.15, 0.1, 0.1, 0.05, 0.0, 0.0, 0.1, 0.15, 0.05, 0.0, 0.05, 0.1, 0.05, 0.0, 0.05, 0.0, 0.0, 0.15, 0.0, 0.0, 0.0, 0.0, 0.0, 0.0, 0.0, 0.0, 0.0, 0.0, 0.0, 0.0, 0.0, 0.0, 0.0, 0.0, 0.0, 0.0, 0.0, 0.0, 0.0, 0.05, 0.05, 0.05, 0.0, 0.0, 0.0, 0.0, 0.0, 0.0, 0.0, 0.05, 0.0, 0.0, 0.0, 0.0, 0.0, 0.05, 0.05, 0.0, 0.0, 0.0, 0.0, 0.0, 0.0, 0.0, 0.0, 0.0, 0.0, 0.0, 0.0, 0.0, 0.0, 0.05, 0.0, 0.05, 0.05, 0.0, 0.0, 0.0, 0.0, 0.0, 0.0, 0.0, 0.0, 0.0, 0.0, 0.0, 0.0, 0.05, 0.0, 0.0, 0.0, 0.0, 0.0, 0.0, 0.0, 0.0, 0.0, 0.0, 0.0, 0.0, 0.0, 0.0, 0.0, 0.0, 0.05, 0.0, 0.0, 0.0, 0.0, 0.0, 0.05, 0.0, 0.0, 0.05, 0.0, 0.0, 0.0, 0.0, 0.0, 0.05, 0.0, 0.05, 0.0, 0.0, 0.0, 0.0, 0.0, 0.0, 0.0, 0.0, 0.0, 0.1, 0.05, 0.15, 0.0, 0.5, 0.8, 0.5, 0.6, 0.6, 0.5, 0.75, 0.8, 0.75, 0.65, 0.95, 0.6, 0.8, 0.8, 0.65, 0.55, 0.75, 0.8, 0.9474, 0.65, 0.7, 0.65, 0.65, 0.65, 0.75, 0.5, 0.7368, 0.65, 0.45, 0.8, 0.5, 0.45, 0.65, 0.85, 0.6316, 0.75, 0.6, 0.8947, 0.8, 0.75, 0.85, 0.75, 0.5, 0.7368, 0.7, 0.6, 0.55, 0.6842, 0.65, 0.65, 0.7, 0.8, 0.75, 0.55, 0.6, 0.8, 0.4, 0.75, 0.8, 0.5, 0.4, 0.65, 0.75, 0.45, 0.6, 0.45, 0.5, 0.4, 0.55, 0.55, 0.7, 0.4, 0.5, 0.7, 0.6, 0.5, 0.65, 0.65, 0.7, 0.7, 0.65, 0.7, 0.7, 0.6316, 0.75, 0.85, 0.5789, 0.7, 0.75, 0.7, 0.8, 0.65, 0.85, 0.7, 0.65, 0.7895, 0.8, 0.7, 0.75, 0.55, 0.8, 0.8, 0.85, 0.75, 0.8, 0.8, 0.8, 0.9, 0.9, 0.7, 0.9, 0.85, 0.65, 0.8, 0.7, 0.95, 0.85, 0.75, 0.75, 0.75, 0.95, 0.6, 0.85, 0.9, 0.75, 0.85, 0.75, 0.8, 0.85, 0.85, 0.95, 0.8, 0.9, 0.7, 0.75, 0.75, 0.85, 0.8, 0.9, 0.85, 1.0, 0.75, 0.75, 0.95, 0.75, 0.9, 0.9, 0.85, 0.95, 0.85, 0.85, 0.8, 0.9, 0.9, 0.85, 0.9, 0.85, 0.9, 0.8, 0.75, 0.8, 0.9, 0.9, 0.85, 0.95, 0.9, 0.7, 0.9, 0.65, 0.9, 0.8, 0.75, 0.65, 0.8, 0.85, 0.75, 0.75, 0.85, 0.9, 0.85, 0.95, 0.9, 0.95, 1.0, 0.9, 1.0, 1.0, 0.95, 0.85, 0.95, 1.0, 0.9, 1.0, 1.0, 0.95, 1.0, 0.95, 1.0, 0.9, 1.0, 1.0, 0.9, 0.95, 0.95, 0.95, 0.85, 0.95, 1.0, 0.95, 0.8947, 0.95, 0.95, 1.0, 0.95, 0.9474, 0.9, 0.7368, 0.85, 1.0, 1.0, 0.95, 1.0, 1.0, 1.0, 1.0, 1.0, 0.95, 0.95, 0.9, 0.85, 0.85, 0.95, 1.0, 1.0, 0.95, 1.0, 0.95, 0.95, 0.9, 1.0, 0.9, 0.95, 1.0, 0.85, 0.9, 1.0, 0.95, 0.95, 1.0, 0.9, 0.9474, 1.0, 1.0, 0.95, 1.0, 0.9, 1.0, 0.85, 1.0, 0.95, 1.0, 1.0, 0.95, 0.9, 0.95, 0.9, 1.0, 1.0, 1.0, 1.0, 0.9, 0.95, 0.95, 1.0, 1.0, 1.0, 1.0, 0.9474, 1.0, 0.95, 1.0, 1.0, 0.95, 1.0, 1.0, 1.0, 0.9, 0.95, 0.95, 1.0, 0.9, 0.95, 1.0, 1.0, 1.0, 0.9474, 1.0, 0.95, 0.9, 1.0, 0.95, 1.0, 0.95, 1.0, 1.0, 0.9, 1.0, 1.0, 1.0, 0.95, 0.95, 0.95, 0.95, 0.9474, 0.95, 1.0, 0.95, 1.0, 1.0, 1.0, 0.95, 1.0, 0.9, 1.0, 1.0, 1.0, 1.0, 0.95, 0.95, 1.0, 1.0, 0.95, 1.0, 0.9474, 1.0, 0.95, 0.95, 0.9, 1.0, 1.0, 1.0, 0.95, 1.0, 1.0, 0.95, 1.0, 1.0, 0.9474, 1.0, 1.0]"
glm-4.7-flash,b1e9764076e3a29c4c3c4738b878b57a,a754faffac40125ac967f7e832d1ac66dcdcf918111b41611e206f63ee550a14,False,Sydenham's chorea,416,417,7430,9194,83,0.19951923076923078,3015,0.19219380888290713,0.8421052631578947,0.0,1.0,136,0.32557200538358005,"[0.0, 0.0, 0.0, 0.0, 0.0, 0.0, 0.0, 0.0, 0.0, 0.0, 0.0, 0.0, 0.0, 0.0, 0.0, 0.0, 0.0, 0.0, 0.0, 0.0, 0.0, 0.0, 0.0, 0.0, 0.0, 0.0, 0.0, 0.0, 0.0, 0.0, 0.0, 0.0, 0.0, 0.0, 0.0, 0.0, 0.0, 0.0, 0.05, 0.0, 0.0, 0.05, 0.0, 0.0, 0.0, 0.0, 0.0526, 0.0, 0.0, 0.0, 0.0, 0.0, 0.0, 0.05, 0.0, 0.05, 0.0, 0.0526, 0.3, 0.1, 0.3, 0.25, 0.2, 0.15, 0.3158, 0.3684, 0.35, 0.3, 0.55, 0.6, 0.75, 0.7895, 0.6842, 0.75, 0.85, 0.8, 0.7, 0.75, 0.75, 0.85, 0.7895, 0.7, 0.5556, 0.8421, 0.9, 0.75, 0.85, 0.85, 0.7, 0.8, 0.8421, 0.85, 0.65, 0.8, 0.8, 0.8, 0.9, 0.8, 0.75, 0.85, 0.85, 0.9, 0.9, 0.95, 1.0, 0.95, 0.95, 0.95, 1.0, 0.95, 1.0, 1.0, 1.0, 0.95, 0.95, 0.95, 0.95, 1.0, 0.95, 1.0, 1.0, 0.95, 1.0, 0.9, 1.0, 1.0, 0.85, 1.0, 0.95, 0.75, 0.8, 1.0, 0.9, 0.75, 0.9, 0.75, 0.9, 0.9, 0.85, 0.9, 0.85, 0.95, 0.95, 1.0, 0.9, 1.0, 1.0, 0.95, 1.0, 0.95, 0.95, 0.85, 0.95, 0.95, 0.95, 0.9, 0.9, 1.0, 1.0, 1.0, 1.0, 0.9444, 0.9, 1.0, 1.0, 1.0, 1.0, 1.0, 0.95, 0.95, 1.0, 1.0, 1.0, 1.0, 1.0, 1.0, 1.0, 0.9, 1.0, 1.0, 1.0, 1.0, 1.0, 1.0, 0.95, 1.0, 1.0, 0.95, 0.95, 1.0, 1.0, 1.0, 1.0, 1.0, 0.95, 0.9, 1.0, 1.0, 0.95, 1.0, 1.0, 1.0, 1.0, 0.95, 1.0, 1.0, 0.95, 1.0, 0.95, 1.0, 0.9, 0.95, 0.95, 1.0, 1.0, 1.0, 1.0, 1.0, 1.0, 1.0, 1.0, 1.0, 0.95, 0.95, 1.0, 1.0, 0.95, 1.0, 0.95, 1.0, 1.0, 1.0, 0.95, 1.0, 1.0, 0.95, 0.95, 1.0, 1.0, 1.0, 1.0, 0.95, 0.95, 0.95, 1.0, 1.0, 1.0, 0.95, 1.0, 1.0, 1.0, 1.0, 0.95, 0.95, 1.0, 1.0, 0.9, 1.0, 0.95, 0.9, 1.0, 0.95, 0.95, 1.0, 1.0, 1.0, 1.0, 1.0, 0.9, 1.0, 1.0, 0.95, 1.0, 1.0, 1.0, 0.95, 1.0, 1.0, 0.95, 1.0, 0.95, 1.0, 0.95, 0.95, 0.95, 1.0, 0.95, 1.0, 1.0, 1.0, 1.0, 1.0, 1.0, 1.0, 1.0, 0.95, 1.0, 1.0, 1.0, 1.0, 1.0, 1.0, 0.95, 1.0, 1.0, 0.9474, 1.0, 0.95, 1.0, 0.95, 1.0, 1.0, 1.0, 1.0, 1.0, 1.0, 0.9474, 1.0, 1.0, 1.0, 1.0, 0.95, 1.0, 1.0, 1.0, 1.0, 1.0, 0.95, 1.0, 1.0, 1.0, 1.0, 1.0, 0.95, 1.0, 1.0, 1.0, 1.0, 1.0, 1.0, 1.0, 1.0, 1.0, 1.0, 0.95, 1.0, 1.0, 1.0, 1.0, 1.0, 1.0, 1.0, 1.0, 1.0, 1.0, 1.0, 1.0, 1.0, 1.0, 1.0, 1.0, 1.0, 1.0, 1.0, 1.0, 0.95, 1.0, 1.0, 1.0, 1.0, 1.0, 1.0, 1.0, 1.0, 1.0, 1.0, 1.0, 1.0, 1.0, 1.0, 0.95, 1.0, 1.0, 1.0, 1.0, 1.0, 1.0, 1.0, 1.0, 1.0, 1.0, 1.0, 1.0, 1.0, 1.0, 1.0, 1.0, 1.0, 1.0, 1.0, 1.0, 1.0, 1.0, 1.0, 1.0, 1.0, 0.95, 1.0, 1.0, 1.0, 0.95, 1.0, 1.0, 1.0, 1.0, 1.0, 1.0]"
glm-4.7-flash,0a3c768a49d4110f6c1604ace9951ee5,c2dc4fc771ee7b2567be90452ab776116796d02e99809789a0ba74ee1f0201bb,False,Gastroesophageal Reflux Disease (GERD),401,402,5733,6482,128,0.3192019950124688,2233,0.3315890458747602,0.8,0.1,1.0,297,0.7294610151753009,"[0.1, 0.25, 0.25, 0.1, 0.25, 0.2, 0.15, 0.3, 0.15, 0.1, 0.3, 0.3, 0.25, 0.2, 0.25, 0.4, 0.25, 0.15, 0.3, 0.35, 0.35, 0.25, 0.45, 0.5, 0.5, 0.45, 0.6, 0.65, 0.75, 0.55, 0.45, 0.75, 0.45, 0.45, 0.5, 0.55, 0.7, 0.4, 0.75, 0.65, 0.65, 0.7, 0.6, 0.7, 0.75, 0.65, 0.75, 0.75, 0.85, 0.7, 0.85, 0.75, 0.65, 0.75, 0.75, 0.75, 0.9, 0.8, 0.85, 0.9, 0.8, 0.85, 0.95, 0.85, 0.8421, 0.95, 0.9, 0.95, 0.8947, 0.9, 0.95, 1.0, 0.95, 1.0, 0.95, 0.9, 0.85, 0.95, 0.9, 0.95, 0.8421, 0.9474, 0.85, 0.75, 0.95, 0.8, 1.0, 0.85, 0.8, 0.75, 0.8, 0.75, 0.8421, 0.95, 0.85, 0.8, 0.75, 0.95, 0.95, 0.75, 0.8, 0.9, 0.85, 0.7, 0.8, 0.8, 0.8, 0.85, 0.95, 0.9, 0.9, 0.8, 0.9, 0.7895, 0.75, 0.75, 0.7368, 0.85, 0.8421, 0.8, 0.7, 0.65, 0.75, 0.9, 0.8, 0.7, 0.9, 0.55, 0.8, 0.9, 0.65, 0.85, 0.7, 0.8, 0.7368, 0.75, 0.9, 0.7, 0.85, 0.8, 0.8, 0.7, 0.65, 0.85, 0.85, 0.6842, 0.85, 0.8, 0.9, 1.0, 0.9, 0.9, 0.8947, 0.95, 0.8, 0.9, 1.0, 0.95, 0.95, 1.0, 0.85, 0.9, 0.95, 0.95, 1.0, 0.95, 0.95, 0.9, 0.9, 0.95, 0.85, 1.0, 0.85, 1.0, 0.9474, 0.95, 1.0, 0.9, 0.95, 0.9, 0.95, 1.0, 0.9, 0.8421, 1.0, 0.95, 1.0, 1.0, 0.95, 1.0, 1.0, 1.0, 1.0, 0.9474, 0.95, 1.0, 1.0, 1.0, 0.95, 1.0, 1.0, 0.95, 0.95, 0.9, 1.0, 1.0, 0.95, 1.0, 0.9, 1.0, 1.0, 0.9, 0.95, 1.0, 0.95, 1.0, 1.0, 1.0, 0.95, 0.95, 0.95, 1.0, 0.95, 0.95, 0.9, 1.0, 1.0, 0.95, 0.95, 0.95, 1.0, 0.95, 1.0, 1.0, 1.0, 1.0, 1.0, 1.0, 1.0, 1.0, 0.95, 1.0, 1.0, 0.9, 1.0, 1.0, 1.0, 0.9, 1.0, 0.9, 0.95, 0.9, 0.9, 1.0, 0.95, 0.9, 0.95, 0.9, 0.75, 0.95, 0.85, 0.8, 0.9, 0.9, 0.85, 0.8421, 0.85, 0.95, 0.95, 0.9, 0.9, 0.85, 0.8, 0.9, 0.7, 0.9, 0.9, 0.95, 0.85, 0.85, 0.9, 0.8, 0.9, 0.8, 0.85, 0.85, 1.0, 0.9, 0.85, 0.9, 0.85, 0.75, 0.9, 0.85, 0.85, 0.85, 0.75, 1.0, 0.9, 0.9, 0.85, 0.9, 0.95, 0.85, 0.9, 0.9, 1.0, 0.95, 1.0, 0.95, 0.95, 1.0, 0.95, 0.95, 0.95, 0.95, 1.0, 1.0, 1.0, 0.95, 0.95, 1.0, 0.95, 0.95, 0.95, 0.95, 1.0, 0.95, 1.0, 1.0, 1.0, 1.0, 1.0, 1.0, 1.0, 1.0, 1.0, 1.0, 1.0, 1.0, 1.0, 0.95, 1.0, 1.0, 1.0, 1.0, 1.0, 1.0, 1.0, 1.0, 1.0, 1.0, 1.0, 1.0, 1.0, 0.95, 1.0, 1.0, 0.95, 1.0, 1.0, 1.0, 1.0, 1.0, 1.0, 1.0, 1.0, 1.0, 1.0, 1.0, 1.0, 1.0, 1.0, 1.0, 1.0, 1.0, 1.0, 0.95, 1.0, 1.0, 1.0, 1.0, 1.0, 1.0, 1.0, 1.0, 1.0, 1.0, 1.0, 1.0, 1.0, 0.95, 1.0, 1.0, 1.0, 1.0, 1.0, 1.0, 1.0, 1.0, 1.0, 1.0]"
glm-4.7-flash,69e678eb784186f4820bb4b3d48b33b9,f6c1fd35da2530320175b61d9fccbf27c074a6caf225e019b00ea460ecb8304e,True,Influenza,634,635,10623,12545,269,0.4242902208201893,6426,0.4260566694907277,0.9,0.05263157894736842,1.0,287,0.44977878188835546,"[0.0526, 0.0, 0.1, 0.15, 0.2, 0.15, 0.0526, 0.1, 0.05, 0.0, 0.1053, 0.05, 0.0526, 0.0526, 0.1, 0.05, 0.0526, 0.0, 0.1, 0.1, 0.05, 0.05, 0.0, 0.1579, 0.2, 0.05, 0.1, 0.05, 0.2105, 0.1053, 0.2, 0.1, 0.3684, 0.1, 0.1579, 0.1667, 0.25, 0.1, 0.25, 0.05, 0.1579, 0.05, 0.4737, 0.2105, 0.3684, 0.2, 0.15, 0.3, 0.35, 0.25, 0.1579, 0.1, 0.3, 0.4211, 0.2632, 0.3158, 0.5, 0.3684, 0.35, 0.25, 0.1053, 0.2, 0.1111, 0.35, 0.55, 0.3333, 0.5, 0.5, 0.5789, 0.4, 0.85, 0.7, 0.7, 0.7895, 0.85, 0.9, 0.95, 0.85, 0.85, 0.85, 0.8, 0.8, 0.8, 0.6667, 0.8947, 0.8, 0.8, 0.7, 0.7368, 0.8421, 0.75, 0.6, 0.85, 0.6842, 0.6875, 0.55, 0.7895, 0.5, 0.6667, 0.6, 0.4, 0.6, 0.55, 0.4, 0.55, 0.7, 0.7368, 0.7222, 0.65, 0.8, 0.7368, 0.6316, 0.65, 0.7368, 0.6316, 0.7, 0.5, 0.85, 0.8, 0.7368, 0.7368, 0.55, 0.45, 0.85, 0.65, 0.9, 0.6, 0.5, 0.65, 0.75, 0.75, 0.8, 0.6, 0.85, 0.8, 0.9, 0.9, 0.85, 1.0, 0.75, 0.95, 0.95, 0.85, 0.65, 1.0, 0.85, 0.85, 0.9, 0.95, 0.85, 0.85, 0.75, 0.85, 0.8, 0.9, 0.85, 0.7, 0.7, 0.85, 0.9, 0.95, 0.95, 0.85, 0.95, 0.9, 1.0, 0.85, 0.85, 1.0, 0.95, 1.0, 0.95, 0.75, 0.8, 0.8, 0.85, 0.85, 0.8, 0.9, 0.95, 0.95, 0.9, 0.95, 0.95, 0.8, 0.85, 0.75, 0.95, 0.85, 0.8, 0.9, 0.95, 0.85, 0.85, 0.95, 0.95, 0.95, 0.85, 0.95, 0.8, 0.9, 0.85, 0.7, 0.95, 0.95, 0.95, 1.0, 0.95, 1.0, 1.0, 0.9, 0.85, 0.95, 0.85, 0.9, 0.9, 0.95, 0.9, 1.0, 0.85, 0.8, 0.8, 0.85, 0.9, 0.55, 0.8, 0.8, 0.9, 0.85, 0.8, 0.85, 0.75, 0.8, 0.75, 0.75, 0.95, 0.65, 0.8, 0.85, 0.65, 0.85, 0.85, 0.9, 0.7, 0.8, 0.75, 0.65, 0.85, 0.85, 0.85, 0.95, 0.85, 0.85, 0.9, 0.75, 0.95, 0.9, 0.85, 0.85, 1.0, 0.8, 0.85, 0.95, 0.95, 0.95, 0.95, 0.95, 0.6, 0.7895, 0.9, 0.8, 0.8947, 0.9, 0.9, 0.9, 0.8, 0.9, 0.85, 1.0, 0.85, 0.9, 0.95, 0.9, 1.0, 1.0, 1.0, 0.7895, 1.0, 0.95, 0.95, 1.0, 0.85, 0.85, 0.95, 1.0, 0.95, 0.9, 1.0, 0.95, 0.9, 0.9, 0.95, 0.9, 0.95, 1.0, 0.95, 1.0, 0.9, 0.95, 0.9, 0.95, 0.9, 1.0, 1.0, 1.0, 1.0, 1.0, 0.85, 0.95, 1.0, 1.0, 0.95, 1.0, 1.0, 1.0, 1.0, 0.95, 1.0, 1.0, 0.85, 1.0, 1.0, 1.0, 0.95, 0.95, 0.95, 1.0, 0.95, 0.95, 0.95, 0.95, 0.95, 1.0, 1.0, 1.0, 1.0, 0.95, 1.0, 0.95, 1.0, 1.0, 1.0, 0.95, 0.95, 0.95, 0.95, 1.0, 1.0, 1.0, 1.0, 0.95, 1.0, 1.0, 0.95, 1.0, 0.95, 0.95, 1.0, 1.0, 1.0, 1.0, 0.95, 1.0, 1.0, 0.8947, 1.0, 1.0, 0.95, 1.0, 1.0, 0.95, 1.0, 0.95, 1.0, 1.0, 0.95, 1.0, 1.0, 1.0, 1.0, 1.0, 0.95, 1.0, 1.0, 0.95, 1.0, 1.0, 0.9474, 1.0, 1.0, 0.9, 1.0, 1.0, 1.0, 1.0, 1.0, 1.0, 1.0, 1.0, 0.95, 0.95, 0.9, 1.0, 1.0, 1.0, 1.0, 1.0, 1.0, 1.0, 0.95, 0.95, 0.95, 1.0, 1.0, 1.0, 0.95, 1.0, 0.95, 1.0, 1.0, 1.0, 0.95, 1.0, 1.0, 0.95, 1.0, 1.0, 1.0, 1.0, 0.95, 1.0, 1.0, 1.0, 0.95, 1.0, 1.0, 1.0, 0.95, 1.0, 0.95, 1.0, 0.95, 1.0, 1.0, 1.0, 1.0, 0.95, 0.95, 1.0, 0.95, 1.0, 1.0, 0.95, 1.0, 0.95, 0.9474, 1.0, 1.0, 0.9, 1.0, 1.0, 1.0, 1.0, 1.0, 1.0, 1.0, 1.0, 0.95, 1.0, 1.0, 1.0, 1.0, 1.0, 0.95, 1.0, 1.0, 0.95, 1.0, 0.95, 1.0, 1.0, 0.95, 1.0, 1.0, 1.0, 0.95, 1.0, 1.0, 0.95, 1.0, 0.95, 0.95, 1.0, 1.0, 1.0, 1.0, 1.0, 1.0, 1.0, 0.95, 1.0, 1.0, 1.0, 1.0, 1.0, 1.0, 0.95, 1.0, 1.0, 1.0, 1.0, 1.0, 1.0, 1.0, 1.0, 0.95, 1.0, 0.95, 1.0, 1.0, 1.0, 1.0, 1.0, 1.0, 1.0, 1.0, 0.95, 1.0, 1.0, 1.0, 1.0, 1.0, 1.0, 1.0, 1.0, 1.0, 0.95, 1.0, 1.0, 0.95, 1.0, 1.0, 1.0, 1.0, 1.0, 1.0, 1.0, 1.0, 0.95, 0.95, 1.0, 1.0, 1.0, 0.8947, 1.0, 1.0, 1.0, 0.9, 1.0, 0.95, 1.0, 1.0, 1.0, 0.95, 0.95, 1.0, 1.0, 1.0, 1.0, 0.95, 1.0, 0.95, 0.95, 1.0, 1.0, 0.95, 0.95, 0.95, 0.9, 1.0, 0.95, 1.0, 1.0, 0.95, 1.0, 1.0, 1.0, 1.0, 1.0, 1.0, 1.0, 1.0, 1.0, 1.0, 1.0, 1.0, 0.95, 1.0, 1.0, 0.9, 1.0, 1.0, 1.0, 1.0, 1.0, 1.0, 1.0, 1.0, 1.0, 1.0, 1.0, 1.0, 1.0, 1.0, 1.0, 1.0, 0.95, 0.9474, 1.0, 1.0, 1.0, 1.0, 1.0, 1.0, 1.0]"
glm-4.7-flash,11340d814fe69bcd7dec113898fd5947,9f07527942a35e02d43cddb287bbd29ff05e60257a26ef084207ae1c87dcc759,True,Cotard's Syndrome,343,344,6035,8041,342,0.9970845481049563,7703,0.9975144987572494,0.3,0.15,0.35,342,0.9975144987572494,"[0.15, 0.2, 0.1, 0.3, 0.35, 0.2, 0.25, 0.2, 0.25, 0.25, 0.05, 0.2, 0.4, 0.1053, 0.35, 0.1, 0.25, 0.25, 0.25, 0.3684, 0.2, 0.2, 0.1, 0.25, 0.15, 0.15, 0.15, 0.15, 0.15, 0.2, 0.0526, 0.2, 0.15, 0.0, 0.1, 0.3, 0.1, 0.1, 0.15, 0.2, 0.1, 0.1, 0.15, 0.05, 0.2, 0.05, 0.05, 0.15, 0.1, 0.65, 0.75, 0.35, 0.55, 0.65, 0.6, 0.5789, 0.7, 0.45, 0.65, 0.6, 0.75, 0.7, 0.5789, 0.3, 0.25, 0.35, 0.45, 0.2632, 0.25, 0.25, 0.2, 0.3, 0.15, 0.1, 0.3, 0.25, 0.25, 0.4211, 0.2, 0.3, 0.3, 0.35, 0.35, 0.4, 0.2, 0.2105, 0.25, 0.05, 0.25, 0.3, 0.55, 0.25, 0.2632, 0.35, 0.1, 0.2, 0.15, 0.3, 0.25, 0.4, 0.25, 0.1, 0.2632, 0.05, 0.35, 0.3, 0.45, 0.3158, 0.45, 0.45, 0.35, 0.5, 0.35, 0.6, 0.7, 0.55, 0.65, 0.7, 0.55, 0.45, 0.5, 0.55, 0.6, 0.65, 0.4, 0.55, 0.8, 0.6, 0.6, 0.5, 0.6, 0.6, 0.65, 0.55, 0.5, 0.2632, 0.7, 0.45, 0.6, 0.45, 0.5, 0.55, 0.6, 0.65, 0.5, 0.5, 0.5789, 0.55, 0.4, 0.4, 0.6, 0.55, 0.6, 0.4737, 0.55, 0.7, 0.65, 0.6, 0.4, 0.5, 0.7, 0.5, 0.65, 0.5, 0.4, 0.7, 0.55, 0.55, 0.8, 0.5, 0.45, 0.5, 0.45, 0.4, 0.65, 0.7, 0.55, 0.45, 0.7, 0.7, 0.5, 0.4, 0.7, 0.85, 0.75, 0.65, 0.65, 0.6, 0.55, 0.8, 0.7, 0.6, 0.6, 0.55, 0.5, 0.6, 0.7, 0.6, 0.65, 0.5, 0.65, 0.55, 0.6, 0.8947, 0.45, 0.6, 0.75, 0.75, 0.55, 0.7368, 0.65, 0.5, 0.65, 0.55, 0.6, 0.6, 0.6, 0.75, 0.5, 0.6, 0.5, 0.65, 0.7, 0.6, 0.6, 0.55, 0.55, 0.7, 0.6842, 0.65, 0.5, 0.75, 0.5, 0.4211, 0.8, 0.5, 0.5, 0.5, 0.65, 0.5, 0.4, 0.45, 0.55, 0.4, 0.45, 0.6, 0.5, 0.45, 0.45, 0.7, 0.6, 0.65, 0.5, 0.3158, 0.3, 0.45, 0.7, 0.55, 0.5, 0.6, 0.4211, 0.5, 0.65, 0.65, 0.45, 0.55, 0.65, 0.5263, 0.65, 0.7, 0.65, 0.5, 0.5, 0.55, 0.6316, 0.6, 0.55, 0.4, 0.45, 0.6842, 0.65, 0.55, 0.6, 0.6, 0.5, 0.65, 0.65, 0.45, 0.75, 0.6, 0.5, 0.6, 0.7, 0.6, 0.65, 0.7, 0.65, 0.4211, 0.55, 0.55, 0.55, 0.3, 0.55, 0.5, 0.5, 0.45, 0.6, 0.45, 0.5, 0.7, 0.6, 0.5, 0.25, 0.45, 0.5, 0.5, 0.4, 0.35, 0.6, 0.45, 0.2, 0.4, 0.0, 0.15, 0.1, 0.05, 0.45, 0.15, 0.4, 0.1, 0.25, 0.25, 0.15, 0.1, 0.1053, 0.15, 0.25, 0.2, 0.3, 0.35, 0.2, 0.6, 0.3, 0.35]"
glm-4.7-flash,14a87d69ccc079d85a0f5d57dc4a7bdb,2fc36d78f4d7ec7f5025474c898a91ae5d3b0b7583a1da6bfaff49e0fb2b9dcb,False,Linear Chiasm Syndrome,542,543,9183,9374,449,0.8284132841328413,7689,0.8195578786888816,0.8,0.0,0.95,527,0.97125122508984,"[0.0, 0.0, 0.0, 0.0, 0.0, 0.0, 0.0, 0.0, 0.0, 0.0, 0.0, 0.0, 0.0, 0.0, 0.0, 0.0, 0.0, 0.0, 0.0, 0.0, 0.0, 0.0, 0.0, 0.0, 0.0, 0.0, 0.0, 0.0, 0.0, 0.0, 0.0, 0.0, 0.0, 0.0, 0.0, 0.0, 0.0, 0.0, 0.0, 0.0, 0.0, 0.0, 0.0, 0.25, 0.45, 0.3, 0.15, 0.05, 0.15, 0.15, 0.1, 0.05, 0.2105, 0.1, 0.05, 0.1, 0.25, 0.4, 0.3, 0.25, 0.5, 0.15, 0.15, 0.2, 0.1053, 0.15, 0.1, 0.15, 0.3, 0.0, 0.1, 0.35, 0.3, 0.2, 0.0, 0.3, 0.15, 0.35, 0.4, 0.45, 0.45, 0.2, 0.15, 0.2, 0.25, 0.4, 0.1579, 0.3, 0.2, 0.05, 0.15, 0.2, 0.45, 0.4, 0.35, 0.15, 0.3, 0.2632, 0.25, 0.55, 0.5, 0.35, 0.35, 0.6, 0.4, 0.4, 0.65, 0.6, 0.6, 0.65, 0.6, 0.65, 0.55, 0.4737, 0.55, 0.45, 0.3, 0.45, 0.5, 0.35, 0.4, 0.5, 0.55, 0.45, 0.55, 0.6, 0.6, 0.75, 0.4, 0.45, 0.7, 0.65, 0.25, 0.4, 0.45, 0.7, 0.4, 0.35, 0.4, 0.45, 0.45, 0.4, 0.35, 0.45, 0.25, 0.35, 0.4, 0.2, 0.3, 0.45, 0.3, 0.55, 0.3, 0.5, 0.3, 0.3, 0.3, 0.4, 0.4, 0.3, 0.45, 0.2, 0.4, 0.2105, 0.35, 0.35, 0.4, 0.2, 0.5, 0.65, 0.55, 0.4, 0.25, 0.25, 0.25, 0.55, 0.3, 0.5, 0.55, 0.45, 0.4, 0.6, 0.35, 0.45, 0.45, 0.15, 0.35, 0.4, 0.25, 0.5, 0.2, 0.3, 0.15, 0.35, 0.35, 0.45, 0.4, 0.6, 0.2, 0.3, 0.5, 0.25, 0.55, 0.3, 0.5, 0.55, 0.45, 0.55, 0.45, 0.45, 0.65, 0.6, 0.7, 0.5, 0.45, 0.45, 0.55, 0.45, 0.55, 0.7, 0.6, 0.45, 0.6, 0.55, 0.65, 0.35, 0.5, 0.45, 0.55, 0.3, 0.55, 0.65, 0.35, 0.35, 0.6842, 0.75, 0.35, 0.6, 0.55, 0.45, 0.35, 0.65, 0.5, 0.5, 0.55, 0.4, 0.8, 0.5, 0.45, 0.5, 0.4, 0.6, 0.7, 0.7, 0.55, 0.65, 0.4, 0.35, 0.3, 0.65, 0.4, 0.7, 0.5, 0.5, 0.45, 0.4, 0.55, 0.55, 0.5, 0.5, 0.4, 0.45, 0.4, 0.4, 0.2, 0.25, 0.35, 0.15, 0.3, 0.25, 0.4, 0.3, 0.25, 0.35, 0.45, 0.5, 0.4, 0.4, 0.3, 0.55, 0.3, 0.35, 0.35, 0.5, 0.35, 0.55, 0.45, 0.45, 0.55, 0.4, 0.4, 0.65, 0.55, 0.6, 0.45, 0.5, 0.4, 0.35, 0.5, 0.45, 0.55, 0.75, 0.8, 0.75, 0.6, 0.6, 0.75, 0.7, 0.7, 0.5, 0.55, 0.65, 0.6, 0.5, 0.45, 0.65, 0.6, 0.65, 0.5, 0.5, 0.3, 0.6, 0.75, 0.45, 0.55, 0.5, 0.5, 0.7, 0.75, 0.6, 0.7, 0.7, 0.55, 0.6, 0.6, 0.55, 0.5, 0.65, 0.65, 0.55, 0.75, 0.6, 0.45, 0.65, 0.7, 0.65, 0.6, 0.65, 0.35, 0.45, 0.65, 0.6, 0.75, 0.7, 0.65, 0.65, 0.5, 0.25, 0.6, 0.65, 0.6, 0.55, 0.65, 0.7, 0.6, 0.6, 0.85, 0.7, 0.5, 0.75, 0.65, 0.35, 0.55, 0.65, 0.7, 0.65, 0.75, 0.55, 0.45, 0.75, 0.65, 0.6, 0.5, 0.75, 0.7, 0.55, 0.6, 0.6, 0.6842, 0.55, 0.45, 0.7, 0.35, 0.6, 0.6, 0.55, 0.55, 0.7, 0.6, 0.5789, 0.55, 0.4, 0.65, 0.55, 0.65, 0.3, 0.3, 0.65, 0.65, 0.4211, 0.55, 0.85, 0.75, 0.5, 0.75, 0.7, 0.7, 0.8, 0.75, 0.8, 0.65, 0.8, 0.7, 0.95, 0.65, 0.65, 0.55, 0.75, 0.85, 0.85, 0.75, 0.6, 0.8, 0.75, 0.8, 0.55, 0.7, 0.75, 0.75, 0.8, 0.8, 0.7, 0.9, 0.95, 0.85, 0.85, 0.6842, 0.95, 0.8, 0.65, 0.85, 0.75, 0.85, 0.75, 0.85, 0.7, 0.75, 0.85, 0.85, 0.8947, 0.9, 0.8, 0.85, 1.0, 1.0, 0.9, 0.9, 0.95, 0.9, 1.0, 0.9, 0.8, 1.0, 0.95, 1.0, 1.0, 0.85, 0.9474, 0.95, 1.0, 1.0, 1.0, 0.95, 1.0, 0.9, 1.0, 1.0, 0.95, 1.0, 1.0, 1.0, 0.9, 1.0, 0.95, 0.95, 0.95, 0.95, 1.0, 0.9, 0.85, 1.0, 0.95, 0.95, 0.9, 0.9, 1.0, 0.9, 0.95, 0.95, 1.0, 0.85, 0.85, 0.95, 0.85, 0.95, 0.9, 0.7, 0.9, 0.8, 0.95, 0.9, 0.95, 0.9, 0.8421, 0.95, 0.85, 1.0, 0.95, 1.0, 0.95, 0.95, 1.0, 0.95]"
glm-4.7-flash,44182d567f7978b8cf0aa37c5ce0d4aa,33d7aa0cb4a2be835dd484060ad5ebad4d371ec7f1bc6b098a6c32b93bf3f026,False,Choledocholithiasis,375,376,6557,6748,157,0.4186666666666667,3001,0.43083727314320575,0.8421052631578947,0.4,1.0,170,0.46759188653347566,"[0.4, 0.65, 0.65, 0.55, 0.7, 0.55, 0.5, 0.75, 0.5, 0.6, 0.55, 0.7, 0.55, 0.5, 0.45, 0.2, 0.65, 0.4, 0.45, 0.5, 0.55, 0.6, 0.6, 0.25, 0.25, 0.35, 0.35, 0.15, 0.5, 0.1, 0.25, 0.1, 0.25, 0.5, 0.55, 0.4, 0.55, 0.35, 0.55, 0.75, 0.6, 0.6, 0.5, 0.65, 0.6, 0.65, 0.3, 0.55, 0.5, 0.8, 0.6, 0.55, 0.45, 0.7, 0.55, 0.45, 0.35, 0.45, 0.4, 0.75, 0.75, 0.45, 0.55, 0.5, 0.75, 0.65, 0.55, 0.75, 0.45, 0.4, 0.6, 0.25, 0.35, 0.4, 0.45, 0.5, 0.55, 0.4, 0.6, 0.6, 0.4, 0.45, 0.55, 0.4, 0.6, 0.6, 1.0, 0.85, 0.6, 0.45, 0.65, 0.45, 0.85, 0.7, 0.65, 0.6, 0.55, 0.85, 0.7, 0.85, 0.9, 0.8, 0.75, 0.8, 0.8, 0.85, 0.65, 0.85, 0.7368, 0.65, 0.6, 0.7, 0.7, 0.7, 0.8, 0.8, 0.9, 0.95, 0.95, 0.95, 0.85, 0.9, 0.8, 0.9, 0.85, 0.8, 0.9, 0.8, 0.8, 0.7, 0.85, 0.6, 0.8, 0.8, 0.9, 0.85, 0.8, 0.8, 0.85, 0.85, 0.95, 0.95, 0.8, 0.9, 0.8, 0.8, 0.7, 0.75, 0.9, 0.75, 0.95, 0.8, 0.55, 0.75, 0.75, 0.75, 0.6, 0.8421, 0.85, 0.8, 0.75, 0.9, 1.0, 1.0, 0.9474, 0.85, 0.9, 0.9, 0.85, 0.75, 0.95, 0.95, 0.9, 1.0, 0.95, 1.0, 0.95, 1.0, 0.95, 1.0, 0.95, 0.95, 0.95, 0.95, 1.0, 1.0, 1.0, 1.0, 0.95, 1.0, 1.0, 1.0, 1.0, 1.0, 0.95, 1.0, 1.0, 1.0, 1.0, 1.0, 0.95, 1.0, 1.0, 1.0, 0.9, 1.0, 1.0, 1.0, 1.0, 1.0, 1.0, 0.95, 0.95, 1.0, 1.0, 1.0, 1.0, 1.0, 1.0, 1.0, 1.0, 0.95, 1.0, 1.0, 1.0, 1.0, 1.0, 1.0, 1.0, 1.0, 1.0, 1.0, 1.0, 1.0, 1.0, 1.0, 1.0, 1.0, 1.0, 1.0, 1.0, 1.0, 1.0, 1.0, 1.0, 1.0, 1.0, 1.0, 1.0, 1.0, 1.0, 1.0, 1.0, 1.0, 1.0, 1.0, 0.95, 1.0, 1.0, 1.0, 1.0, 1.0, 1.0, 1.0, 1.0, 1.0, 1.0, 1.0, 1.0, 1.0, 1.0, 1.0, 1.0, 1.0, 1.0, 1.0, 1.0, 1.0, 1.0, 1.0, 1.0, 1.0, 1.0, 1.0, 1.0, 1.0, 1.0, 1.0, 1.0, 1.0, 1.0, 1.0, 1.0, 1.0, 1.0, 1.0, 1.0, 1.0, 1.0, 1.0, 1.0, 1.0, 1.0, 1.0, 1.0, 1.0, 1.0, 1.0, 1.0, 1.0, 1.0, 1.0, 1.0, 1.0, 1.0, 1.0, 1.0, 1.0, 1.0, 1.0, 1.0, 1.0, 1.0, 1.0, 1.0, 1.0, 1.0, 1.0, 1.0, 1.0, 1.0, 1.0, 1.0, 1.0, 1.0, 1.0, 1.0, 1.0, 1.0, 1.0, 1.0, 1.0, 1.0, 1.0, 1.0, 1.0, 1.0, 1.0, 1.0, 1.0, 1.0, 1.0, 1.0, 1.0, 1.0, 1.0, 1.0, 1.0, 1.0, 1.0, 1.0, 1.0, 1.0, 1.0, 1.0, 1.0, 1.0, 1.0, 1.0, 1.0, 1.0, 1.0, 1.0, 1.0, 1.0, 1.0]"
glm-4.7-flash,224470287933cd1645a9c37f922eb1c8,a508fb43c687a104a2a623cdadf032fbb1e04c6150d3865f7b8f3b6c4faf2dc4,True,Ventricular Septal Defect,951,952,14529,15029,946,0.9947423764458465,14570,0.9920847959253906,0.9,0.15,0.9,946,0.9920847959253906,"[0.15, 0.2, 0.1, 0.2, 0.1, 0.0, 0.1, 0.15, 0.15, 0.1, 0.15, 0.1053, 0.1, 0.25, 0.2, 0.45, 0.45, 0.5, 0.2, 0.15, 0.1, 0.2, 0.1579, 0.0, 0.05, 0.05, 0.05, 0.05, 0.2, 0.05, 0.25, 0.05, 0.05, 0.0, 0.1, 0.05, 0.1, 0.1, 0.0, 0.0, 0.0, 0.0, 0.1, 0.05, 0.0, 0.0, 0.05, 0.0, 0.05, 0.0, 0.05, 0.0, 0.05, 0.05, 0.15, 0.0, 0.0, 0.05, 0.05, 0.0, 0.0, 0.1, 0.1, 0.0, 0.0, 0.0, 0.05, 0.05, 0.0, 0.1, 0.05, 0.0, 0.0, 0.0, 0.1, 0.0526, 0.0, 0.05, 0.05, 0.0, 0.1, 0.1579, 0.0, 0.0, 0.1, 0.0, 0.1, 0.0, 0.0526, 0.0, 0.0, 0.05, 0.0, 0.0, 0.1, 0.1, 0.0, 0.0, 0.0, 0.05, 0.1, 0.0, 0.0, 0.25, 0.0, 0.0, 0.05, 0.05, 0.0, 0.0, 0.0, 0.0, 0.0, 0.0, 0.0, 0.0, 0.0, 0.0, 0.05, 0.0, 0.0, 0.0, 0.0, 0.0, 0.0, 0.0526, 0.0, 0.0, 0.0, 0.0, 0.0, 0.0, 0.0, 0.0, 0.0, 0.0, 0.0, 0.0, 0.0, 0.0, 0.0, 0.0, 0.0, 0.0, 0.0, 0.0, 0.05, 0.0, 0.0, 0.0, 0.0, 0.0, 0.0, 0.0, 0.0, 0.0, 0.0, 0.05, 0.0, 0.0, 0.0, 0.05, 0.0, 0.0, 0.0, 0.0, 0.05, 0.0, 0.0, 0.0, 0.0, 0.0, 0.0, 0.0, 0.05, 0.0, 0.0, 0.0, 0.05, 0.0, 0.05, 0.0, 0.0, 0.0, 0.05, 0.0, 0.0, 0.05, 0.0, 0.0, 0.0526, 0.0, 0.0, 0.0526, 0.1, 0.0, 0.1, 0.0, 0.0, 0.0, 0.2, 0.0, 0.1, 0.05, 0.05, 0.0, 0.1, 0.1, 0.05, 0.0, 0.05, 0.0, 0.0, 0.0, 0.05, 0.0, 0.05, 0.1, 0.05, 0.0, 0.0, 0.0, 0.0, 0.0, 0.0, 0.0, 0.05, 0.0, 0.0, 0.05, 0.05, 0.0, 0.05, 0.0, 0.05, 0.05, 0.05, 0.0, 0.0, 0.05, 0.0, 0.0526, 0.0, 0.05, 0.05, 0.05, 0.0, 0.1, 0.05, 0.0, 0.0, 0.0, 0.05, 0.15, 0.05, 0.05, 0.0, 0.05, 0.05, 0.05, 0.0, 0.1, 0.0, 0.1, 0.1, 0.0, 0.0, 0.05, 0.05, 0.05, 0.0, 0.05, 0.15, 0.0, 0.0, 0.05, 0.05, 0.05, 0.0, 0.0, 0.0, 0.0, 0.0, 0.05, 0.1053, 0.05, 0.05, 0.0, 0.05, 0.05, 0.0, 0.05, 0.1, 0.15, 0.1, 0.05, 0.05, 0.0, 0.1, 0.1, 0.3, 0.45, 0.65, 0.55, 0.4, 0.2, 0.3, 0.15, 0.1, 0.1053, 0.0, 0.15, 0.2, 0.05, 0.1, 0.0, 0.1, 0.1, 0.1, 0.15, 0.1, 0.1, 0.1, 0.15, 0.15, 0.1, 0.1, 0.05, 0.1, 0.05, 0.05, 0.3, 0.0, 0.05, 0.0, 0.0, 0.1, 0.1, 0.1053, 0.0526, 0.05, 0.05, 0.1, 0.0, 0.05, 0.05, 0.15, 0.05, 0.05, 0.0, 0.05, 0.1, 0.05, 0.05, 0.1, 0.05, 0.1, 0.15, 0.1, 0.05, 0.2, 0.1, 0.15, 0.1, 0.3, 0.0, 0.05, 0.15, 0.05, 0.1, 0.0, 0.0, 0.05, 0.0, 0.0, 0.0, 0.1, 0.1579, 0.0, 0.0, 0.15, 0.1053, 0.1579, 0.1, 0.1, 0.05, 0.05, 0.05, 0.2, 0.1, 0.05, 0.0, 0.0526, 0.1, 0.2, 0.15, 0.1, 0.1, 0.05, 0.05, 0.0, 0.05, 0.15, 0.25, 0.05, 0.05, 0.05, 0.05, 0.05, 0.15, 0.0, 0.1053, 0.1, 0.05, 0.1, 0.1, 0.05, 0.05, 0.05, 0.05, 0.0, 0.15, 0.1, 0.0, 0.1, 0.05, 0.1, 0.15, 0.0, 0.1, 0.0, 0.0, 0.0, 0.0, 0.1, 0.1, 0.05, 0.05, 0.1, 0.25, 0.05, 0.05, 0.0, 0.0526, 0.05, 0.05, 0.2, 0.15, 0.1, 0.15, 0.05, 0.0, 0.1, 0.05, 0.05, 0.05, 0.2, 0.05, 0.05, 0.15, 0.0, 0.1, 0.0, 0.0, 0.05, 0.0, 0.0, 0.0, 0.0526, 0.0, 0.0526, 0.2, 0.1, 0.15, 0.05, 0.1, 0.05, 0.05, 0.1, 0.1, 0.05, 0.05, 0.15, 0.0, 0.0, 0.0, 0.05, 0.05, 0.05, 0.05, 0.0526, 0.0, 0.0, 0.0, 0.0, 0.0, 0.05, 0.05, 0.0, 0.0, 0.0, 0.05, 0.0, 0.0, 0.05, 0.0, 0.05, 0.05, 0.0, 0.05, 0.0, 0.05, 0.05, 0.0, 0.05, 0.1, 0.05, 0.15, 0.05, 0.0, 0.05, 0.1, 0.05, 0.0, 0.05, 0.0, 0.1, 0.0, 0.15, 0.05, 0.05, 0.0, 0.1, 0.1, 0.1, 0.0, 0.15, 0.05, 0.1, 0.05, 0.0, 0.0, 0.15, 0.0, 0.05, 0.05, 0.0, 0.05, 0.1, 0.05, 0.0, 0.0, 0.0, 0.0, 0.1, 0.05, 0.15, 0.05, 0.0526, 0.0, 0.2, 0.2, 0.0, 0.05, 0.05, 0.1, 0.15, 0.1, 0.2, 0.05, 0.15, 0.1, 0.1, 0.0, 0.2, 0.1, 0.1, 0.1053, 0.05, 0.1, 0.1, 0.2, 0.0, 0.15, 0.2, 0.05, 0.25, 0.1, 0.15, 0.1, 0.15, 0.1579, 0.2, 0.3, 0.2, 0.3158, 0.4, 0.2, 0.4, 0.35, 0.65, 0.4, 0.25, 0.65, 0.4, 0.45, 0.4, 0.4, 0.3, 0.4, 0.35, 0.3684, 0.5, 0.35, 0.2, 0.35, 0.2, 0.35, 0.4211, 0.3, 0.15, 0.35, 0.2, 0.35, 0.1, 0.25, 0.4, 0.3684, 0.3, 0.25, 0.2, 0.2, 0.2, 0.35, 0.35, 0.3, 0.2, 0.5, 0.45, 0.45, 0.3, 0.3684, 0.45, 0.55, 0.25, 0.55, 0.5, 0.4, 0.55, 0.55, 0.35, 0.4, 0.6, 0.3, 0.2, 0.35, 0.35, 0.35, 0.25, 0.15, 0.3, 0.2, 0.1, 0.4, 0.45, 0.3684, 0.2632, 0.25, 0.4737, 0.25, 0.05, 0.3, 0.2, 0.35, 0.45, 0.3684, 0.4, 0.25, 0.4211, 0.6, 0.3, 0.45, 0.4, 0.4211, 0.4, 0.4, 0.35, 0.35, 0.3889, 0.1, 0.3684, 0.25, 0.3158, 0.55, 0.45, 0.35, 0.2632, 0.55, 0.45, 0.3, 0.35, 0.35, 0.5, 0.45, 0.45, 0.5, 0.35, 0.3, 0.2, 0.25, 0.4, 0.2, 0.25, 0.4, 0.25, 0.3, 0.2105, 0.3, 0.25, 0.25, 0.25, 0.4, 0.3, 0.3, 0.1579, 0.2, 0.2, 0.25, 0.15, 0.15, 0.4, 0.2, 0.15, 0.35, 0.35, 0.25, 0.4, 0.4, 0.25, 0.1579, 0.1579, 0.45, 0.4, 0.1, 0.35, 0.2, 0.25, 0.15, 0.15, 0.35, 0.3, 0.35, 0.3, 0.3, 0.15, 0.1, 0.15, 0.2632, 0.15, 0.2, 0.15, 0.2, 0.25, 0.15, 0.25, 0.2, 0.2, 0.1, 0.0, 0.25, 0.2632, 0.05, 0.1, 0.35, 0.2, 0.05, 0.1, 0.35, 0.2, 0.25, 0.2, 0.35, 0.2, 0.2, 0.4, 0.15, 0.1, 0.3, 0.35, 0.05, 0.2632, 0.35, 0.4, 0.4, 0.35, 0.2, 0.2, 0.25, 0.2632, 0.15, 0.3, 0.3, 0.2, 0.25, 0.5, 0.15, 0.15, 0.15, 0.25, 0.2, 0.2, 0.2, 0.2, 0.05, 0.3, 0.2, 0.4, 0.1, 0.1, 0.3, 0.3684, 0.25, 0.1053, 0.35, 0.15, 0.25, 0.15, 0.05, 0.05, 0.15, 0.05, 0.2, 0.05, 0.25, 0.35, 0.3, 0.0, 0.2, 0.15, 0.15, 0.25, 0.15, 0.15, 0.2, 0.35, 0.5, 0.3, 0.5, 0.7, 0.75, 0.6, 0.6842, 0.5, 0.4211, 0.7, 0.5, 0.55, 0.65, 0.5, 0.3, 0.6, 0.65, 0.45, 0.65, 0.75, 0.85, 0.7, 0.85, 0.85, 0.7, 0.75, 0.85, 0.7, 0.85, 0.85, 0.8, 0.9, 0.85, 0.95, 0.75, 0.65, 0.95, 0.85, 0.9, 0.8, 0.8421, 0.9, 0.8, 0.75, 0.7, 0.7, 0.8, 0.65, 0.85, 0.6842, 0.85, 0.75, 0.7, 0.65, 0.55, 0.6, 0.75, 0.5, 0.35, 0.5, 0.5, 0.5, 0.55, 0.55, 0.5, 0.35, 0.5, 0.6, 0.7, 0.5, 0.7, 0.55, 0.75, 0.8, 0.55, 0.7, 0.7895, 0.55, 0.8, 0.7, 0.75, 0.55, 0.4737, 0.75, 0.3, 0.7368, 0.6667, 0.65, 0.5789, 0.5789, 0.7, 0.25, 0.45, 0.6, 0.75, 0.5, 0.4737, 0.8333, 0.5, 0.45, 0.5, 0.9, 1.0, 0.95, 0.95, 0.85, 0.9]"
glm-4.7-flash,df37dd0f3c463be2b4787059b63a9028,faf4a15864f40d90ddab6a0b9016f0458ae1ae4a44d1742f73b1c43ac28d52a6,False,Postictal state,457,458,6087,6520,230,0.5032822757111597,3592,0.5580745851815344,0.8,0.0,1.0,282,0.6666666666666666,"[0.0, 0.0, 0.0, 0.0, 0.0, 0.0, 0.0, 0.05, 0.0, 0.0, 0.0526, 0.0, 0.0, 0.0, 0.0, 0.0, 0.0, 0.0, 0.0, 0.0, 0.0, 0.0, 0.0, 0.0, 0.0, 0.15, 0.0, 0.0526, 0.1, 0.35, 0.3, 0.15, 0.1, 0.45, 0.3158, 0.7, 0.65, 0.7, 0.75, 0.9, 0.95, 0.9, 1.0, 0.95, 0.95, 0.85, 0.95, 0.6, 0.85, 0.9, 0.8, 0.95, 1.0, 0.8, 0.95, 0.8, 1.0, 0.9, 0.85, 0.8, 0.85, 0.75, 0.8, 0.85, 0.85, 0.9474, 0.75, 0.8, 0.8, 0.7, 0.55, 0.75, 0.5, 0.4, 0.8, 0.75, 0.75, 0.7, 0.7, 0.75, 0.55, 0.75, 0.75, 0.7, 0.6, 0.75, 0.5263, 0.55, 0.65, 0.8, 0.6, 0.5, 0.55, 0.75, 0.7, 0.8, 0.45, 0.6316, 0.65, 0.75, 0.8, 0.75, 0.65, 0.45, 0.7, 0.9474, 0.75, 0.95, 0.65, 0.85, 0.6, 0.75, 0.8, 0.7368, 0.8, 0.65, 0.9, 0.75, 0.65, 0.85, 0.9, 0.9, 0.8, 0.65, 0.7, 0.65, 0.85, 0.8, 0.8, 0.85, 0.8421, 0.7, 0.55, 0.75, 0.7, 0.8, 0.9, 0.7, 0.75, 0.9, 0.6316, 0.6, 0.75, 0.65, 0.8, 0.4211, 0.7, 0.8, 0.6842, 0.8, 0.65, 0.75, 0.7, 0.45, 0.8, 0.75, 0.6, 0.65, 0.6, 0.55, 0.7, 0.6, 0.6, 0.5, 0.65, 0.7, 0.6, 0.7, 0.8, 0.9, 0.95, 0.55, 0.7, 0.75, 0.55, 0.6, 0.55, 0.7, 0.85, 0.65, 0.6, 0.65, 0.7, 0.5789, 0.7, 0.6, 0.9, 0.8421, 0.7, 0.7, 0.8, 0.85, 0.8, 0.4737, 0.6, 0.7895, 0.85, 0.75, 0.7, 0.75, 0.75, 0.65, 0.85, 0.6, 0.75, 0.7368, 0.75, 0.75, 0.6, 0.7, 0.8, 0.6, 0.5, 0.75, 0.85, 0.6, 0.9, 0.7, 0.75, 0.9, 0.8, 0.65, 0.8, 0.65, 0.8, 0.8, 0.8, 0.8421, 0.7, 0.6, 0.8, 0.85, 0.8, 0.7, 0.65, 0.8, 0.7, 0.75, 0.85, 0.8, 1.0, 1.0, 0.85, 0.95, 0.9, 1.0, 1.0, 0.95, 1.0, 0.95, 0.95, 1.0, 1.0, 0.95, 0.95, 0.95, 1.0, 1.0, 0.95, 1.0, 0.85, 1.0, 0.95, 1.0, 0.95, 1.0, 1.0, 1.0, 1.0, 0.9474, 0.95, 1.0, 0.9, 0.9, 0.9, 0.85, 0.95, 1.0, 0.95, 0.9474, 0.9, 0.75, 0.8, 0.9, 0.9, 1.0, 1.0, 0.95, 0.95, 1.0, 1.0, 1.0, 0.95, 1.0, 1.0, 1.0, 0.95, 0.9474, 1.0, 1.0, 0.95, 0.95, 0.85, 1.0, 1.0, 0.9, 1.0, 0.95, 0.85, 0.95, 0.95, 0.85, 0.9, 0.95, 1.0, 0.9, 0.9474, 0.95, 0.9, 0.9474, 0.95, 0.9, 0.85, 1.0, 0.85, 0.95, 0.95, 0.9, 1.0, 1.0, 1.0, 0.95, 0.9, 1.0, 0.95, 0.9, 0.95, 0.95, 0.95, 0.9, 1.0, 0.95, 0.8, 1.0, 1.0, 1.0, 1.0, 1.0, 1.0, 1.0, 1.0, 1.0, 1.0, 1.0, 1.0, 1.0, 0.9, 1.0, 1.0, 1.0, 1.0, 1.0, 1.0, 1.0, 1.0, 0.95, 1.0, 1.0, 1.0, 1.0, 1.0, 1.0, 1.0, 1.0, 1.0, 1.0, 1.0, 1.0, 1.0, 1.0, 1.0, 0.95, 1.0, 1.0, 1.0, 1.0, 1.0, 1.0, 1.0, 1.0, 1.0, 1.0, 1.0, 1.0, 1.0, 1.0, 1.0, 1.0, 1.0, 1.0, 1.0, 1.0, 1.0, 0.95, 1.0, 1.0, 1.0, 1.0, 1.0, 1.0, 1.0, 1.0, 1.0, 1.0, 1.0, 1.0, 1.0, 1.0, 1.0, 1.0, 1.0, 1.0, 1.0, 1.0, 1.0, 1.0, 1.0, 1.0, 1.0, 1.0, 1.0, 1.0, 1.0, 1.0, 1.0, 0.95, 1.0, 1.0, 1.0, 0.9474, 1.0, 1.0, 1.0, 1.0, 1.0, 1.0, 1.0, 1.0, 1.0, 1.0, 1.0, 1.0, 1.0, 1.0, 1.0, 1.0, 1.0, 1.0]"
glm-4.7-flash,258c0f33efb3e637962b4ea8f6971d09,93270b3e3c9f270cb9eaf3ef9e96519a94c67157e0432a800f038338d1141af2,False,Spotted fever group rickettsiosis,354,355,6237,6525,243,0.6864406779661016,4549,0.6855860189193522,0.9,0.15789473684210525,1.0,249,0.7032227032227032,"[0.1579, 0.3, 0.1, 0.2, 0.0556, 0.2, 0.05, 0.05, 0.1, 0.0, 0.0, 0.0, 0.0, 0.0, 0.05, 0.0, 0.0, 0.95, 0.8, 1.0, 0.7, 0.7368, 0.65, 0.75, 0.9, 0.8, 0.8421, 0.85, 0.9, 0.85, 0.95, 0.85, 0.85, 1.0, 0.95, 0.95, 1.0, 0.8, 0.85, 0.85, 0.85, 0.8, 0.8, 0.95, 0.7, 0.85, 0.75, 0.95, 0.95, 0.85, 0.8, 0.85, 0.95, 0.85, 0.9474, 0.85, 0.7, 0.75, 0.85, 0.8, 0.8, 0.9474, 0.9, 0.9, 0.95, 0.95, 0.85, 0.75, 0.85, 0.95, 1.0, 0.9, 1.0, 0.95, 1.0, 0.85, 0.9474, 1.0, 0.85, 0.85, 0.95, 0.95, 1.0, 0.9474, 0.9, 0.85, 0.9, 0.95, 0.95, 0.9, 0.95, 1.0, 0.95, 0.85, 1.0, 0.9, 1.0, 1.0, 0.9, 0.9, 1.0, 0.95, 0.95, 1.0, 0.9, 0.95, 1.0, 1.0, 0.9, 0.9474, 1.0, 0.85, 0.95, 0.8947, 0.95, 1.0, 0.95, 1.0, 1.0, 1.0, 1.0, 1.0, 1.0, 0.95, 1.0, 1.0, 1.0, 0.95, 0.95, 0.95, 1.0, 0.95, 0.95, 1.0, 1.0, 0.9, 1.0, 0.95, 0.9, 0.9, 0.9, 0.75, 0.75, 0.8, 0.8, 1.0, 0.95, 0.95, 0.9, 0.8, 0.8, 0.8947, 0.6842, 0.75, 0.6, 0.8, 0.4211, 0.8, 0.9, 0.9, 0.75, 0.95, 0.95, 0.95, 0.7, 0.7, 0.8, 0.9, 0.85, 0.9, 0.85, 0.9, 0.95, 0.85, 0.85, 0.9, 0.95, 1.0, 0.85, 1.0, 0.95, 0.9, 0.95, 0.9, 0.95, 0.95, 0.7895, 0.9, 0.95, 0.8, 0.85, 0.75, 0.9, 0.9, 0.95, 0.85, 0.85, 0.75, 0.8, 0.85, 0.9, 0.8, 0.85, 0.8, 0.95, 0.95, 0.7, 0.9, 0.95, 0.8, 0.85, 0.95, 0.85, 0.8421, 0.95, 0.95, 0.95, 0.95, 1.0, 0.8, 0.8, 0.7368, 0.4, 0.6667, 0.5, 0.7, 0.6, 0.6, 0.8, 0.55, 0.6, 0.65, 0.5, 0.55, 0.5789, 0.55, 0.65, 0.65, 0.55, 0.8, 0.8, 0.85, 0.6, 0.9, 0.95, 0.8, 0.85, 0.9, 0.75, 0.9, 1.0, 1.0, 0.85, 0.95, 0.9, 0.95, 0.8, 1.0, 1.0, 1.0, 0.95, 0.9, 1.0, 1.0, 1.0, 1.0, 1.0, 1.0, 0.95, 1.0, 0.95, 1.0, 0.95, 1.0, 0.9, 1.0, 0.95, 0.9474, 1.0, 0.95, 0.95, 0.95, 1.0, 1.0, 1.0, 0.95, 1.0, 0.95, 1.0, 0.95, 1.0, 1.0, 1.0, 1.0, 1.0, 0.95, 1.0, 1.0, 1.0, 1.0, 1.0, 1.0, 1.0, 1.0, 1.0, 1.0, 1.0, 1.0, 1.0, 1.0, 1.0, 1.0, 0.95, 1.0, 1.0, 1.0, 1.0, 1.0, 1.0, 1.0, 1.0, 1.0, 1.0, 1.0, 1.0, 1.0, 1.0, 1.0, 0.95, 1.0, 1.0, 0.95, 1.0, 1.0, 1.0, 1.0, 1.0, 1.0, 1.0, 1.0, 1.0, 1.0, 1.0, 1.0, 1.0, 1.0, 1.0, 1.0, 1.0, 1.0, 1.0, 1.0, 1.0, 1.0, 1.0]"
glm-4.7-flash,48d8738209cbe3d0f3490417e6c37914,eeab997f191be48dfe1c194b097d638f07ea993d6bd7215d8c8bbd4ba778b3e6,False,"46,XY Complete Gonadal Dysgenesis (Swyer Syndrome)",592,593,11172,12339,548,0.9256756756756757,10640,0.935374149659864,0.85,0.3,0.9,574,0.9695667740780523,"[0.3, 0.25, 0.35, 0.4, 0.3684, 0.1579, 0.2632, 0.3684, 0.35, 0.3684, 0.4, 0.3684, 0.25, 0.45, 0.2, 0.4, 0.4737, 0.35, 0.35, 0.35, 0.3, 0.25, 0.65, 0.65, 0.8, 0.85, 0.9, 0.9, 0.8, 0.8, 0.9, 1.0, 0.9, 0.9, 0.9, 0.95, 0.95, 1.0, 0.9, 0.95, 0.9, 1.0, 0.95, 1.0, 1.0, 0.9, 0.8, 0.9, 0.75, 0.75, 0.7, 0.6, 0.5, 0.4, 0.4, 0.5263, 0.4, 0.35, 0.35, 0.15, 0.15, 0.35, 0.2, 0.1, 0.2, 0.45, 0.25, 0.35, 0.6, 0.3, 0.5, 0.55, 0.35, 0.4, 0.5, 0.4, 0.55, 0.5263, 0.55, 0.8, 0.55, 0.6, 0.5, 0.55, 0.55, 0.6, 0.45, 0.45, 0.5, 0.35, 0.3, 0.3, 0.4, 0.3, 0.3, 0.25, 0.45, 0.5, 0.4, 0.15, 0.35, 0.3, 0.6, 0.55, 0.4, 0.4, 0.45, 0.3684, 0.6, 0.7, 0.35, 0.5, 0.6, 0.45, 0.55, 0.55, 0.55, 0.55, 0.6, 0.7, 0.55, 0.35, 0.5, 0.6, 0.6, 0.45, 0.5, 0.45, 0.45, 0.4, 0.45, 0.65, 0.4, 0.5, 0.4, 0.35, 0.45, 0.5, 0.35, 0.6, 0.25, 0.6, 0.5, 0.6, 0.4, 0.35, 0.45, 0.35, 0.45, 0.75, 0.4, 0.55, 0.55, 0.45, 0.6, 0.8, 0.6, 0.4, 0.45, 0.65, 0.5, 0.4, 0.45, 0.35, 0.8, 0.6, 0.5, 0.65, 0.7, 0.5, 0.55, 0.55, 0.6, 0.7, 0.75, 0.65, 0.55, 0.6, 0.65, 0.65, 0.75, 0.65, 0.7, 0.75, 0.8, 0.7, 0.65, 0.8, 0.35, 0.25, 0.35, 0.65, 0.35, 0.35, 0.4, 0.4, 0.6, 0.55, 0.7, 0.65, 0.4, 0.55, 0.5, 0.4, 0.65, 0.4, 0.55, 0.55, 0.35, 0.6, 0.65, 0.5, 0.8, 0.5, 0.45, 0.6, 0.65, 0.65, 0.35, 0.55, 0.7, 0.45, 0.65, 0.7, 0.75, 0.6, 0.55, 0.7, 0.65, 0.65, 0.7, 0.65, 0.65, 0.65, 0.5, 0.7368, 0.8, 0.4, 0.8, 0.7, 0.5, 0.55, 0.65, 0.7, 0.75, 0.5, 0.75, 0.7, 0.55, 0.5, 0.45, 0.6, 0.45, 0.5, 0.7, 0.45, 0.55, 0.4, 0.5, 0.5, 0.7, 0.7, 0.7, 0.4, 0.65, 0.6, 0.6, 0.75, 0.8, 0.7, 0.6, 0.65, 0.6, 0.6, 0.7, 0.35, 0.7, 0.7, 0.45, 0.75, 0.65, 0.65, 0.8, 0.55, 0.8, 0.9, 0.8, 0.7, 0.6, 0.55, 0.6, 0.8, 0.65, 0.65, 0.75, 0.45, 0.7, 0.7, 0.7, 0.7, 0.6, 0.5, 0.7, 0.5, 0.75, 0.45, 0.65, 0.65, 0.55, 0.8, 0.7, 0.9, 0.55, 0.75, 0.7, 0.7, 0.65, 0.95, 0.95, 0.65, 0.65, 0.75, 0.7, 0.85, 0.5, 0.5, 0.85, 0.7, 0.75, 0.65, 0.7, 0.45, 0.65, 0.8, 0.85, 0.6, 0.9, 0.75, 0.8, 0.6, 0.75, 0.9, 0.6, 0.8, 0.85, 0.7, 0.9, 0.65, 0.8, 0.7, 0.9, 0.7, 0.9, 0.75, 0.8, 0.8, 0.75, 0.95, 0.75, 0.75, 0.75, 0.65, 0.9, 0.65, 0.9, 0.65, 0.9, 0.6, 0.8, 0.8, 0.85, 0.85, 0.6, 0.7, 0.95, 0.95, 0.9, 0.75, 0.8, 0.9, 0.9, 0.75, 0.9, 0.75, 0.65, 0.9, 0.9, 0.9, 0.8, 0.8, 1.0, 0.65, 0.55, 0.65, 0.65, 0.7, 0.8421, 0.7, 0.75, 0.75, 0.9, 0.85, 0.75, 0.9, 0.85, 0.8, 0.65, 0.8, 0.8, 0.75, 0.8, 0.8, 0.65, 0.8, 0.9, 0.9, 0.7, 0.9, 0.75, 0.7, 0.75, 0.85, 0.8, 0.6, 0.85, 0.75, 0.75, 0.9, 0.65, 0.7, 0.75, 0.8, 0.8, 0.85, 0.8, 0.55, 0.85, 0.5789, 0.75, 0.85, 0.7, 0.8, 0.7, 0.85, 0.8, 0.85, 0.8, 0.8, 0.9, 0.9, 0.65, 0.6, 0.8421, 0.8, 0.75, 0.75, 0.95, 0.8, 0.85, 0.8, 0.7, 0.85, 0.8, 0.85, 0.85, 0.95, 0.75, 0.7, 0.75, 0.75, 0.75, 0.8, 0.85, 0.75, 0.9, 0.75, 0.7, 0.4, 0.55, 0.65, 0.5, 0.45, 0.7, 0.65, 0.7, 0.7, 0.85, 0.6, 0.75, 0.8, 0.7, 0.7, 0.6842, 0.7, 0.55, 0.7, 0.9, 0.55, 0.55, 0.8, 0.75, 0.5, 0.8, 0.75, 0.8, 0.75, 0.4737, 0.7, 0.6, 0.85, 0.8, 0.75, 0.8, 0.65, 0.8, 0.75, 0.55, 0.8, 0.75, 0.5789, 0.85, 0.9, 0.75, 0.55, 0.6, 0.75, 0.7368, 0.8, 0.5, 0.7, 0.8, 0.75, 0.55, 0.7, 0.55, 0.7, 0.95, 0.75, 0.65, 0.65, 0.85, 0.95, 0.6, 0.65, 0.75, 0.55, 0.95, 0.9, 0.85, 0.75, 0.8, 0.85, 0.9, 0.9, 0.8, 0.9, 0.8, 0.9, 0.95, 0.95, 0.95, 0.9, 1.0, 0.75, 0.85, 0.85, 0.8947, 0.8, 0.95, 0.95, 1.0, 0.85, 0.9, 0.7, 1.0, 0.9, 0.85, 0.8, 1.0, 0.95, 0.9, 1.0, 0.85, 0.9, 0.85, 0.85, 0.9, 0.8, 0.9, 0.85, 0.9, 0.9, 0.9]"
glm-4.7-flash,a255fd4b2fac78a3faaf47bd17cd723f,2aa3b0e97a23d6151e5c66deb5b4875724ccf5c4f250050890b2eaaa7ff3d01a,True,Primary Hyperparathyroidism,618,619,9919,10410,259,0.4190938511326861,4463,0.43220082669623955,0.8,0.2,1.0,563,0.9104748462546628,"[0.2, 0.1, 0.1, 0.1, 0.05, 0.05, 0.0, 0.25, 0.2, 0.15, 0.05, 0.15, 0.2, 0.1, 0.35, 0.1, 0.25, 0.2, 0.1, 0.25, 0.4, 0.1053, 0.2105, 0.0556, 0.0, 0.1053, 0.25, 0.05, 0.3158, 0.35, 0.15, 0.2, 0.1579, 0.2, 0.15, 0.2, 0.4, 0.15, 0.2632, 0.3684, 0.2, 0.1, 0.15, 0.15, 0.05, 0.15, 0.05, 0.15, 0.25, 0.05, 0.1176, 0.1579, 0.15, 0.1, 0.0, 0.05, 0.05, 0.25, 0.05, 0.0, 0.1, 0.0, 0.0526, 0.05, 0.05, 0.0, 0.1, 0.0, 0.1, 0.0, 0.05, 0.1, 0.0, 0.0526, 0.05, 0.0, 0.05, 0.05, 0.05, 0.0, 0.05, 0.0, 0.0, 0.0, 0.05, 0.0, 0.0, 0.0, 0.0, 0.0, 0.0, 0.0, 0.0, 0.0, 0.0, 0.0, 0.0, 0.0, 0.0, 0.0, 0.0, 0.0, 0.05, 0.0, 0.0, 0.0, 0.0, 0.0, 0.0, 0.0, 0.0, 0.0, 0.0, 0.0, 0.0, 0.0, 0.0, 0.0, 0.05, 0.0, 0.0, 0.0, 0.0526, 0.0, 0.0, 0.05, 0.05, 0.05, 0.0, 0.0, 0.05, 0.1579, 0.0, 0.0, 0.05, 0.0, 0.0, 0.0, 0.0, 0.0, 0.0, 0.0, 0.0, 0.05, 0.05, 0.0, 0.0, 0.0, 0.0, 0.05, 0.0, 0.0, 0.0, 0.2, 0.0, 0.1, 0.1, 0.0, 0.1, 0.2105, 0.1, 0.05, 0.1, 0.1, 0.1, 0.2, 0.1667, 0.05, 0.15, 0.15, 0.1, 0.15, 0.15, 0.2, 0.2, 0.1, 0.2, 0.1, 0.15, 0.1, 0.05, 0.15, 0.3, 0.1, 0.1, 0.2, 0.2, 0.2, 0.3, 0.3, 0.6, 0.65, 0.5, 0.5, 0.55, 0.7, 0.7, 0.65, 0.55, 0.5, 0.6, 0.6, 0.5, 0.7, 0.6, 0.3, 0.65, 0.6, 0.55, 0.8, 0.6, 0.6, 0.45, 0.45, 0.3, 0.55, 0.6, 0.5, 0.3, 0.2, 0.15, 0.2105, 0.15, 0.15, 0.05, 0.2, 0.15, 0.15, 0.2, 0.2, 0.4, 0.45, 0.4, 0.35, 0.4, 0.4211, 0.5, 0.25, 0.4, 0.3, 0.4, 0.45, 0.45, 0.3, 0.45, 0.4, 0.1, 0.4, 0.35, 0.7, 0.5, 0.7, 0.6, 0.6, 0.75, 0.5, 0.45, 0.7, 0.65, 0.8, 0.7, 0.65, 0.9, 0.9, 1.0, 0.75, 0.7, 0.8, 0.85, 0.95, 0.9, 0.8, 0.65, 0.8, 0.65, 0.9, 0.9, 0.75, 0.9, 0.8, 0.95, 0.8, 0.85, 0.85, 0.95, 0.8, 0.95, 0.9, 0.9, 0.95, 0.85, 0.9, 0.9, 0.9, 0.8, 1.0, 1.0, 0.85, 1.0, 0.7368, 0.95, 0.9, 0.9, 0.9, 0.95, 1.0, 0.9, 0.95, 0.8, 0.95, 0.85, 0.9474, 0.85, 0.95, 0.85, 0.8, 0.9, 0.85, 0.9, 0.95, 0.9, 0.95, 0.95, 1.0, 0.95, 0.95, 0.8947, 0.95, 0.95, 0.95, 0.9, 0.95, 0.8, 0.95, 0.8, 0.9, 1.0, 0.95, 0.95, 0.95, 0.9, 1.0, 0.9, 0.95, 0.95, 1.0, 1.0, 0.85, 1.0, 0.95, 0.85, 0.9, 1.0, 0.95, 1.0, 0.95, 0.95, 0.85, 1.0, 0.8947, 0.95, 1.0, 0.95, 0.95, 0.9, 1.0, 0.8, 0.9, 0.85, 0.95, 0.95, 0.95, 1.0, 0.85, 0.9, 0.95, 0.9, 0.9, 0.95, 1.0, 0.8947, 1.0, 1.0, 0.85, 0.95, 0.95, 0.95, 1.0, 0.95, 0.85, 0.95, 0.85, 0.95, 0.9, 0.9, 1.0, 0.8, 0.95, 0.95, 0.75, 0.95, 0.9, 0.95, 0.9, 1.0, 1.0, 0.95, 1.0, 0.95, 1.0, 0.9, 0.95, 0.85, 0.95, 0.95, 0.75, 0.85, 0.95, 1.0, 0.95, 0.95, 0.9, 0.9, 0.85, 0.95, 0.9, 0.95, 0.9, 0.9, 0.95, 0.9474, 0.9, 1.0, 0.95, 0.8, 0.85, 0.85, 0.95, 1.0, 0.85, 0.8, 0.85, 0.95, 0.9, 0.95, 0.95, 1.0, 0.6842, 0.95, 0.85, 1.0, 0.8, 0.95, 0.9, 1.0, 0.8, 0.75, 0.8, 0.65, 0.7, 0.75, 0.95, 0.95, 0.85, 0.85, 0.9, 0.7, 0.9, 0.75, 0.95, 0.85, 0.95, 0.9, 0.95, 0.95, 0.85, 0.9, 0.95, 0.9, 0.8947, 0.9, 0.85, 0.95, 0.85, 0.8, 0.95, 0.8, 0.75, 0.85, 0.7368, 0.8, 0.9, 0.85, 0.8, 0.9, 1.0, 0.8, 0.95, 0.85, 0.9, 1.0, 0.9, 0.9, 0.95, 1.0, 0.85, 1.0, 0.9, 1.0, 0.9, 1.0, 0.85, 1.0, 1.0, 1.0, 1.0, 0.9, 0.95, 0.95, 1.0, 1.0, 1.0, 1.0, 0.9, 0.95, 0.95, 0.95, 0.95, 1.0, 0.95, 1.0, 1.0, 1.0, 0.9, 1.0, 1.0, 0.95, 1.0, 1.0, 1.0, 1.0, 1.0, 1.0, 1.0, 0.95, 1.0, 1.0, 0.95, 1.0, 1.0, 0.95, 0.9, 1.0, 1.0, 0.9, 1.0, 1.0, 0.9, 0.95, 0.9, 1.0, 1.0, 0.75, 0.8421, 0.8, 1.0, 0.9, 0.9, 0.9474, 0.9, 0.9, 0.8, 1.0, 0.9, 0.85, 1.0, 1.0, 1.0, 0.95, 1.0, 1.0, 0.9, 0.95, 1.0, 1.0, 1.0, 1.0, 1.0, 1.0, 0.95, 0.95, 1.0, 1.0, 1.0, 1.0, 0.95, 0.95, 0.95, 1.0, 0.95, 1.0, 0.9, 1.0, 1.0, 1.0, 1.0, 1.0, 1.0, 0.95, 0.9, 1.0, 1.0, 1.0, 0.95, 0.95, 1.0, 1.0, 1.0, 1.0]"
glm-4.7-flash,5355d6e5738c1e76aa8f1441131c9295,6a16233d73023a373965038ddfd9a7c8400af04b0394f2dac4419bc41947c909,False,Cardiac tamponade,649,650,10200,10796,379,0.5839753466872111,6295,0.5985294117647059,0.85,0.5263157894736842,1.0,433,0.6785294117647059,"[0.5263, 0.55, 0.65, 0.45, 0.6, 0.7, 0.5, 0.6, 0.65, 0.65, 0.2, 0.3158, 0.3684, 0.1, 0.15, 0.35, 0.45, 0.35, 0.15, 0.2, 0.3, 0.3684, 0.4, 0.1, 0.15, 0.15, 0.15, 0.25, 0.2, 0.5, 0.55, 0.4, 0.15, 0.15, 0.25, 0.2, 0.2, 0.2, 0.05, 0.0, 0.2, 0.1053, 0.25, 0.4, 0.4, 0.35, 0.3, 0.3, 0.25, 0.2, 0.2, 0.25, 0.25, 0.3, 0.35, 0.2, 0.25, 0.15, 0.25, 0.3, 0.3, 0.3, 0.15, 0.2, 0.15, 0.2105, 0.3, 0.1, 0.1, 0.1, 0.2, 0.2632, 0.15, 0.2, 0.25, 0.45, 0.4, 0.6, 0.3, 0.3158, 0.55, 0.2, 0.45, 0.2, 0.3, 0.45, 0.6, 0.45, 0.3, 0.35, 0.75, 0.7, 0.5789, 0.85, 0.8, 0.45, 0.75, 0.7, 0.55, 0.8, 0.65, 0.4, 0.6, 0.6, 0.6, 0.6, 0.6, 0.8, 0.75, 0.65, 0.65, 0.45, 0.55, 0.45, 0.5, 0.55, 0.6, 0.25, 0.55, 0.4, 0.55, 0.5, 0.45, 0.5263, 0.55, 0.7, 0.75, 0.55, 0.25, 0.4, 0.35, 0.5, 0.35, 0.4, 0.5, 0.85, 0.75, 0.7, 0.95, 0.6, 0.7, 0.7, 0.6, 0.75, 0.8, 0.65, 0.8, 0.7, 0.95, 0.9, 0.95, 0.7895, 0.8, 0.7, 0.75, 0.55, 0.65, 0.4, 0.55, 0.75, 0.55, 0.75, 0.75, 0.6, 0.3, 0.55, 0.35, 0.5, 0.5, 0.5, 0.55, 0.65, 0.55, 0.45, 0.6, 0.55, 0.5, 0.4, 0.45, 0.7, 0.55, 0.65, 0.4, 0.4, 0.5, 0.45, 0.5, 0.4, 0.5, 0.6, 0.85, 0.75, 0.5, 0.7, 0.7, 0.8, 0.85, 0.75, 0.7, 0.85, 0.7, 0.75, 0.6, 0.65, 0.75, 0.65, 0.65, 0.8, 0.7, 0.65, 0.6, 0.65, 0.5, 0.6, 0.6, 0.5, 0.5, 0.65, 0.65, 0.65, 0.6, 0.5, 0.75, 0.6316, 0.5, 0.65, 0.65, 0.45, 0.65, 0.7, 0.8, 0.95, 0.8, 0.8, 0.7, 0.75, 0.7, 0.7, 0.75, 0.7, 0.8, 0.55, 0.75, 0.8, 0.9, 0.65, 0.55, 0.7, 0.7, 0.65, 0.75, 0.6, 0.85, 0.8, 0.8, 0.7, 0.65, 0.7, 0.9, 0.75, 0.5789, 0.8, 0.55, 0.7, 0.7, 0.75, 0.7, 0.45, 0.7, 0.55, 0.65, 0.8, 0.55, 0.4737, 0.45, 0.65, 0.8, 0.85, 0.65, 0.9, 0.75, 0.95, 0.7, 0.75, 0.9, 0.95, 0.65, 0.75, 0.9, 0.9, 0.85, 1.0, 0.75, 0.9, 0.8, 0.85, 0.85, 0.8, 0.9, 0.7895, 0.85, 0.75, 1.0, 0.85, 0.9, 0.95, 0.9, 0.85, 0.9, 0.85, 0.9, 0.9, 0.85, 0.95, 0.95, 0.9, 0.85, 0.95, 0.95, 0.85, 1.0, 0.75, 0.9, 0.9, 0.9, 1.0, 0.95, 0.95, 1.0, 0.95, 0.95, 0.95, 0.9, 1.0, 0.9, 1.0, 0.95, 1.0, 0.85, 0.95, 0.8, 0.9474, 0.9, 0.85, 0.85, 0.8, 1.0, 0.9, 0.95, 0.95, 0.9, 0.95, 0.95, 0.9, 0.95, 0.95, 0.95, 0.9, 0.9, 0.85, 0.9, 0.9, 0.95, 1.0, 0.9, 0.9, 0.8, 0.85, 0.8947, 0.9, 0.9, 0.85, 0.9, 0.95, 0.8, 0.9, 0.6, 0.9, 0.7, 0.85, 0.85, 0.9, 0.8, 0.75, 0.9, 0.85, 0.7, 0.7368, 1.0, 1.0, 0.85, 0.95, 0.85, 1.0, 0.9, 1.0, 1.0, 1.0, 1.0, 0.85, 0.9, 0.95, 1.0, 0.95, 1.0, 0.95, 0.85, 0.9, 0.9, 1.0, 0.85, 1.0, 0.95, 0.95, 0.85, 0.85, 1.0, 0.95, 0.85, 0.9, 0.85, 0.9, 0.9, 0.85, 0.85, 0.9, 0.85, 0.85, 0.9, 0.9, 0.85, 0.9, 0.7, 1.0, 0.9, 0.9, 1.0, 1.0, 1.0, 0.9, 0.9, 0.95, 0.95, 0.9, 0.85, 0.9, 0.85, 0.95, 0.95, 1.0, 1.0, 0.95, 0.9, 0.95, 0.9, 0.9, 1.0, 0.95, 0.95, 0.95, 0.9, 0.85, 1.0, 1.0, 0.8, 0.95, 0.95, 1.0, 0.95, 1.0, 1.0, 1.0, 1.0, 0.9, 1.0, 0.95, 0.95, 1.0, 1.0, 1.0, 1.0, 1.0, 0.9, 1.0, 1.0, 1.0, 1.0, 1.0, 0.95, 0.95, 1.0, 0.95, 0.95, 1.0, 0.95, 1.0, 1.0, 1.0, 1.0, 1.0, 0.9, 0.95, 1.0, 1.0, 1.0, 1.0, 0.95, 1.0, 1.0, 1.0, 1.0, 1.0, 1.0, 0.95, 1.0, 0.85, 0.9, 0.95, 1.0, 1.0, 1.0, 1.0, 0.95, 0.95, 1.0, 1.0, 0.95, 1.0, 0.95, 1.0, 1.0, 1.0, 1.0, 1.0, 0.95, 1.0, 1.0, 1.0, 0.95, 1.0, 1.0, 1.0, 1.0, 1.0, 1.0, 1.0, 1.0, 1.0, 0.95, 0.95, 1.0, 0.95, 1.0, 1.0, 1.0, 1.0, 1.0, 1.0, 1.0, 0.95, 1.0, 0.9, 1.0, 1.0, 1.0, 1.0, 1.0, 1.0, 1.0, 1.0, 1.0, 1.0, 0.95, 0.9, 1.0, 1.0, 1.0, 1.0, 0.95, 1.0, 1.0, 0.95, 0.95, 0.95, 0.9, 0.95, 1.0, 1.0, 1.0, 1.0, 1.0, 1.0, 1.0, 1.0, 1.0, 0.95, 1.0, 1.0, 1.0, 1.0, 1.0, 1.0, 1.0, 1.0, 1.0, 1.0, 1.0, 1.0, 1.0, 1.0, 1.0, 1.0, 1.0, 1.0, 1.0, 1.0, 1.0, 1.0, 1.0, 1.0, 1.0, 1.0, 1.0, 1.0, 1.0, 1.0, 1.0, 1.0, 1.0, 1.0, 1.0, 1.0, 1.0, 1.0, 1.0, 1.0, 1.0, 1.0, 1.0, 1.0, 1.0, 1.0, 1.0, 1.0, 1.0, 1.0, 1.0, 1.0, 1.0, 1.0]"
glm-4.7-flash,c4ce6239240ed6d8489f1ee8bf9a4784,efa07c99a0a45fa76bcc4b245a153ac3aed05864cefb6762a1e91b318a1ab19a,True,Central Retinal Artery Occlusion,464,465,8495,9198,89,0.19181034482758622,2424,0.23154796939376104,0.85,0.9,1.0,93,0.25344320188346087,"[0.9, 0.65, 0.45, 0.8, 0.7, 0.75, 0.8, 0.7, 0.65, 0.7, 0.7, 0.9, 0.65, 0.8, 0.8947, 0.7895, 0.85, 0.8, 0.8947, 0.6, 0.85, 0.85, 1.0, 1.0, 1.0, 1.0, 1.0, 1.0, 0.95, 1.0, 0.95, 1.0, 1.0, 1.0, 0.9, 0.6, 0.65, 0.9, 0.7368, 0.85, 0.6, 0.8, 0.55, 0.7, 0.6, 0.55, 0.6, 0.75, 0.8333, 0.75, 0.65, 0.8, 0.8, 0.7, 0.85, 0.75, 0.85, 0.75, 0.6, 0.75, 0.75, 0.55, 0.6, 0.7, 0.9, 0.8, 0.85, 0.85, 0.9, 0.6, 0.75, 0.75, 0.9, 0.85, 0.65, 0.95, 0.9, 0.95, 0.9, 0.9, 0.9, 0.75, 0.85, 0.8, 0.8, 0.65, 0.7, 0.6, 0.7, 0.85, 0.9, 0.75, 0.75, 0.8, 0.9, 0.85, 0.85, 0.95, 0.85, 0.85, 0.95, 1.0, 0.9, 0.95, 1.0, 0.8, 0.8, 0.95, 1.0, 1.0, 0.9, 0.9, 0.95, 1.0, 0.9, 1.0, 1.0, 1.0, 1.0, 1.0, 1.0, 1.0, 1.0, 0.95, 0.9, 0.95, 0.95, 1.0, 1.0, 1.0, 1.0, 0.95, 1.0, 0.95, 1.0, 1.0, 0.9, 1.0, 0.95, 0.95, 1.0, 0.95, 1.0, 0.95, 0.9, 0.85, 0.95, 0.95, 0.95, 0.95, 1.0, 1.0, 0.95, 1.0, 0.95, 1.0, 0.95, 0.95, 1.0, 0.95, 0.9, 0.8, 1.0, 0.95, 0.95, 1.0, 0.85, 0.95, 0.9, 1.0, 0.8, 0.8947, 1.0, 0.8947, 1.0, 0.9, 0.95, 1.0, 1.0, 0.95, 1.0, 0.9, 0.95, 0.95, 1.0, 1.0, 0.95, 1.0, 0.95, 1.0, 0.95, 0.95, 1.0, 1.0, 1.0, 1.0, 0.95, 0.9, 0.95, 0.9, 1.0, 0.95, 0.9, 0.95, 1.0, 0.95, 1.0, 1.0, 1.0, 1.0, 0.9, 1.0, 1.0, 1.0, 1.0, 0.95, 0.95, 0.95, 0.95, 0.95, 1.0, 0.95, 0.95, 0.95, 0.95, 0.9, 1.0, 0.95, 1.0, 0.85, 0.95, 1.0, 1.0, 1.0, 1.0, 1.0, 1.0, 0.95, 1.0, 0.9, 0.95, 0.9, 1.0, 1.0, 1.0, 1.0, 1.0, 1.0, 1.0, 1.0, 1.0, 1.0, 0.95, 1.0, 0.95, 0.95, 0.85, 1.0, 1.0, 0.95, 1.0, 1.0, 0.95, 1.0, 1.0, 0.9, 1.0, 0.95, 1.0, 1.0, 1.0, 1.0, 1.0, 1.0, 0.95, 1.0, 1.0, 1.0, 1.0, 1.0, 1.0, 1.0, 1.0, 1.0, 1.0, 1.0, 1.0, 1.0, 1.0, 1.0, 1.0, 1.0, 1.0, 0.95, 1.0, 1.0, 0.9, 1.0, 1.0, 1.0, 1.0, 1.0, 1.0, 1.0, 1.0, 1.0, 1.0, 0.95, 1.0, 1.0, 1.0, 1.0, 1.0, 1.0, 1.0, 1.0, 1.0, 1.0, 1.0, 1.0, 1.0, 1.0, 1.0, 1.0, 1.0, 1.0, 0.95, 1.0, 1.0, 1.0, 1.0, 1.0, 1.0, 1.0, 1.0, 1.0, 1.0, 1.0, 1.0, 1.0, 1.0, 1.0, 1.0, 1.0, 1.0, 1.0, 1.0, 1.0, 1.0, 1.0, 1.0, 1.0, 1.0, 1.0, 1.0, 1.0, 1.0, 1.0, 1.0, 1.0, 1.0, 1.0, 1.0, 1.0, 1.0, 1.0, 1.0, 1.0, 1.0, 1.0, 1.0, 1.0, 1.0, 1.0, 1.0, 1.0, 1.0, 1.0, 1.0, 1.0, 1.0, 0.95, 1.0, 1.0, 1.0, 1.0, 1.0, 1.0, 1.0, 1.0, 1.0, 1.0, 1.0, 1.0, 1.0, 1.0, 1.0, 1.0, 1.0, 1.0, 1.0, 1.0, 1.0, 1.0, 1.0, 1.0, 1.0, 1.0, 1.0, 1.0, 1.0, 1.0, 1.0, 1.0, 1.0, 1.0, 1.0, 1.0, 1.0, 1.0, 1.0, 1.0, 1.0, 1.0, 1.0, 1.0, 1.0, 1.0, 1.0, 1.0, 1.0, 1.0, 1.0, 1.0, 1.0, 1.0, 1.0, 1.0, 1.0, 0.95, 1.0, 1.0, 1.0, 1.0, 1.0, 1.0, 1.0, 1.0, 1.0, 1.0, 1.0, 1.0, 1.0, 1.0, 1.0, 1.0, 1.0, 1.0, 1.0, 1.0, 1.0, 0.95, 1.0, 1.0, 1.0]"
glm-4.7-flash,ead218181cb76fdbdefd5ea17e01be5b,009cab8d8ee8cd84678fe0391eafff51a8592b8a75c651ed3f29c8393605715c,True,Williams Syndrome,443,444,7027,7201,294,0.6636568848758465,4775,0.6564679094919595,0.8,0.0,1.0,301,0.6698448840187847,"[0.0, 0.0, 0.0, 0.0, 0.0, 0.0, 0.0, 0.0, 0.0, 0.0, 0.0, 0.0, 0.05, 0.0, 0.0, 0.0, 0.0, 0.0, 0.0, 0.0, 0.0, 0.0, 0.0, 0.0, 0.0, 0.0, 0.0, 0.0, 0.0, 0.0, 0.0, 0.1, 0.1, 0.05, 0.1, 0.0, 0.0, 0.05, 0.15, 0.05, 0.05, 0.05, 0.1, 0.05, 0.0, 0.05, 0.15, 0.1, 0.2, 0.25, 0.05, 0.25, 0.15, 0.2, 0.1, 0.15, 0.2, 0.15, 0.05, 0.1, 0.05, 0.1, 0.1, 0.3, 0.05, 0.2, 0.25, 0.3158, 0.3, 0.25, 0.2, 0.1, 0.05, 0.1579, 0.3, 0.2, 0.2, 0.2, 0.3, 0.1579, 0.25, 0.1, 0.25, 0.35, 0.15, 0.4, 0.35, 0.2105, 0.2105, 0.2632, 0.5, 0.7, 0.5, 0.65, 0.5, 0.6316, 0.7, 0.65, 0.6, 0.65, 0.6, 0.65, 0.45, 0.5, 0.75, 0.5, 0.4211, 0.6, 0.5, 0.6, 0.7, 0.55, 0.75, 0.6, 0.6, 0.8, 0.8, 0.65, 0.55, 0.75, 0.9, 0.5, 0.6, 0.75, 0.6, 0.8, 0.8, 0.8, 0.75, 0.7, 0.6, 0.75, 0.65, 0.8, 0.75, 0.7, 0.85, 0.8, 0.55, 0.55, 0.55, 0.65, 0.75, 0.55, 0.65, 0.75, 0.75, 0.75, 0.7, 0.75, 0.7895, 0.6, 0.7, 0.5, 0.75, 0.5, 0.7, 0.8, 0.45, 0.8, 0.8, 0.8, 0.7, 0.75, 0.65, 0.4737, 0.55, 0.6, 0.4, 0.8, 0.45, 0.4, 0.55, 0.6842, 0.55, 0.5, 0.55, 0.75, 0.65, 0.7368, 0.5, 0.7, 0.7, 0.55, 0.6, 0.65, 0.55, 0.65, 0.55, 0.65, 0.6, 0.7, 0.6, 0.6, 0.8, 0.8, 0.5, 0.8, 0.55, 0.55, 0.65, 0.65, 0.65, 0.75, 0.7, 0.7, 0.55, 0.65, 0.75, 0.85, 0.7, 0.7, 0.6, 0.65, 0.65, 0.6, 0.75, 0.5789, 0.45, 0.6842, 0.8, 0.5, 0.7, 0.75, 0.55, 0.65, 0.6, 0.6, 0.8, 0.65, 0.75, 0.55, 0.55, 0.75, 0.7, 0.75, 0.55, 0.55, 0.5, 0.75, 0.75, 0.65, 0.6, 0.65, 0.85, 0.6, 0.55, 0.95, 0.7, 0.8, 0.8, 0.7, 0.85, 0.95, 0.85, 0.7, 0.7, 0.65, 0.85, 0.6, 0.75, 1.0, 0.9, 0.65, 0.7, 0.75, 0.7, 0.6316, 0.85, 0.95, 0.7, 0.75, 0.75, 0.55, 0.75, 0.7, 0.8, 0.65, 0.7, 0.75, 0.7, 0.9, 0.85, 0.7, 0.85, 0.7, 0.85, 0.9, 0.7, 0.85, 0.6842, 0.6, 0.75, 0.7, 0.8, 0.85, 0.7, 0.75, 0.75, 0.9, 0.65, 0.85, 0.95, 1.0, 0.8, 0.95, 0.8, 0.95, 1.0, 0.95, 0.85, 0.95, 0.9, 0.85, 0.9, 0.85, 0.85, 1.0, 0.95, 0.95, 0.9, 0.9, 0.9, 0.95, 1.0, 1.0, 1.0, 1.0, 1.0, 1.0, 1.0, 1.0, 0.95, 1.0, 1.0, 1.0, 1.0, 1.0, 1.0, 1.0, 1.0, 1.0, 1.0, 1.0, 1.0, 1.0, 1.0, 1.0, 1.0, 1.0, 1.0, 1.0, 1.0, 0.9474, 1.0, 1.0, 1.0, 1.0, 1.0, 1.0, 1.0, 1.0, 1.0, 1.0, 1.0, 1.0, 1.0, 1.0, 1.0, 1.0, 1.0, 1.0, 1.0, 1.0, 1.0, 1.0, 1.0, 1.0, 1.0, 1.0, 1.0, 1.0, 1.0, 1.0, 1.0, 1.0, 1.0, 1.0, 1.0, 1.0, 1.0, 1.0, 1.0, 1.0, 1.0, 1.0, 1.0, 1.0, 1.0, 1.0, 1.0, 1.0, 1.0, 0.95, 1.0, 1.0, 1.0, 1.0, 1.0, 1.0, 1.0, 1.0, 1.0, 1.0, 1.0, 1.0, 1.0, 1.0, 1.0, 1.0, 1.0, 1.0, 1.0, 1.0, 1.0, 0.95, 1.0, 1.0, 1.0, 1.0, 1.0, 1.0, 1.0, 1.0, 1.0, 1.0, 1.0, 1.0, 1.0, 1.0, 1.0, 1.0, 1.0, 1.0]"
gemma-4-31b-it,02b15d84011aa2ed96dcb904e63129bb,b116d0a1b6cd2a2daa896aebbc562a9940bcbf0dfb0a03335112cb08242ca377,True,Pulmonary Hypertension,161,162,2567,3176,147,0.9130434782608695,2558,0.9205298013245033,0.9,0.1,1.0,150,0.9326061550447994,"[0.1, 0.25, 0.0, 0.15, 0.15, 0.15, 0.1, 0.3, 0.15, 0.1, 0.15, 0.25, 0.15, 0.05, 0.05, 0.15, 0.25, 0.1, 0.1, 0.1, 0.05, 0.05, 0.1, 0.05, 0.0, 0.1, 0.0, 0.05, 0.05, 0.0, 0.1, 0.1, 0.1, 0.05, 0.0, 0.1, 0.0, 0.0, 0.05, 0.05, 0.15, 0.2, 0.1, 0.15, 0.15, 0.2, 0.25, 0.4, 0.3, 0.45, 0.45, 0.3, 0.25, 0.35, 0.35, 0.15, 0.05, 0.05, 0.2, 0.15, 0.1, 0.2, 0.05, 0.15, 0.2, 0.2, 0.2, 0.15, 0.15, 0.3, 0.2, 0.05, 0.1, 0.05, 0.1, 0.1, 0.15, 0.15, 0.1, 0.2, 0.15, 0.1, 0.2, 0.25, 0.1, 0.25, 0.15, 0.2, 0.05, 0.1, 0.05, 0.1, 0.1, 0.0, 0.0, 0.15, 0.1, 0.1, 0.0, 0.25, 0.05, 0.05, 0.05, 0.0, 0.15, 0.15, 0.0, 0.05, 0.05, 0.0, 0.15, 0.1, 0.2, 0.0, 0.0, 0.05, 0.1, 0.1, 0.25, 0.15, 0.0, 0.1, 0.05, 0.0, 0.0, 0.0, 0.05, 0.05, 0.0, 0.0, 0.05, 0.0, 0.05, 0.0, 0.0, 0.05, 0.0, 0.05, 0.0, 0.0, 0.0, 0.0, 0.0, 0.05, 0.0, 0.0, 0.2, 0.9, 0.8, 0.75, 0.9, 0.85, 0.9, 1.0, 1.0, 1.0, 1.0, 1.0, 1.0, 0.95, 1.0, 1.0]"
gemma-4-31b-it,02b15d84011aa2ed96dcb904e63129bb,0b31f91612c0d8b01110009686ae2e0f475fbdc61d7dfac82945a4afd8a3a111,False,Pulmonary Alveolar Proteinosis,174,175,2893,3430,40,0.22988505747126436,956,0.26304873833390946,0.8,0.0,1.0,46,0.29934324230902176,"[0.0, 0.0, 0.0, 0.0, 0.0, 0.0, 0.0, 0.0, 0.0, 0.0, 0.0, 0.0, 0.0, 0.05, 0.0, 0.0, 0.05, 0.0, 0.0, 0.0, 0.0, 0.1, 0.25, 0.1, 0.35, 0.15, 0.2, 0.3, 0.2, 0.65, 0.6, 0.65, 0.6, 0.75, 0.65, 0.75, 0.7, 0.65, 0.7, 0.75, 0.8, 0.8, 0.85, 0.85, 0.9, 0.75, 0.95, 1.0, 1.0, 1.0, 1.0, 0.95, 1.0, 1.0, 1.0, 1.0, 1.0, 1.0, 0.95, 1.0, 1.0, 1.0, 0.9, 1.0, 1.0, 1.0, 1.0, 1.0, 1.0, 1.0, 1.0, 1.0, 1.0, 1.0, 1.0, 1.0, 1.0, 1.0, 1.0, 1.0, 1.0, 1.0, 1.0, 1.0, 1.0, 1.0, 1.0, 1.0, 1.0, 1.0, 1.0, 1.0, 1.0, 1.0, 1.0, 1.0, 1.0, 1.0, 1.0, 1.0, 1.0, 1.0, 1.0, 1.0, 1.0, 1.0, 1.0, 1.0, 1.0, 1.0, 1.0, 0.95, 1.0, 1.0, 1.0, 1.0, 1.0, 1.0, 1.0, 1.0, 1.0, 1.0, 1.0, 1.0, 1.0, 1.0, 1.0, 1.0, 1.0, 1.0, 1.0, 1.0, 0.95, 1.0, 1.0, 1.0, 1.0, 1.0, 1.0, 1.0, 1.0, 1.0, 1.0, 1.0, 1.0, 1.0, 1.0, 1.0, 1.0, 1.0, 1.0, 1.0, 1.0, 1.0, 1.0, 1.0, 1.0, 1.0, 1.0, 1.0, 1.0, 1.0, 1.0, 1.0, 1.0, 1.0, 1.0, 1.0, 1.0, 1.0, 1.0, 1.0, 1.0, 1.0, 1.0]"
gemma-4-31b-it,4ac69654711e8b95f09faca42e95c605,72aa5250000f3d4cd1059f861971b28c49d1860615d8bc766e3381d8caf34251,True,Myelodysplastic Syndrome,287,288,5272,8399,199,0.6933797909407665,6229,0.6737481031866465,0.9,0.1,1.0,202,0.6811456752655539,"[0.1, 0.15, 0.15, 0.1, 0.2, 0.1, 0.05, 0.05, 0.05, 0.0, 0.2, 0.0, 0.1, 0.1, 0.05, 0.0, 0.0, 0.15, 0.1, 0.1, 0.0, 0.05, 0.05, 0.05, 0.0, 0.0, 0.0, 0.0, 0.0, 0.0, 0.0, 0.0, 0.0, 0.0, 0.0, 0.0, 0.0, 0.0, 0.0, 0.1, 0.0, 0.0, 0.05, 0.0, 0.0, 0.05, 0.0, 0.05, 0.0, 0.0, 0.05, 0.0, 0.0, 0.0, 0.0, 0.0, 0.0, 0.0, 0.0, 0.0, 0.0, 0.0, 0.0, 0.0, 0.0, 0.0, 0.05, 0.0, 0.1, 0.0, 0.05, 0.1, 0.1, 0.05, 0.05, 0.1, 0.0, 0.05, 0.1, 0.15, 0.05, 0.15, 0.1, 0.1, 0.1, 0.15, 0.15, 0.1, 0.05, 0.2, 0.2, 0.2, 0.05, 0.15, 0.35, 0.05, 0.1, 0.0, 0.15, 0.25, 0.3, 0.5, 0.15, 0.35, 0.4, 0.25, 0.15, 0.25, 0.2, 0.15, 0.2, 0.25, 0.0, 0.05, 0.25, 0.25, 0.15, 0.2, 0.3, 0.4, 0.1, 0.05, 0.1, 0.15, 0.1, 0.05, 0.1, 0.15, 0.1, 0.25, 0.1, 0.0, 0.1, 0.1, 0.1, 0.15, 0.2, 0.15, 0.1, 0.25, 0.2, 0.25, 0.3, 0.2, 0.3, 0.2, 0.2, 0.2, 0.1, 0.3, 0.2, 0.05, 0.25, 0.2, 0.15, 0.05, 0.1, 0.25, 0.15, 0.1, 0.2, 0.15, 0.15, 0.4, 0.1, 0.2, 0.35, 0.2, 0.0, 0.4, 0.0, 0.05, 0.1, 0.25, 0.2, 0.1, 0.15, 0.0, 0.1, 0.2, 0.05, 0.05, 0.1, 0.15, 0.4, 0.65, 0.4, 0.65, 0.75, 0.85, 0.75, 0.6, 0.45, 0.7, 0.4, 0.55, 0.4, 0.75, 0.6, 0.9, 0.9, 0.75, 0.9, 0.95, 0.95, 0.9, 0.9, 0.95, 0.95, 1.0, 0.9, 1.0, 1.0, 1.0, 1.0, 1.0, 1.0, 1.0, 1.0, 1.0, 1.0, 1.0, 1.0, 1.0, 1.0, 1.0, 1.0, 1.0, 1.0, 1.0, 1.0, 1.0, 0.95, 1.0, 1.0, 1.0, 1.0, 1.0, 1.0, 1.0, 1.0, 1.0, 1.0, 1.0, 1.0, 1.0, 1.0, 1.0, 1.0, 1.0, 1.0, 1.0, 1.0, 1.0, 1.0, 1.0, 1.0, 1.0, 1.0, 1.0, 1.0, 1.0, 1.0, 1.0, 1.0, 1.0, 1.0, 1.0, 1.0, 1.0, 1.0, 1.0, 0.95, 1.0, 1.0, 1.0, 1.0, 1.0, 1.0, 1.0, 1.0, 1.0, 1.0, 1.0, 1.0, 1.0, 1.0, 1.0]"
gemma-4-31b-it,4ac69654711e8b95f09faca42e95c605,af3e3703669e449c4a1e9e59b09241bd6ce5d89f9024cb4656d900209b7c98b8,False,Immune Thrombotic Thrombocytopenic Purpura,301,302,4840,7890,77,0.2558139534883721,4025,0.2785123966942149,0.8,0.65,1.0,160,0.531198347107438,"[0.65, 0.65, 0.65, 0.85, 0.6, 0.75, 0.5, 0.7, 0.9, 0.75, 0.9, 0.7, 0.55, 0.45, 0.6, 0.9, 0.75, 0.45, 0.8, 0.7, 0.7, 0.85, 0.9, 0.5, 0.65, 0.65, 0.55, 0.45, 0.65, 0.3, 0.5, 0.4, 0.65, 0.45, 0.55, 0.65, 0.45, 0.7, 0.65, 0.7, 0.6, 0.55, 0.45, 0.55, 0.35, 0.55, 0.4, 0.6, 0.45, 0.25, 0.25, 0.2, 0.45, 0.45, 0.4, 0.6, 0.35, 0.3, 0.55, 0.15, 0.4, 0.35, 0.3, 0.45, 0.2, 0.15, 0.3, 0.35, 0.4, 0.25, 0.3, 0.4, 0.7, 0.9, 0.95, 0.9474, 0.7, 0.8, 0.75, 0.8, 0.85, 0.7, 0.8, 0.7, 0.85, 0.9, 0.9, 0.9, 0.75, 0.7, 0.7, 0.7, 0.7, 0.75, 0.7, 0.75, 0.85, 0.85, 0.75, 0.85, 0.9, 0.95, 0.8, 0.95, 1.0, 0.8, 0.95, 0.85, 0.95, 0.65, 0.75, 0.85, 0.8, 0.9, 0.9, 0.9, 1.0, 1.0, 0.95, 0.9, 0.95, 1.0, 0.95, 0.9, 0.9, 1.0, 0.9, 0.95, 0.9, 0.95, 0.95, 0.9, 0.9, 1.0, 0.85, 0.8, 0.9, 0.85, 0.95, 0.9, 0.95, 0.95, 0.9, 0.9, 0.95, 0.9, 0.9, 1.0, 1.0, 1.0, 0.95, 0.9, 0.9, 0.95, 0.95, 0.95, 1.0, 0.95, 0.95, 0.75, 1.0, 1.0, 0.9, 0.95, 0.8, 0.85, 0.95, 1.0, 1.0, 1.0, 0.9, 0.9, 0.85, 0.95, 1.0, 0.95, 1.0, 0.95, 1.0, 0.95, 0.9, 1.0, 1.0, 1.0, 1.0, 1.0, 1.0, 1.0, 1.0, 1.0, 0.95, 0.95, 0.95, 0.95, 1.0, 1.0, 0.9, 1.0, 0.95, 1.0, 1.0, 1.0, 1.0, 1.0, 1.0, 1.0, 1.0, 1.0, 1.0, 1.0, 1.0, 1.0, 1.0, 1.0, 1.0, 1.0, 1.0, 1.0, 1.0, 1.0, 1.0, 1.0, 1.0, 1.0, 1.0, 1.0, 1.0, 1.0, 1.0, 1.0, 1.0, 1.0, 1.0, 1.0, 1.0, 1.0, 1.0, 1.0, 1.0, 1.0, 0.95, 1.0, 1.0, 1.0, 1.0, 1.0, 1.0, 1.0, 1.0, 1.0, 1.0, 1.0, 1.0, 1.0, 1.0, 1.0, 1.0, 1.0, 1.0, 1.0, 1.0, 1.0, 1.0, 1.0, 1.0, 1.0, 1.0, 1.0, 1.0, 1.0, 1.0, 1.0, 1.0, 1.0, 1.0, 1.0, 1.0, 1.0, 1.0, 1.0, 1.0, 1.0, 1.0, 1.0, 1.0, 1.0, 1.0, 1.0, 1.0, 1.0, 1.0, 1.0, 1.0, 1.0, 1.0, 1.0, 1.0, 1.0, 1.0, 1.0, 1.0, 1.0]"
gemma-4-31b-it,ab944ef1e6f39bfd785f38954f9458c1,512d38152afd6aadeda97341225334991a22afc36a8b41d7fd93e7d64e13de47,True,Syringomyelia,223,224,3396,4165,0,0.0,371,0.0008833922261484099,0.8,0.8,1.0,0,0.0008833922261484099,"[0.8, 0.8, 1.0, 0.85, 0.9, 0.9, 0.9, 0.85, 1.0, 0.9, 1.0, 0.95, 1.0, 1.0, 1.0, 1.0, 1.0, 1.0, 1.0, 1.0, 1.0, 1.0, 1.0, 1.0, 1.0, 1.0, 1.0, 1.0, 1.0, 1.0, 1.0, 1.0, 1.0, 1.0, 1.0, 1.0, 1.0, 1.0, 1.0, 1.0, 1.0, 1.0, 1.0, 1.0, 1.0, 1.0, 1.0, 1.0, 1.0, 1.0, 1.0, 1.0, 1.0, 1.0, 1.0, 1.0, 1.0, 1.0, 1.0, 1.0, 1.0, 1.0, 1.0, 1.0, 1.0, 1.0, 1.0, 1.0, 1.0, 1.0, 1.0, 1.0, 1.0, 1.0, 1.0, 1.0, 1.0, 1.0, 1.0, 1.0, 1.0, 1.0, 1.0, 1.0, 1.0, 1.0, 1.0, 1.0, 1.0, 1.0, 1.0, 1.0, 1.0, 1.0, 1.0, 1.0, 1.0, 1.0, 1.0, 1.0, 1.0, 1.0, 1.0, 1.0, 1.0, 1.0, 1.0, 1.0, 1.0, 1.0, 1.0, 1.0, 1.0, 1.0, 1.0, 1.0, 1.0, 1.0, 1.0, 1.0, 1.0, 1.0, 1.0, 1.0, 1.0, 1.0, 1.0, 1.0, 1.0, 1.0, 1.0, 1.0, 1.0, 1.0, 1.0, 1.0, 1.0, 1.0, 1.0, 1.0, 1.0, 1.0, 1.0, 1.0, 1.0, 1.0, 1.0, 1.0, 1.0, 1.0, 1.0, 1.0, 1.0, 1.0, 1.0, 1.0, 1.0, 1.0, 1.0, 1.0, 1.0, 1.0, 1.0, 1.0, 1.0, 1.0, 1.0, 1.0, 1.0, 1.0, 1.0, 1.0, 1.0, 1.0, 1.0, 1.0, 1.0, 1.0, 1.0, 1.0, 1.0, 1.0, 1.0, 1.0, 1.0, 1.0, 1.0, 1.0, 1.0, 1.0, 1.0, 1.0, 1.0, 1.0, 1.0, 1.0, 1.0, 1.0, 1.0, 1.0, 1.0, 1.0, 1.0, 1.0, 1.0, 1.0, 1.0, 1.0, 1.0, 1.0, 1.0, 1.0, 1.0, 1.0, 1.0, 1.0, 1.0, 1.0, 1.0, 1.0, 1.0, 1.0, 1.0, 1.0]"
gemma-4-31b-it,058cf31a49867fb29c66658776a61192,f751411534df6e68e1ff9f677a9b520f5bcbd1efcddf4241a261e6a20c7a888d,True,Cystic echinococcosis,203,204,3319,5007,117,0.5763546798029556,3249,0.5567942151250377,1.0,0.35,1.0,117,0.5567942151250377,"[0.35, 0.05, 0.35, 0.15, 0.25, 0.45, 0.25, 0.3, 0.25, 0.2, 0.3, 0.25, 0.35, 0.3, 0.0, 0.2, 0.4, 0.2, 0.3, 0.15, 0.1, 0.25, 0.4, 0.4, 0.15, 0.45, 0.35, 0.55, 0.5, 0.35, 0.6, 0.7, 0.7, 0.6, 0.7, 0.75, 0.45, 0.65, 0.7, 0.65, 0.35, 0.6, 0.65, 0.65, 0.5, 0.6, 0.55, 0.45, 0.65, 0.5, 0.6, 0.6, 0.35, 0.5, 0.4, 0.4, 0.4, 0.45, 0.4, 0.65, 0.5, 0.4, 0.25, 0.65, 0.45, 0.45, 0.4, 0.45, 0.3, 0.35, 0.4, 0.65, 0.45, 0.4, 0.4, 0.35, 0.2, 0.25, 0.4, 0.25, 0.25, 0.35, 0.35, 0.3, 0.3, 0.3, 0.3, 0.3, 0.3, 0.2, 0.2, 0.15, 0.35, 0.25, 0.35, 0.3, 0.05, 0.05, 0.1, 0.05, 0.0, 0.1, 0.25, 0.25, 0.2, 0.15, 0.6, 0.55, 0.35, 0.5, 0.45, 0.35, 0.4, 0.45, 0.65, 0.55, 0.55, 1.0, 1.0, 1.0, 1.0, 1.0, 1.0, 1.0, 1.0, 1.0, 1.0, 1.0, 1.0, 1.0, 0.95, 1.0, 1.0, 1.0, 1.0, 1.0, 1.0, 1.0, 1.0, 1.0, 1.0, 1.0, 1.0, 1.0, 1.0, 1.0, 1.0, 1.0, 1.0, 1.0, 1.0, 1.0, 1.0, 1.0, 1.0, 1.0, 1.0, 1.0, 1.0, 1.0, 1.0, 1.0, 1.0, 1.0, 1.0, 1.0, 1.0, 1.0, 1.0, 1.0, 1.0, 1.0, 1.0, 1.0, 1.0, 1.0, 1.0, 1.0, 1.0, 1.0, 1.0, 1.0, 1.0, 1.0, 1.0, 1.0, 1.0, 1.0, 1.0, 1.0, 1.0, 1.0, 1.0, 1.0, 1.0, 1.0, 1.0, 1.0, 1.0, 1.0, 1.0, 1.0, 1.0, 1.0]"
gemma-4-31b-it,09ea98d7d3d7c2d1118697f0d8791db8,b6202e3586c2db593ed348b9c03203b6834187e6659d15d66227890597b0cb63,True,Meningococcal disease,180,181,3673,5209,29,0.16111111111111112,2039,0.22815137489790363,0.95,0.7894736842105263,1.0,33,0.24993193574734549,"[0.7895, 0.75, 0.85, 0.8947, 0.7895, 0.7, 0.8, 0.85, 0.75, 0.75, 0.7, 0.8, 0.85, 0.7, 0.7368, 0.75, 0.85, 0.8, 0.75, 0.65, 0.6, 0.85, 0.8421, 0.7895, 0.8, 0.85, 0.55, 0.9, 0.7, 0.95, 0.75, 0.9, 0.75, 0.95, 0.85, 0.95, 0.85, 0.95, 0.9, 0.9, 0.95, 0.85, 0.8, 0.95, 1.0, 0.95, 1.0, 0.95, 1.0, 1.0, 1.0, 1.0, 0.95, 1.0, 1.0, 1.0, 1.0, 0.95, 1.0, 1.0, 1.0, 0.95, 1.0, 1.0, 0.95, 1.0, 1.0, 1.0, 1.0, 1.0, 1.0, 1.0, 1.0, 1.0, 1.0, 1.0, 1.0, 1.0, 1.0, 1.0, 1.0, 1.0, 1.0, 1.0, 1.0, 1.0, 1.0, 1.0, 1.0, 1.0, 1.0, 1.0, 1.0, 1.0, 1.0, 1.0, 1.0, 1.0, 1.0, 1.0, 1.0, 1.0, 1.0, 1.0, 1.0, 1.0, 1.0, 1.0, 1.0, 1.0, 1.0, 1.0, 1.0, 1.0, 1.0, 1.0, 1.0, 1.0, 1.0, 1.0, 1.0, 1.0, 1.0, 1.0, 1.0, 1.0, 1.0, 1.0, 1.0, 1.0, 1.0, 1.0, 1.0, 1.0, 1.0, 1.0, 1.0, 1.0, 1.0, 1.0, 1.0, 1.0, 1.0, 1.0, 1.0, 1.0, 1.0, 1.0, 1.0, 1.0, 1.0, 1.0, 1.0, 1.0, 1.0, 1.0, 1.0, 1.0, 1.0, 1.0, 1.0, 1.0, 1.0, 1.0, 1.0, 1.0, 1.0, 1.0, 1.0, 1.0, 1.0, 1.0, 1.0, 1.0, 1.0, 1.0, 1.0, 1.0, 1.0, 1.0, 1.0]"
gemma-4-31b-it,058cf31a49867fb29c66658776a61192,2648a02b90f18b3548279bcbc58a67e216c55dece47990f2b9416a5524e15d9f,False,Systemic mastocytosis,134,135,2453,4285,18,0.13432835820895522,1783,0.1557276803913575,0.85,0.2,1.0,75,0.6241337138198124,"[0.2, 0.2, 0.3, 0.2, 0.25, 0.35, 0.35, 0.35, 0.25, 0.4, 0.35, 0.25, 0.25, 0.35, 0.35, 0.35, 0.35, 0.6, 0.85, 0.7, 0.75, 0.9, 0.7, 0.8, 0.8, 0.75, 0.75, 0.75, 0.85, 0.85, 0.8, 0.85, 0.75, 0.85, 0.7, 0.8, 0.75, 0.85, 0.85, 0.95, 0.8, 0.75, 0.85, 0.7, 0.75, 0.75, 0.7, 0.7, 0.8, 0.85, 0.95, 0.85, 0.85, 0.85, 0.9, 0.85, 0.8, 0.8, 0.75, 0.8, 0.85, 0.7, 1.0, 0.8, 0.7, 0.8, 0.65, 0.85, 0.75, 0.65, 0.65, 0.8, 0.95, 0.9, 0.7, 0.9, 0.9, 0.9, 0.85, 0.8, 0.9, 0.9, 0.95, 0.9, 0.9, 0.85, 1.0, 0.9, 1.0, 0.85, 1.0, 0.95, 0.85, 0.85, 0.95, 0.9, 0.95, 0.95, 1.0, 1.0, 1.0, 1.0, 0.95, 1.0, 1.0, 1.0, 1.0, 1.0, 1.0, 1.0, 1.0, 1.0, 1.0, 1.0, 0.95, 1.0, 1.0, 0.95, 0.95, 1.0, 1.0, 0.95, 1.0, 1.0, 1.0, 0.95, 0.95, 1.0, 1.0, 1.0, 1.0, 1.0, 1.0, 0.95, 1.0]"
gemma-4-31b-it,09ea98d7d3d7c2d1118697f0d8791db8,1e0cb25b0cb039072d8277b5d24a43fd4d9a170ba234bfafdbfb4ffd758cc466,False,Capnocytophaga canimorsus infection,186,187,3902,5410,92,0.4946236559139785,3330,0.5456176319835981,0.8,0.0,1.0,92,0.5456176319835981,"[0.0, 0.0, 0.0, 0.0, 0.0, 0.0, 0.0, 0.05, 0.0, 0.0, 0.0, 0.0, 0.0, 0.0, 0.0, 0.0, 0.0, 0.0, 0.0, 0.05, 0.0, 0.0, 0.05, 0.0, 0.0, 0.05, 0.0, 0.0, 0.0, 0.0, 0.0, 0.0, 0.0, 0.0, 0.0, 0.0, 0.0, 0.0, 0.0, 0.0, 0.05, 0.0, 0.0, 0.0, 0.0, 0.05, 0.0, 0.0, 0.0, 0.0, 0.0, 0.0, 0.0, 0.0, 0.0, 0.0, 0.0, 0.0, 0.0, 0.0, 0.0, 0.0, 0.0, 0.0, 0.0, 0.0, 0.0, 0.0, 0.0, 0.05, 0.0, 0.0, 0.3, 0.7, 0.8, 0.7, 0.75, 0.7, 0.9, 0.7, 0.6, 0.6, 0.45, 0.7, 0.9, 0.75, 0.8, 0.9, 0.8, 0.7, 0.75, 0.6, 0.8, 0.9, 0.9, 0.9, 1.0, 1.0, 1.0, 1.0, 1.0, 1.0, 1.0, 1.0, 1.0, 1.0, 1.0, 1.0, 1.0, 1.0, 1.0, 1.0, 1.0, 1.0, 1.0, 1.0, 1.0, 1.0, 1.0, 1.0, 1.0, 1.0, 1.0, 1.0, 1.0, 1.0, 1.0, 1.0, 1.0, 1.0, 1.0, 1.0, 1.0, 1.0, 1.0, 1.0, 1.0, 1.0, 1.0, 1.0, 1.0, 1.0, 1.0, 1.0, 1.0, 1.0, 1.0, 1.0, 1.0, 1.0, 1.0, 1.0, 1.0, 1.0, 1.0, 1.0, 1.0, 1.0, 1.0, 1.0, 1.0, 1.0, 1.0, 1.0, 1.0, 1.0, 1.0, 1.0, 1.0, 1.0, 1.0, 1.0, 1.0, 1.0, 1.0, 1.0, 1.0, 1.0, 1.0, 1.0, 1.0, 1.0, 1.0, 1.0, 1.0, 1.0, 1.0]"
gemma-4-31b-it,61f7d8bcb43d0bd0621b066d85eb2529,79b3c24f0e81a4f3c4eb6c9c1a00ed5479ad6aa28aa09fbbf7ca6365367d19eb,True,Multicentric Castleman Disease,179,180,3977,8251,109,0.6089385474860335,6410,0.6756349006789037,0.9,0.25,1.0,109,0.6756349006789037,"[0.25, 0.55, 0.25, 0.35, 0.5, 0.35, 0.3, 0.5, 0.2, 0.25, 0.45, 0.35, 0.35, 0.25, 0.5, 0.55, 0.5, 0.25, 0.35, 0.15, 0.45, 0.4, 0.3, 0.35, 0.2, 0.35, 0.15, 0.35, 0.55, 0.55, 0.4, 0.25, 0.55, 0.3, 0.4, 0.45, 0.35, 0.3, 0.15, 0.45, 0.5, 0.55, 0.55, 0.4, 0.5, 0.5, 0.4, 0.55, 0.45, 0.45, 0.65, 0.35, 0.45, 0.55, 0.9, 0.65, 0.7, 0.6, 0.75, 0.65, 0.35, 0.8, 0.9, 0.95, 0.75, 0.65, 0.8, 0.8, 0.8, 0.65, 0.7, 0.65, 0.6, 0.7895, 0.7, 0.75, 0.75, 0.75, 0.65, 0.55, 0.85, 0.75, 0.65, 0.75, 0.8, 0.65, 0.6, 0.7, 0.75, 0.75, 0.6, 0.75, 0.6, 0.9, 0.65, 0.75, 0.6, 0.85, 0.7, 0.75, 0.85, 0.7, 0.85, 0.75, 0.8, 0.65, 0.6, 0.75, 0.6, 0.9, 0.9, 0.8, 1.0, 0.85, 0.9, 0.95, 1.0, 1.0, 0.9, 0.95, 0.95, 0.9, 0.9, 0.9, 0.9, 0.9, 0.95, 1.0, 0.95, 1.0, 1.0, 1.0, 0.95, 1.0, 1.0, 1.0, 0.95, 1.0, 0.85, 0.95, 1.0, 1.0, 1.0, 1.0, 0.9, 0.95, 1.0, 0.95, 0.95, 1.0, 1.0, 1.0, 1.0, 0.95, 1.0, 1.0, 1.0, 1.0, 1.0, 1.0, 0.95, 1.0, 1.0, 1.0, 1.0, 1.0, 0.95, 1.0, 1.0, 1.0, 1.0, 1.0, 1.0, 1.0, 1.0, 1.0, 1.0, 1.0, 1.0, 1.0]"
gemma-4-31b-it,4fa61733d0d0662b085c3ecdf3a66cf9,1132fca1f9d9ac39a273b6f3ecde62a319f58172921648738edaf4afda8e3ddf,True,Small for gestational age,232,233,3759,4636,78,0.33620689655172414,1788,0.38201649374833735,0.8,0.15,1.0,78,0.38201649374833735,"[0.15, 0.1, 0.05, 0.05, 0.15, 0.05, 0.05, 0.15, 0.0, 0.1, 0.0, 0.0, 0.05, 0.1, 0.0, 0.1, 0.0, 0.0, 0.0, 0.1, 0.0, 0.0, 0.15, 0.25, 0.5, 0.45, 0.3, 0.05, 0.05, 0.15, 0.1, 0.0, 0.05, 0.1, 0.0, 0.2, 0.1, 0.1, 0.0, 0.25, 0.1, 0.1, 0.3, 0.25, 0.35, 0.35, 0.75, 0.6, 0.65, 0.7, 0.5, 0.7, 0.4, 0.65, 0.7, 0.6, 0.8, 0.85, 0.85, 0.7, 0.75, 0.8, 0.7, 0.55, 0.4, 0.6, 0.6, 0.5, 0.6, 0.6, 0.45, 0.4, 0.6, 0.5, 0.6, 0.7, 0.7, 0.75, 0.8, 1.0, 0.95, 0.95, 1.0, 0.95, 1.0, 1.0, 1.0, 0.9, 0.95, 1.0, 1.0, 1.0, 0.95, 1.0, 1.0, 0.9, 0.95, 0.95, 1.0, 1.0, 1.0, 1.0, 1.0, 1.0, 0.95, 1.0, 1.0, 1.0, 1.0, 1.0, 1.0, 1.0, 1.0, 1.0, 1.0, 1.0, 1.0, 1.0, 1.0, 1.0, 1.0, 1.0, 1.0, 1.0, 1.0, 1.0, 1.0, 1.0, 1.0, 1.0, 1.0, 1.0, 1.0, 1.0, 1.0, 1.0, 1.0, 1.0, 1.0, 1.0, 1.0, 1.0, 1.0, 1.0, 1.0, 1.0, 1.0, 1.0, 1.0, 1.0, 1.0, 1.0, 1.0, 1.0, 1.0, 1.0, 1.0, 1.0, 1.0, 1.0, 1.0, 1.0, 1.0, 1.0, 1.0, 1.0, 1.0, 1.0, 1.0, 1.0, 1.0, 1.0, 1.0, 1.0, 1.0, 1.0, 1.0, 1.0, 1.0, 1.0, 1.0, 1.0, 0.95, 1.0, 1.0, 1.0, 1.0, 1.0, 1.0, 1.0, 1.0, 1.0, 1.0, 1.0, 1.0, 1.0, 1.0, 1.0, 1.0, 1.0, 1.0, 0.95, 1.0, 1.0, 1.0, 1.0, 1.0, 1.0, 1.0, 1.0, 1.0, 1.0, 1.0, 1.0, 1.0, 1.0, 1.0, 1.0, 1.0, 1.0, 1.0, 1.0, 1.0, 1.0, 1.0, 1.0, 1.0, 0.95, 1.0, 1.0, 0.95, 1.0, 1.0]"
gemma-4-31b-it,61f7d8bcb43d0bd0621b066d85eb2529,9491c84b3a3dea9669291da18097f225ed3573414e5ce6f4f535a6427a110301,False,Erdheim-Chester Disease,190,191,3608,7708,52,0.2736842105263158,5013,0.3575388026607539,0.95,0.3,1.0,52,0.3575388026607539,"[0.3, 0.15, 0.15, 0.2, 0.15, 0.15, 0.3, 0.25, 0.35, 0.35, 0.3, 0.2, 0.35, 0.25, 0.35, 0.35, 0.35, 0.35, 0.25, 0.3, 0.3, 0.5, 0.2, 0.5, 0.1, 0.4, 0.65, 0.2, 0.55, 0.15, 0.6, 0.5, 0.45, 0.55, 0.4, 0.65, 0.25, 0.3, 0.2, 0.45, 0.4, 0.6, 0.45, 0.25, 0.4, 0.55, 0.45, 0.65, 0.25, 0.5, 0.4, 0.5, 0.95, 1.0, 0.9, 0.9, 1.0, 1.0, 1.0, 1.0, 1.0, 1.0, 0.95, 1.0, 0.9, 1.0, 0.95, 0.95, 1.0, 0.95, 1.0, 0.95, 1.0, 0.85, 1.0, 1.0, 1.0, 1.0, 0.95, 1.0, 0.85, 1.0, 0.9, 1.0, 1.0, 1.0, 1.0, 1.0, 1.0, 1.0, 1.0, 1.0, 1.0, 1.0, 1.0, 1.0, 1.0, 1.0, 1.0, 0.95, 1.0, 1.0, 1.0, 1.0, 1.0, 1.0, 1.0, 1.0, 1.0, 1.0, 1.0, 1.0, 1.0, 1.0, 1.0, 1.0, 1.0, 1.0, 1.0, 1.0, 1.0, 1.0, 1.0, 1.0, 1.0, 1.0, 1.0, 1.0, 1.0, 1.0, 1.0, 1.0, 1.0, 1.0, 1.0, 1.0, 1.0, 1.0, 1.0, 1.0, 1.0, 1.0, 1.0, 1.0, 1.0, 1.0, 1.0, 1.0, 1.0, 1.0, 1.0, 1.0, 1.0, 1.0, 1.0, 1.0, 1.0, 1.0, 1.0, 1.0, 1.0, 1.0, 1.0, 1.0, 1.0, 1.0, 1.0, 1.0, 1.0, 1.0, 1.0, 1.0, 1.0, 1.0, 1.0, 1.0, 1.0, 1.0, 1.0, 1.0, 1.0, 1.0, 1.0, 1.0, 1.0, 1.0, 1.0, 1.0, 1.0, 1.0, 1.0]"
gemma-4-31b-it,4fa61733d0d0662b085c3ecdf3a66cf9,85f5f57ebfba856273fa61c6bdb8a41b14c08ae3046fb667ec60ef4a1d2fb4d9,False,Intrauterine growth restriction,223,224,3693,4537,71,0.3183856502242152,1657,0.35337124289195776,0.85,0.05,1.0,79,0.3977795829948551,"[0.05, 0.45, 0.1, 0.3, 0.35, 0.3, 0.15, 0.45, 0.3, 0.15, 0.2, 0.35, 0.25, 0.2, 0.25, 0.05, 0.3, 0.4, 0.15, 0.2, 0.55, 0.2, 0.4, 0.4, 0.3, 0.05, 0.2, 0.45, 0.1, 0.4, 0.65, 0.5, 0.2, 0.2, 0.25, 0.3, 0.4, 0.2, 0.4, 0.25, 0.35, 0.4, 0.35, 0.9, 0.75, 0.85, 0.3, 0.5, 0.55, 0.45, 0.25, 0.5, 0.45, 0.55, 0.45, 0.55, 0.55, 0.55, 0.45, 0.6, 0.65, 0.8, 0.6, 0.9, 0.7, 0.7, 0.85, 0.65, 0.85, 0.7, 0.6, 0.85, 1.0, 0.95, 0.8, 0.7, 0.9, 0.7, 0.75, 0.8, 0.95, 0.9, 0.8, 0.9, 0.9, 0.9, 0.9, 0.95, 0.95, 0.9, 0.8, 0.95, 1.0, 1.0, 1.0, 1.0, 1.0, 0.95, 1.0, 1.0, 1.0, 1.0, 1.0, 1.0, 1.0, 1.0, 1.0, 1.0, 1.0, 1.0, 1.0, 1.0, 1.0, 1.0, 1.0, 0.95, 1.0, 1.0, 1.0, 1.0, 1.0, 1.0, 1.0, 1.0, 0.95, 1.0, 1.0, 1.0, 1.0, 0.9, 1.0, 1.0, 1.0, 1.0, 1.0, 1.0, 0.95, 1.0, 1.0, 1.0, 1.0, 1.0, 1.0, 1.0, 1.0, 1.0, 1.0, 1.0, 1.0, 1.0, 1.0, 1.0, 1.0, 1.0, 1.0, 1.0, 1.0, 0.95, 1.0, 1.0, 1.0, 1.0, 1.0, 1.0, 1.0, 1.0, 1.0, 0.95, 1.0, 1.0, 1.0, 1.0, 0.95, 1.0, 0.95, 1.0, 1.0, 1.0, 1.0, 1.0, 1.0, 1.0, 1.0, 1.0, 1.0, 1.0, 1.0, 0.95, 1.0, 1.0, 1.0, 1.0, 0.95, 0.95, 1.0, 1.0, 1.0, 1.0, 1.0, 1.0, 1.0, 1.0, 1.0, 1.0, 1.0, 1.0, 1.0, 1.0, 1.0, 1.0, 1.0, 1.0, 1.0, 1.0, 1.0, 1.0, 1.0, 1.0, 1.0, 1.0, 1.0, 1.0, 1.0, 1.0]"
gemma-4-31b-it,b2b6765627a78f61fac9ba35346d7b1d,819cc1e2baec096224b7e0e0873fa1ded9e529350866a80bad139fac0cd558e7,True,Subphrenic Abscess,112,113,2137,2955,30,0.26785714285714285,891,0.27655591951333647,0.9,0.9,1.0,30,0.27655591951333647,"[0.9, 0.95, 0.95, 1.0, 1.0, 1.0, 0.85, 1.0, 0.95, 1.0, 0.95, 1.0, 1.0, 0.95, 1.0, 1.0, 0.9, 0.9, 0.8, 0.95, 0.65, 0.6, 0.6, 0.45, 0.35, 0.35, 0.3, 0.3, 0.55, 0.65, 0.9, 0.95, 1.0, 1.0, 1.0, 1.0, 1.0, 1.0, 1.0, 1.0, 1.0, 1.0, 1.0, 1.0, 1.0, 1.0, 1.0, 1.0, 1.0, 1.0, 1.0, 1.0, 0.95, 1.0, 1.0, 1.0, 1.0, 1.0, 1.0, 1.0, 1.0, 1.0, 1.0, 1.0, 1.0, 1.0, 1.0, 1.0, 1.0, 1.0, 1.0, 1.0, 1.0, 1.0, 1.0, 1.0, 1.0, 1.0, 1.0, 1.0, 1.0, 1.0, 1.0, 1.0, 1.0, 1.0, 1.0, 1.0, 1.0, 1.0, 1.0, 1.0, 1.0, 1.0, 1.0, 1.0, 1.0, 1.0, 1.0, 1.0, 1.0, 1.0, 1.0, 1.0, 1.0, 1.0, 1.0, 1.0, 1.0, 1.0, 1.0, 1.0, 1.0]"
gemma-4-31b-it,b2b6765627a78f61fac9ba35346d7b1d,c7c3e2d87a28c42384210091f1dacb2a229245206f1a0d3388db2293e25fe85b,False,Pancreaticopleural fistula,129,130,2205,3013,28,0.21705426356589147,797,0.2253968253968254,0.9,0.0,1.0,28,0.2253968253968254,"[0.0, 0.05, 0.0, 0.05, 0.0, 0.0, 0.1, 0.0, 0.0, 0.0, 0.0, 0.05, 0.05, 0.1, 0.05, 0.0, 0.0, 0.1, 0.2, 0.45, 0.3, 0.5, 0.55, 0.7, 0.65, 0.75, 0.7, 0.65, 0.9, 0.95, 0.95, 1.0, 0.95, 0.95, 0.85, 0.95, 1.0, 1.0, 1.0, 1.0, 1.0, 1.0, 1.0, 1.0, 1.0, 1.0, 1.0, 1.0, 1.0, 1.0, 1.0, 1.0, 1.0, 1.0, 1.0, 1.0, 1.0, 1.0, 1.0, 1.0, 1.0, 1.0, 1.0, 1.0, 1.0, 1.0, 1.0, 1.0, 1.0, 1.0, 1.0, 1.0, 1.0, 1.0, 1.0, 1.0, 1.0, 1.0, 1.0, 1.0, 1.0, 1.0, 1.0, 1.0, 1.0, 1.0, 1.0, 1.0, 1.0, 1.0, 1.0, 1.0, 1.0, 1.0, 1.0, 1.0, 1.0, 1.0, 1.0, 1.0, 1.0, 1.0, 1.0, 1.0, 1.0, 1.0, 1.0, 1.0, 1.0, 1.0, 1.0, 1.0, 1.0, 1.0, 1.0, 1.0, 1.0, 1.0, 1.0, 1.0, 1.0, 1.0, 1.0, 1.0, 1.0, 1.0, 1.0, 1.0, 1.0, 1.0]"
gemma-4-31b-it,14a87d69ccc079d85a0f5d57dc4a7bdb,ff854d1421448787c68c3693c889ec5ac5d1bebce94442d70fa2ae416e54cdff,True,Oligozoospermia,335,336,5464,6089,252,0.7522388059701492,4419,0.7728770131771596,0.85,0.2,1.0,305,0.9244143484626647,"[0.2, 0.35, 0.2, 0.35, 0.3, 0.1, 0.35, 0.2, 0.15, 0.3, 0.15, 0.15, 0.05, 0.1, 0.05, 0.0, 0.0, 0.15, 0.2, 0.05, 0.05, 0.0, 0.05, 0.05, 0.1, 0.05, 0.05, 0.05, 0.1, 0.1, 0.15, 0.1, 0.1, 0.05, 0.2, 0.0, 0.0, 0.05, 0.05, 0.05, 0.05, 0.0, 0.0, 0.0, 0.05, 0.05, 0.0, 0.05, 0.05, 0.05, 0.1, 0.05, 0.15, 0.05, 0.0, 0.0, 0.0, 0.0, 0.0, 0.0, 0.0, 0.0, 0.0, 0.05, 0.0, 0.05, 0.05, 0.05, 0.0, 0.0, 0.0, 0.0, 0.0, 0.05, 0.1, 0.05, 0.0, 0.05, 0.1, 0.1, 0.0, 0.0, 0.05, 0.0, 0.0, 0.0, 0.0, 0.0, 0.0, 0.0, 0.0, 0.0, 0.0, 0.0, 0.0, 0.05, 0.0, 0.0, 0.0, 0.0, 0.0, 0.05, 0.05, 0.0, 0.0, 0.0, 0.0, 0.0, 0.0, 0.05, 0.0, 0.0, 0.0, 0.0, 0.0, 0.0, 0.0, 0.0, 0.0, 0.05, 0.05, 0.0, 0.0, 0.05, 0.05, 0.0, 0.1, 0.05, 0.05, 0.1, 0.15, 0.05, 0.0, 0.1, 0.0, 0.05, 0.0, 0.0, 0.05, 0.0, 0.0, 0.0, 0.0, 0.0, 0.0, 0.0, 0.0, 0.0, 0.0, 0.0, 0.0, 0.1, 0.0, 0.05, 0.05, 0.0, 0.0, 0.0, 0.1, 0.0, 0.0, 0.0, 0.05, 0.0, 0.05, 0.0, 0.0, 0.0, 0.1, 0.0, 0.0, 0.05, 0.05, 0.0, 0.0, 0.0, 0.05, 0.0, 0.0, 0.0, 0.0, 0.0, 0.0, 0.0, 0.0, 0.1, 0.05, 0.0, 0.0, 0.0, 0.05, 0.05, 0.0, 0.0, 0.0, 0.05, 0.05, 0.0, 0.0, 0.0, 0.05, 0.0, 0.0, 0.1, 0.0, 0.0, 0.05, 0.05, 0.0, 0.0, 0.0, 0.05, 0.05, 0.0, 0.1, 0.05, 0.0, 0.0, 0.1, 0.05, 0.0, 0.15, 0.1, 0.1, 0.0, 0.0, 0.0, 0.0, 0.05, 0.05, 0.1, 0.1, 0.0, 0.05, 0.0, 0.05, 0.0, 0.0, 0.0, 0.05, 0.15, 0.1, 0.0, 0.05, 0.1, 0.05, 0.1, 0.5, 0.3, 0.7, 0.75, 0.95, 0.85, 0.75, 0.9, 0.95, 0.9, 0.85, 0.85, 0.95, 0.9, 0.95, 0.8, 0.8, 0.75, 0.9, 0.8, 0.95, 0.9, 0.85, 0.95, 0.95, 0.9, 0.95, 0.95, 0.9, 0.85, 0.95, 0.95, 0.9, 0.9, 1.0, 0.95, 1.0, 0.9, 0.9, 0.85, 0.75, 0.8, 0.8, 0.9, 0.95, 0.95, 0.75, 1.0, 0.9, 0.95, 0.9, 0.9, 1.0, 1.0, 1.0, 0.9, 0.75, 0.7, 1.0, 1.0, 1.0, 1.0, 1.0, 1.0, 1.0, 1.0, 1.0, 1.0, 1.0, 0.95, 1.0, 1.0, 1.0, 1.0, 1.0, 0.95, 1.0, 1.0, 0.95, 1.0, 1.0, 0.95, 0.95, 1.0, 1.0, 0.95, 0.95, 1.0, 1.0]"
gemma-4-31b-it,711f389c59ebfcb9eb04d37c86efae77,49fca9de0611ac14a06226930cf7db237a6ae9043e77640bce6bef54c8f40ebc,True,Primary Dysmenorrhea,243,244,3955,4844,58,0.23868312757201646,1355,0.27509481668773705,0.8,0.75,1.0,81,0.36333754740834384,"[0.75, 0.65, 0.65, 0.65, 0.7, 0.7, 0.7, 0.6, 0.55, 0.85, 0.5, 0.85, 0.75, 0.85, 0.9, 0.85, 0.95, 0.9, 0.75, 0.8, 0.6, 0.65, 0.8, 0.95, 0.6, 0.45, 0.65, 0.45, 0.6, 0.45, 0.5, 0.9, 0.8, 0.5, 0.55, 0.55, 0.45, 0.6, 0.35, 0.45, 0.5, 0.5, 0.6, 0.45, 0.55, 0.6, 0.5, 0.5, 0.65, 0.45, 0.35, 0.75, 0.55, 0.65, 0.85, 0.75, 0.6, 0.75, 0.8, 0.7, 0.9, 0.85, 0.75, 0.65, 0.85, 0.9, 0.9, 0.8, 0.9, 1.0, 1.0, 0.95, 0.9, 0.75, 0.95, 0.85, 0.95, 0.85, 0.85, 0.9, 0.75, 0.95, 0.95, 0.95, 0.95, 0.95, 0.95, 0.95, 0.95, 0.95, 0.85, 0.95, 0.95, 1.0, 0.95, 0.9, 0.85, 0.9, 1.0, 1.0, 0.9, 1.0, 0.9, 1.0, 1.0, 1.0, 1.0, 1.0, 1.0, 1.0, 1.0, 0.9, 1.0, 1.0, 0.95, 1.0, 1.0, 1.0, 1.0, 1.0, 1.0, 1.0, 1.0, 1.0, 1.0, 1.0, 1.0, 1.0, 1.0, 1.0, 1.0, 1.0, 1.0, 1.0, 1.0, 1.0, 1.0, 0.95, 0.95, 1.0, 1.0, 1.0, 1.0, 1.0, 1.0, 0.9, 1.0, 1.0, 1.0, 1.0, 1.0, 1.0, 1.0, 1.0, 1.0, 1.0, 1.0, 1.0, 1.0, 0.95, 1.0, 1.0, 1.0, 1.0, 0.95, 1.0, 1.0, 1.0, 1.0, 1.0, 0.95, 1.0, 1.0, 1.0, 1.0, 1.0, 1.0, 1.0, 1.0, 0.95, 1.0, 1.0, 1.0, 1.0, 1.0, 1.0, 1.0, 1.0, 1.0, 1.0, 1.0, 1.0, 1.0, 1.0, 1.0, 1.0, 1.0, 1.0, 1.0, 1.0, 1.0, 1.0, 0.95, 1.0, 1.0, 1.0, 1.0, 1.0, 1.0, 1.0, 1.0, 1.0, 0.95, 1.0, 1.0, 1.0, 1.0, 1.0, 0.95, 1.0, 1.0, 1.0, 1.0, 1.0, 1.0, 1.0, 1.0, 1.0, 1.0, 1.0, 1.0, 1.0, 1.0, 1.0, 1.0, 1.0, 1.0, 1.0, 1.0, 1.0, 1.0, 1.0, 1.0, 1.0]"
gemma-4-31b-it,711f389c59ebfcb9eb04d37c86efae77,8e290a007508f3debeb0730bf4f1958ab41a8d42633ecca9792a852d8ccab709,False,Mittelschmerz,221,222,3529,4289,15,0.06787330316742081,583,0.08954378010767923,0.9,0.2,1.0,15,0.08954378010767923,"[0.2, 0.35, 0.0, 0.15, 0.1, 0.05, 0.0, 0.05, 0.3, 0.15, 0.05, 0.2, 0.25, 0.25, 0.55, 0.9, 0.95, 0.9, 0.9, 0.95, 1.0, 0.9, 1.0, 1.0, 1.0, 1.0, 0.95, 0.95, 1.0, 1.0, 0.9, 1.0, 1.0, 0.95, 1.0, 1.0, 1.0, 1.0, 0.95, 0.95, 1.0, 1.0, 1.0, 1.0, 1.0, 1.0, 1.0, 1.0, 1.0, 1.0, 1.0, 1.0, 1.0, 0.95, 1.0, 1.0, 1.0, 1.0, 1.0, 1.0, 1.0, 1.0, 1.0, 1.0, 1.0, 1.0, 1.0, 1.0, 1.0, 1.0, 1.0, 1.0, 1.0, 1.0, 1.0, 1.0, 1.0, 1.0, 1.0, 1.0, 1.0, 1.0, 1.0, 1.0, 1.0, 1.0, 1.0, 1.0, 1.0, 1.0, 1.0, 1.0, 1.0, 1.0, 1.0, 1.0, 1.0, 1.0, 1.0, 1.0, 1.0, 1.0, 1.0, 1.0, 1.0, 1.0, 1.0, 1.0, 1.0, 1.0, 1.0, 1.0, 1.0, 1.0, 1.0, 1.0, 1.0, 1.0, 1.0, 1.0, 1.0, 1.0, 1.0, 0.95, 1.0, 1.0, 1.0, 1.0, 0.95, 1.0, 1.0, 1.0, 1.0, 1.0, 1.0, 1.0, 1.0, 1.0, 1.0, 1.0, 1.0, 0.95, 1.0, 1.0, 1.0, 1.0, 1.0, 1.0, 1.0, 1.0, 1.0, 1.0, 1.0, 1.0, 1.0, 1.0, 1.0, 1.0, 1.0, 1.0, 1.0, 1.0, 1.0, 1.0, 0.95, 1.0, 1.0, 1.0, 1.0, 1.0, 1.0, 1.0, 1.0, 1.0, 1.0, 1.0, 1.0, 1.0, 1.0, 1.0, 1.0, 1.0, 1.0, 1.0, 1.0, 1.0, 1.0, 1.0, 1.0, 1.0, 1.0, 1.0, 1.0, 1.0, 1.0, 1.0, 1.0, 1.0, 1.0, 1.0, 1.0, 1.0, 1.0, 1.0, 1.0, 1.0, 1.0, 1.0, 1.0, 1.0, 1.0, 1.0, 1.0, 1.0, 1.0, 1.0, 1.0, 1.0, 1.0, 1.0, 1.0, 1.0]"
gemma-4-31b-it,633420a679153f203fc61a88a953629e,903cb98ca09d00efa6978c4882b624e269a72055ebb9ef19c3b581b92cd1f1e0,True,Irritable Bowel Syndrome,192,193,3238,4015,0,0.0,376,0.0009264978381717109,1.0,1.0,1.0,0,0.0009264978381717109,"[1.0, 1.0, 1.0, 1.0, 1.0, 0.95, 1.0, 1.0, 1.0, 1.0, 1.0, 1.0, 1.0, 1.0, 1.0, 1.0, 1.0, 1.0, 1.0, 1.0, 1.0, 1.0, 1.0, 1.0, 1.0, 1.0, 1.0, 1.0, 1.0, 1.0, 1.0, 1.0, 1.0, 1.0, 1.0, 1.0, 1.0, 1.0, 1.0, 1.0, 1.0, 1.0, 1.0, 1.0, 1.0, 1.0, 1.0, 1.0, 1.0, 1.0, 1.0, 1.0, 1.0, 1.0, 1.0, 1.0, 1.0, 1.0, 1.0, 1.0, 1.0, 1.0, 1.0, 1.0, 1.0, 1.0, 1.0, 1.0, 1.0, 1.0, 1.0, 1.0, 1.0, 1.0, 1.0, 1.0, 1.0, 1.0, 1.0, 1.0, 1.0, 1.0, 1.0, 1.0, 1.0, 1.0, 1.0, 1.0, 1.0, 1.0, 1.0, 1.0, 1.0, 1.0, 1.0, 1.0, 1.0, 1.0, 1.0, 1.0, 1.0, 1.0, 1.0, 1.0, 1.0, 1.0, 1.0, 1.0, 1.0, 1.0, 1.0, 1.0, 1.0, 1.0, 1.0, 1.0, 1.0, 1.0, 1.0, 1.0, 1.0, 1.0, 1.0, 1.0, 1.0, 1.0, 1.0, 1.0, 1.0, 1.0, 1.0, 1.0, 1.0, 1.0, 1.0, 1.0, 1.0, 1.0, 1.0, 1.0, 1.0, 1.0, 1.0, 1.0, 1.0, 1.0, 1.0, 1.0, 1.0, 1.0, 1.0, 1.0, 1.0, 1.0, 1.0, 1.0, 1.0, 1.0, 1.0, 1.0, 1.0, 1.0, 1.0, 1.0, 1.0, 1.0, 1.0, 1.0, 1.0, 1.0, 1.0, 1.0, 1.0, 1.0, 1.0, 1.0, 1.0, 1.0, 1.0, 1.0, 1.0, 1.0, 1.0, 1.0, 1.0, 1.0, 1.0, 1.0, 1.0, 1.0, 1.0, 1.0, 1.0]"
gemma-4-31b-it,633420a679153f203fc61a88a953629e,465253e4053156f064c1e6b6b42d4c4fcd102fe4e41e131521681533e5528ac1,False,Giardiasis,280,281,4659,5592,161,0.575,3286,0.6252414681262073,0.8,0.0,1.0,161,0.6252414681262073,"[0.0, 0.0, 0.0, 0.0, 0.0, 0.0, 0.0, 0.0, 0.0, 0.0, 0.0, 0.0, 0.0, 0.05, 0.0, 0.0, 0.0, 0.0, 0.0, 0.0, 0.0, 0.05, 0.0, 0.0, 0.0, 0.0, 0.0, 0.0, 0.0, 0.0, 0.05, 0.0, 0.05, 0.0, 0.0, 0.05, 0.05, 0.05, 0.25, 0.2, 0.2, 0.0, 0.15, 0.4, 0.05, 0.05, 0.05, 0.05, 0.05, 0.0, 0.2, 0.15, 0.1, 0.2, 0.05, 0.05, 0.2, 0.15, 0.15, 0.15, 0.2, 0.15, 0.1, 0.3, 0.0, 0.2, 0.15, 0.1, 0.2, 0.05, 0.1, 0.3, 0.1, 0.1, 0.05, 0.1, 0.05, 0.05, 0.0, 0.05, 0.05, 0.0, 0.0, 0.1, 0.25, 0.2, 0.05, 0.05, 0.1, 0.1, 0.1, 0.05, 0.3, 0.15, 0.25, 0.3, 0.25, 0.35, 0.2, 0.25, 0.1, 0.25, 0.25, 0.4, 0.25, 0.3, 0.3, 0.25, 0.15, 0.35, 0.3, 0.5, 0.1, 0.2, 0.25, 0.15, 0.15, 0.25, 0.2, 0.35, 0.35, 0.3, 0.2, 0.35, 0.5, 0.15, 0.15, 0.0, 0.0, 0.0, 0.1, 0.15, 0.05, 0.05, 0.05, 0.05, 0.0, 0.0, 0.0, 0.05, 0.05, 0.0, 0.05, 0.05, 0.2, 0.25, 0.4, 0.7, 0.4, 0.7, 0.7, 0.75, 0.7, 0.65, 0.85, 0.75, 0.8, 0.95, 0.6, 0.45, 0.75, 0.8, 0.85, 0.95, 0.9, 1.0, 0.9, 0.8, 0.9, 0.85, 0.9, 0.95, 1.0, 1.0, 0.9, 0.95, 0.85, 0.9, 0.9, 1.0, 0.8, 0.8, 0.95, 0.9, 0.9, 0.95, 0.95, 0.95, 0.9, 1.0, 0.95, 0.85, 1.0, 1.0, 0.95, 0.9, 0.9, 0.9, 1.0, 1.0, 0.95, 0.95, 1.0, 0.95, 0.9, 0.85, 0.85, 0.95, 0.95, 0.95, 0.95, 1.0, 0.95, 1.0, 0.9, 1.0, 1.0, 0.95, 1.0, 0.9, 0.9, 0.95, 1.0, 1.0, 0.9, 1.0, 0.95, 1.0, 1.0, 1.0, 1.0, 0.95, 1.0, 1.0, 1.0, 1.0, 1.0, 0.95, 0.95, 1.0, 0.95, 1.0, 1.0, 0.95, 1.0, 1.0, 0.95, 0.95, 1.0, 1.0, 0.95, 0.95, 1.0, 0.9, 1.0, 0.95, 1.0, 1.0, 0.95, 0.95, 1.0, 0.9, 1.0, 1.0, 0.95, 1.0, 1.0, 0.95, 1.0, 0.95, 1.0, 1.0, 0.95, 1.0, 0.95, 0.95, 1.0, 1.0, 1.0, 1.0, 1.0]"
gemma-4-31b-it,b456600e51f08dfb7754936792b3800e,63a4a0c41ae2cd5611f5df2030f331c52c7a3f31224c2b0ee676b91c1b5e5cb7,True,Immune Thrombocytopenic Purpura,336,337,4878,5457,200,0.5952380952380952,3375,0.6543665436654367,0.9,0.8,1.0,200,0.6543665436654367,"[0.8, 0.9, 0.75, 0.55, 0.6, 0.5, 0.55, 0.65, 0.55, 0.7, 0.6, 0.8, 0.75, 0.7, 0.7, 0.9, 0.7, 0.6, 0.85, 0.65, 0.8, 0.7, 0.6, 0.8, 0.75, 0.9, 0.55, 0.5, 0.55, 0.9, 0.7, 0.9, 0.8, 0.7, 0.65, 0.9, 0.55, 0.2, 0.25, 0.55, 0.4, 0.5, 0.4, 0.5, 0.5, 0.7, 0.6, 0.6, 0.65, 0.5, 0.4, 0.55, 0.35, 0.55, 0.4, 0.45, 0.75, 0.55, 0.45, 0.7, 0.4, 0.5, 0.55, 0.45, 0.15, 0.5, 0.35, 0.35, 0.4, 0.25, 0.7, 0.5, 0.55, 0.5, 0.45, 0.35, 0.55, 0.5, 0.45, 0.8, 0.65, 0.5, 0.6, 0.3, 0.35, 0.5, 0.4, 0.25, 0.2, 0.35, 0.4, 0.35, 0.35, 0.5, 0.55, 0.6, 0.65, 0.4, 0.15, 0.4, 0.7, 0.65, 0.5, 0.4, 0.65, 0.8, 0.95, 0.8, 0.7, 0.9, 0.85, 0.9, 0.8, 0.9, 0.8, 0.95, 0.9, 0.95, 0.95, 0.9, 1.0, 0.85, 0.8, 0.9, 0.9, 0.65, 0.65, 0.7, 0.75, 0.8, 0.8, 0.9, 0.7, 0.65, 0.55, 0.7, 0.8, 0.75, 0.65, 0.5, 0.75, 0.6, 0.7, 0.7, 0.55, 0.7, 0.7, 0.8, 0.85, 0.85, 0.8, 0.6, 0.8, 0.75, 0.75, 0.65, 0.7, 0.8, 0.7, 0.95, 0.45, 0.55, 0.55, 0.65, 0.6, 0.4, 0.65, 0.2, 0.4, 0.3, 0.15, 0.3, 0.2, 0.3, 0.45, 0.4, 0.25, 0.2, 0.45, 0.35, 0.25, 0.25, 0.25, 0.45, 0.25, 0.1, 0.3, 0.35, 0.6, 0.65, 0.8, 0.75, 0.65, 0.65, 0.65, 0.6, 0.45, 0.65, 0.65, 0.6, 0.9, 0.9, 1.0, 1.0, 1.0, 0.95, 1.0, 0.95, 1.0, 1.0, 1.0, 1.0, 1.0, 1.0, 1.0, 1.0, 1.0, 1.0, 1.0, 1.0, 1.0, 1.0, 1.0, 1.0, 1.0, 1.0, 1.0, 1.0, 1.0, 1.0, 1.0, 1.0, 1.0, 1.0, 1.0, 1.0, 1.0, 1.0, 1.0, 1.0, 1.0, 1.0, 1.0, 1.0, 1.0, 1.0, 1.0, 1.0, 1.0, 1.0, 1.0, 1.0, 1.0, 1.0, 1.0, 1.0, 1.0, 1.0, 1.0, 1.0, 1.0, 1.0, 1.0, 1.0, 1.0, 1.0, 1.0, 1.0, 1.0, 1.0, 1.0, 1.0, 1.0, 1.0, 1.0, 1.0, 1.0, 1.0, 1.0, 1.0, 1.0, 1.0, 1.0, 1.0, 1.0, 1.0, 1.0, 1.0, 1.0, 1.0, 1.0, 1.0, 1.0, 1.0, 1.0, 1.0, 1.0, 1.0, 1.0, 1.0, 1.0, 1.0, 1.0, 1.0, 1.0, 1.0, 1.0, 1.0, 1.0, 1.0, 1.0, 1.0, 1.0, 1.0, 1.0, 1.0, 1.0, 1.0, 1.0, 1.0, 1.0, 1.0, 1.0, 1.0, 1.0, 1.0, 1.0, 1.0, 1.0, 1.0, 1.0, 1.0, 1.0, 1.0, 1.0, 1.0, 1.0]"
gemma-4-31b-it,b456600e51f08dfb7754936792b3800e,971b26081129c9e398f92174476b7c3129d25c97c74a21fe1d5fd1ab478d92d7,False,Bernard-Soulier Syndrome,57,58,978,1593,49,0.8596491228070176,1003,0.8384458077709611,0.65,0.25,0.8,56,0.9928425357873211,"[0.25, 0.35, 0.45, 0.25, 0.4, 0.3, 0.2, 0.4, 0.35, 0.3, 0.15, 0.05, 0.3, 0.3, 0.3, 0.5, 0.55, 0.4, 0.4, 0.55, 0.55, 0.3, 0.5, 0.7, 0.55, 0.6, 0.6, 0.35, 0.45, 0.55, 0.6, 0.55, 0.5, 0.7, 0.65, 0.55, 0.55, 0.3, 0.55, 0.5, 0.15, 0.3, 0.55, 0.5, 0.8, 0.55, 0.75, 0.75, 0.75, 0.65, 0.85, 0.75, 0.8, 0.6, 0.45, 0.55, 0.75, 0.8]"
gemma-4-31b-it,24686977bb5ff6eaee7dac452c92c4be,fbcdbc7426d543ddd6fdd65ba526bdc84ad318fc3b97e4eeb38b689efe16c28e,True,IgG4-related disease,168,169,3148,5510,62,0.36904761904761907,3128,0.4209021601016518,0.8,0.2,1.0,67,0.44695044472681067,"[0.2, 0.6, 0.45, 0.45, 0.4, 0.5, 0.45, 0.45, 0.65, 0.5, 0.75, 0.45, 0.5, 0.75, 0.6, 0.55, 0.5, 0.55, 0.7, 0.5, 0.8, 0.7, 0.7, 0.65, 0.85, 0.9, 0.8, 0.85, 0.7, 0.85, 1.0, 0.85, 0.9, 0.9, 0.85, 0.8, 0.85, 0.9, 0.95, 0.9, 0.9, 0.85, 0.85, 0.7, 0.8, 0.9, 0.65, 0.65, 0.8, 0.7, 0.65, 0.95, 0.65, 0.65, 0.9, 0.7, 0.75, 0.8, 0.8, 0.55, 0.9, 0.75, 0.8, 0.85, 0.75, 0.9, 0.65, 0.9, 0.9, 0.95, 0.85, 0.9, 0.85, 1.0, 0.85, 0.9, 0.8, 1.0, 0.9, 0.95, 0.95, 0.85, 1.0, 0.9, 0.95, 0.95, 0.9, 1.0, 0.95, 1.0, 1.0, 1.0, 1.0, 1.0, 1.0, 1.0, 0.95, 1.0, 1.0, 1.0, 1.0, 1.0, 1.0, 1.0, 1.0, 1.0, 1.0, 1.0, 1.0, 1.0, 1.0, 1.0, 1.0, 1.0, 1.0, 1.0, 1.0, 1.0, 1.0, 1.0, 1.0, 1.0, 1.0, 1.0, 1.0, 1.0, 1.0, 1.0, 1.0, 1.0, 1.0, 1.0, 1.0, 1.0, 1.0, 1.0, 1.0, 1.0, 1.0, 1.0, 1.0, 1.0, 1.0, 1.0, 1.0, 1.0, 1.0, 1.0, 1.0, 1.0, 1.0, 1.0, 1.0, 1.0, 1.0, 1.0, 1.0, 1.0, 1.0, 1.0, 1.0, 1.0, 1.0, 1.0, 1.0, 1.0, 1.0, 1.0, 1.0]"
gemma-4-31b-it,24686977bb5ff6eaee7dac452c92c4be,f5fc7be053c0cc7cee9b4793505eeca535cb5154b2cd899cc6af848f20b16c73,False,Langerhans Cell Histiocytosis,216,217,4002,6352,122,0.5648148148148148,4207,0.6006996501749126,0.95,0.15,1.0,122,0.6006996501749126,"[0.15, 0.2, 0.1, 0.15, 0.15, 0.1, 0.05, 0.25, 0.1, 0.1, 0.2, 0.15, 0.05, 0.2, 0.25, 0.2, 0.1, 0.1, 0.1, 0.1, 0.2, 0.1, 0.2, 0.0, 0.25, 0.2, 0.25, 0.2, 0.3, 0.15, 0.35, 0.15, 0.25, 0.25, 0.15, 0.2, 0.2, 0.25, 0.15, 0.05, 0.15, 0.2, 0.15, 0.05, 0.1, 0.3, 0.1, 0.15, 0.25, 0.1, 0.05, 0.0, 0.0, 0.0, 0.0, 0.1, 0.0, 0.0, 0.05, 0.05, 0.15, 0.05, 0.0, 0.05, 0.1, 0.0, 0.45, 0.6, 0.65, 0.35, 0.7, 0.8, 0.65, 0.75, 0.35, 0.5, 0.4, 0.65, 0.55, 0.65, 0.55, 0.75, 0.7, 0.5, 0.7, 0.85, 0.8, 0.9, 0.7, 0.75, 0.85, 0.75, 0.5, 0.6, 0.65, 0.5, 0.55, 0.75, 0.7, 0.45, 0.65, 0.55, 0.75, 0.5, 0.45, 0.55, 0.6, 0.9, 0.7, 0.6, 0.8, 0.85, 0.9, 0.75, 0.9, 0.9, 0.9, 0.85, 0.85, 0.6, 0.75, 0.65, 0.95, 1.0, 1.0, 1.0, 0.95, 1.0, 1.0, 1.0, 1.0, 1.0, 1.0, 1.0, 1.0, 1.0, 1.0, 1.0, 1.0, 1.0, 0.95, 0.95, 0.95, 0.9, 0.9, 1.0, 0.9, 0.9, 0.85, 0.95, 0.95, 0.95, 1.0, 0.9, 0.95, 1.0, 1.0, 0.9, 0.85, 0.9, 0.9, 0.9, 0.8, 0.85, 0.9, 0.95, 0.85, 1.0, 0.95, 1.0, 0.95, 1.0, 1.0, 1.0, 0.95, 1.0, 1.0, 1.0, 1.0, 1.0, 1.0, 1.0, 1.0, 1.0, 1.0, 1.0, 1.0, 1.0, 1.0, 1.0, 1.0, 1.0, 1.0, 1.0, 1.0, 1.0, 1.0, 1.0, 1.0, 1.0, 1.0, 1.0, 1.0, 1.0, 1.0, 1.0, 1.0, 1.0, 1.0, 1.0, 1.0, 1.0, 1.0, 1.0, 1.0, 1.0, 1.0]"
gemma-4-31b-it,715eb949cafa36ccc69ff816a68a68bd,73e6c4263c81441b0a9b0a01b4e8a314b58db325909ac1ebd28307296a3de82d,True,Invasive Meningococcal Disease,187,188,3740,6757,23,0.12299465240641712,3367,0.19491978609625668,0.85,0.45,1.0,25,0.21684491978609627,"[0.45, 0.4, 0.65, 0.6, 0.55, 0.5, 0.7, 0.55, 0.4, 0.6, 0.6, 0.55, 0.65, 0.45, 0.6, 0.6, 0.65, 0.6, 0.65, 0.65, 0.75, 0.75, 0.7, 0.85, 0.65, 1.0, 0.95, 0.9, 1.0, 1.0, 1.0, 0.85, 1.0, 1.0, 0.95, 1.0, 1.0, 0.95, 0.95, 1.0, 0.95, 0.9, 0.95, 1.0, 1.0, 1.0, 1.0, 0.95, 1.0, 0.95, 1.0, 1.0, 0.9, 0.9, 1.0, 1.0, 1.0, 1.0, 1.0, 1.0, 1.0, 1.0, 1.0, 1.0, 1.0, 1.0, 1.0, 1.0, 1.0, 0.95, 1.0, 1.0, 1.0, 1.0, 1.0, 1.0, 1.0, 1.0, 1.0, 1.0, 1.0, 1.0, 1.0, 0.95, 1.0, 1.0, 1.0, 1.0, 1.0, 1.0, 1.0, 1.0, 1.0, 1.0, 1.0, 1.0, 1.0, 1.0, 1.0, 1.0, 1.0, 1.0, 1.0, 1.0, 1.0, 1.0, 1.0, 1.0, 1.0, 1.0, 1.0, 1.0, 1.0, 1.0, 1.0, 1.0, 1.0, 1.0, 1.0, 1.0, 1.0, 1.0, 1.0, 1.0, 1.0, 1.0, 1.0, 1.0, 1.0, 1.0, 1.0, 1.0, 1.0, 1.0, 1.0, 1.0, 1.0, 1.0, 1.0, 1.0, 1.0, 1.0, 1.0, 1.0, 1.0, 1.0, 1.0, 1.0, 1.0, 1.0, 1.0, 1.0, 1.0, 1.0, 1.0, 1.0, 1.0, 1.0, 1.0, 1.0, 1.0, 1.0, 1.0, 1.0, 1.0, 1.0, 1.0, 1.0, 1.0, 1.0, 1.0, 1.0, 1.0, 1.0, 1.0, 1.0, 1.0, 1.0, 1.0, 1.0, 1.0, 1.0, 1.0, 1.0, 1.0, 1.0, 1.0, 1.0]"
gemma-4-31b-it,715eb949cafa36ccc69ff816a68a68bd,56dc5b0b97186ad62f9841318a704d5af1601b40445a25f308d172f60acb50e1,False,Vibrio vulnificus Infection,272,273,4920,8037,124,0.45588235294117646,4927,0.4652439024390244,0.8,0.1,1.0,151,0.5630081300813008,"[0.1, 0.0, 0.1, 0.0, 0.0, 0.1, 0.1, 0.0, 0.05, 0.0, 0.0, 0.1, 0.05, 0.1, 0.0, 0.0, 0.1, 0.1, 0.0, 0.0, 0.05, 0.1, 0.0, 0.1, 0.05, 0.0, 0.0, 0.05, 0.0, 0.05, 0.1, 0.0, 0.05, 0.0, 0.0, 0.1, 0.05, 0.0, 0.0, 0.15, 0.1, 0.0, 0.0, 0.05, 0.05, 0.0, 0.05, 0.0, 0.05, 0.05, 0.1, 0.15, 0.1, 0.1, 0.1, 0.2, 0.4, 0.4, 0.4, 0.2, 0.55, 0.45, 0.3, 0.25, 0.45, 0.45, 0.2, 0.2, 0.6, 0.6, 0.55, 0.55, 0.35, 0.5, 0.4, 0.25, 0.3, 0.3, 0.6, 0.3, 0.3, 0.4, 0.6, 0.45, 0.5, 0.35, 0.6, 0.5, 0.65, 0.85, 0.7, 0.4, 0.4, 0.5, 0.55, 0.45, 0.4, 0.6, 0.15, 0.3, 0.65, 0.7, 0.8, 0.5, 0.5, 0.7, 0.75, 0.75, 0.75, 0.7, 0.65, 0.9, 0.7, 0.85, 0.8, 0.7, 0.7, 0.6, 0.7, 0.7, 0.9, 0.7, 0.95, 0.9, 0.8, 0.7, 0.8, 0.65, 0.75, 1.0, 0.8, 0.9, 0.95, 1.0, 0.85, 1.0, 0.8, 0.9, 0.95, 0.85, 0.9, 0.9, 0.9, 0.95, 0.9, 1.0, 0.9, 0.8, 0.85, 0.9, 0.7, 0.95, 0.95, 1.0, 1.0, 0.9, 1.0, 1.0, 1.0, 1.0, 1.0, 1.0, 1.0, 1.0, 1.0, 1.0, 1.0, 1.0, 1.0, 1.0, 0.95, 1.0, 0.95, 1.0, 1.0, 1.0, 1.0, 1.0, 1.0, 1.0, 1.0, 1.0, 1.0, 1.0, 1.0, 1.0, 1.0, 1.0, 1.0, 1.0, 1.0, 1.0, 1.0, 1.0, 1.0, 1.0, 1.0, 1.0, 1.0, 1.0, 1.0, 1.0, 1.0, 1.0, 1.0, 1.0, 1.0, 1.0, 1.0, 1.0, 1.0, 1.0, 1.0, 1.0, 1.0, 1.0, 1.0, 1.0, 1.0, 1.0, 1.0, 1.0, 1.0, 1.0, 1.0, 1.0, 1.0, 1.0, 1.0, 1.0, 1.0, 1.0, 1.0, 1.0, 1.0, 1.0, 1.0, 1.0, 1.0, 1.0, 1.0, 1.0, 1.0, 1.0, 1.0, 1.0, 1.0, 1.0, 1.0, 1.0, 1.0, 1.0, 1.0, 1.0, 1.0, 1.0, 1.0, 1.0, 1.0, 1.0, 1.0, 1.0, 1.0, 1.0, 1.0, 1.0, 1.0, 1.0, 1.0, 1.0, 1.0, 1.0, 1.0]"
gemma-4-31b-it,e84545b4073db0c4d84a58b5f4243d50,691531b48a1750ac56542c2b7b436f11eaab6ee13ee7c48b13c2d006a362d081,True,Central Diabetes Insipidus,137,138,2514,3260,6,0.043795620437956206,344,0.03937947494033413,0.8,0.85,1.0,6,0.03937947494033413,"[0.85, 1.0, 0.85, 0.8, 0.95, 0.6, 0.8, 1.0, 1.0, 0.85, 0.95, 0.95, 0.95, 0.95, 0.9, 0.9, 0.9, 1.0, 0.9, 0.85, 1.0, 1.0, 1.0, 1.0, 1.0, 1.0, 1.0, 1.0, 1.0, 1.0, 1.0, 1.0, 1.0, 0.95, 1.0, 1.0, 1.0, 1.0, 1.0, 1.0, 1.0, 1.0, 1.0, 1.0, 1.0, 1.0, 0.95, 1.0, 1.0, 1.0, 1.0, 1.0, 1.0, 1.0, 1.0, 1.0, 1.0, 1.0, 1.0, 1.0, 1.0, 1.0, 1.0, 1.0, 1.0, 1.0, 1.0, 1.0, 1.0, 1.0, 1.0, 1.0, 1.0, 1.0, 1.0, 1.0, 1.0, 1.0, 1.0, 1.0, 1.0, 1.0, 1.0, 1.0, 1.0, 1.0, 1.0, 1.0, 1.0, 1.0, 1.0, 1.0, 1.0, 1.0, 1.0, 1.0, 1.0, 1.0, 1.0, 1.0, 1.0, 1.0, 1.0, 1.0, 1.0, 1.0, 1.0, 1.0, 1.0, 1.0, 1.0, 1.0, 1.0, 1.0, 1.0, 1.0, 1.0, 1.0, 1.0, 1.0, 1.0, 1.0, 1.0, 1.0, 1.0, 1.0, 1.0, 1.0, 1.0, 1.0, 1.0, 1.0, 1.0, 1.0, 1.0, 1.0, 1.0, 1.0]"
gemma-4-31b-it,e84545b4073db0c4d84a58b5f4243d50,0199e2dd092a3d9070f21342247a96603c4648fe5fda2605c046ebd0e87917e4,False,Dipsogenic Diabetes Insipidus,280,281,5740,6513,223,0.7964285714285714,4796,0.7928571428571428,0.85,0.25,1.0,243,0.8705574912891986,"[0.25, 0.4, 0.25, 0.3, 0.25, 0.35, 0.35, 0.55, 0.6, 0.35, 0.55, 0.3, 0.25, 0.4, 0.3, 0.25, 0.35, 0.3, 0.55, 0.55, 0.55, 0.25, 0.75, 0.6, 0.6, 0.85, 0.6, 0.75, 0.8, 0.6, 0.7, 0.8, 0.85, 0.55, 0.35, 0.4, 0.3, 0.7, 0.55, 0.3, 0.35, 0.65, 0.75, 1.0, 0.5, 0.7, 0.9, 0.75, 0.7, 0.65, 0.45, 0.65, 0.85, 0.65, 0.6, 0.75, 0.9, 0.85, 0.95, 0.9, 0.95, 0.85, 1.0, 0.85, 0.95, 0.9, 0.95, 0.95, 0.85, 0.85, 0.9, 0.85, 1.0, 0.95, 0.9, 0.8, 0.9, 0.9, 0.95, 0.9, 1.0, 1.0, 1.0, 0.95, 0.95, 1.0, 0.95, 1.0, 1.0, 1.0, 0.95, 1.0, 0.95, 0.85, 1.0, 1.0, 1.0, 1.0, 1.0, 1.0, 1.0, 1.0, 0.95, 1.0, 1.0, 1.0, 1.0, 0.95, 1.0, 0.95, 1.0, 0.95, 0.9, 0.95, 0.95, 0.95, 1.0, 1.0, 1.0, 1.0, 0.95, 0.95, 1.0, 0.95, 0.95, 1.0, 1.0, 1.0, 0.95, 1.0, 1.0, 1.0, 0.9, 1.0, 0.9, 0.8, 1.0, 0.95, 0.9, 1.0, 0.9, 1.0, 0.95, 1.0, 1.0, 0.95, 1.0, 0.9, 0.9, 1.0, 1.0, 0.9, 1.0, 0.95, 1.0, 1.0, 0.95, 1.0, 1.0, 0.9, 1.0, 1.0, 1.0, 1.0, 1.0, 0.95, 1.0, 0.95, 0.9, 1.0, 1.0, 0.95, 1.0, 1.0, 0.95, 1.0, 0.9, 0.9, 0.9, 1.0, 1.0, 0.95, 0.9, 1.0, 0.95, 0.95, 0.9, 0.9, 0.8, 0.9, 0.95, 0.9, 0.95, 0.95, 1.0, 0.95, 0.95, 0.95, 0.9, 0.8, 0.95, 0.85, 0.95, 0.9, 1.0, 0.8, 1.0, 0.8, 0.95, 0.75, 0.85, 0.75, 0.7, 0.65, 0.65, 0.55, 0.8, 0.85, 0.7, 0.8, 0.8, 0.6, 0.9, 0.85, 0.75, 0.75, 0.9, 0.9, 0.85, 0.9, 0.9, 0.8, 0.85, 0.9, 0.8, 0.8, 0.95, 0.95, 0.9, 0.75, 0.85, 0.85, 0.7, 0.95, 0.95, 1.0, 1.0, 1.0, 1.0, 0.95, 0.85, 1.0, 0.95, 0.95, 0.9, 1.0, 1.0, 1.0, 1.0, 1.0, 1.0, 1.0, 1.0, 1.0, 1.0, 1.0, 0.95, 1.0, 1.0, 1.0, 1.0, 1.0, 1.0, 1.0, 1.0, 1.0, 1.0, 0.95, 1.0, 1.0, 1.0]"
gemma-4-31b-it,2600ed7d2340c964a027e94ed65d75f2,9b18a32d62855c780a87b7a6f8307d6951a2432878f75087cc335f1cc9f8909d,True,Chikungunya,251,252,4172,5601,125,0.49800796812749004,3120,0.5083892617449665,0.95,0.4,1.0,125,0.5083892617449665,"[0.4, 0.45, 0.35, 0.35, 0.4, 0.55, 0.55, 0.3, 0.35, 0.4, 0.4, 0.3, 0.45, 0.35, 0.45, 0.3, 0.3, 0.2, 0.35, 0.15, 0.4, 0.3, 0.35, 0.5, 0.2, 0.4, 0.3, 0.15, 0.45, 0.45, 0.15, 0.25, 0.15, 0.25, 0.1, 0.15, 0.05, 0.1, 0.1, 0.05, 0.05, 0.3, 0.05, 0.05, 0.05, 0.05, 0.15, 0.2, 0.25, 0.1, 0.1, 0.2, 0.2, 0.15, 0.2, 0.2, 0.0, 0.0, 0.1, 0.05, 0.05, 0.05, 0.0, 0.1, 0.5, 0.3, 0.3, 0.55, 0.5, 0.45, 0.45, 0.3, 0.45, 0.45, 0.65, 0.65, 0.65, 0.6, 0.4, 0.5, 0.6, 0.55, 0.5, 0.45, 0.55, 0.7, 0.6, 0.85, 0.7, 0.9, 0.95, 0.7, 0.65, 0.8, 0.9, 0.75, 0.7, 0.9, 0.75, 0.75, 0.85, 0.8, 0.8, 0.9, 0.8, 0.85, 0.75, 0.8, 0.75, 0.7, 0.75, 0.8, 0.9, 0.8, 0.85, 0.8, 0.7, 0.8, 0.7, 0.75, 0.65, 0.85, 0.8, 0.8, 0.55, 0.95, 0.85, 1.0, 0.95, 0.95, 1.0, 1.0, 1.0, 0.95, 0.95, 1.0, 0.9, 1.0, 0.95, 0.9, 0.95, 0.9, 1.0, 1.0, 1.0, 1.0, 1.0, 0.95, 1.0, 1.0, 1.0, 1.0, 1.0, 1.0, 1.0, 1.0, 1.0, 1.0, 1.0, 1.0, 1.0, 1.0, 1.0, 1.0, 1.0, 1.0, 1.0, 1.0, 1.0, 1.0, 1.0, 1.0, 1.0, 1.0, 1.0, 1.0, 1.0, 1.0, 1.0, 1.0, 1.0, 1.0, 1.0, 1.0, 1.0, 1.0, 1.0, 1.0, 1.0, 1.0, 1.0, 1.0, 1.0, 1.0, 1.0, 1.0, 1.0, 1.0, 1.0, 1.0, 1.0, 1.0, 1.0, 1.0, 1.0, 1.0, 1.0, 1.0, 1.0, 1.0, 1.0, 1.0, 1.0, 1.0, 1.0, 1.0, 1.0, 1.0, 1.0, 1.0, 1.0, 1.0, 1.0, 1.0, 1.0, 1.0, 1.0, 1.0, 1.0, 1.0, 1.0, 1.0, 1.0, 1.0, 1.0, 1.0, 1.0, 1.0, 1.0, 1.0, 1.0, 1.0, 1.0, 1.0, 1.0, 1.0, 1.0, 1.0, 1.0, 1.0, 1.0, 1.0]"
gemma-4-31b-it,2600ed7d2340c964a027e94ed65d75f2,278407bff404c87212ef4efadcc531d27741ccb96a91d546afae59aa6f711748,False,Dengue fever,183,184,2975,4522,27,0.14754098360655737,1706,0.2376470588235294,0.85,0.55,1.0,37,0.2907563025210084,"[0.55, 0.45, 0.5, 0.25, 0.35, 0.35, 0.35, 0.4, 0.4, 0.6, 0.5, 0.4, 0.35, 0.55, 0.35, 0.45, 0.3, 0.4, 0.35, 0.35, 0.65, 0.7, 0.7, 0.9, 0.9, 0.7, 0.55, 0.85, 0.85, 0.7, 0.7, 0.7, 0.8, 0.7, 0.7, 0.8, 0.75, 1.0, 1.0, 1.0, 1.0, 1.0, 1.0, 1.0, 1.0, 1.0, 0.95, 1.0, 1.0, 1.0, 1.0, 1.0, 1.0, 1.0, 1.0, 1.0, 1.0, 0.95, 1.0, 0.85, 1.0, 1.0, 1.0, 1.0, 1.0, 1.0, 1.0, 1.0, 1.0, 1.0, 1.0, 1.0, 1.0, 1.0, 1.0, 1.0, 0.95, 1.0, 1.0, 1.0, 1.0, 1.0, 1.0, 1.0, 1.0, 1.0, 1.0, 1.0, 1.0, 1.0, 1.0, 1.0, 1.0, 1.0, 1.0, 1.0, 1.0, 1.0, 1.0, 1.0, 1.0, 1.0, 1.0, 1.0, 1.0, 1.0, 1.0, 1.0, 1.0, 1.0, 1.0, 1.0, 1.0, 1.0, 1.0, 1.0, 1.0, 1.0, 1.0, 1.0, 1.0, 1.0, 1.0, 1.0, 1.0, 1.0, 1.0, 1.0, 1.0, 1.0, 1.0, 1.0, 1.0, 1.0, 1.0, 1.0, 1.0, 1.0, 1.0, 1.0, 1.0, 1.0, 1.0, 1.0, 1.0, 1.0, 1.0, 1.0, 1.0, 1.0, 1.0, 1.0, 1.0, 1.0, 1.0, 1.0, 1.0, 1.0, 1.0, 1.0, 1.0, 1.0, 1.0, 1.0, 1.0, 1.0, 1.0, 1.0, 1.0, 1.0, 1.0, 1.0, 1.0, 1.0, 1.0, 1.0, 1.0, 1.0, 1.0, 1.0, 1.0, 1.0, 1.0, 1.0]"
gemma-4-31b-it,719442a3ee1c00332a6b77c30ce987cd,027e1f1ec30d98a69b6be1be38f5b84975a08ced33684557acb81221b86704c1,True,Von Willebrand disease,227,228,3491,4207,0,0.0,270,0.0008593526210254941,0.95,0.95,1.0,0,0.0008593526210254941,"[0.95, 0.8, 0.8, 0.9, 0.8, 0.85, 0.8, 0.9, 0.85, 1.0, 0.95, 0.95, 0.95, 1.0, 0.95, 0.9, 0.95, 1.0, 1.0, 1.0, 1.0, 1.0, 1.0, 1.0, 1.0, 1.0, 1.0, 1.0, 1.0, 1.0, 1.0, 1.0, 1.0, 1.0, 0.95, 0.95, 1.0, 1.0, 1.0, 0.95, 1.0, 1.0, 1.0, 1.0, 1.0, 1.0, 1.0, 1.0, 1.0, 1.0, 1.0, 1.0, 0.95, 1.0, 0.95, 1.0, 1.0, 1.0, 1.0, 1.0, 1.0, 1.0, 1.0, 1.0, 1.0, 1.0, 1.0, 1.0, 1.0, 1.0, 1.0, 1.0, 1.0, 1.0, 1.0, 1.0, 1.0, 1.0, 1.0, 1.0, 1.0, 1.0, 1.0, 1.0, 1.0, 1.0, 1.0, 1.0, 1.0, 1.0, 1.0, 1.0, 1.0, 1.0, 1.0, 1.0, 1.0, 1.0, 1.0, 1.0, 1.0, 1.0, 1.0, 1.0, 1.0, 1.0, 1.0, 1.0, 1.0, 1.0, 1.0, 1.0, 1.0, 1.0, 1.0, 1.0, 1.0, 1.0, 1.0, 1.0, 1.0, 1.0, 1.0, 1.0, 1.0, 1.0, 1.0, 1.0, 1.0, 1.0, 1.0, 1.0, 1.0, 1.0, 1.0, 1.0, 1.0, 1.0, 1.0, 1.0, 1.0, 1.0, 1.0, 1.0, 1.0, 1.0, 1.0, 1.0, 1.0, 1.0, 1.0, 1.0, 1.0, 1.0, 1.0, 1.0, 1.0, 1.0, 1.0, 1.0, 1.0, 1.0, 1.0, 1.0, 1.0, 1.0, 1.0, 1.0, 1.0, 1.0, 1.0, 1.0, 1.0, 1.0, 1.0, 1.0, 1.0, 1.0, 1.0, 1.0, 1.0, 1.0, 1.0, 1.0, 1.0, 1.0, 1.0, 1.0, 1.0, 1.0, 1.0, 1.0, 1.0, 1.0, 1.0, 1.0, 1.0, 1.0, 1.0, 1.0, 1.0, 1.0, 1.0, 1.0, 1.0, 1.0, 1.0, 1.0, 1.0, 1.0, 1.0, 1.0, 1.0, 1.0, 1.0, 1.0, 1.0, 1.0, 1.0, 1.0, 1.0, 1.0, 1.0, 1.0, 1.0, 1.0, 1.0, 1.0]"
gemma-4-31b-it,719442a3ee1c00332a6b77c30ce987cd,00bd7a64357ff0ba93d52c6f5e0af5ccc7c1d8b6b892ab677c5e8de96484209e,False,Drug-induced platelet dysfunction,284,285,4726,5548,73,0.25704225352112675,1616,0.2854422344477359,0.85,0.0,1.0,76,0.29856115107913667,"[0.0, 0.0, 0.0, 0.05, 0.0, 0.15, 0.1, 0.05, 0.05, 0.0, 0.0, 0.0, 0.15, 0.1, 0.05, 0.05, 0.05, 0.15, 0.15, 0.1, 0.05, 0.2, 0.15, 0.05, 0.05, 0.0, 0.1, 0.15, 0.25, 0.1, 0.35, 0.25, 0.3, 0.5, 0.3, 0.25, 0.35, 0.5, 0.4, 0.35, 0.3, 0.45, 0.4, 0.15, 0.45, 0.5, 0.45, 0.65, 0.5, 0.75, 0.7, 0.85, 0.8, 0.6, 0.45, 0.5, 0.7, 0.6, 0.85, 0.6, 0.85, 0.7, 0.85, 0.8, 0.5, 0.8, 0.7, 0.8, 0.65, 0.7, 0.6, 0.5, 0.7, 0.85, 0.95, 0.75, 0.95, 0.95, 0.95, 1.0, 1.0, 0.95, 1.0, 1.0, 1.0, 0.95, 0.95, 0.85, 0.9, 0.95, 1.0, 0.95, 0.8, 0.9, 0.95, 0.95, 0.95, 0.95, 1.0, 1.0, 1.0, 1.0, 1.0, 1.0, 1.0, 1.0, 1.0, 1.0, 1.0, 1.0, 1.0, 1.0, 1.0, 1.0, 1.0, 1.0, 1.0, 1.0, 1.0, 1.0, 1.0, 1.0, 1.0, 1.0, 1.0, 1.0, 1.0, 1.0, 1.0, 1.0, 1.0, 1.0, 1.0, 1.0, 1.0, 1.0, 1.0, 1.0, 1.0, 1.0, 1.0, 1.0, 1.0, 1.0, 1.0, 1.0, 1.0, 1.0, 1.0, 1.0, 1.0, 1.0, 1.0, 1.0, 1.0, 1.0, 1.0, 1.0, 1.0, 1.0, 1.0, 1.0, 1.0, 1.0, 1.0, 1.0, 1.0, 1.0, 1.0, 1.0, 1.0, 1.0, 1.0, 1.0, 1.0, 1.0, 1.0, 1.0, 1.0, 1.0, 1.0, 1.0, 1.0, 1.0, 1.0, 1.0, 1.0, 1.0, 1.0, 1.0, 1.0, 1.0, 1.0, 1.0, 1.0, 1.0, 1.0, 1.0, 1.0, 1.0, 1.0, 1.0, 1.0, 1.0, 1.0, 1.0, 1.0, 1.0, 1.0, 1.0, 1.0, 1.0, 1.0, 1.0, 1.0, 1.0, 1.0, 1.0, 1.0, 1.0, 1.0, 1.0, 1.0, 1.0, 1.0, 1.0, 1.0, 1.0, 1.0, 1.0, 1.0, 1.0, 1.0, 1.0, 1.0, 1.0, 1.0, 1.0, 1.0, 1.0, 1.0, 1.0, 1.0, 1.0, 1.0, 1.0, 1.0, 1.0, 1.0, 1.0, 1.0, 1.0, 1.0, 1.0, 1.0, 1.0, 1.0, 1.0, 1.0, 1.0, 1.0, 1.0, 1.0, 1.0, 1.0, 1.0, 1.0, 1.0, 1.0, 1.0, 1.0, 1.0, 1.0, 1.0, 1.0, 1.0, 1.0, 1.0, 1.0, 1.0, 1.0, 1.0, 1.0, 1.0, 1.0]"
gemma-4-31b-it,fa3f1534a8d672e364f916665953a826,629617f67487f536bec8055545e447641b232c128e2aae1b66fca4e2414ff5f5,True,Scleredema,171,172,3299,5925,1,0.005847953216374269,2270,0.005456198848135798,1.0,0.65,1.0,1,0.005456198848135798,"[0.65, 1.0, 1.0, 0.95, 0.95, 1.0, 1.0, 0.85, 1.0, 0.9, 1.0, 0.9, 1.0, 1.0, 1.0, 1.0, 0.95, 0.95, 1.0, 1.0, 0.9, 1.0, 0.95, 1.0, 0.95, 0.95, 0.9, 0.95, 0.95, 1.0, 1.0, 0.95, 1.0, 0.9, 1.0, 1.0, 1.0, 1.0, 1.0, 1.0, 0.95, 0.9, 1.0, 0.95, 1.0, 0.95, 0.95, 1.0, 1.0, 1.0, 1.0, 1.0, 1.0, 1.0, 1.0, 1.0, 1.0, 1.0, 1.0, 1.0, 1.0, 1.0, 1.0, 1.0, 1.0, 1.0, 1.0, 1.0, 1.0, 1.0, 1.0, 1.0, 1.0, 1.0, 1.0, 1.0, 1.0, 1.0, 1.0, 1.0, 1.0, 1.0, 1.0, 1.0, 1.0, 1.0, 1.0, 1.0, 1.0, 1.0, 1.0, 1.0, 1.0, 1.0, 1.0, 1.0, 1.0, 1.0, 1.0, 1.0, 1.0, 1.0, 1.0, 1.0, 1.0, 1.0, 1.0, 1.0, 1.0, 1.0, 1.0, 1.0, 1.0, 1.0, 1.0, 1.0, 1.0, 1.0, 1.0, 1.0, 1.0, 1.0, 1.0, 1.0, 1.0, 1.0, 1.0, 1.0, 1.0, 1.0, 1.0, 1.0, 1.0, 1.0, 1.0, 1.0, 1.0, 1.0, 1.0, 1.0, 1.0, 1.0, 1.0, 1.0, 1.0, 1.0, 1.0, 1.0, 1.0, 1.0, 1.0, 1.0, 1.0, 1.0, 1.0, 1.0, 1.0, 1.0, 1.0, 1.0, 1.0, 1.0, 1.0, 1.0, 1.0, 1.0, 1.0, 1.0, 1.0, 1.0, 1.0, 1.0]"
gemma-4-31b-it,fa3f1534a8d672e364f916665953a826,63d4fb05e3aea5944b800130028f466201692bd2c4cb5fe077ab7ee41f71db91,False,Scleredema,229,230,4162,6796,0,0.0,2255,0.0007208073041806823,0.85,0.85,1.0,0,0.0007208073041806823,"[0.85, 1.0, 0.9, 0.95, 0.95, 0.95, 0.9, 0.85, 0.9, 0.95, 1.0, 0.85, 1.0, 0.95, 0.9, 0.85, 0.95, 0.85, 0.95, 1.0, 0.85, 1.0, 1.0, 1.0, 1.0, 1.0, 1.0, 0.95, 1.0, 1.0, 0.95, 1.0, 1.0, 1.0, 1.0, 0.9, 0.95, 1.0, 1.0, 1.0, 1.0, 1.0, 1.0, 1.0, 1.0, 1.0, 1.0, 1.0, 1.0, 1.0, 1.0, 1.0, 1.0, 1.0, 1.0, 1.0, 1.0, 1.0, 1.0, 1.0, 1.0, 1.0, 1.0, 1.0, 1.0, 1.0, 1.0, 1.0, 1.0, 1.0, 1.0, 0.95, 1.0, 1.0, 1.0, 1.0, 1.0, 0.95, 1.0, 1.0, 1.0, 1.0, 1.0, 1.0, 1.0, 1.0, 0.95, 1.0, 1.0, 0.95, 1.0, 1.0, 1.0, 1.0, 1.0, 1.0, 1.0, 1.0, 1.0, 1.0, 1.0, 1.0, 1.0, 1.0, 1.0, 1.0, 1.0, 1.0, 1.0, 1.0, 1.0, 1.0, 1.0, 1.0, 1.0, 1.0, 1.0, 1.0, 1.0, 1.0, 1.0, 1.0, 1.0, 1.0, 1.0, 1.0, 1.0, 1.0, 1.0, 1.0, 1.0, 1.0, 1.0, 1.0, 1.0, 1.0, 1.0, 1.0, 1.0, 1.0, 1.0, 1.0, 1.0, 1.0, 1.0, 1.0, 1.0, 1.0, 1.0, 1.0, 1.0, 1.0, 1.0, 1.0, 1.0, 1.0, 1.0, 1.0, 1.0, 1.0, 1.0, 1.0, 1.0, 1.0, 1.0, 1.0, 1.0, 1.0, 1.0, 1.0, 1.0, 1.0, 1.0, 1.0, 1.0, 1.0, 1.0, 1.0, 1.0, 1.0, 1.0, 1.0, 1.0, 1.0, 1.0, 1.0, 1.0, 1.0, 1.0, 1.0, 1.0, 1.0, 1.0, 1.0, 1.0, 1.0, 1.0, 1.0, 1.0, 1.0, 1.0, 1.0, 1.0, 1.0, 1.0, 1.0, 1.0, 1.0, 1.0, 1.0, 1.0, 1.0, 1.0, 1.0, 1.0, 1.0, 1.0, 1.0, 1.0, 1.0, 1.0, 1.0, 1.0, 1.0, 1.0, 1.0, 1.0, 1.0, 1.0, 1.0]"
gemma-4-31b-it,27f2b910c19b40bb9f36ce9a3a8909af,f29e257334f879219851dc99fbe8929ce662e18a9bed40a9553ac4300a05a229,True,Prosthetic Valve Hemolysis,193,194,3550,6933,72,0.37305699481865284,4504,0.46253521126760566,0.85,0.15,1.0,88,0.5315492957746479,"[0.15, 0.2, 0.3, 0.25, 0.35, 0.35, 0.4, 0.15, 0.15, 0.2, 0.15, 0.5, 0.35, 0.2, 0.1, 0.05, 0.25, 0.3, 0.35, 0.3, 0.25, 0.3, 0.3, 0.25, 0.35, 0.1, 0.25, 0.3, 0.3, 0.2, 0.35, 0.25, 0.45, 0.15, 0.2, 0.3, 0.3, 0.1, 0.2, 0.55, 0.35, 0.45, 0.4, 0.15, 0.4, 0.2, 0.4, 0.3, 0.3, 0.25, 0.25, 0.35, 0.3, 0.2, 0.25, 0.1, 0.1, 0.05, 0.05, 0.1, 0.15, 0.05, 0.05, 0.1, 0.05, 0.0, 0.4, 0.35, 0.55, 0.45, 0.75, 0.95, 0.85, 0.75, 0.75, 0.8, 0.75, 0.9, 0.85, 0.9, 0.8, 0.95, 0.95, 0.65, 1.0, 0.95, 0.85, 0.75, 0.95, 0.85, 0.85, 0.95, 0.8, 0.95, 1.0, 1.0, 0.95, 0.95, 0.8, 0.9, 1.0, 0.95, 0.8, 0.9, 0.9, 1.0, 0.85, 0.9, 0.9, 1.0, 0.95, 1.0, 0.9, 1.0, 0.95, 0.9, 1.0, 0.95, 1.0, 0.95, 1.0, 0.9, 1.0, 0.95, 0.9, 1.0, 1.0, 1.0, 0.95, 0.95, 1.0, 1.0, 0.95, 1.0, 1.0, 1.0, 0.95, 1.0, 1.0, 0.95, 0.95, 1.0, 1.0, 1.0, 1.0, 1.0, 1.0, 1.0, 1.0, 1.0, 1.0, 1.0, 1.0, 1.0, 1.0, 1.0, 1.0, 1.0, 1.0, 1.0, 1.0, 1.0, 1.0, 1.0, 1.0, 1.0, 1.0, 1.0, 1.0, 1.0, 1.0, 1.0, 1.0, 1.0, 1.0, 0.95, 1.0, 1.0, 1.0, 1.0, 1.0, 1.0, 1.0, 1.0, 1.0, 1.0, 1.0, 1.0, 1.0, 1.0, 1.0, 1.0, 1.0, 1.0]"
gemma-4-31b-it,27f2b910c19b40bb9f36ce9a3a8909af,efdaf36a9247a9e700dac739e5fb7ee9216b018d44ea4f2cbc11237c4ac64b11,False,Glucose-6-phosphate dehydrogenase deficiency,176,177,3162,6405,44,0.25,3782,0.290955091714105,0.8,0.4,1.0,47,0.3070841239721695,"[0.4, 0.25, 0.3, 0.25, 0.3, 0.35, 0.3, 0.2, 0.3, 0.6, 0.6, 0.35, 0.15, 0.25, 0.2, 0.4, 0.25, 0.3, 0.2, 0.2, 0.2, 0.15, 0.1, 0.4, 0.2, 0.55, 0.8, 0.6, 0.6, 0.65, 0.45, 0.4, 0.5, 0.75, 0.75, 0.8, 0.8, 0.7, 0.7, 0.8, 0.75, 0.7, 0.5, 0.6, 0.8, 0.7, 0.75, 0.85, 0.8, 0.8, 0.9, 0.85, 0.9, 0.9, 0.85, 0.8, 0.8, 0.8, 0.9, 1.0, 0.9, 0.9, 0.9, 0.9, 0.9, 0.95, 0.95, 0.9, 1.0, 1.0, 1.0, 1.0, 0.95, 0.95, 1.0, 1.0, 1.0, 0.95, 1.0, 1.0, 1.0, 0.95, 0.95, 1.0, 1.0, 0.85, 1.0, 1.0, 0.95, 1.0, 1.0, 1.0, 0.95, 1.0, 0.95, 1.0, 1.0, 1.0, 1.0, 1.0, 1.0, 1.0, 1.0, 1.0, 1.0, 1.0, 1.0, 1.0, 1.0, 1.0, 1.0, 1.0, 1.0, 1.0, 1.0, 1.0, 1.0, 1.0, 1.0, 1.0, 1.0, 1.0, 1.0, 1.0, 1.0, 1.0, 0.95, 1.0, 1.0, 1.0, 1.0, 1.0, 1.0, 1.0, 1.0, 1.0, 1.0, 1.0, 1.0, 1.0, 1.0, 1.0, 1.0, 1.0, 1.0, 1.0, 1.0, 1.0, 1.0, 1.0, 1.0, 1.0, 1.0, 1.0, 1.0, 1.0, 1.0, 1.0, 1.0, 1.0, 1.0, 1.0, 1.0, 1.0, 1.0, 1.0, 1.0, 1.0, 1.0, 1.0, 1.0, 1.0, 1.0, 1.0, 1.0, 1.0, 1.0]"
gemma-4-31b-it,7d75815cb2310bdcf17826679b94cee2,2e9dbff9a41c86d488bf03f98cfc0e6a561787efff54f2c05f5e3083c34777ca,True,IgA Nephropathy,315,316,5143,7831,18,0.05714285714285714,2702,0.07563678786700369,0.8,0.3,1.0,33,0.12696869531401905,"[0.3, 0.4, 0.1, 0.05, 0.15, 0.0526, 0.1, 0.05, 0.15, 0.0, 0.05, 0.6, 0.8, 0.75, 0.75, 0.8, 0.7, 0.5, 0.8, 0.75, 0.85, 0.95, 0.7, 0.8, 0.85, 0.7, 1.0, 0.8, 0.85, 0.9, 0.9, 0.85, 0.75, 0.9, 1.0, 0.95, 1.0, 1.0, 0.95, 1.0, 1.0, 1.0, 0.95, 1.0, 1.0, 1.0, 1.0, 1.0, 1.0, 1.0, 0.95, 1.0, 1.0, 1.0, 1.0, 1.0, 0.95, 1.0, 1.0, 1.0, 1.0, 1.0, 1.0, 1.0, 1.0, 1.0, 1.0, 1.0, 1.0, 1.0, 1.0, 0.95, 1.0, 1.0, 1.0, 1.0, 1.0, 1.0, 1.0, 1.0, 1.0, 1.0, 1.0, 0.95, 1.0, 1.0, 1.0, 0.95, 1.0, 1.0, 1.0, 0.95, 1.0, 1.0, 1.0, 1.0, 1.0, 1.0, 0.95, 1.0, 1.0, 1.0, 1.0, 1.0, 0.95, 1.0, 1.0, 1.0, 1.0, 0.95, 0.95, 1.0, 1.0, 1.0, 1.0, 1.0, 1.0, 1.0, 1.0, 1.0, 1.0, 1.0, 1.0, 1.0, 1.0, 1.0, 1.0, 1.0, 1.0, 1.0, 1.0, 1.0, 1.0, 1.0, 1.0, 1.0, 0.95, 1.0, 1.0, 1.0, 1.0, 1.0, 1.0, 1.0, 1.0, 0.95, 1.0, 1.0, 1.0, 1.0, 1.0, 1.0, 1.0, 1.0, 0.95, 1.0, 1.0, 1.0, 1.0, 1.0, 1.0, 1.0, 1.0, 1.0, 1.0, 1.0, 1.0, 1.0, 1.0, 1.0, 1.0, 1.0, 1.0, 1.0, 1.0, 1.0, 1.0, 1.0, 1.0, 1.0, 1.0, 1.0, 1.0, 1.0, 1.0, 1.0, 1.0, 1.0, 1.0, 1.0, 1.0, 1.0, 1.0, 1.0, 1.0, 1.0, 1.0, 1.0, 1.0, 1.0, 1.0, 1.0, 1.0, 1.0, 1.0, 1.0, 1.0, 1.0, 1.0, 1.0, 1.0, 1.0, 1.0, 1.0, 1.0, 1.0, 1.0, 1.0, 1.0, 1.0, 1.0, 1.0, 1.0, 1.0, 1.0, 1.0, 1.0, 1.0, 1.0, 1.0, 1.0, 1.0, 1.0, 1.0, 1.0, 1.0, 1.0, 1.0, 1.0, 1.0, 1.0, 1.0, 1.0, 1.0, 1.0, 1.0, 1.0, 1.0, 1.0, 1.0, 1.0, 1.0, 1.0, 1.0, 1.0, 1.0, 1.0, 1.0, 1.0, 1.0, 1.0, 1.0, 1.0, 1.0, 1.0, 1.0, 1.0, 1.0, 1.0, 1.0, 1.0, 1.0, 1.0, 1.0, 1.0, 1.0, 1.0, 1.0, 1.0, 1.0, 1.0, 1.0, 1.0, 1.0, 1.0, 1.0, 1.0, 1.0, 1.0, 1.0, 1.0, 1.0, 1.0, 1.0, 1.0, 1.0, 1.0, 1.0, 1.0, 1.0, 1.0, 1.0, 1.0, 1.0, 1.0, 1.0, 1.0, 1.0, 1.0, 1.0, 1.0, 1.0, 1.0, 1.0, 1.0, 1.0]"
gemma-4-31b-it,7d75815cb2310bdcf17826679b94cee2,55cb984026926429ce4a8d790541d248eed3580552b2a3c1281a4ee50b4fa4ba,False,Dense Deposit Disease,247,248,4308,6895,161,0.6518218623481782,5134,0.6548282265552461,1.0,0.0,1.0,161,0.6548282265552461,"[0.0, 0.15, 0.1, 0.05, 0.05, 0.15, 0.0, 0.0, 0.05, 0.05, 0.05, 0.1, 0.1, 0.05, 0.1, 0.0, 0.15, 0.0, 0.0, 0.0, 0.0, 0.05, 0.0, 0.0, 0.05, 0.0, 0.1, 0.15, 0.0, 0.1, 0.05, 0.05, 0.1, 0.0, 0.0, 0.05, 0.1, 0.0, 0.05, 0.05, 0.05, 0.0, 0.05, 0.05, 0.2, 0.15, 0.05, 0.25, 0.15, 0.1, 0.1, 0.15, 0.15, 0.1, 0.2, 0.05, 0.1, 0.15, 0.25, 0.1, 0.05, 0.2, 0.2, 0.15, 0.1, 0.25, 0.0, 0.25, 0.2, 0.2, 0.15, 0.25, 0.15, 0.2, 0.15, 0.1, 0.1, 0.1, 0.1, 0.15, 0.15, 0.15, 0.05, 0.25, 0.2, 0.25, 0.1, 0.1, 0.2, 0.45, 0.25, 0.15, 0.15, 0.2, 0.2, 0.2, 0.2, 0.1, 0.3, 0.1, 0.25, 0.3, 0.25, 0.3, 0.15, 0.35, 0.25, 0.2, 0.15, 0.05, 0.25, 0.25, 0.2, 0.25, 0.25, 0.4, 0.15, 0.15, 0.35, 0.15, 0.25, 0.5, 0.2, 0.25, 0.3, 0.15, 0.2, 0.25, 0.1, 0.35, 0.1, 0.35, 0.1, 0.25, 0.3, 0.15, 0.2, 0.35, 0.15, 0.05, 0.05, 0.1, 0.0526, 0.05, 0.45, 0.2, 0.2, 0.1, 0.2, 0.05, 0.1, 0.3, 0.3, 0.4, 0.3, 0.4, 0.35, 0.2, 0.5, 0.4, 0.35, 1.0, 1.0, 1.0, 1.0, 1.0, 1.0, 1.0, 1.0, 1.0, 1.0, 1.0, 1.0, 1.0, 1.0, 1.0, 1.0, 1.0, 1.0, 1.0, 1.0, 1.0, 1.0, 1.0, 1.0, 1.0, 1.0, 1.0, 1.0, 1.0, 1.0, 1.0, 1.0, 1.0, 1.0, 1.0, 1.0, 1.0, 1.0, 1.0, 1.0, 1.0, 1.0, 1.0, 1.0, 1.0, 1.0, 1.0, 1.0, 1.0, 1.0, 1.0, 1.0, 1.0, 1.0, 1.0, 1.0, 1.0, 1.0, 1.0, 1.0, 1.0, 1.0, 1.0, 1.0, 1.0, 1.0, 1.0, 1.0, 1.0, 1.0, 1.0, 1.0, 1.0, 1.0, 1.0, 1.0, 1.0, 1.0, 1.0, 1.0, 1.0, 1.0, 1.0, 1.0, 1.0, 1.0, 1.0]"
gemma-4-31b-it,fc75c4214c86972be10f49fa2b6b58ee,23ba056627ccd5f59ba3cae8148706aeaa8d89c22fc4ebc786b08259e6125c6d,True,Oligodendroglioma,272,273,4944,5894,179,0.6580882352941176,3952,0.6763754045307443,0.8,0.2,1.0,181,0.6814320388349514,"[0.2, 0.3, 0.1, 0.1, 0.2, 0.2, 0.1, 0.25, 0.3, 0.25, 0.3, 0.25, 0.2, 0.5, 0.35, 0.15, 0.1, 0.3, 0.25, 0.3, 0.2, 0.2, 0.1, 0.1, 0.2, 0.3, 0.5, 0.3, 0.25, 0.1, 0.2, 0.2, 0.2, 0.3, 0.3, 0.3, 0.2, 0.25, 0.3, 0.3, 0.4, 0.55, 0.35, 0.25, 0.25, 0.3, 0.25, 0.15, 0.1, 0.15, 0.45, 0.35, 0.35, 0.7, 0.35, 0.3, 0.5, 0.4, 0.4, 0.3, 0.35, 0.4, 0.4, 0.55, 0.35, 0.35, 0.5, 0.4, 0.45, 0.25, 0.35, 0.3, 0.35, 0.35, 0.4, 0.1, 0.15, 0.25, 0.15, 0.3, 0.35, 0.35, 0.25, 0.4, 0.2, 0.35, 0.45, 0.4, 0.4, 0.35, 0.4, 0.45, 0.4, 0.15, 0.25, 0.3, 0.4, 0.45, 0.4, 0.5, 0.35, 0.35, 0.55, 0.3, 0.4, 0.25, 0.3, 0.3, 0.5, 0.25, 0.2, 0.55, 0.35, 0.35, 0.2, 0.1, 0.15, 0.25, 0.2, 0.3, 0.2, 0.4, 0.3, 0.2, 0.35, 0.3, 0.8, 0.45, 0.6, 0.7, 0.85, 0.55, 0.7, 0.65, 0.65, 0.5, 0.6, 0.7, 0.75, 0.85, 0.7, 0.55, 0.75, 0.8, 0.6, 0.35, 0.3, 0.1, 0.5, 0.25, 0.6, 0.3, 0.1, 0.5, 0.25, 0.6, 0.55, 0.35, 0.25, 0.3, 0.45, 0.4, 0.3, 0.3, 0.15, 0.2, 0.3, 0.3, 0.25, 0.45, 0.35, 0.4, 0.6, 0.45, 0.5, 0.75, 0.6, 0.6, 0.75, 0.8, 0.7, 1.0, 1.0, 0.9, 0.95, 0.95, 0.9, 0.95, 1.0, 0.9, 1.0, 1.0, 0.9, 0.95, 0.9, 0.9, 0.85, 1.0, 0.9, 0.95, 0.95, 0.85, 0.95, 1.0, 0.95, 0.85, 0.85, 1.0, 0.9, 0.85, 1.0, 0.95, 0.95, 1.0, 1.0, 1.0, 1.0, 0.95, 0.95, 1.0, 1.0, 0.95, 1.0, 1.0, 1.0, 1.0, 0.95, 1.0, 1.0, 1.0, 0.95, 0.95, 1.0, 1.0, 0.95, 1.0, 1.0, 1.0, 0.95, 0.9, 1.0, 1.0, 0.95, 1.0, 1.0, 1.0, 1.0, 1.0, 1.0, 1.0, 1.0, 1.0, 1.0, 0.95, 1.0, 1.0, 1.0, 1.0, 1.0, 1.0, 1.0, 1.0, 1.0, 1.0, 1.0, 1.0, 1.0, 1.0, 1.0, 1.0, 1.0, 1.0, 1.0]"
gemma-4-31b-it,288897f502a272f8f0b8b999354a154d,14628945edb20e419bf5242b785bd3f492267e09c097840c864ac97d2bf509e7,True,Multiple Sclerosis,124,125,2084,3013,0,0.0,332,0.0014395393474088292,0.95,0.95,1.0,0,0.0014395393474088292,"[0.95, 0.95, 0.85, 1.0, 0.95, 0.95, 1.0, 1.0, 0.95, 1.0, 1.0, 0.95, 1.0, 1.0, 1.0, 1.0, 0.95, 0.95, 1.0, 1.0, 1.0, 1.0, 1.0, 1.0, 1.0, 1.0, 1.0, 1.0, 1.0, 1.0, 1.0, 1.0, 1.0, 1.0, 1.0, 1.0, 1.0, 1.0, 1.0, 1.0, 1.0, 1.0, 1.0, 1.0, 1.0, 1.0, 1.0, 1.0, 1.0, 1.0, 1.0, 1.0, 1.0, 1.0, 1.0, 1.0, 1.0, 1.0, 1.0, 1.0, 1.0, 1.0, 1.0, 1.0, 1.0, 1.0, 1.0, 1.0, 1.0, 1.0, 1.0, 1.0, 1.0, 1.0, 1.0, 1.0, 1.0, 1.0, 1.0, 1.0, 1.0, 1.0, 1.0, 1.0, 1.0, 1.0, 1.0, 1.0, 1.0, 1.0, 1.0, 1.0, 1.0, 1.0, 1.0, 1.0, 1.0, 1.0, 1.0, 1.0, 1.0, 1.0, 1.0, 1.0, 1.0, 1.0, 1.0, 1.0, 1.0, 1.0, 1.0, 1.0, 1.0, 1.0, 1.0, 1.0, 1.0, 1.0, 1.0, 1.0, 1.0, 1.0, 1.0, 1.0, 1.0]"
gemma-4-31b-it,288897f502a272f8f0b8b999354a154d,fb124bf5a401be89c223234eecbff8cd899fd4b36108b1adf51f862c718b619c,False,Venous Sinus Thrombosis,260,261,4203,5007,83,0.3192307692307692,1639,0.3116821318106115,0.85,0.05,1.0,92,0.3421365691172972,"[0.05, 0.15, 0.0, 0.1, 0.05, 0.0, 0.05, 0.05, 0.0, 0.1, 0.05, 0.0, 0.05, 0.0, 0.05, 0.05, 0.05, 0.05, 0.0, 0.2, 0.3, 0.0, 0.15, 0.1, 0.1, 0.1, 0.2, 0.4, 0.2, 0.05, 0.3, 0.65, 0.5, 0.1, 0.1, 0.25, 0.3, 0.2, 0.35, 0.15, 0.4, 0.25, 0.4, 0.25, 0.55, 0.7, 0.4, 0.6, 0.45, 0.75, 0.9, 0.85, 0.85, 0.75, 0.8, 0.65, 0.9, 0.8, 0.75, 0.6, 0.6, 0.85, 0.6, 0.7, 0.8, 0.7, 0.6, 0.75, 0.75, 0.7, 0.75, 0.55, 0.6, 0.5, 0.65, 0.7, 0.6, 0.75, 0.55, 0.75, 0.75, 1.0, 0.95, 0.85, 0.85, 0.95, 0.85, 0.75, 0.95, 0.8, 0.95, 0.7, 1.0, 0.95, 0.95, 0.95, 0.8, 0.8, 0.9, 1.0, 1.0, 1.0, 0.95, 1.0, 0.95, 0.95, 0.85, 1.0, 1.0, 0.95, 1.0, 0.95, 0.95, 0.9, 0.95, 1.0, 0.95, 1.0, 1.0, 1.0, 0.85, 0.95, 1.0, 1.0, 0.95, 0.85, 1.0, 0.95, 0.95, 1.0, 1.0, 1.0, 1.0, 0.9, 0.95, 1.0, 1.0, 0.95, 1.0, 1.0, 1.0, 1.0, 0.9, 0.9, 0.9, 1.0, 0.95, 0.95, 1.0, 0.85, 0.95, 0.9, 0.9, 1.0, 1.0, 1.0, 1.0, 1.0, 1.0, 1.0, 0.95, 1.0, 0.95, 1.0, 1.0, 1.0, 1.0, 1.0, 1.0, 0.95, 1.0, 1.0, 0.95, 1.0, 1.0, 0.95, 1.0, 1.0, 1.0, 1.0, 1.0, 1.0, 1.0, 1.0, 1.0, 1.0, 1.0, 1.0, 0.95, 1.0, 1.0, 1.0, 1.0, 1.0, 1.0, 1.0, 1.0, 1.0, 1.0, 1.0, 1.0, 1.0, 1.0, 1.0, 1.0, 1.0, 1.0, 1.0, 1.0, 1.0, 1.0, 1.0, 0.95, 1.0, 1.0, 1.0, 1.0, 1.0, 1.0, 1.0, 1.0, 1.0, 1.0, 1.0, 1.0, 1.0, 1.0, 1.0, 1.0, 1.0, 1.0, 1.0, 1.0, 1.0, 1.0, 1.0, 1.0, 1.0, 1.0, 1.0, 1.0, 1.0, 1.0, 1.0, 1.0, 1.0, 1.0, 1.0, 1.0, 1.0, 1.0, 1.0, 1.0, 1.0, 1.0, 1.0, 1.0, 1.0, 1.0, 1.0, 1.0]"
gemma-4-31b-it,839d5849b985de3b732f197086218847,738becf16a16295a73455c7f39199093bf9b13e4683c5d65c05644a907714e22,True,Hyper-IgM syndrome,268,269,4337,5250,40,0.14925373134328357,1069,0.16462992852201982,0.9,0.4,1.0,48,0.2047498270694028,"[0.4, 0.35, 0.3, 0.3, 0.25, 0.3, 0.3, 0.3, 0.3, 0.2, 0.45, 0.2, 0.4, 0.3, 0.4, 0.45, 0.3, 0.5, 0.3, 0.3, 0.45, 0.5, 0.4, 0.35, 0.65, 0.45, 0.35, 0.05, 0.1, 0.1, 0.05, 0.25, 0.15, 0.25, 0.75, 0.5, 0.6, 0.75, 0.7, 0.7, 0.9, 0.95, 0.9, 0.95, 0.85, 0.95, 1.0, 0.75, 1.0, 1.0, 1.0, 1.0, 0.95, 1.0, 0.9, 0.85, 1.0, 1.0, 0.95, 0.95, 0.95, 1.0, 1.0, 0.95, 0.9, 0.9, 1.0, 1.0, 1.0, 1.0, 1.0, 0.95, 0.9, 1.0, 1.0, 1.0, 1.0, 1.0, 1.0, 0.95, 1.0, 1.0, 1.0, 1.0, 1.0, 1.0, 1.0, 0.9, 1.0, 1.0, 1.0, 1.0, 0.95, 1.0, 1.0, 1.0, 0.95, 1.0, 1.0, 1.0, 1.0, 1.0, 1.0, 1.0, 1.0, 1.0, 1.0, 1.0, 1.0, 1.0, 1.0, 1.0, 1.0, 1.0, 1.0, 1.0, 1.0, 1.0, 1.0, 1.0, 1.0, 1.0, 1.0, 1.0, 1.0, 1.0, 1.0, 1.0, 1.0, 1.0, 1.0, 1.0, 1.0, 1.0, 1.0, 1.0, 1.0, 1.0, 1.0, 1.0, 1.0, 1.0, 1.0, 1.0, 1.0, 1.0, 1.0, 1.0, 1.0, 1.0, 1.0, 1.0, 1.0, 1.0, 1.0, 1.0, 1.0, 1.0, 1.0, 1.0, 1.0, 1.0, 1.0, 1.0, 1.0, 1.0, 1.0, 1.0, 1.0, 1.0, 1.0, 1.0, 1.0, 1.0, 1.0, 1.0, 1.0, 1.0, 1.0, 1.0, 1.0, 1.0, 1.0, 1.0, 1.0, 1.0, 1.0, 1.0, 1.0, 1.0, 1.0, 1.0, 1.0, 1.0, 1.0, 1.0, 1.0, 1.0, 1.0, 1.0, 1.0, 1.0, 1.0, 1.0, 1.0, 1.0, 1.0, 1.0, 1.0, 1.0, 1.0, 1.0, 1.0, 1.0, 1.0, 1.0, 1.0, 1.0, 1.0, 1.0, 1.0, 1.0, 1.0, 1.0, 1.0, 1.0, 1.0, 1.0, 1.0, 1.0, 1.0, 1.0, 1.0, 1.0, 1.0, 1.0, 1.0, 1.0, 1.0, 1.0, 1.0, 1.0, 1.0, 1.0, 1.0, 1.0, 1.0, 1.0, 1.0, 1.0, 1.0, 1.0, 1.0, 1.0, 1.0, 1.0, 1.0, 1.0, 1.0, 1.0, 1.0, 1.0, 1.0, 1.0, 1.0, 1.0, 1.0, 1.0, 1.0]"
gemma-4-31b-it,839d5849b985de3b732f197086218847,60fc6cd9b2f678a1600eb02a314422b16ea74d46599b9e96f05518a1de95587b,False,Severe combined immunodeficiency,295,296,4396,5274,47,0.15932203389830507,1129,0.17606915377616014,0.95,0.6,1.0,47,0.17606915377616014,"[0.6, 0.7, 0.8, 0.8, 0.8, 0.65, 0.85, 0.8, 0.8, 0.8, 0.8, 0.5, 0.65, 0.55, 0.8, 0.6, 0.6, 0.7, 0.55, 0.85, 0.85, 0.95, 0.9, 0.7, 0.9, 0.55, 0.5, 0.55, 0.65, 0.5, 0.7, 0.65, 0.8, 0.75, 0.9, 0.4, 0.5, 0.7, 0.5, 0.65, 0.45, 0.35, 0.4, 0.5, 0.55, 0.45, 0.75, 0.95, 0.8, 0.95, 0.95, 1.0, 1.0, 1.0, 1.0, 0.95, 0.95, 0.95, 0.95, 1.0, 1.0, 0.95, 1.0, 1.0, 0.95, 0.85, 0.95, 0.95, 0.95, 0.95, 0.85, 1.0, 0.85, 0.9, 0.9, 0.95, 0.95, 0.9, 0.95, 1.0, 1.0, 0.9, 0.95, 1.0, 0.95, 1.0, 1.0, 1.0, 1.0, 0.95, 1.0, 1.0, 0.95, 1.0, 1.0, 1.0, 1.0, 1.0, 1.0, 1.0, 1.0, 1.0, 1.0, 1.0, 1.0, 1.0, 1.0, 1.0, 1.0, 1.0, 1.0, 1.0, 1.0, 1.0, 1.0, 1.0, 1.0, 1.0, 1.0, 1.0, 1.0, 1.0, 1.0, 1.0, 1.0, 1.0, 1.0, 1.0, 1.0, 1.0, 1.0, 1.0, 1.0, 1.0, 1.0, 1.0, 1.0, 1.0, 1.0, 1.0, 1.0, 1.0, 1.0, 1.0, 1.0, 1.0, 1.0, 1.0, 1.0, 1.0, 1.0, 1.0, 1.0, 1.0, 1.0, 1.0, 1.0, 1.0, 1.0, 1.0, 1.0, 1.0, 1.0, 1.0, 1.0, 1.0, 1.0, 1.0, 1.0, 1.0, 1.0, 1.0, 1.0, 1.0, 1.0, 1.0, 1.0, 1.0, 1.0, 1.0, 1.0, 1.0, 1.0, 1.0, 1.0, 1.0, 1.0, 1.0, 1.0, 1.0, 1.0, 1.0, 1.0, 1.0, 1.0, 1.0, 1.0, 1.0, 1.0, 1.0, 1.0, 1.0, 1.0, 1.0, 1.0, 1.0, 1.0, 1.0, 1.0, 1.0, 1.0, 1.0, 1.0, 1.0, 1.0, 1.0, 1.0, 1.0, 1.0, 1.0, 1.0, 1.0, 1.0, 1.0, 1.0, 1.0, 1.0, 1.0, 1.0, 1.0, 1.0, 1.0, 1.0, 1.0, 1.0, 1.0, 1.0, 1.0, 1.0, 1.0, 1.0, 1.0, 1.0, 1.0, 1.0, 1.0, 1.0, 1.0, 1.0, 1.0, 1.0, 1.0, 1.0, 1.0, 1.0, 1.0, 1.0, 1.0, 1.0, 1.0, 1.0, 1.0, 1.0, 1.0, 1.0, 1.0, 1.0, 1.0, 1.0, 1.0, 1.0, 1.0, 1.0, 1.0, 1.0, 1.0, 1.0, 1.0, 1.0, 1.0, 1.0, 1.0, 1.0, 1.0, 1.0, 1.0, 1.0, 1.0, 1.0, 1.0, 1.0, 1.0, 1.0, 1.0, 1.0, 1.0]"
gemma-4-31b-it,28891dd6ff7aaeaf92456def52f81530,b2fc5ffe73f172290cb85525bb53e8e7b13978d794b4aefdd6a650b6a2523410,True,Biotin-thiamine-responsive basal ganglia disease,228,229,3668,5714,31,0.13596491228070176,2161,0.14476553980370774,0.85,0.7,1.0,64,0.2958015267175573,"[0.7, 0.65, 0.55, 0.55, 0.35, 0.7, 0.7, 0.5, 0.65, 0.6, 0.65, 0.7, 0.5, 0.5, 0.7, 0.65, 0.75, 0.65, 0.65, 0.6, 0.65, 0.65, 0.6, 0.75, 0.7, 0.6, 0.6, 0.8, 0.8, 0.55, 0.9, 0.85, 0.8, 0.65, 0.9, 0.9, 0.9, 0.75, 0.75, 0.75, 0.65, 0.8, 0.8, 0.85, 0.9, 0.75, 0.7, 0.9, 0.9, 0.85, 0.7, 0.75, 0.75, 0.85, 0.85, 0.9, 0.85, 0.95, 1.0, 0.9, 0.9, 0.95, 0.95, 0.7, 0.95, 0.85, 0.95, 1.0, 0.95, 0.9, 1.0, 1.0, 0.9, 0.85, 0.95, 1.0, 1.0, 0.95, 0.9, 0.95, 1.0, 1.0, 1.0, 1.0, 1.0, 1.0, 1.0, 1.0, 1.0, 1.0, 1.0, 1.0, 1.0, 1.0, 1.0, 1.0, 1.0, 1.0, 0.95, 0.9, 1.0, 1.0, 1.0, 1.0, 1.0, 1.0, 1.0, 0.95, 1.0, 1.0, 1.0, 1.0, 1.0, 1.0, 1.0, 1.0, 1.0, 1.0, 1.0, 1.0, 1.0, 1.0, 1.0, 1.0, 0.95, 1.0, 0.95, 1.0, 1.0, 1.0, 1.0, 1.0, 1.0, 1.0, 1.0, 1.0, 1.0, 1.0, 1.0, 1.0, 1.0, 1.0, 1.0, 1.0, 1.0, 1.0, 1.0, 1.0, 1.0, 1.0, 1.0, 1.0, 1.0, 1.0, 1.0, 1.0, 1.0, 1.0, 1.0, 1.0, 1.0, 1.0, 1.0, 1.0, 1.0, 1.0, 1.0, 1.0, 1.0, 1.0, 1.0, 1.0, 1.0, 1.0, 1.0, 1.0, 1.0, 1.0, 1.0, 1.0, 1.0, 1.0, 1.0, 1.0, 1.0, 1.0, 1.0, 1.0, 1.0, 1.0, 1.0, 1.0, 1.0, 1.0, 1.0, 1.0, 1.0, 1.0, 1.0, 1.0, 1.0, 1.0, 1.0, 1.0, 1.0, 1.0, 1.0, 1.0, 1.0, 1.0, 1.0, 1.0, 1.0, 1.0, 1.0, 1.0, 1.0, 1.0, 1.0, 1.0, 1.0, 1.0, 1.0, 1.0, 1.0, 1.0, 1.0, 1.0, 1.0]"
gemma-4-31b-it,28891dd6ff7aaeaf92456def52f81530,5b6f6bcb478164dce6031ae17acefd9e9cc146a7cf6b59b861726302d5d0b78e,False,Dihydrolipoamide dehydrogenase deficiency,144,145,2884,5128,20,0.1388888888888889,2099,0.16262135922330098,0.8,0.1,1.0,28,0.2513869625520111,"[0.1, 0.15, 0.25, 0.3, 0.3, 0.35, 0.25, 0.15, 0.45, 0.45, 0.65, 0.65, 0.7, 0.6, 0.6, 0.4, 0.65, 0.75, 0.7, 0.65, 0.8, 0.85, 0.75, 0.75, 0.9, 0.9, 0.9, 0.75, 0.9, 0.9, 0.9, 1.0, 1.0, 1.0, 1.0, 1.0, 1.0, 1.0, 1.0, 1.0, 1.0, 1.0, 0.95, 1.0, 0.95, 0.95, 0.9, 1.0, 1.0, 0.95, 1.0, 0.95, 0.9, 0.95, 0.95, 0.95, 0.95, 0.9, 1.0, 0.95, 1.0, 1.0, 1.0, 0.95, 1.0, 1.0, 0.9, 0.9, 1.0, 1.0, 1.0, 1.0, 1.0, 1.0, 1.0, 1.0, 1.0, 1.0, 1.0, 1.0, 1.0, 1.0, 1.0, 1.0, 1.0, 0.9, 1.0, 0.95, 1.0, 0.9, 1.0, 0.95, 1.0, 0.9, 0.9, 0.9, 0.95, 1.0, 1.0, 1.0, 1.0, 1.0, 1.0, 1.0, 1.0, 1.0, 1.0, 1.0, 1.0, 1.0, 1.0, 1.0, 1.0, 1.0, 1.0, 1.0, 1.0, 1.0, 1.0, 1.0, 1.0, 1.0, 1.0, 1.0, 1.0, 1.0, 1.0, 1.0, 1.0, 1.0, 1.0, 1.0, 1.0, 1.0, 1.0, 1.0, 1.0, 1.0, 1.0, 1.0, 1.0, 1.0, 1.0, 1.0, 1.0]"
gemma-4-31b-it,88537bcf54e128709d3d84d9a954aa6f,5a17231de1cc64c2e9736f21b66e1ece7f5577d2125d7671f2205e61ffde9eb8,True,Henoch-Schönlein Purpura (IgA Vasculitis),321,322,4996,6710,112,0.34890965732087226,3280,0.3907125700560448,0.85,0.75,1.0,134,0.4467574059247398,"[0.75, 0.55, 0.65, 0.6, 0.7, 0.8, 0.8, 0.75, 0.75, 0.75, 0.6, 0.8, 0.85, 0.65, 0.9, 0.8, 0.65, 0.7, 0.4, 0.55, 0.7, 0.65, 0.8, 0.7, 0.45, 0.5, 0.45, 0.55, 0.6, 0.45, 0.3, 0.4, 0.45, 0.55, 0.7, 0.55, 0.8, 0.65, 0.8, 0.55, 0.75, 0.65, 0.45, 0.55, 0.55, 0.45, 0.5, 0.5, 0.45, 0.45, 0.4, 0.75, 0.2, 0.6, 0.4, 0.4, 0.3, 0.35, 0.35, 0.4, 0.35, 0.3, 0.45, 0.25, 0.4, 0.15, 0.35, 0.4, 0.3, 0.25, 0.5263, 0.3, 0.4, 0.3, 0.45, 0.75, 0.5, 0.65, 0.8, 0.65, 0.55, 0.8, 0.7, 0.65, 0.5, 0.6, 0.4, 0.55, 0.35, 0.7, 0.45, 0.75, 0.55, 0.6, 0.5, 0.7, 0.6, 0.55, 0.7, 0.6, 0.5, 0.65, 0.55, 0.6, 0.8, 0.55, 0.8, 0.95, 0.9, 1.0, 0.8, 0.6, 0.85, 1.0, 1.0, 1.0, 0.95, 0.9, 0.95, 1.0, 1.0, 0.95, 0.8, 1.0, 0.95, 0.95, 0.85, 0.8, 0.9, 0.85, 0.9, 0.85, 0.8, 0.75, 0.9, 1.0, 0.95, 0.9, 0.95, 1.0, 1.0, 1.0, 0.95, 0.95, 1.0, 0.95, 1.0, 0.9, 0.85, 0.95, 0.95, 1.0, 1.0, 1.0, 1.0, 1.0, 0.95, 1.0, 0.9, 0.95, 1.0, 0.95, 1.0, 0.95, 0.95, 0.9, 0.95, 0.95, 1.0, 1.0, 1.0, 1.0, 0.95, 0.95, 0.95, 1.0, 1.0, 1.0, 1.0, 1.0, 1.0, 1.0, 1.0, 0.95, 0.9, 0.95, 1.0, 0.95, 1.0, 1.0, 1.0, 0.95, 1.0, 1.0, 1.0, 1.0, 1.0, 1.0, 1.0, 1.0, 1.0, 1.0, 0.95, 1.0, 1.0, 1.0, 1.0, 1.0, 1.0, 0.95, 1.0, 1.0, 1.0, 0.95, 1.0, 1.0, 1.0, 1.0, 1.0, 1.0, 1.0, 0.95, 1.0, 1.0, 1.0, 1.0, 1.0, 1.0, 1.0, 1.0, 1.0, 1.0, 1.0, 1.0, 1.0, 1.0, 1.0, 1.0, 1.0, 1.0, 1.0, 0.95, 1.0, 1.0, 1.0, 0.95, 1.0, 1.0, 1.0, 1.0, 1.0, 1.0, 1.0, 1.0, 1.0, 1.0, 1.0, 1.0, 1.0, 1.0, 1.0, 1.0, 1.0, 1.0, 1.0, 1.0, 1.0, 1.0, 1.0, 1.0, 1.0, 1.0, 1.0, 1.0, 1.0, 1.0, 1.0, 1.0, 1.0, 1.0, 1.0, 1.0, 1.0, 1.0, 1.0, 1.0, 1.0, 1.0, 1.0, 1.0, 1.0, 1.0, 1.0, 1.0, 1.0, 1.0, 1.0, 1.0, 1.0, 1.0, 1.0, 1.0, 1.0, 1.0, 1.0, 1.0, 1.0, 1.0, 1.0, 1.0, 1.0, 1.0, 1.0, 1.0, 1.0, 1.0, 1.0, 1.0, 1.0, 1.0, 1.0, 1.0]"
gemma-4-31b-it,88537bcf54e128709d3d84d9a954aa6f,8d4d08f76aed6f0a9af32c436152f5c127a89cfe37647fc3ba0b9ecc72740a0e,False,Polyarteritis Nodosa,225,226,4319,6184,112,0.49777777777777776,3681,0.5448020375086826,0.85,0.1,1.0,112,0.5448020375086826,"[0.1, 0.05, 0.2, 0.35, 0.15, 0.25, 0.1, 0.2, 0.2, 0.15, 0.15, 0.2, 0.15, 0.45, 0.25, 0.1, 0.45, 0.35, 0.4, 0.3, 0.65, 0.6, 0.3, 0.3, 0.35, 0.25, 0.15, 0.05, 0.1, 0.15, 0.15, 0.15, 0.2, 0.3, 0.3, 0.25, 0.1, 0.35, 0.1, 0.5, 0.2, 0.15, 0.15, 0.35, 0.25, 0.25, 0.1, 0.25, 0.15, 0.1, 0.05, 0.15, 0.05, 0.15, 0.15, 0.05, 0.0, 0.0, 0.0, 0.0, 0.1, 0.05, 0.05, 0.0, 0.0, 0.05, 0.1, 0.0, 0.05, 0.1, 0.15, 0.15, 0.05, 0.2, 0.25, 0.3, 0.2, 0.35, 0.5, 0.4, 0.65, 0.3, 0.5, 0.55, 0.4, 0.35, 0.2, 0.4, 0.45, 0.65, 0.3, 0.35, 0.6, 0.4, 0.35, 0.15, 0.3, 0.25, 0.15, 0.35, 0.15, 0.2, 0.25, 0.4, 0.2, 0.35, 0.2, 0.05, 0.25, 0.35, 0.2, 0.25, 0.85, 0.95, 0.9, 0.9, 1.0, 0.95, 1.0, 1.0, 1.0, 0.95, 1.0, 0.95, 1.0, 1.0, 1.0, 1.0, 1.0, 1.0, 1.0, 1.0, 1.0, 1.0, 1.0, 1.0, 1.0, 1.0, 1.0, 1.0, 1.0, 1.0, 1.0, 1.0, 1.0, 1.0, 1.0, 1.0, 1.0, 1.0, 1.0, 1.0, 1.0, 1.0, 1.0, 1.0, 1.0, 1.0, 1.0, 1.0, 1.0, 1.0, 1.0, 1.0, 1.0, 1.0, 1.0, 1.0, 1.0, 1.0, 1.0, 1.0, 1.0, 1.0, 1.0, 1.0, 1.0, 1.0, 1.0, 1.0, 1.0, 1.0, 1.0, 1.0, 1.0, 1.0, 1.0, 1.0, 1.0, 1.0, 1.0, 1.0, 1.0, 1.0, 1.0, 1.0, 1.0, 1.0, 1.0, 1.0, 1.0, 1.0, 1.0, 1.0, 1.0, 1.0, 1.0, 1.0, 1.0, 1.0, 1.0, 1.0, 1.0, 1.0, 1.0, 1.0, 1.0, 1.0, 1.0, 1.0, 1.0, 1.0, 1.0, 1.0, 1.0, 1.0]"
gemma-4-31b-it,28d28d258ac6a1478eba8edc77a6c82a,da041bc6fae7a6cc1adbcc4be5eb5268f73252353d321eac490d14219fdfeda9,True,Herpes zoster ophthalmicus,300,301,5152,7729,69,0.23,3565,0.2694099378881988,0.8,0.35,1.0,103,0.3812111801242236,"[0.35, 0.5, 0.3, 0.05, 0.2, 0.45, 0.55, 0.5, 0.25, 0.3, 0.2, 0.65, 0.5, 0.5, 0.45, 0.3, 0.45, 0.4, 0.5, 0.1, 0.45, 0.35, 0.15, 0.4, 0.4, 0.35, 0.25, 0.35, 0.5, 0.4, 0.25, 0.45, 0.45, 0.65, 0.3, 0.25, 0.3, 0.4, 0.35, 0.25, 0.4, 0.35, 0.2, 0.45, 0.2, 0.3, 0.45, 0.25, 0.4, 0.15, 0.3, 0.15, 0.5, 0.45, 0.35, 0.5, 0.5, 0.35, 0.55, 0.4, 0.8, 0.55, 0.65, 0.6, 0.6, 0.8, 0.55, 0.6, 0.7, 0.8, 0.75, 0.8, 0.75, 0.8, 0.65, 0.75, 0.65, 0.75, 0.7, 0.7, 1.0, 0.85, 0.95, 0.8, 1.0, 0.8, 0.9, 0.9, 0.8, 0.9, 0.95, 0.95, 0.95, 0.9, 0.9, 0.8, 0.85, 0.9, 0.85, 0.75, 0.75, 0.9, 0.75, 0.9, 0.95, 0.9, 0.9, 0.9, 0.85, 0.95, 1.0, 0.95, 0.9, 1.0, 1.0, 1.0, 0.95, 1.0, 0.9, 1.0, 0.95, 0.95, 1.0, 1.0, 0.95, 1.0, 1.0, 1.0, 1.0, 1.0, 1.0, 1.0, 1.0, 1.0, 1.0, 1.0, 1.0, 1.0, 1.0, 1.0, 1.0, 1.0, 1.0, 1.0, 1.0, 1.0, 1.0, 1.0, 1.0, 1.0, 1.0, 1.0, 1.0, 1.0, 1.0, 1.0, 1.0, 1.0, 1.0, 1.0, 1.0, 1.0, 1.0, 1.0, 1.0, 0.95, 1.0, 1.0, 1.0, 1.0, 1.0, 1.0, 1.0, 1.0, 1.0, 1.0, 1.0, 1.0, 1.0, 1.0, 1.0, 1.0, 1.0, 1.0, 1.0, 1.0, 1.0, 1.0, 1.0, 1.0, 1.0, 1.0, 1.0, 1.0, 1.0, 1.0, 1.0, 1.0, 1.0, 1.0, 1.0, 1.0, 1.0, 1.0, 1.0, 1.0, 1.0, 1.0, 1.0, 1.0, 1.0, 1.0, 1.0, 1.0, 1.0, 1.0, 1.0, 1.0, 1.0, 1.0, 1.0, 1.0, 1.0, 1.0, 1.0, 1.0, 1.0, 1.0, 1.0, 1.0, 1.0, 1.0, 1.0, 1.0, 1.0, 1.0, 1.0, 1.0, 1.0, 1.0, 1.0, 1.0, 1.0, 1.0, 1.0, 1.0, 1.0, 1.0, 1.0, 1.0, 1.0, 1.0, 1.0, 1.0, 1.0, 1.0, 1.0, 1.0, 1.0, 1.0, 1.0, 1.0, 1.0, 1.0, 1.0, 1.0, 1.0, 1.0, 1.0, 1.0, 1.0, 1.0, 1.0, 1.0, 1.0, 1.0, 1.0, 1.0, 1.0, 1.0, 1.0, 1.0, 1.0, 1.0, 1.0, 1.0, 1.0, 1.0, 1.0, 1.0, 1.0, 1.0, 1.0, 1.0, 1.0, 1.0, 1.0, 1.0, 1.0, 1.0, 1.0]"
gemma-4-31b-it,28d28d258ac6a1478eba8edc77a6c82a,95c9c81ecd49ea0e8e0adfe60558a797c0f92a163550257d91e8b07c1919bc91,False,Kaposi sarcoma,265,266,4479,7024,207,0.7811320754716982,5730,0.7932574235320384,0.85,0.0,1.0,222,0.8463942844384907,"[0.0, 0.0, 0.0, 0.0, 0.0, 0.0, 0.0, 0.0, 0.0, 0.0, 0.0, 0.0, 0.0, 0.0, 0.0, 0.0, 0.0, 0.0, 0.0, 0.0, 0.0, 0.0, 0.0, 0.0, 0.0, 0.0, 0.0, 0.0, 0.0, 0.0, 0.0, 0.0, 0.0, 0.0, 0.0, 0.0, 0.0, 0.0, 0.1, 0.15, 0.1, 0.05, 0.05, 0.0, 0.05, 0.05, 0.15, 0.15, 0.15, 0.05, 0.3, 0.25, 0.2, 0.05, 0.1, 0.15, 0.05, 0.2, 0.05, 0.05, 0.4, 0.05, 0.15, 0.2, 0.35, 0.25, 0.35, 0.45, 0.35, 0.45, 0.55, 0.6, 0.25, 0.35, 0.25, 0.35, 0.15, 0.3, 0.45, 0.3, 0.7, 0.55, 0.25, 0.5, 0.35, 0.4, 0.5, 0.55, 0.35, 0.3, 0.4, 0.35, 0.4, 0.3, 0.4, 0.4, 0.2, 0.35, 0.5, 0.3, 0.4, 0.2, 0.15, 0.2, 0.1, 0.15, 0.35, 0.65, 0.3, 0.25, 0.6, 0.4, 0.55, 0.65, 0.55, 0.45, 0.5, 0.45, 0.4, 0.7, 0.4, 0.45, 0.6, 0.5, 0.6, 0.6, 0.65, 0.6, 0.55, 0.8, 0.65, 0.35, 0.6, 0.5789, 0.65, 0.65, 0.7, 0.55, 0.65, 0.6, 0.7, 0.4, 0.45, 0.75, 0.65, 0.3, 0.65, 0.65, 0.6, 0.65, 0.6, 0.7, 0.65, 0.7, 0.55, 0.4, 0.6, 0.65, 0.7, 0.95, 0.85, 0.9, 0.95, 0.85, 0.85, 0.75, 0.8, 0.85, 0.85, 1.0, 1.0, 0.8, 0.9, 0.7, 0.9, 0.85, 0.8, 0.65, 0.7, 0.6, 0.8, 0.6, 0.7, 0.7, 0.85, 0.8, 0.95, 0.8, 0.75, 0.8, 0.55, 0.85, 0.7, 0.4, 0.75, 0.65, 0.55, 0.4, 0.65, 0.3, 0.8, 0.65, 0.75, 0.85, 0.65, 0.8, 0.6, 0.85, 0.7, 0.65, 0.75, 0.9, 0.9, 1.0, 1.0, 0.85, 0.65, 0.9, 0.85, 0.75, 0.9, 0.65, 0.85, 0.85, 0.95, 0.9, 0.9, 0.8, 0.9, 0.95, 0.9, 0.8, 0.9, 0.8, 0.85, 0.85, 0.95, 1.0, 0.95, 0.85, 1.0, 0.95, 1.0, 1.0, 1.0, 1.0, 1.0, 1.0, 1.0, 1.0, 1.0, 1.0, 1.0, 1.0, 1.0, 1.0, 1.0, 1.0, 1.0, 1.0, 1.0, 1.0, 1.0, 1.0, 1.0, 1.0]"
gemma-4-31b-it,967834058a7e6f5cb903d6d983ecba7e,eaf4f602ee12a8cba44e4af9c1c73b4232baaced8dbdb984aaa173a60dea1975,True,Beta-Thalassemia,164,165,2845,3574,10,0.06097560975609756,494,0.08717047451669596,0.85,0.75,1.0,77,0.5061511423550088,"[0.75, 0.45, 0.55, 0.55, 0.55, 0.6, 0.7, 0.55, 0.55, 0.45, 0.85, 0.85, 0.75, 0.75, 0.8, 0.9, 0.8, 1.0, 1.0, 0.9, 1.0, 0.9, 1.0, 0.95, 1.0, 1.0, 1.0, 0.95, 0.85, 0.65, 0.9, 0.9, 0.75, 1.0, 0.7, 0.85, 0.9, 0.8, 0.75, 0.9, 0.85, 0.8, 0.95, 0.85, 0.9, 0.8, 0.95, 0.95, 0.8, 0.9, 1.0, 0.95, 0.95, 0.8, 0.95, 0.9, 0.9, 0.9, 1.0, 1.0, 0.85, 0.9, 0.95, 0.95, 0.95, 0.9, 0.95, 0.95, 0.95, 0.95, 0.85, 0.8, 0.7, 0.95, 0.85, 0.7, 0.75, 0.9, 0.95, 0.8, 0.85, 1.0, 0.95, 0.9, 1.0, 1.0, 0.95, 1.0, 1.0, 0.95, 1.0, 0.95, 0.9, 0.95, 1.0, 1.0, 1.0, 1.0, 1.0, 0.95, 0.95, 0.95, 0.9, 1.0, 0.95, 0.95, 1.0, 1.0, 1.0, 0.95, 1.0, 0.95, 1.0, 1.0, 0.9, 0.95, 1.0, 1.0, 1.0, 0.95, 1.0, 0.95, 1.0, 0.95, 1.0, 0.95, 1.0, 1.0, 1.0, 1.0, 1.0, 0.95, 1.0, 1.0, 1.0, 0.95, 1.0, 1.0, 0.95, 0.95, 1.0, 1.0, 1.0, 1.0, 1.0, 1.0, 1.0, 1.0, 0.95, 0.95, 1.0, 1.0, 1.0, 1.0, 1.0, 1.0, 1.0, 0.95, 1.0, 1.0, 1.0, 1.0, 1.0, 1.0, 1.0]"
gemma-4-31b-it,967834058a7e6f5cb903d6d983ecba7e,76ac6432abdb292ba71273a36a4b407bd05cb0c82860da7996bfa9c3cfd6bd6f,False,Beta-Thalassemia Intermedia,223,224,3467,4145,91,0.4080717488789238,1771,0.4398615517738679,0.85,0.4,1.0,102,0.5067781944043842,"[0.4, 0.4, 0.65, 0.8, 0.75, 0.7, 0.6, 0.8, 0.6, 0.7, 0.45, 0.55, 0.6, 0.55, 0.3, 0.6, 0.5, 0.55, 0.25, 0.6, 0.5, 0.65, 0.55, 0.55, 0.45, 0.6, 0.65, 0.75, 0.65, 0.5, 0.5, 0.6, 0.45, 0.65, 0.55, 0.7, 0.75, 0.75, 0.7, 0.8, 0.85, 0.95, 0.75, 0.75, 0.8, 0.6, 0.45, 0.7, 0.75, 0.85, 0.7, 0.8, 0.8, 0.7, 0.8, 0.75, 0.5, 0.7, 0.6, 0.8, 0.55, 0.7, 0.5, 0.6, 0.6, 0.8, 0.45, 0.85, 0.7, 0.6, 0.7, 0.8, 0.7, 0.85, 0.75, 0.9, 0.7, 0.75, 0.95, 0.75, 0.65, 0.75, 0.8, 0.7, 0.75, 0.85, 0.9, 0.85, 0.7, 0.6, 0.7, 0.85, 0.85, 0.65, 0.75, 0.8, 0.7, 0.8, 0.7, 0.9, 0.9, 0.75, 0.95, 0.85, 0.95, 0.85, 0.95, 0.9, 0.95, 0.8, 1.0, 0.95, 1.0, 1.0, 0.9, 0.95, 1.0, 1.0, 0.9, 0.95, 1.0, 0.95, 1.0, 0.95, 0.95, 0.85, 0.85, 1.0, 0.9, 0.9, 0.95, 0.9, 1.0, 0.85, 1.0, 0.95, 0.9, 1.0, 0.95, 1.0, 0.9, 0.95, 0.9, 0.95, 0.9, 0.95, 1.0, 1.0, 1.0, 1.0, 1.0, 1.0, 1.0, 1.0, 1.0, 1.0, 1.0, 1.0, 1.0, 1.0, 0.95, 1.0, 1.0, 1.0, 1.0, 1.0, 1.0, 1.0, 1.0, 0.95, 1.0, 1.0, 1.0, 1.0, 0.9, 1.0, 1.0, 1.0, 1.0, 1.0, 1.0, 1.0, 1.0, 1.0, 0.95, 1.0, 1.0, 0.95, 1.0, 1.0, 1.0, 1.0, 1.0, 1.0, 1.0, 1.0, 1.0, 1.0, 1.0, 1.0, 1.0, 1.0, 1.0, 1.0, 0.95, 1.0, 0.95, 1.0, 0.95, 1.0, 1.0, 0.95, 1.0, 1.0, 1.0, 1.0, 1.0, 1.0, 1.0, 1.0, 1.0, 1.0, 1.0, 1.0]"
gemma-4-31b-it,2d167450cef58742130e16740cd99dd1,8c6fcab6165ec7b58081dcf2f9b5aebc9c3379b912f37007e1ce9dad98bb01d5,True,Kikuchi-Fujimoto disease,157,158,2897,5006,28,0.17834394904458598,2279,0.17673455298584742,0.8,0.4,1.0,31,0.20262340352088368,"[0.4, 0.45, 0.45, 0.25, 0.75, 0.3, 0.4, 0.4, 0.65, 0.6, 0.55, 0.5, 0.55, 0.4, 0.4, 0.65, 0.4, 0.65, 0.35, 0.5, 0.55, 0.5, 0.65, 0.7, 0.35, 0.55, 0.65, 0.5, 0.8, 0.7, 0.65, 0.85, 0.8, 0.9, 0.9, 0.9, 0.95, 1.0, 1.0, 1.0, 1.0, 1.0, 1.0, 1.0, 1.0, 1.0, 1.0, 1.0, 1.0, 1.0, 1.0, 1.0, 1.0, 1.0, 1.0, 1.0, 1.0, 1.0, 1.0, 1.0, 1.0, 1.0, 1.0, 1.0, 1.0, 1.0, 1.0, 1.0, 1.0, 1.0, 1.0, 1.0, 1.0, 1.0, 1.0, 1.0, 1.0, 1.0, 1.0, 1.0, 1.0, 1.0, 1.0, 1.0, 1.0, 1.0, 1.0, 1.0, 1.0, 1.0, 1.0, 1.0, 1.0, 1.0, 1.0, 1.0, 1.0, 1.0, 1.0, 1.0, 1.0, 1.0, 1.0, 1.0, 1.0, 1.0, 1.0, 1.0, 1.0, 1.0, 1.0, 1.0, 1.0, 1.0, 1.0, 1.0, 1.0, 1.0, 1.0, 1.0, 1.0, 1.0, 1.0, 1.0, 1.0, 1.0, 1.0, 1.0, 1.0, 1.0, 1.0, 1.0, 1.0, 1.0, 1.0, 1.0, 1.0, 1.0, 1.0, 1.0, 1.0, 1.0, 1.0, 1.0, 1.0, 1.0, 1.0, 1.0, 1.0, 1.0, 1.0, 1.0, 1.0, 1.0, 1.0, 1.0, 1.0, 1.0]"
gemma-4-31b-it,2d167450cef58742130e16740cd99dd1,c1e2e9526b9597a32c0a546d6686745a8dcf99c6fb8c53604c6cb09f0dee8586,False,Adult-onset Still's disease,240,241,3767,5897,91,0.37916666666666665,3343,0.418370055747279,0.9,0.4,1.0,146,0.6509158481550306,"[0.4, 0.45, 0.25, 0.4, 0.25, 0.5, 0.45, 0.3, 0.5, 0.45, 0.3, 0.25, 0.35, 0.4, 0.2, 0.55, 0.55, 0.55, 0.7, 0.6, 0.6, 0.55, 0.6, 0.5, 0.8, 0.65, 0.6, 0.65, 0.55, 0.7, 0.6, 0.8, 0.55, 0.65, 0.7, 0.6, 0.75, 0.85, 0.7, 0.85, 0.8, 0.6, 0.7, 0.65, 0.45, 0.45, 0.65, 0.6, 0.35, 0.7, 0.5, 0.6, 0.6, 0.5, 0.45, 0.8, 0.55, 0.45, 0.25, 0.5, 0.5, 0.75, 0.5, 0.5, 0.5, 0.5, 0.75, 0.65, 0.65, 0.9, 0.8, 0.9, 0.75, 0.75, 0.8, 0.85, 0.8, 0.7, 0.7, 0.85, 0.75, 0.85, 0.95, 0.8, 0.8, 0.75, 0.7, 0.7, 0.7, 0.5, 0.75, 0.9, 0.9, 0.9, 0.95, 0.9, 1.0, 0.85, 1.0, 1.0, 0.85, 0.9, 0.95, 0.95, 0.95, 0.9, 0.9, 0.95, 0.9, 0.95, 0.95, 0.95, 1.0, 0.9, 0.85, 0.95, 0.8, 0.95, 1.0, 0.8, 1.0, 1.0, 0.95, 0.9, 0.8, 0.9, 0.9, 0.9, 0.85, 0.95, 0.9, 0.95, 0.95, 0.95, 0.95, 0.85, 0.8, 0.9, 0.95, 0.9, 0.9, 0.9, 0.8, 0.8, 0.85, 0.75, 0.8, 0.85, 0.9, 1.0, 0.85, 0.85, 0.9, 0.95, 0.95, 1.0, 1.0, 1.0, 1.0, 1.0, 1.0, 1.0, 1.0, 1.0, 1.0, 1.0, 1.0, 1.0, 1.0, 1.0, 1.0, 1.0, 1.0, 1.0, 1.0, 1.0, 1.0, 1.0, 1.0, 1.0, 1.0, 1.0, 1.0, 1.0, 1.0, 1.0, 1.0, 1.0, 1.0, 1.0, 1.0, 1.0, 1.0, 1.0, 0.95, 1.0, 1.0, 1.0, 1.0, 1.0, 1.0, 1.0, 1.0, 1.0, 1.0, 1.0, 1.0, 1.0, 1.0, 1.0, 1.0, 1.0, 1.0, 1.0, 1.0, 1.0, 1.0, 1.0, 1.0, 1.0, 1.0, 1.0, 1.0, 1.0, 1.0, 1.0, 1.0, 1.0, 1.0, 1.0, 1.0, 1.0, 1.0, 1.0, 1.0, 1.0, 1.0, 1.0, 1.0, 1.0, 1.0]"
gemma-4-31b-it,99056c3c2db73e4929ee1df107d73688,f47597ea04ee5ba53829ab97548fd0388000fa6e6ff63b2172140fffbfe714a8,True,Benign Neonatal Hyperbilirubinemia,231,232,4486,5557,120,0.5194805194805194,2715,0.5256353098528757,0.8,0.05,1.0,125,0.550824788230049,"[0.05, 0.0, 0.0, 0.05, 0.0, 0.05, 0.0, 0.1, 0.0, 0.0, 0.0, 0.0, 0.0, 0.0, 0.0, 0.0, 0.05, 0.0, 0.0, 0.05, 0.2, 0.1, 0.0, 0.1, 0.15, 0.3, 0.3, 0.35, 0.4, 0.3, 0.35, 0.1, 0.25, 0.45, 0.4, 0.4, 0.45, 0.45, 0.5, 0.45, 0.55, 0.4, 0.65, 0.7, 0.6, 0.7, 0.3, 0.55, 0.55, 0.5, 0.55, 0.65, 0.6, 0.75, 0.7, 0.85, 0.85, 0.8, 0.6, 0.8, 0.55, 0.85, 0.35, 0.55, 0.6, 0.4, 0.85, 0.45, 0.35, 0.65, 0.4, 0.5, 0.65, 0.45, 0.7, 0.45, 0.7, 0.5, 0.65, 0.8, 0.6, 0.35, 0.5, 0.65, 0.6, 0.75, 0.55, 0.45, 0.55, 0.55, 0.55, 0.65, 0.65, 0.85, 0.8, 0.75, 0.75, 0.75, 0.8, 0.85, 0.7, 0.95, 0.9, 0.75, 1.0, 0.8, 0.75, 0.9, 0.9, 0.8, 0.95, 0.8, 0.9, 0.5, 0.5, 0.9, 0.75, 0.6, 0.75, 0.6, 0.8, 0.75, 0.65, 0.9, 0.75, 0.85, 0.9, 1.0, 1.0, 1.0, 0.95, 1.0, 1.0, 0.95, 1.0, 1.0, 0.95, 1.0, 1.0, 1.0, 1.0, 1.0, 1.0, 1.0, 1.0, 1.0, 1.0, 1.0, 1.0, 1.0, 1.0, 1.0, 1.0, 1.0, 1.0, 1.0, 1.0, 1.0, 1.0, 1.0, 1.0, 1.0, 1.0, 1.0, 1.0, 1.0, 1.0, 1.0, 1.0, 1.0, 1.0, 1.0, 1.0, 1.0, 1.0, 1.0, 1.0, 1.0, 1.0, 1.0, 1.0, 1.0, 1.0, 1.0, 1.0, 1.0, 1.0, 1.0, 1.0, 1.0, 1.0, 1.0, 1.0, 1.0, 1.0, 1.0, 1.0, 1.0, 1.0, 1.0, 1.0, 1.0, 1.0, 1.0, 1.0, 1.0, 1.0, 1.0, 1.0, 1.0, 1.0, 1.0, 1.0, 1.0, 1.0, 1.0, 1.0, 1.0, 1.0, 1.0, 1.0, 1.0, 1.0, 1.0, 1.0, 1.0, 1.0, 1.0, 1.0, 1.0, 1.0, 1.0]"
gemma-4-31b-it,99056c3c2db73e4929ee1df107d73688,d55977c553228aa2f4b366fbd66dc6edc9b1cf2d9e0be2b95526bf088fc15260,False,Crigler-Najjar Syndrome Type I,191,192,3245,4067,0,0.0,360,0.0009244992295839754,1.0,1.0,1.0,0,0.0009244992295839754,"[1.0, 1.0, 0.85, 0.85, 0.9, 0.95, 0.95, 0.9, 0.9, 0.9, 0.95, 0.9, 0.8, 0.9, 0.9, 0.85, 0.9, 1.0, 0.95, 0.9, 0.95, 0.9, 0.95, 0.9, 0.9, 0.95, 1.0, 0.9, 1.0, 0.95, 0.95, 1.0, 0.95, 1.0, 0.95, 1.0, 0.95, 1.0, 1.0, 1.0, 1.0, 1.0, 1.0, 1.0, 1.0, 1.0, 1.0, 1.0, 1.0, 1.0, 1.0, 1.0, 1.0, 1.0, 1.0, 1.0, 1.0, 1.0, 1.0, 1.0, 1.0, 1.0, 1.0, 1.0, 1.0, 1.0, 1.0, 1.0, 1.0, 1.0, 1.0, 1.0, 1.0, 0.95, 1.0, 1.0, 1.0, 1.0, 1.0, 1.0, 1.0, 1.0, 1.0, 1.0, 1.0, 1.0, 1.0, 1.0, 1.0, 1.0, 1.0, 1.0, 1.0, 1.0, 1.0, 1.0, 1.0, 1.0, 1.0, 1.0, 1.0, 1.0, 1.0, 1.0, 1.0, 1.0, 1.0, 1.0, 1.0, 1.0, 1.0, 1.0, 1.0, 1.0, 1.0, 1.0, 1.0, 1.0, 1.0, 1.0, 1.0, 1.0, 1.0, 1.0, 1.0, 1.0, 1.0, 1.0, 1.0, 1.0, 1.0, 1.0, 1.0, 1.0, 1.0, 1.0, 1.0, 1.0, 1.0, 1.0, 1.0, 1.0, 1.0, 1.0, 1.0, 1.0, 1.0, 1.0, 1.0, 1.0, 1.0, 1.0, 1.0, 1.0, 1.0, 1.0, 1.0, 1.0, 1.0, 1.0, 1.0, 1.0, 1.0, 1.0, 1.0, 1.0, 1.0, 1.0, 1.0, 1.0, 1.0, 1.0, 1.0, 1.0, 1.0, 1.0, 1.0, 1.0, 1.0, 1.0, 1.0, 1.0, 1.0, 1.0, 1.0, 1.0, 1.0, 1.0, 1.0, 1.0, 1.0, 1.0]"
gemma-4-31b-it,42657169f520db24ecd36735fa5fcd7f,6f90c62ff709531f94774510b7e6e755b3d07cf2e54109e2d46b1490bf94a725,False,Serotonin Syndrome,266,267,4689,5656,66,0.24812030075187969,1644,0.27361910855193006,0.85,0.3,1.0,81,0.3371721049264235,"[0.3, 0.5, 0.6, 0.4, 0.7, 0.5, 0.3, 0.6, 0.55, 0.55, 0.6, 0.45, 0.75, 0.6, 0.65, 0.9, 0.85, 0.75, 0.8, 0.7, 0.8, 0.8, 0.75, 0.75, 0.8, 0.9, 0.85, 0.8, 0.95, 0.95, 1.0, 0.95, 0.95, 0.9, 0.95, 0.95, 0.95, 1.0, 0.85, 0.9, 0.6, 0.85, 0.75, 0.85, 0.85, 0.8, 0.9, 0.85, 1.0, 0.95, 0.85, 0.9, 0.9, 0.7, 0.65, 0.85, 0.95, 0.8, 0.8, 0.6, 0.65, 0.8, 0.75, 0.7, 0.8, 0.6, 0.85, 0.85, 0.95, 0.95, 0.95, 0.9, 1.0, 0.9, 0.8, 0.9, 0.85, 0.95, 0.95, 0.8, 0.75, 0.95, 1.0, 1.0, 0.8, 1.0, 1.0, 0.95, 0.95, 1.0, 1.0, 1.0, 1.0, 1.0, 1.0, 1.0, 1.0, 1.0, 1.0, 1.0, 0.95, 1.0, 0.95, 1.0, 1.0, 1.0, 1.0, 1.0, 1.0, 1.0, 1.0, 1.0, 1.0, 1.0, 1.0, 1.0, 1.0, 1.0, 0.95, 1.0, 1.0, 1.0, 1.0, 1.0, 1.0, 1.0, 1.0, 1.0, 1.0, 1.0, 0.95, 1.0, 1.0, 1.0, 1.0, 1.0, 1.0, 1.0, 1.0, 1.0, 1.0, 1.0, 1.0, 1.0, 1.0, 1.0, 1.0, 1.0, 1.0, 1.0, 1.0, 1.0, 1.0, 1.0, 1.0, 1.0, 1.0, 1.0, 1.0, 1.0, 1.0, 1.0, 1.0, 1.0, 1.0, 1.0, 1.0, 1.0, 1.0, 1.0, 1.0, 1.0, 1.0, 1.0, 1.0, 1.0, 1.0, 1.0, 1.0, 1.0, 1.0, 1.0, 1.0, 1.0, 1.0, 1.0, 1.0, 1.0, 1.0, 1.0, 1.0, 1.0, 1.0, 1.0, 1.0, 1.0, 1.0, 1.0, 1.0, 1.0, 1.0, 1.0, 1.0, 1.0, 1.0, 1.0, 1.0, 1.0, 1.0, 1.0, 1.0, 1.0, 1.0, 1.0, 1.0, 1.0, 1.0, 1.0, 1.0, 1.0, 1.0, 1.0, 1.0, 1.0, 1.0, 1.0, 1.0, 1.0, 1.0, 1.0, 1.0, 1.0, 1.0, 1.0, 1.0, 1.0, 1.0, 1.0, 1.0, 1.0, 1.0, 1.0, 1.0, 1.0, 1.0, 1.0, 1.0, 1.0, 1.0, 1.0, 1.0, 1.0, 1.0, 1.0, 1.0, 1.0, 1.0, 1.0, 1.0, 1.0, 1.0, 1.0, 1.0, 1.0, 1.0, 1.0, 1.0]"
gemma-4-31b-it,9d8432d3b13c02fb04b55e0a74c6c063,fd2a8a0285b29cd378c6d285586322d6b8c44070257de8c82f8d545bf5f34dba,True,Spontaneous Coronary Artery Dissection,99,100,1839,3271,23,0.23232323232323232,1558,0.28928765633496467,1.0,0.15,1.0,23,0.28928765633496467,"[0.15, 0.3, 0.25, 0.45, 0.3, 0.4, 0.3, 0.3, 0.3, 0.35, 0.35, 0.35, 0.4, 0.25, 0.35, 0.4, 0.3, 0.3, 0.35, 0.4, 0.35, 0.2, 0.7, 1.0, 0.95, 0.9, 1.0, 1.0, 1.0, 1.0, 0.95, 1.0, 0.95, 1.0, 1.0, 0.95, 1.0, 1.0, 0.95, 1.0, 1.0, 1.0, 1.0, 1.0, 1.0, 1.0, 1.0, 1.0, 1.0, 1.0, 1.0, 1.0, 1.0, 1.0, 1.0, 1.0, 1.0, 1.0, 1.0, 1.0, 1.0, 1.0, 1.0, 1.0, 1.0, 1.0, 1.0, 1.0, 1.0, 1.0, 1.0, 1.0, 1.0, 1.0, 1.0, 1.0, 1.0, 1.0, 0.9, 1.0, 1.0, 1.0, 1.0, 1.0, 1.0, 0.95, 1.0, 1.0, 1.0, 1.0, 1.0, 1.0, 1.0, 1.0, 1.0, 1.0, 1.0, 1.0, 0.95, 1.0]"
gemma-4-31b-it,9d8432d3b13c02fb04b55e0a74c6c063,ccc3611cdb7e0f2d10e565e702e34edada81b76cbfb6746e01199af8db7bd2a3,False,Vascular Ehlers-Danlos syndrome,113,114,2333,3907,24,0.21238938053097345,1380,0.15173596228032576,0.85,0.8,1.0,32,0.22160308615516502,"[0.8, 0.85, 0.65, 0.7, 0.85, 0.55, 0.65, 0.8, 0.7, 0.8, 0.65, 0.75, 0.3, 0.55, 0.45, 0.6316, 0.35, 0.65, 0.5, 0.55, 0.6, 0.9, 0.5, 0.45, 0.85, 0.75, 0.7, 0.75, 0.8, 0.85, 0.8, 0.7, 1.0, 0.8, 0.85, 1.0, 1.0, 0.95, 1.0, 1.0, 1.0, 1.0, 1.0, 1.0, 1.0, 1.0, 1.0, 1.0, 1.0, 1.0, 1.0, 1.0, 1.0, 1.0, 1.0, 1.0, 1.0, 1.0, 1.0, 1.0, 1.0, 1.0, 1.0, 1.0, 1.0, 1.0, 1.0, 1.0, 1.0, 1.0, 1.0, 1.0, 1.0, 1.0, 1.0, 1.0, 1.0, 1.0, 1.0, 1.0, 1.0, 1.0, 1.0, 1.0, 1.0, 1.0, 1.0, 1.0, 1.0, 1.0, 1.0, 1.0, 1.0, 1.0, 1.0, 1.0, 1.0, 1.0, 1.0, 1.0, 1.0, 1.0, 1.0, 1.0, 1.0, 1.0, 1.0, 1.0, 1.0, 1.0, 1.0, 1.0, 1.0, 1.0]"
gemma-4-31b-it,44182d567f7978b8cf0aa37c5ce0d4aa,f63fc593f8d6ebbf90aba9fb6f72b091ed9add9304528874efb91c80a2ca6d1b,True,Acute Hepatitis,297,298,4616,5306,96,0.32323232323232326,1892,0.3633015597920277,0.85,0.15,1.0,133,0.47681975736568455,"[0.15, 0.1, 0.1, 0.1, 0.15, 0.1, 0.0, 0.15, 0.2, 0.05, 0.1, 0.2, 0.15, 0.05, 0.2, 0.05, 0.2, 0.15, 0.2, 0.25, 0.15, 0.3, 0.15, 0.05, 0.35, 0.4, 0.15, 0.1, 0.15, 0.15, 0.15, 0.3, 0.4, 0.1, 0.25, 0.25, 0.25, 0.35, 0.25, 0.4, 0.25, 0.35, 0.45, 0.55, 0.75, 0.8, 0.8, 1.0, 0.8, 1.0, 0.9, 0.95, 0.8, 0.6, 0.6, 0.65, 0.5, 0.7, 0.65, 0.6, 0.5, 0.55, 0.3, 0.6, 0.5, 0.35, 0.55, 0.45, 0.35, 0.3, 0.45, 0.5, 0.2, 0.15, 0.2, 0.35, 0.2, 0.3, 0.5, 0.25, 0.4, 0.4, 0.35, 0.25, 0.4, 0.45, 0.4, 0.55, 0.45, 0.45, 0.5, 0.6, 0.6, 0.7, 0.5, 0.9, 0.85, 0.9, 0.85, 0.65, 0.8, 0.75, 0.75, 0.85, 0.95, 0.8, 0.9, 0.9, 0.75, 0.85, 0.95, 0.9, 0.85, 0.75, 0.8, 0.85, 0.8, 0.7, 0.85, 0.7, 0.8, 0.75, 0.65, 0.9, 0.85, 0.95, 0.65, 0.85, 0.7, 0.65, 0.85, 0.85, 0.75, 0.8, 1.0, 0.95, 1.0, 1.0, 1.0, 1.0, 1.0, 0.95, 1.0, 1.0, 1.0, 0.95, 1.0, 1.0, 1.0, 1.0, 1.0, 0.95, 1.0, 1.0, 1.0, 0.95, 1.0, 1.0, 1.0, 1.0, 1.0, 1.0, 1.0, 1.0, 1.0, 0.95, 0.95, 1.0, 0.95, 1.0, 1.0, 1.0, 1.0, 1.0, 1.0, 1.0, 1.0, 1.0, 1.0, 1.0, 1.0, 1.0, 1.0, 1.0, 1.0, 1.0, 1.0, 0.95, 1.0, 1.0, 1.0, 1.0, 1.0, 1.0, 1.0, 1.0, 1.0, 1.0, 1.0, 1.0, 1.0, 1.0, 1.0, 1.0, 1.0, 1.0, 1.0, 1.0, 1.0, 1.0, 1.0, 1.0, 1.0, 1.0, 1.0, 1.0, 1.0, 1.0, 1.0, 1.0, 1.0, 1.0, 1.0, 1.0, 1.0, 1.0, 1.0, 1.0, 1.0, 1.0, 1.0, 1.0, 1.0, 1.0, 1.0, 1.0, 1.0, 1.0, 1.0, 1.0, 1.0, 1.0, 1.0, 1.0, 1.0, 1.0, 1.0, 1.0, 1.0, 1.0, 1.0, 1.0, 1.0, 1.0, 1.0, 1.0, 1.0, 1.0, 1.0, 1.0, 1.0, 1.0, 1.0, 1.0, 1.0, 1.0, 1.0, 1.0, 1.0, 1.0, 1.0, 1.0, 1.0, 1.0, 1.0, 1.0, 1.0, 1.0, 1.0, 1.0, 1.0, 1.0, 1.0, 1.0, 1.0, 1.0, 1.0, 1.0, 1.0, 1.0, 1.0, 1.0, 1.0, 1.0, 1.0, 1.0, 1.0, 1.0]"
gemma-4-31b-it,44182d567f7978b8cf0aa37c5ce0d4aa,83297929cee1efc83d7c18f694b9eebfe66ab294000f52a3633bfd6d99464659,False,Choledocholithiasis,202,203,3267,3926,22,0.10891089108910891,675,0.14080195898377718,0.8,0.8,1.0,46,0.27823691460055094,"[0.8, 0.7, 0.9, 0.8, 0.85, 0.9, 0.75, 0.7, 0.9, 0.75, 0.7, 0.85, 0.9, 0.9, 1.0, 0.85, 0.75, 0.65, 0.55, 0.65, 0.7, 0.6, 0.8, 0.75, 0.85, 0.9, 0.9, 0.75, 0.9, 1.0, 0.9, 1.0, 0.85, 0.85, 1.0, 0.9, 0.95, 0.85, 0.7, 0.95, 0.8, 0.85, 1.0, 0.85, 0.9, 0.75, 0.9, 0.9, 0.95, 0.85, 0.85, 0.9, 1.0, 0.95, 0.95, 1.0, 1.0, 1.0, 0.9, 0.95, 0.95, 0.95, 0.9, 1.0, 0.95, 1.0, 1.0, 0.95, 0.95, 0.9, 0.95, 1.0, 0.9, 1.0, 1.0, 1.0, 1.0, 1.0, 1.0, 0.9, 1.0, 0.95, 1.0, 1.0, 1.0, 0.95, 0.95, 0.95, 1.0, 0.95, 0.9, 1.0, 0.9, 1.0, 0.9, 1.0, 1.0, 0.9, 0.95, 1.0, 0.9, 1.0, 0.9, 0.95, 0.95, 1.0, 0.95, 0.85, 1.0, 0.95, 0.95, 1.0, 1.0, 0.95, 1.0, 1.0, 1.0, 1.0, 1.0, 0.95, 1.0, 1.0, 1.0, 0.95, 0.95, 0.95, 1.0, 1.0, 1.0, 1.0, 1.0, 1.0, 1.0, 1.0, 1.0, 1.0, 1.0, 1.0, 0.95, 1.0, 1.0, 0.95, 1.0, 1.0, 1.0, 1.0, 1.0, 1.0, 0.95, 1.0, 1.0, 1.0, 1.0, 1.0, 1.0, 1.0, 1.0, 1.0, 1.0, 1.0, 1.0, 1.0, 1.0, 1.0, 1.0, 1.0, 1.0, 1.0, 1.0, 1.0, 1.0, 1.0, 1.0, 0.95, 1.0, 1.0, 1.0, 1.0, 1.0, 1.0, 1.0, 1.0, 1.0, 1.0, 1.0, 1.0, 1.0, 1.0, 1.0, 1.0, 1.0, 1.0, 1.0, 1.0, 1.0, 1.0, 1.0, 1.0, 1.0, 1.0, 1.0, 1.0, 1.0]"
gemma-4-31b-it,a670afa64f606d20eed4a435fc89d120,9c641a2d729fd1b8c0026152087070fa64ab4d516f22755a74c7d8411a2736bc,True,Idiopathic Intracranial Hypertension,259,260,4433,4895,42,0.16216216216216217,1023,0.1865553801037672,0.9,0.1,1.0,42,0.1865553801037672,"[0.1, 0.05, 0.05, 0.1, 0.3, 0.1, 0.25, 0.15, 0.35, 0.15, 0.35, 0.3, 0.8, 0.45, 0.5, 0.55, 0.4, 0.55, 0.85, 0.75, 0.8, 0.7, 0.75, 0.75, 0.6, 0.75, 0.65, 0.3, 0.4, 0.7, 0.55, 0.5, 0.8, 0.65, 0.35, 0.5, 0.5, 0.75, 0.6, 0.6, 0.3, 0.5, 0.9, 0.9, 1.0, 0.85, 0.95, 0.9, 0.95, 0.85, 0.85, 0.9, 1.0, 0.8, 0.95, 0.85, 0.9, 0.85, 0.85, 0.85, 0.95, 1.0, 1.0, 1.0, 1.0, 0.95, 1.0, 0.8, 0.95, 0.95, 0.9, 1.0, 0.95, 0.8, 0.95, 1.0, 1.0, 1.0, 1.0, 1.0, 1.0, 0.95, 1.0, 1.0, 1.0, 1.0, 1.0, 1.0, 1.0, 1.0, 1.0, 1.0, 1.0, 1.0, 1.0, 1.0, 1.0, 1.0, 1.0, 1.0, 1.0, 1.0, 1.0, 1.0, 1.0, 1.0, 1.0, 1.0, 1.0, 1.0, 1.0, 1.0, 1.0, 1.0, 1.0, 1.0, 1.0, 1.0, 1.0, 1.0, 1.0, 1.0, 0.9, 0.95, 1.0, 1.0, 1.0, 1.0, 1.0, 0.9, 1.0, 1.0, 1.0, 0.95, 1.0, 1.0, 1.0, 0.95, 1.0, 1.0, 1.0, 0.9, 0.95, 0.95, 1.0, 1.0, 1.0, 1.0, 1.0, 1.0, 1.0, 1.0, 1.0, 1.0, 1.0, 1.0, 1.0, 1.0, 1.0, 1.0, 1.0, 1.0, 1.0, 1.0, 1.0, 1.0, 1.0, 1.0, 1.0, 1.0, 1.0, 1.0, 1.0, 1.0, 1.0, 1.0, 1.0, 1.0, 1.0, 1.0, 1.0, 1.0, 1.0, 1.0, 1.0, 1.0, 1.0, 1.0, 1.0, 1.0, 1.0, 1.0, 1.0, 1.0, 1.0, 1.0, 1.0, 1.0, 1.0, 1.0, 1.0, 1.0, 1.0, 1.0, 1.0, 1.0, 1.0, 1.0, 1.0, 1.0, 1.0, 1.0, 1.0, 1.0, 1.0, 1.0, 1.0, 1.0, 1.0, 1.0, 1.0, 1.0, 1.0, 1.0, 1.0, 1.0, 1.0, 1.0, 1.0, 1.0, 1.0, 1.0, 1.0, 1.0, 1.0, 1.0, 1.0, 1.0, 1.0, 1.0, 1.0, 1.0, 1.0, 1.0, 1.0, 1.0, 1.0, 1.0, 1.0, 1.0, 1.0, 1.0, 1.0, 1.0, 1.0, 1.0, 1.0, 1.0, 1.0, 1.0]"
gemma-4-31b-it,46f5a66a841fae109fc92ccdb9448abe,a42eb5ddfacd423a6e67bdd0d6fa2245e2630fbe065cc4b13f92fae979532df8,True,Schizophrenia Spectrum Disorder,250,251,3765,5198,79,0.316,2532,0.351128818061089,0.85,0.4,1.0,95,0.4095617529880478,"[0.4, 0.3, 0.65, 0.55, 0.5, 0.45, 0.4, 0.65, 0.45, 0.35, 0.65, 0.55, 0.4211, 0.55, 0.6, 0.75, 0.5, 0.55, 0.6, 0.65, 0.85, 0.65, 0.65, 0.55, 0.6, 0.6, 0.8, 0.75, 0.8, 0.8, 0.9, 0.8, 0.75, 0.7, 0.85, 0.8947, 0.7, 0.7, 0.7, 0.8, 0.5789, 0.85, 1.0, 0.8, 0.8, 0.9, 0.6, 0.75, 0.75, 0.75, 0.9, 0.8, 0.75, 0.75, 0.6842, 0.95, 0.6842, 0.85, 0.75, 0.8, 0.7895, 0.7, 0.7, 0.85, 0.85, 0.9, 0.8, 0.8, 0.35, 0.75, 0.3684, 0.7778, 0.95, 0.95, 0.95, 0.95, 0.95, 1.0, 0.95, 0.85, 0.95, 0.85, 1.0, 0.9474, 0.95, 0.9, 0.9, 0.9, 0.8, 1.0, 0.8, 0.95, 1.0, 0.7895, 0.6842, 0.8, 0.8, 0.9, 0.85, 0.95, 1.0, 0.9, 1.0, 0.95, 0.95, 1.0, 0.95, 1.0, 0.95, 1.0, 0.95, 0.95, 0.95, 1.0, 1.0, 1.0, 0.85, 0.8947, 1.0, 0.95, 1.0, 0.9, 0.95, 1.0, 1.0, 0.9, 1.0, 0.8, 1.0, 0.95, 0.95, 0.95, 0.8, 1.0, 1.0, 1.0, 0.8, 0.9, 0.85, 0.95, 0.95, 0.9, 0.95, 0.95, 0.8, 1.0, 0.95, 1.0, 1.0, 1.0, 1.0, 1.0, 0.9, 1.0, 1.0, 1.0, 1.0, 1.0, 1.0, 0.95, 1.0, 1.0, 1.0, 1.0, 1.0, 1.0, 1.0, 1.0, 1.0, 1.0, 1.0, 1.0, 1.0, 1.0, 1.0, 1.0, 1.0, 0.95, 1.0, 1.0, 1.0, 0.95, 1.0, 1.0, 1.0, 0.95, 1.0, 1.0, 1.0, 1.0, 1.0, 1.0, 1.0, 1.0, 1.0, 1.0, 1.0, 1.0, 1.0, 1.0, 1.0, 1.0, 1.0, 1.0, 1.0, 1.0, 1.0, 1.0, 1.0, 1.0, 1.0, 1.0, 1.0, 1.0, 1.0, 1.0, 1.0, 1.0, 1.0, 1.0, 1.0, 1.0, 1.0, 1.0, 1.0, 1.0, 1.0, 1.0, 1.0, 1.0, 1.0, 1.0, 1.0, 1.0, 1.0, 1.0, 1.0, 1.0, 1.0, 1.0, 1.0, 1.0, 1.0, 1.0, 1.0, 1.0, 1.0, 1.0, 1.0, 1.0, 1.0]"
gemma-4-31b-it,46f5a66a841fae109fc92ccdb9448abe,3ccb5946c1d615a67cbddabefc740069d449cae30d6d1b6fcffc89580a7493d0,False,Pheochromocytoma,198,199,3113,4702,85,0.4292929292929293,2676,0.4709283649212978,0.95,0.35,1.0,89,0.4924510118856409,"[0.35, 0.45, 0.45, 0.7, 0.6, 0.5, 0.7, 0.6, 0.6, 0.9, 0.8, 0.55, 0.65, 0.8, 0.75, 0.75, 0.85, 0.75, 0.9, 1.0, 0.85, 0.8, 0.9, 0.7, 0.8, 0.8947, 0.8, 0.65, 0.8, 0.65, 0.85, 0.9, 0.75, 0.9, 0.7, 0.65, 0.85, 0.8, 0.85, 0.85, 1.0, 0.85, 0.8, 0.95, 0.85, 0.8, 0.9, 0.9, 0.65, 0.9, 0.65, 0.65, 0.9, 0.95, 0.9, 0.75, 0.75, 0.85, 0.7, 0.75, 0.75, 0.65, 0.6842, 0.8, 0.6, 0.55, 0.65, 0.8, 0.55, 0.45, 0.55, 0.4, 0.5, 0.4, 0.5, 0.55, 0.8, 0.8, 0.8, 0.75, 0.7, 0.8, 1.0, 0.6, 0.45, 0.95, 0.85, 0.8, 0.7895, 0.85, 0.85, 0.8, 0.9, 0.8, 0.9, 0.9, 1.0, 0.85, 0.8, 0.85, 1.0, 1.0, 1.0, 1.0, 1.0, 1.0, 0.95, 0.95, 1.0, 1.0, 1.0, 1.0, 1.0, 1.0, 1.0, 1.0, 1.0, 1.0, 1.0, 1.0, 1.0, 1.0, 1.0, 1.0, 1.0, 1.0, 1.0, 1.0, 1.0, 1.0, 1.0, 1.0, 1.0, 1.0, 1.0, 1.0, 1.0, 1.0, 1.0, 1.0, 1.0, 1.0, 1.0, 1.0, 1.0, 1.0, 1.0, 1.0, 1.0, 1.0, 1.0, 1.0, 1.0, 1.0, 1.0, 1.0, 1.0, 1.0, 1.0, 1.0, 1.0, 1.0, 1.0, 1.0, 1.0, 1.0, 1.0, 1.0, 1.0, 1.0, 1.0, 1.0, 1.0, 1.0, 1.0, 1.0, 1.0, 1.0, 1.0, 1.0, 1.0, 1.0, 1.0, 1.0, 1.0, 1.0, 1.0, 1.0, 1.0, 1.0, 1.0, 1.0, 1.0, 1.0, 1.0, 1.0, 1.0, 1.0, 1.0]"
gemma-4-31b-it,ab0226a3a9dc01c8c9b91a47198bed63,f095c3157db3ab33e151ff5b8bffa6b73feb24ddc7f76a8222b77aacfad6fdd9,True,Enterotoxigenic Escherichia coli infection,208,209,3559,4431,0,0.0,328,0.0008429334082607474,0.95,0.95,1.0,0,0.0008429334082607474,"[0.95, 1.0, 0.9, 0.9, 0.9, 1.0, 0.95, 0.9, 0.95, 0.85, 0.9, 0.9, 0.95, 1.0, 1.0, 0.95, 1.0, 1.0, 1.0, 1.0, 1.0, 1.0, 1.0, 1.0, 1.0, 1.0, 1.0, 1.0, 1.0, 1.0, 1.0, 1.0, 1.0, 1.0, 1.0, 1.0, 1.0, 1.0, 1.0, 1.0, 1.0, 1.0, 1.0, 1.0, 1.0, 1.0, 1.0, 1.0, 1.0, 1.0, 1.0, 1.0, 1.0, 1.0, 1.0, 1.0, 1.0, 1.0, 1.0, 1.0, 1.0, 1.0, 1.0, 1.0, 1.0, 1.0, 1.0, 1.0, 1.0, 1.0, 1.0, 1.0, 1.0, 1.0, 1.0, 1.0, 1.0, 1.0, 1.0, 1.0, 1.0, 1.0, 1.0, 1.0, 1.0, 1.0, 1.0, 1.0, 1.0, 1.0, 1.0, 1.0, 1.0, 1.0, 1.0, 1.0, 1.0, 1.0, 1.0, 1.0, 1.0, 1.0, 1.0, 1.0, 1.0, 1.0, 1.0, 1.0, 1.0, 1.0, 1.0, 1.0, 1.0, 1.0, 1.0, 1.0, 1.0, 1.0, 1.0, 1.0, 1.0, 1.0, 1.0, 1.0, 1.0, 1.0, 1.0, 1.0, 1.0, 1.0, 1.0, 1.0, 1.0, 1.0, 1.0, 1.0, 1.0, 1.0, 1.0, 1.0, 1.0, 1.0, 1.0, 1.0, 1.0, 1.0, 1.0, 1.0, 1.0, 1.0, 1.0, 1.0, 1.0, 1.0, 1.0, 1.0, 1.0, 1.0, 1.0, 1.0, 1.0, 1.0, 1.0, 1.0, 1.0, 1.0, 1.0, 1.0, 1.0, 1.0, 1.0, 1.0, 1.0, 1.0, 1.0, 1.0, 1.0, 1.0, 1.0, 1.0, 1.0, 1.0, 1.0, 1.0, 1.0, 1.0, 1.0, 1.0, 1.0, 1.0, 1.0, 1.0, 1.0, 1.0, 1.0, 1.0, 1.0, 1.0, 1.0, 1.0, 1.0, 1.0, 1.0, 1.0, 1.0, 1.0, 1.0, 1.0, 1.0]"
gemma-4-31b-it,4abc3a40659612c935b6036cf7018466,0b309869da189c64b1ba1ab4a536fab938cb5dc247cf674f0b0c04e623685082,True,Glossopharyngeal Neuralgia,258,259,4753,5516,20,0.07751937984496124,667,0.07300652219650747,0.85,0.45,1.0,65,0.22827687776141384,"[0.45, 0.55, 0.55, 0.75, 0.6, 0.7, 0.75, 0.55, 0.65, 0.8, 0.65, 0.65, 0.6, 0.6, 0.6, 0.75, 0.75, 0.75, 0.85, 0.6, 0.85, 1.0, 0.9, 0.8, 0.8, 0.9, 0.9, 0.9, 0.85, 0.9, 0.8, 0.9, 0.7, 0.75, 0.65, 0.9, 0.65, 0.9, 1.0, 0.85, 0.95, 0.95, 0.85, 0.7, 0.9, 0.8, 0.75, 0.95, 0.9, 0.8, 1.0, 0.8, 0.85, 0.75, 0.95, 0.9, 0.9, 0.95, 0.9, 0.95, 0.9, 0.8, 0.85, 0.75, 0.65, 0.85, 0.95, 0.95, 1.0, 0.95, 1.0, 1.0, 0.95, 1.0, 0.85, 1.0, 1.0, 1.0, 1.0, 1.0, 0.95, 0.95, 0.95, 1.0, 1.0, 0.9, 1.0, 1.0, 0.95, 0.9, 1.0, 0.9, 0.9, 1.0, 1.0, 0.9, 0.95, 0.9, 1.0, 0.9, 1.0, 0.95, 0.85, 0.95, 1.0, 0.9, 0.9, 1.0, 1.0, 0.85, 1.0, 1.0, 1.0, 1.0, 1.0, 1.0, 1.0, 1.0, 0.95, 1.0, 0.95, 0.95, 0.95, 1.0, 0.95, 1.0, 0.95, 0.95, 1.0, 1.0, 0.95, 1.0, 1.0, 1.0, 1.0, 1.0, 1.0, 1.0, 1.0, 1.0, 0.95, 0.95, 1.0, 0.95, 0.95, 1.0, 1.0, 1.0, 1.0, 1.0, 1.0, 1.0, 1.0, 1.0, 1.0, 1.0, 0.95, 0.95, 0.95, 0.95, 1.0, 0.95, 1.0, 0.85, 1.0, 1.0, 1.0, 1.0, 0.95, 1.0, 1.0, 1.0, 1.0, 1.0, 0.95, 1.0, 0.9, 1.0, 1.0, 1.0, 1.0, 1.0, 0.95, 1.0, 1.0, 1.0, 1.0, 1.0, 1.0, 1.0, 1.0, 1.0, 1.0, 1.0, 1.0, 1.0, 1.0, 1.0, 1.0, 1.0, 1.0, 1.0, 1.0, 1.0, 1.0, 1.0, 1.0, 1.0, 1.0, 0.95, 1.0, 1.0, 1.0, 1.0, 1.0, 1.0, 1.0, 1.0, 1.0, 1.0, 1.0, 0.95, 1.0, 1.0, 1.0, 1.0, 1.0, 1.0, 1.0, 1.0, 1.0, 1.0, 1.0, 1.0, 1.0, 1.0, 1.0, 1.0, 1.0, 1.0, 1.0, 1.0, 1.0, 1.0, 1.0, 1.0, 1.0, 1.0, 1.0, 1.0, 1.0, 1.0, 1.0, 1.0, 1.0, 1.0, 1.0, 1.0, 1.0]"
gemma-4-31b-it,4abc3a40659612c935b6036cf7018466,e71c36cb8942288ef2d2138d4cdfeb13a6c0a5db078da959c84458d5da7041fc,False,Eagle Syndrome,107,108,1924,2571,12,0.11214953271028037,658,0.17567567567567569,0.9,0.4,1.0,12,0.17567567567567569,"[0.4, 0.4, 0.45, 0.3, 0.4, 0.5, 0.3, 0.25, 0.6, 0.45, 0.55, 0.35, 0.9, 0.8, 0.85, 0.95, 1.0, 0.9, 0.95, 1.0, 0.95, 0.95, 1.0, 1.0, 0.95, 0.95, 1.0, 1.0, 1.0, 1.0, 1.0, 1.0, 1.0, 1.0, 1.0, 1.0, 1.0, 1.0, 1.0, 1.0, 1.0, 1.0, 1.0, 1.0, 1.0, 1.0, 1.0, 1.0, 1.0, 1.0, 1.0, 1.0, 1.0, 1.0, 1.0, 1.0, 1.0, 1.0, 1.0, 1.0, 1.0, 1.0, 1.0, 1.0, 1.0, 1.0, 1.0, 1.0, 1.0, 1.0, 1.0, 1.0, 1.0, 1.0, 1.0, 1.0, 1.0, 1.0, 1.0, 1.0, 1.0, 1.0, 1.0, 1.0, 1.0, 1.0, 1.0, 1.0, 1.0, 1.0, 1.0, 1.0, 1.0, 1.0, 1.0, 1.0, 1.0, 1.0, 1.0, 1.0, 1.0, 1.0, 1.0, 1.0, 1.0, 1.0, 1.0, 1.0]"
gemma-4-31b-it,ab79da6338f2deff095e1bf3b5b4d9f0,13c944d8ad7eeea45af7e606f363325fc486e745f613159141ea546751fe864f,True,Myotonic Dystrophy Type 1,157,158,2393,3046,29,0.18471337579617833,652,0.1788549937317175,1.0,0.7,1.0,29,0.1788549937317175,"[0.7, 0.8, 0.55, 0.65, 0.55, 0.6, 0.6, 0.7, 0.85, 0.85, 0.5, 0.75, 0.8, 0.8, 0.65, 0.9, 0.8, 0.8, 0.55, 0.7, 0.65, 0.7, 0.8, 0.75, 0.45, 0.3, 0.55, 0.45, 0.75, 1.0, 1.0, 1.0, 1.0, 1.0, 1.0, 1.0, 1.0, 1.0, 1.0, 1.0, 1.0, 1.0, 1.0, 1.0, 1.0, 1.0, 1.0, 1.0, 1.0, 1.0, 1.0, 1.0, 1.0, 1.0, 1.0, 1.0, 1.0, 1.0, 1.0, 1.0, 1.0, 1.0, 1.0, 1.0, 1.0, 1.0, 1.0, 1.0, 1.0, 1.0, 1.0, 1.0, 1.0, 1.0, 1.0, 1.0, 1.0, 1.0, 1.0, 1.0, 1.0, 1.0, 1.0, 1.0, 1.0, 1.0, 1.0, 1.0, 1.0, 1.0, 1.0, 1.0, 1.0, 1.0, 1.0, 1.0, 1.0, 1.0, 1.0, 1.0, 1.0, 1.0, 1.0, 1.0, 1.0, 1.0, 1.0, 1.0, 1.0, 1.0, 1.0, 1.0, 1.0, 1.0, 1.0, 1.0, 1.0, 1.0, 1.0, 1.0, 1.0, 1.0, 1.0, 1.0, 1.0, 1.0, 1.0, 1.0, 1.0, 1.0, 1.0, 1.0, 1.0, 1.0, 1.0, 1.0, 1.0, 1.0, 1.0, 1.0, 1.0, 1.0, 1.0, 1.0, 1.0, 1.0, 1.0, 1.0, 1.0, 1.0, 1.0, 1.0, 1.0, 1.0, 1.0, 1.0, 1.0, 1.0]"
gemma-4-31b-it,ab79da6338f2deff095e1bf3b5b4d9f0,e164c9fc221f5549732164926f9ef2a34aab360a24fbe1fac2110c2cecb809f0,False,Kennedy Disease,229,230,3897,4619,116,0.5065502183406113,2175,0.5006415191172697,0.85,0.35,0.95,171,0.7557095201437003,"[0.35, 0.25, 0.15, 0.45, 0.25, 0.3, 0.25, 0.2, 0.2, 0.35, 0.4, 0.25, 0.45, 0.2, 0.25, 0.35, 0.45, 0.4, 0.45, 0.7, 0.5, 0.75, 0.8, 0.55, 0.8, 0.85, 0.75, 0.9, 0.85, 0.9, 0.95, 1.0, 0.95, 0.9, 0.95, 0.95, 1.0, 1.0, 1.0, 1.0, 0.95, 0.95, 0.95, 1.0, 0.95, 0.9, 1.0, 0.95, 0.8, 0.85, 0.9, 1.0, 0.9, 0.95, 0.9, 0.85, 0.9, 0.95, 0.95, 0.85, 0.95, 0.85, 0.8, 0.85, 0.9, 1.0, 1.0, 0.95, 1.0, 0.95, 0.95, 0.95, 0.9, 0.95, 0.95, 0.8, 1.0, 0.8, 0.9, 0.9, 0.95, 0.95, 0.8, 0.75, 0.95, 0.85, 0.85, 0.8, 0.75, 0.85, 1.0, 0.95, 0.7, 0.9, 0.6, 0.9, 0.95, 0.8, 0.9, 0.8, 0.85, 0.9, 0.95, 0.55, 0.6, 0.3, 0.75, 0.95, 0.7, 0.9, 0.85, 0.85, 0.65, 0.55, 0.95, 0.75, 0.85, 0.75, 0.85, 0.9, 0.8, 0.85, 0.9, 0.95, 0.95, 0.95, 1.0, 0.95, 0.95, 0.95, 1.0, 0.95, 0.9, 0.9, 0.9, 0.9, 0.95, 0.8, 0.95, 1.0, 0.9, 0.8, 0.85, 1.0, 0.95, 0.95, 0.9, 1.0, 1.0, 1.0, 1.0, 1.0, 0.95, 0.85, 1.0, 0.95, 0.95, 0.95, 0.95, 0.95, 0.95, 0.95, 0.85, 1.0, 1.0, 0.95, 0.7, 0.85, 0.8, 0.9, 0.7, 0.95, 1.0, 0.95, 0.85, 0.85, 0.85, 0.95, 0.85, 0.95, 0.95, 1.0, 0.85, 0.85, 0.85, 0.9, 1.0, 1.0, 0.85, 0.9, 1.0, 0.95, 0.9, 1.0, 0.95, 0.95, 0.85, 1.0, 0.95, 0.85, 0.95, 0.95, 0.95, 1.0, 1.0, 1.0, 1.0, 0.95, 1.0, 0.95, 0.95, 1.0, 1.0, 0.9, 1.0, 1.0, 1.0, 1.0, 1.0, 1.0, 1.0, 1.0, 1.0, 1.0, 1.0, 0.95, 1.0, 1.0, 1.0, 0.95]"
gemma-4-31b-it,a670afa64f606d20eed4a435fc89d120,104eea2dd529f7799d72b9b1238c72feb26a080b0993e05c121b84eb1f5d8ede,False,Meningitis,387,388,5715,6199,94,0.24289405684754523,1663,0.2566929133858268,0.85,0.1,1.0,94,0.2566929133858268,"[0.1, 0.1, 0.2, 0.25, 0.1, 0.1, 0.0, 0.15, 0.1, 0.1, 0.2, 0.2, 0.25, 0.15, 0.3, 0.25, 0.4, 0.45, 0.6, 0.55, 0.6, 0.45, 0.65, 0.4, 0.5, 0.65, 0.35, 0.6, 0.4, 0.35, 0.4, 0.35, 0.45, 0.5, 0.3, 0.4, 0.4, 0.5, 0.35, 0.4, 0.5, 0.5, 0.5, 0.55, 0.4, 0.5, 0.2, 0.4, 0.6, 0.45, 0.55, 0.55, 0.5, 0.6, 0.8, 0.8, 0.75, 0.8, 0.7, 0.65, 0.85, 0.6, 0.7, 0.85, 0.75, 0.75, 0.75, 0.75, 0.65, 0.9, 0.85, 0.75, 0.9, 0.6, 0.95, 0.95, 0.9, 1.0, 0.9, 0.85, 0.95, 0.9, 0.9, 0.3, 0.6, 0.6, 0.6, 0.8, 0.8, 0.85, 0.9, 0.65, 0.85, 0.55, 0.85, 0.95, 0.9, 0.85, 0.95, 1.0, 0.95, 0.9, 0.95, 0.95, 0.95, 0.9, 1.0, 0.9, 0.95, 1.0, 0.95, 1.0, 1.0, 1.0, 1.0, 0.95, 0.9, 1.0, 0.95, 1.0, 1.0, 0.95, 1.0, 0.95, 1.0, 0.95, 1.0, 1.0, 1.0, 0.9, 1.0, 0.95, 0.95, 0.95, 1.0, 1.0, 1.0, 1.0, 1.0, 0.95, 1.0, 1.0, 0.95, 1.0, 1.0, 1.0, 1.0, 1.0, 0.9, 0.95, 0.95, 1.0, 1.0, 0.9, 1.0, 1.0, 1.0, 0.95, 1.0, 0.95, 1.0, 0.95, 1.0, 1.0, 1.0, 1.0, 0.95, 1.0, 1.0, 1.0, 0.95, 0.95, 1.0, 1.0, 1.0, 1.0, 1.0, 1.0, 1.0, 1.0, 0.95, 1.0, 1.0, 0.95, 1.0, 0.95, 1.0, 1.0, 1.0, 1.0, 1.0, 1.0, 1.0, 1.0, 1.0, 1.0, 1.0, 1.0, 1.0, 1.0, 1.0, 1.0, 1.0, 1.0, 1.0, 1.0, 1.0, 1.0, 1.0, 1.0, 0.95, 1.0, 1.0, 1.0, 1.0, 1.0, 1.0, 1.0, 1.0, 1.0, 1.0, 1.0, 1.0, 1.0, 1.0, 1.0, 0.95, 1.0, 1.0, 1.0, 1.0, 1.0, 1.0, 1.0, 1.0, 1.0, 1.0, 1.0, 0.85, 1.0, 1.0, 1.0, 1.0, 0.95, 1.0, 1.0, 1.0, 1.0, 1.0, 1.0, 1.0, 1.0, 1.0, 1.0, 1.0, 1.0, 1.0, 1.0, 1.0, 1.0, 1.0, 0.95, 1.0, 1.0, 0.95, 1.0, 1.0, 1.0, 1.0, 1.0, 1.0, 1.0, 1.0, 1.0, 1.0, 1.0, 1.0, 1.0, 1.0, 1.0, 1.0, 1.0, 1.0, 1.0, 1.0, 1.0, 1.0, 1.0, 1.0, 1.0, 1.0, 1.0, 1.0, 1.0, 1.0, 1.0, 1.0, 1.0, 1.0, 1.0, 1.0, 1.0, 1.0, 1.0, 1.0, 1.0, 1.0, 1.0, 1.0, 1.0, 1.0, 1.0, 1.0, 1.0, 1.0, 1.0, 1.0, 1.0, 1.0, 1.0, 1.0, 1.0, 0.95, 1.0, 0.95, 1.0, 1.0, 0.95, 1.0, 1.0, 1.0, 1.0, 1.0, 1.0, 1.0, 1.0, 1.0, 1.0, 1.0, 1.0, 1.0, 1.0, 1.0, 1.0, 1.0, 1.0, 1.0, 1.0, 1.0, 1.0, 1.0, 1.0, 1.0, 1.0, 1.0, 1.0, 1.0, 1.0, 1.0, 1.0, 1.0, 1.0, 1.0, 1.0, 1.0, 1.0, 1.0, 1.0, 1.0, 1.0, 1.0, 1.0, 1.0, 1.0, 1.0, 1.0, 1.0, 1.0, 1.0, 1.0, 1.0, 1.0, 1.0, 1.0, 1.0, 1.0, 1.0, 1.0]"
gemma-4-31b-it,14a87d69ccc079d85a0f5d57dc4a7bdb,8909d1c989687df5ea7f5bf1b618346cfa61d84a8abea831a326fc700fd80395,False,Normozoospermia,354,355,5709,6318,28,0.07909604519774012,659,0.0811000175162025,0.8,0.6,1.0,64,0.17621299702224558,"[0.6, 0.55, 0.5, 0.85, 0.7, 0.85, 0.8, 0.75, 0.95, 0.75, 0.7, 0.65, 0.75, 0.7, 0.75, 0.6, 0.75, 0.8, 0.7, 0.8, 0.8, 0.95, 0.95, 0.75, 0.85, 0.5, 0.75, 0.7, 0.8, 1.0, 0.95, 0.9, 0.95, 0.9, 0.95, 0.9, 0.9, 1.0, 1.0, 1.0, 0.95, 0.95, 0.95, 1.0, 0.9, 0.95, 1.0, 0.85, 0.9, 0.9, 0.9, 0.95, 0.95, 0.75, 0.95, 0.9, 0.9, 0.95, 0.95, 0.8, 0.95, 0.9, 0.9, 0.75, 0.95, 0.9, 1.0, 0.95, 0.95, 0.9, 0.85, 1.0, 0.95, 1.0, 0.95, 0.95, 1.0, 0.9, 1.0, 1.0, 1.0, 1.0, 1.0, 1.0, 1.0, 0.95, 0.95, 0.95, 1.0, 1.0, 0.95, 0.9, 1.0, 1.0, 0.9, 0.9, 1.0, 1.0, 1.0, 1.0, 1.0, 1.0, 1.0, 1.0, 1.0, 1.0, 1.0, 0.85, 0.9, 0.95, 0.95, 0.9, 1.0, 0.95, 0.95, 0.95, 1.0, 0.95, 1.0, 1.0, 0.95, 0.95, 0.95, 0.85, 0.85, 0.95, 0.95, 0.9, 0.95, 0.95, 0.95, 0.95, 1.0, 1.0, 0.95, 0.9, 0.95, 0.95, 0.95, 0.95, 1.0, 0.85, 0.95, 1.0, 0.95, 0.95, 1.0, 0.95, 0.95, 0.95, 1.0, 0.95, 1.0, 1.0, 1.0, 1.0, 1.0, 1.0, 1.0, 1.0, 1.0, 1.0, 1.0, 1.0, 0.9, 1.0, 1.0, 1.0, 0.95, 0.95, 1.0, 1.0, 1.0, 1.0, 1.0, 1.0, 1.0, 0.95, 1.0, 0.95, 1.0, 1.0, 1.0, 1.0, 1.0, 1.0, 1.0, 1.0, 1.0, 0.95, 1.0, 1.0, 1.0, 1.0, 1.0, 1.0, 1.0, 1.0, 1.0, 1.0, 1.0, 1.0, 1.0, 0.95, 1.0, 1.0, 1.0, 1.0, 1.0, 1.0, 1.0, 1.0, 1.0, 1.0, 1.0, 1.0, 1.0, 1.0, 1.0, 1.0, 1.0, 1.0, 1.0, 1.0, 1.0, 1.0, 1.0, 1.0, 1.0, 1.0, 1.0, 1.0, 1.0, 1.0, 1.0, 1.0, 1.0, 1.0, 1.0, 1.0, 1.0, 1.0, 1.0, 1.0, 1.0, 1.0, 1.0, 1.0, 1.0, 1.0, 1.0, 1.0, 1.0, 1.0, 1.0, 1.0, 1.0, 1.0, 1.0, 1.0, 1.0, 1.0, 1.0, 1.0, 1.0, 1.0, 1.0, 1.0, 1.0, 1.0, 1.0, 1.0, 1.0, 1.0, 1.0, 1.0, 1.0, 1.0, 1.0, 1.0, 1.0, 1.0, 1.0, 1.0, 1.0, 1.0, 1.0, 1.0, 1.0, 1.0, 1.0, 1.0, 1.0, 1.0, 1.0, 1.0, 1.0, 1.0, 1.0, 1.0, 1.0, 1.0, 1.0, 1.0, 1.0, 1.0, 1.0, 1.0, 1.0, 1.0, 1.0, 1.0, 1.0, 1.0, 1.0, 1.0, 1.0, 1.0, 1.0, 1.0, 1.0, 1.0, 1.0, 1.0, 1.0, 1.0, 1.0, 1.0, 1.0, 1.0, 1.0, 1.0, 1.0, 1.0, 1.0, 1.0, 1.0, 1.0, 1.0, 1.0, 1.0, 1.0, 1.0, 1.0, 1.0, 1.0, 1.0, 1.0, 1.0, 1.0, 1.0, 1.0, 1.0, 1.0, 1.0]"
qwq-32b,0148cedaed162d8c1591e7dad5de6dec,39299ca7159c80959461e7c997721436f87c1b16ee33c2a6366e9fdcd3c9ac66,True,Major Depressive Disorder,30,31,563,1079,1,0.03333333333333333,341,0.014209591474245116,0.85,1.0,1.0,6,0.16341030195381884,"[1.0, 0.85, 0.95, 1.0, 1.0, 0.7368, 0.85, 1.0, 1.0, 1.0, 1.0, 1.0, 1.0, 1.0, 1.0, 1.0, 1.0, 1.0, 0.95, 1.0, 1.0, 1.0, 1.0, 1.0, 1.0, 1.0, 1.0, 1.0, 1.0, 1.0, 1.0]"
qwq-32b,0148cedaed162d8c1591e7dad5de6dec,89cd45e336e73ba5c5ffdc454a3996fa3e6fff4d9c278ac65224ec217a73c858,False,Alzheimer's Disease,81,82,1376,1940,26,0.32098765432098764,725,0.28488372093023256,0.8421052631578947,0.1,1.0,26,0.28488372093023256,"[0.1, 0.2, 0.05, 0.0, 0.05, 0.0526, 0.1, 0.0, 0.0, 0.15, 0.0, 0.1, 0.0, 0.45, 0.2, 0.2, 0.6, 0.1, 0.3, 0.45, 0.3, 0.85, 0.55, 0.75, 0.6, 0.45, 0.8421, 0.9, 0.95, 0.95, 0.95, 0.8, 0.85, 0.8, 0.95, 1.0, 0.9, 0.9, 1.0, 1.0, 1.0, 1.0, 1.0, 0.95, 0.95, 1.0, 0.85, 0.95, 0.95, 1.0, 1.0, 0.95, 1.0, 1.0, 0.9, 1.0, 1.0, 1.0, 1.0, 1.0, 1.0, 0.95, 1.0, 1.0, 1.0, 1.0, 1.0, 1.0, 1.0, 1.0, 1.0, 1.0, 1.0, 1.0, 1.0, 1.0, 1.0, 1.0, 1.0, 1.0, 1.0, 1.0]"
qwq-32b,258c0f33efb3e637962b4ea8f6971d09,b63ca6bd95cd67dfb95f71f92163b1ae8576db863b3d5089e6c1cfbb71c801a8,True,Disseminated Gonococcal Infection,102,103,1611,2139,1,0.00980392156862745,289,0.004965859714463066,0.8,0.95,1.0,53,0.5307262569832403,"[0.95, 0.8, 0.9, 0.95, 0.8421, 0.85, 0.8235, 0.85, 0.85, 0.8947, 0.85, 0.9, 0.8421, 0.65, 0.7, 0.8, 0.7895, 0.9, 0.9474, 0.9474, 0.9, 0.8947, 0.8947, 0.9, 1.0, 0.95, 1.0, 1.0, 1.0, 0.8, 1.0, 0.9, 0.95, 1.0, 1.0, 0.7895, 0.9474, 1.0, 1.0, 0.95, 0.9, 0.95, 0.95, 0.8947, 0.9, 0.95, 0.9, 1.0, 0.8947, 0.95, 0.95, 1.0, 0.75, 1.0, 0.95, 1.0, 0.9, 0.85, 0.9444, 0.95, 0.95, 0.9, 0.95, 1.0, 0.85, 0.9, 1.0, 1.0, 1.0, 1.0, 0.9, 1.0, 1.0, 0.9474, 0.9474, 0.9474, 0.9474, 0.9, 0.95, 0.85, 0.9, 1.0, 0.95, 0.95, 1.0, 1.0, 1.0, 1.0, 1.0, 1.0, 1.0, 1.0, 1.0, 1.0, 1.0, 1.0, 1.0, 1.0, 1.0, 1.0, 1.0, 1.0, 1.0]"
qwq-32b,258c0f33efb3e637962b4ea8f6971d09,da0ad998fc22e1e16078d0ae36eeae966d6f827dc06ddc36da235afa1fcb2b33,False,Sporotrichosis,83,84,1456,1973,30,0.3614457831325301,778,0.34134615384615385,0.95,0.05,1.0,32,0.36675824175824173,"[0.05, 0.05, 0.0526, 0.05, 0.0, 0.1053, 0.0526, 0.15, 0.05, 0.0, 0.0526, 0.2, 0.25, 0.2, 0.2632, 0.15, 0.2632, 0.2632, 0.2105, 0.5, 0.3, 0.4, 0.6, 0.5, 0.35, 0.85, 0.75, 0.65, 0.6, 0.75, 0.95, 0.75, 0.9, 0.85, 0.8947, 0.95, 0.9474, 0.9, 1.0, 1.0, 1.0, 1.0, 1.0, 0.95, 1.0, 0.9444, 1.0, 1.0, 1.0, 0.95, 1.0, 0.95, 1.0, 0.9, 0.9, 0.95, 0.95, 1.0, 0.9444, 0.9, 1.0, 1.0, 1.0, 1.0, 1.0, 0.95, 0.85, 1.0, 1.0, 1.0, 1.0, 1.0, 1.0, 1.0, 1.0, 1.0, 1.0, 1.0, 1.0, 1.0, 1.0, 1.0, 1.0, 1.0]"
qwq-32b,28c328b44b6a8b287cd1e29bfc9c17eb,848d6af2fd2cd78c1de88984cb9e59a4e4de44607c577ac9b8787759352d8054,True,Hydatid Disease,15,16,310,684,8,0.5333333333333333,304,0.4129032258064516,1.0,0.7,1.0,8,0.4129032258064516,"[0.7, 0.6, 0.6316, 0.6, 0.6, 0.55, 1.0, 0.7895, 1.0, 1.0, 1.0, 1.0, 1.0, 1.0, 1.0, 1.0]"
qwq-32b,28c328b44b6a8b287cd1e29bfc9c17eb,599586631ef912413fcef9f30c12b69cd5dd09fd76ea9e63829ba758f7a57f8b,False,Aspergilloma,28,29,519,711,13,0.4642857142857143,400,0.43159922928709055,1.0,0.05263157894736842,1.0,13,0.43159922928709055,"[0.0526, 0.0526, 0.0, 0.05, 0.0, 0.0, 0.0, 0.0, 0.05, 0.0526, 0.0, 0.0588, 0.0556, 1.0, 0.95, 1.0, 0.95, 1.0, 1.0, 1.0, 1.0, 0.85, 1.0, 1.0, 1.0, 1.0, 0.95, 1.0, 1.0]"
qwq-32b,3ffd64fa59b0f373586831b18ec69d1f,6fc2cdb1bd12fc14a9792788ec37edc89eca9ef6a7e332089453b71d4ffc05a2,True,Systemic Lupus Erythematosus,72,73,1661,4597,51,0.7083333333333334,4153,0.7453341360626129,0.85,0.65,0.7,72,1.0,"[0.65, 0.65, 0.5, 0.6, 0.6, 0.6, 0.4, 0.3, 0.5, 0.5, 0.3, 0.55, 0.4, 0.5, 0.25, 0.4, 0.4, 0.4, 0.4, 0.3, 0.35, 0.25, 0.25, 0.2, 0.1, 0.0, 0.15, 0.35, 0.2105, 0.3158, 0.2, 0.3, 0.05, 0.25, 0.5, 0.45, 0.6, 0.75, 0.8, 0.8, 0.65, 0.85, 0.7, 0.7, 0.75, 0.7368, 0.85, 0.5, 0.75, 0.9, 0.9, 0.85, 0.85, 0.7, 0.8, 0.75, 0.75, 0.65, 0.8, 0.8, 0.9, 1.0, 0.9, 1.0, 0.95, 0.95, 1.0, 0.95, 0.95, 0.95, 0.9, 1.0, 0.7]"
qwq-32b,3ffd64fa59b0f373586831b18ec69d1f,a70e7faa695b1e1ad2d3bc0ba10d265c0c215d93e3e93189bee6995582c9958f,False,Antiphospholipid Syndrome,33,34,886,3818,19,0.5757575757575758,3294,0.42776523702031605,1.0,0.35,1.0,19,0.42776523702031605,"[0.35, 0.2, 0.2, 0.3, 0.3, 0.15, 0.35, 0.35, 0.1, 0.15, 0.35, 0.25, 0.15, 0.05, 0.1, 0.2, 0.45, 0.3, 0.2, 1.0, 1.0, 1.0, 1.0, 1.0, 1.0, 1.0, 1.0, 1.0, 1.0, 1.0, 1.0, 1.0, 1.0, 1.0]"
qwq-32b,48d8738209cbe3d0f3490417e6c37914,cf9558c1f217dfabb794d603cd1fd025659dbd335f179b39e1bba766d8ddd565,True,21-Hydroxylase Deficiency,168,169,3481,3945,168,1.0,3676,1.0,0.9,0.65,0.9,168,1.0,"[0.65, 0.65, 0.45, 0.6, 0.7, 0.4, 0.65, 0.65, 0.75, 0.45, 0.45, 0.4, 0.3, 0.3684, 0.3, 0.3, 0.4, 0.25, 0.35, 0.35, 0.3, 0.15, 0.2, 0.3, 0.2, 0.15, 0.25, 0.35, 0.3, 0.15, 0.05, 0.1, 0.15, 0.05, 0.1, 0.2, 0.35, 0.15, 0.15, 0.3, 0.05, 0.2105, 0.15, 0.25, 0.25, 0.25, 0.2, 0.2, 0.35, 0.25, 0.15, 0.15, 0.4, 0.35, 0.35, 0.25, 0.35, 0.25, 0.35, 0.55, 0.4, 0.25, 0.3, 0.2632, 0.3, 0.35, 0.35, 0.3, 0.2632, 0.35, 0.35, 0.45, 0.4, 0.3684, 0.25, 0.3, 0.25, 0.7, 0.3, 0.3, 0.45, 0.5, 0.6, 0.4, 0.3, 0.55, 0.4, 0.45, 0.4, 0.3, 0.35, 0.3, 0.5, 0.4, 0.45, 0.25, 0.4, 0.2, 0.4, 0.5, 0.2, 0.35, 0.35, 0.25, 0.35, 0.3, 0.3, 0.1, 0.45, 0.25, 0.1, 0.3, 0.35, 0.3, 0.4, 0.3, 0.25, 0.35, 0.35, 0.4, 0.4737, 0.3, 0.4, 0.25, 0.3, 0.35, 0.55, 0.45, 0.45, 0.25, 0.3, 0.6, 0.55, 0.4, 0.2, 0.25, 0.35, 0.4, 0.45, 0.3, 0.4, 0.05, 0.4, 0.45, 0.45, 0.5, 0.25, 0.3, 0.35, 0.3, 0.45, 0.45, 0.5, 0.5, 0.35, 0.4, 0.65, 0.35, 0.3, 0.6, 0.65, 0.55, 0.55, 0.6, 0.55, 0.6, 0.55, 0.7, 0.9]"
qwq-32b,48d8738209cbe3d0f3490417e6c37914,7f1419aa0f666aa0ee41f6da589573a133c9c28e6a07743870010c11904a8e42,False,"46,XY Complete Gonadal Dysgenesis (Swyer Syndrome)",90,91,1988,2206,28,0.3111111111111111,832,0.3204225352112676,0.85,0.05,1.0,36,0.43108651911468815,"[0.05, 0.05, 0.05, 0.1, 0.15, 0.15, 0.2, 0.25, 0.2, 0.2, 0.65, 0.65, 0.45, 0.3, 0.5, 0.4, 0.3, 0.25, 0.3, 0.55, 0.5, 0.45, 0.5, 0.6, 0.25, 0.4, 0.3, 0.75, 0.85, 0.85, 0.75, 0.95, 0.7895, 0.75, 0.9, 0.75, 0.95, 0.8947, 0.9, 0.95, 1.0, 0.85, 0.85, 0.9, 0.95, 0.95, 0.95, 0.85, 0.85, 0.95, 0.95, 1.0, 1.0, 0.9, 0.9, 0.95, 1.0, 0.95, 1.0, 1.0, 0.9, 1.0, 1.0, 1.0, 1.0, 1.0, 1.0, 0.95, 1.0, 1.0, 1.0, 1.0, 1.0, 1.0, 1.0, 1.0, 1.0, 1.0, 1.0, 1.0, 1.0, 0.95, 1.0, 0.95, 1.0, 1.0, 1.0, 1.0, 1.0, 1.0, 1.0]"
qwq-32b,5bebb5ccb1b21ef642e37fb57088d0af,edf9569a0b62247ab7447ea1941344cc7993a6f822ce82780cffe53eb46ab563,True,Syringomyelia,63,64,1073,1254,35,0.5555555555555556,697,0.49487418452935694,0.95,0.35,1.0,35,0.49487418452935694,"[0.35, 0.35, 0.25, 0.25, 0.2, 0.2, 0.35, 0.35, 0.2, 0.25, 0.5, 0.3, 0.2, 0.3, 0.2, 0.2, 0.1, 0.15, 0.2, 0.3, 0.35, 0.3, 0.2, 0.35, 0.2, 0.15, 0.1, 0.2632, 0.35, 0.45, 0.25, 0.25, 0.3158, 0.65, 0.45, 0.95, 1.0, 0.95, 0.95, 1.0, 0.9, 0.95, 0.95, 1.0, 0.95, 1.0, 1.0, 0.9, 1.0, 1.0, 1.0, 0.95, 1.0, 1.0, 1.0, 1.0, 1.0, 1.0, 1.0, 1.0, 1.0, 1.0, 1.0, 1.0]"
qwq-32b,5bebb5ccb1b21ef642e37fb57088d0af,0d6225c635f3f4a946baa6b25634f40659c65fc9a3a9b1cc3d1fe1ee8fe1bf7c,False,Cervical Radiculopathy,103,104,1977,2160,29,0.2815533980582524,649,0.24430955993930198,0.85,0.55,1.0,62,0.5746079919069297,"[0.55, 0.7, 0.75, 0.8, 0.85, 0.75, 0.6, 0.75, 0.7, 0.7895, 0.8421, 0.7, 0.75, 0.75, 0.5263, 0.75, 0.65, 0.8, 0.8, 0.7, 0.75, 0.65, 0.7368, 0.65, 0.65, 0.65, 0.6, 0.55, 0.65, 0.85, 0.8, 0.8, 0.7895, 0.8, 0.7, 0.9, 1.0, 0.95, 0.9, 0.8947, 0.95, 0.85, 0.8421, 0.95, 0.7368, 0.85, 0.8, 0.9, 0.8, 0.95, 0.95, 0.95, 0.95, 0.85, 0.75, 0.9, 0.9, 0.9, 0.95, 0.9, 1.0, 0.75, 1.0, 0.95, 0.95, 0.95, 0.9, 0.95, 0.95, 0.9, 0.95, 0.95, 0.8421, 0.9474, 1.0, 0.9, 1.0, 1.0, 1.0, 1.0, 1.0, 1.0, 0.95, 1.0, 1.0, 0.95, 0.95, 0.9474, 1.0, 1.0, 1.0, 1.0, 1.0, 1.0, 1.0, 1.0, 1.0, 1.0, 1.0, 1.0, 1.0, 1.0, 1.0, 1.0]"
qwq-32b,6c4cccbdfe3340d1de38720b444b4e83,93a814620f809810d03fcb40ae9f17300f69cbf81b0ddfd7d459e2239661701e,True,Carotid Body Paraganglioma,46,47,818,1294,1,0.021739130434782608,215,0.007334963325183374,0.95,1.0,1.0,13,0.3105134474327628,"[1.0, 0.95, 1.0, 1.0, 0.95, 1.0, 0.95, 1.0, 1.0, 1.0, 1.0, 1.0, 0.75, 1.0, 1.0, 1.0, 1.0, 1.0, 1.0, 1.0, 1.0, 1.0, 1.0, 1.0, 1.0, 1.0, 1.0, 1.0, 1.0, 1.0, 1.0, 1.0, 1.0, 1.0, 1.0, 1.0, 1.0, 1.0, 1.0, 1.0, 1.0, 1.0, 1.0, 1.0, 1.0, 1.0, 1.0]"
qwq-32b,6c4cccbdfe3340d1de38720b444b4e83,dd51ec56bc2cbe93a22c35dae829eceed0a3b6db0209bd8ae6b07adb93c827bf,False,Branchial Cleft Cyst,200,201,3191,3586,146,0.73,2529,0.7270448135380758,0.85,0.0,1.0,185,0.9241617047947351,"[0.0, 0.0, 0.0, 0.0, 0.0, 0.0, 0.0, 0.0, 0.0, 0.0, 0.0, 0.0, 0.0, 0.0, 0.0, 0.0, 0.0, 0.05, 0.0526, 0.0526, 0.0, 0.05, 0.0, 0.0, 0.0, 0.0, 0.0, 0.0, 0.0, 0.0, 0.0, 0.0, 0.0, 0.0, 0.05, 0.0, 0.0, 0.05, 0.0, 0.0, 0.0, 0.0, 0.0, 0.0, 0.0526, 0.1, 0.1053, 0.0, 0.2, 0.05, 0.0, 0.0, 0.0, 0.05, 0.0526, 0.05, 0.0, 0.0, 0.0, 0.1667, 0.05, 0.3, 0.35, 0.25, 0.4, 0.35, 0.5263, 0.4737, 0.5789, 0.45, 0.5, 0.5263, 0.6, 0.55, 0.6, 0.45, 0.3, 0.5263, 0.3684, 0.4, 0.4, 0.6316, 0.6, 0.5263, 0.55, 0.45, 0.6, 0.4737, 0.55, 0.6842, 0.2632, 0.5, 0.55, 0.35, 0.4, 0.7, 0.65, 0.45, 0.5263, 0.35, 0.4211, 0.5263, 0.3, 0.45, 0.7, 0.5, 0.45, 0.5, 0.6, 0.75, 0.6, 0.7, 0.5, 0.7, 0.5, 0.6842, 0.6, 0.45, 0.4, 0.65, 0.4, 0.7895, 0.5, 0.75, 0.75, 0.65, 0.7778, 0.7, 0.6316, 0.75, 0.7368, 0.7368, 0.6, 0.65, 0.6316, 0.7895, 0.3684, 0.8, 0.7222, 0.65, 0.7895, 0.7, 0.65, 0.8, 0.5, 0.5789, 0.85, 0.8947, 0.65, 0.8, 0.8, 0.75, 0.85, 0.7, 0.95, 0.85, 0.95, 0.95, 0.9, 0.7222, 0.7, 0.9, 0.8421, 1.0, 0.8, 0.85, 0.85, 0.8421, 0.7895, 0.75, 0.7895, 0.9, 0.8235, 0.7059, 0.8, 0.8421, 0.9, 0.95, 0.9474, 0.7, 0.9, 0.7895, 1.0, 0.8947, 0.7778, 0.8, 0.8, 0.9474, 0.8947, 0.9, 0.95, 0.9474, 0.8947, 0.9, 0.8421, 0.8947, 1.0, 0.95, 0.95, 1.0, 1.0]"
qwq-32b,7351fe5f8ee14ff826bc262030efc469,647b87affa4703a27d7fd25017b4dc592914111b6d65d19f578727dd13c5530c,True,Hemophilia,76,77,1205,1822,72,0.9473684210526315,1530,0.9402489626556016,0.5,0.35,0.3,72,0.9402489626556016,"[0.35, 0.4, 0.3, 0.25, 0.3, 0.4, 0.35, 0.65, 0.4, 0.5789, 0.9474, 0.8947, 0.9, 0.8421, 0.75, 0.95, 0.85, 0.9474, 0.9, 0.8, 0.9, 0.8, 0.9, 0.95, 0.9, 0.9, 0.7368, 0.95, 0.9, 0.8333, 0.75, 0.9474, 0.8421, 0.7, 0.8421, 0.95, 0.45, 0.4, 0.5789, 0.7, 0.7, 0.7222, 0.65, 0.5263, 0.4, 0.6316, 0.5, 0.55, 0.6316, 0.5789, 0.5, 0.6316, 0.45, 0.9, 0.55, 0.55, 0.55, 0.4737, 0.5789, 0.6, 0.8947, 0.65, 0.7, 0.7, 0.7, 0.55, 0.7, 0.65, 0.75, 0.7, 0.75, 0.7895, 0.5, 0.5, 0.3684, 0.5, 0.3]"
qwq-32b,7351fe5f8ee14ff826bc262030efc469,3cfdf67d7f98c8fe484011b5ebd26bf93f87498955b895bb617ad07b13aceadc,False,Von Willebrand disease,61,62,1076,1759,7,0.11475409836065574,552,0.14405204460966542,0.8,0.3,1.0,7,0.14405204460966542,"[0.3, 0.4, 0.7368, 0.55, 0.6667, 0.55, 0.75, 0.8, 0.8947, 0.8, 0.95, 0.95, 1.0, 1.0, 1.0, 0.95, 1.0, 1.0, 1.0, 1.0, 1.0, 1.0, 0.95, 1.0, 1.0, 1.0, 1.0, 1.0, 1.0, 1.0, 1.0, 0.95, 1.0, 1.0, 1.0, 1.0, 1.0, 1.0, 1.0, 1.0, 1.0, 1.0, 1.0, 1.0, 1.0, 1.0, 1.0, 1.0, 1.0, 1.0, 1.0, 1.0, 1.0, 1.0, 1.0, 1.0, 1.0, 1.0, 1.0, 1.0, 1.0, 1.0]"
qwq-32b,88537bcf54e128709d3d84d9a954aa6f,9096f2fdd90c73f76ac9b8450010c3c195455079803b6acf5acd5a26a776a2eb,True,Henoch-Schönlein Purpura (IgA Vasculitis),73,74,1308,2701,23,0.3150684931506849,1807,0.33103975535168195,0.8947368421052632,0.2777777777777778,1.0,23,0.33103975535168195,"[0.2778, 0.4, 0.25, 0.35, 0.45, 0.45, 0.3, 0.45, 0.55, 0.4, 0.5263, 0.35, 0.4211, 0.3, 0.3158, 0.25, 0.35, 0.4, 0.45, 0.2632, 0.8, 0.75, 0.5, 0.8947, 0.8, 0.9, 0.95, 0.9474, 0.95, 1.0, 0.95, 0.95, 1.0, 0.95, 0.95, 1.0, 0.95, 0.8421, 0.9444, 0.95, 0.9, 0.95, 1.0, 0.95, 0.9, 0.9, 1.0, 1.0, 1.0, 1.0, 1.0, 1.0, 1.0, 1.0, 1.0, 1.0, 1.0, 1.0, 1.0, 1.0, 1.0, 1.0, 1.0, 1.0, 1.0, 1.0, 1.0, 1.0, 1.0, 1.0, 1.0, 1.0, 1.0, 1.0]"
qwq-32b,88537bcf54e128709d3d84d9a954aa6f,5a8fbbd2d8cd7de03b99aaccb4e85e344c5ae5c08480e4f476e4e63421ce4107,False,Acute Rheumatic Fever,35,36,818,2206,16,0.45714285714285713,1745,0.45354523227383864,0.9,0.3,1.0,16,0.45354523227383864,"[0.3, 0.4737, 0.45, 0.4211, 0.3, 0.3, 0.4211, 0.4, 0.5, 0.3158, 0.3158, 0.45, 0.65, 0.75, 0.7368, 0.55, 0.9, 0.9474, 0.8421, 1.0, 1.0, 1.0, 1.0, 1.0, 1.0, 1.0, 1.0, 1.0, 1.0, 1.0, 1.0, 1.0, 1.0, 1.0, 1.0, 1.0]"
qwq-32b,a670afa64f606d20eed4a435fc89d120,0fd3f3888c2b5247b86d67303acc7c9b7a1db5842965acf55567e851d2cd7a50,True,Idiopathic Intracranial Hypertension,89,90,1271,1475,49,0.550561797752809,864,0.5420928402832416,0.85,0.05,1.0,53,0.6066089693154996,"[0.05, 0.05, 0.05, 0.1, 0.1, 0.0, 0.05, 0.1, 0.05, 0.05, 0.05, 0.05, 0.0, 0.0526, 0.05, 0.0, 0.0, 0.0, 0.05, 0.0, 0.0, 0.05, 0.1053, 0.1579, 0.0, 0.0, 0.1, 0.0, 0.05, 0.1, 0.1, 0.0, 0.05, 0.1, 0.0, 0.05, 0.05, 0.05, 0.0, 0.05, 0.05, 0.0, 0.0, 0.05, 0.1, 0.1, 0.0, 0.1, 0.6, 0.85, 0.9, 0.95, 0.75, 0.95, 0.9, 0.95, 0.95, 0.95, 0.9, 0.85, 0.85, 0.95, 1.0, 1.0, 0.95, 0.95, 0.95, 0.9, 0.95, 0.95, 1.0, 0.9, 0.9, 1.0, 0.9, 0.95, 1.0, 0.95, 1.0, 1.0, 1.0, 0.95, 0.95, 0.9, 1.0, 1.0, 1.0, 1.0, 1.0, 1.0]"
qwq-32b,a670afa64f606d20eed4a435fc89d120,f89c18d2ac2c522f7c6583e6cc17e4074bc982c97f0d1bb36ffb6bb691e9ac60,False,Medulloblastoma,103,104,1904,2094,37,0.3592233009708738,819,0.3382352941176471,0.8,0.05,1.0,47,0.42804621848739494,"[0.05, 0.2, 0.15, 0.05, 0.1579, 0.25, 0.15, 0.2, 0.15, 0.05, 0.15, 0.15, 0.1, 0.25, 0.2, 0.1, 0.35, 0.1, 0.25, 0.35, 0.45, 0.4, 0.5, 0.4, 0.45, 0.25, 0.5, 0.55, 0.35, 0.45, 0.65, 0.65, 0.55, 0.6, 0.35, 0.75, 0.7, 0.8, 0.7895, 0.8, 0.95, 0.6842, 0.95, 0.7, 0.8, 0.7, 0.65, 0.8, 0.85, 0.9, 0.8947, 0.9, 0.9444, 0.9, 0.85, 0.9, 0.8, 0.9, 0.85, 1.0, 0.95, 0.95, 1.0, 1.0, 1.0, 1.0, 0.95, 0.9474, 1.0, 0.95, 1.0, 1.0, 0.95, 1.0, 1.0, 0.95, 0.9, 1.0, 1.0, 1.0, 0.95, 1.0, 1.0, 1.0, 0.95, 1.0, 1.0, 1.0, 1.0, 1.0, 1.0, 1.0, 1.0, 0.95, 1.0, 1.0, 1.0, 1.0, 1.0, 1.0, 1.0, 1.0, 1.0, 1.0]"
qwq-32b,bc3da8074eec813548bda5ec813b8a9b,55eea4b0633e4dc2a7f373330ec81d48c3cb996da11d2efe29a218cb0c12d7a8,True,Graves disease,120,121,2292,4869,65,0.5416666666666666,3476,0.5636998254799301,0.8947368421052632,0.95,1.0,113,0.9607329842931938,"[0.95, 0.8, 0.65, 0.6842, 0.85, 0.85, 0.8, 0.75, 0.8947, 0.8947, 0.6, 0.85, 0.7, 0.7895, 0.8, 0.9, 0.85, 0.75, 0.5263, 0.6, 0.8421, 0.6667, 0.7, 0.7, 0.8, 0.9, 0.75, 0.85, 0.6, 0.85, 0.65, 0.75, 0.5789, 0.65, 0.7, 0.9, 0.9474, 0.9474, 0.85, 0.9, 0.9, 0.9474, 0.8947, 0.75, 0.85, 0.7368, 0.5789, 0.7895, 0.7895, 0.55, 0.55, 0.65, 0.65, 0.4737, 0.85, 0.75, 0.8, 0.65, 0.7368, 0.8421, 0.7895, 0.6, 0.7895, 0.55, 1.0, 0.8947, 0.8, 0.95, 0.85, 0.95, 0.8947, 0.8421, 0.8, 0.95, 0.95, 0.85, 0.95, 0.95, 1.0, 0.9474, 0.95, 0.9444, 0.9474, 0.8, 0.9, 0.95, 1.0, 1.0, 0.95, 0.95, 0.95, 0.9474, 0.9, 0.8421, 0.9, 0.9, 0.85, 0.9, 0.95, 0.95, 0.95, 0.8947, 1.0, 0.85, 0.8421, 0.85, 0.85, 0.95, 1.0, 1.0, 0.85, 0.9, 0.7778, 0.95, 0.9, 0.85, 1.0, 0.9, 1.0, 0.95, 1.0]"
qwq-32b,bc3da8074eec813548bda5ec813b8a9b,0a32b21977ed520d6d36cb2368fd8a48dcde03ce7c7b8f84d5a9b55b4f640a0b,False,Thyroid storm,67,68,1439,3637,27,0.40298507462686567,2781,0.41487143849895763,0.8421052631578947,0.15,1.0,27,0.41487143849895763,"[0.15, 0.1, 0.25, 0.2632, 0.2105, 0.25, 0.1, 0.1, 0.2105, 0.15, 0.25, 0.15, 0.1, 0.3, 0.4, 0.55, 0.65, 0.3684, 0.4737, 0.35, 0.5, 0.5, 0.3, 0.45, 0.4737, 0.5789, 0.45, 0.8421, 0.9, 0.85, 0.9, 0.9474, 0.95, 1.0, 0.95, 0.95, 0.9474, 1.0, 0.8947, 0.9474, 1.0, 1.0, 1.0, 0.95, 1.0, 1.0, 1.0, 1.0, 1.0, 0.9444, 1.0, 1.0, 1.0, 1.0, 1.0, 1.0, 1.0, 1.0, 1.0, 1.0, 1.0, 1.0, 1.0, 1.0, 1.0, 1.0, 1.0, 1.0]"
qwq-32b,c4ce6239240ed6d8489f1ee8bf9a4784,59d750b789546a7a05773120b8c28306e713911304172bc65125e4f61b366e4f,True,Central Retinal Artery Occlusion,79,80,1310,1989,0,0.0,474,0.0,0.8947368421052632,0.8947368421052632,1.0,5,0.06641221374045801,"[0.8947, 0.9, 0.95, 0.95, 0.7895, 0.9474, 1.0, 0.8889, 1.0, 1.0, 1.0, 1.0, 1.0, 1.0, 1.0, 1.0, 1.0, 1.0, 1.0, 1.0, 1.0, 1.0, 1.0, 1.0, 1.0, 1.0, 1.0, 1.0, 1.0, 1.0, 1.0, 1.0, 1.0, 1.0, 1.0, 1.0, 1.0, 1.0, 1.0, 1.0, 1.0, 1.0, 1.0, 1.0, 1.0, 1.0, 1.0, 1.0, 1.0, 1.0, 1.0, 1.0, 1.0, 1.0, 1.0, 1.0, 1.0, 1.0, 1.0, 1.0, 1.0, 1.0, 1.0, 1.0, 1.0, 1.0, 1.0, 1.0, 1.0, 1.0, 1.0, 1.0, 1.0, 1.0, 1.0, 1.0, 1.0, 1.0, 1.0, 1.0]"
qwq-32b,c4ce6239240ed6d8489f1ee8bf9a4784,39f7691a2e9dcf69852d21840d66bb53d9c82d33e1c9f1db000b9ff4e59833a4,False,Giant Cell Arteritis,140,141,2496,3241,105,0.75,2313,0.7367788461538461,0.8,0.0,1.0,118,0.8341346153846154,"[0.0, 0.0, 0.0, 0.0, 0.0, 0.0, 0.1579, 0.0, 0.0, 0.0, 0.0, 0.0, 0.0526, 0.1, 0.1, 0.05, 0.1, 0.0, 0.05, 0.25, 0.15, 0.05, 0.05, 0.1, 0.05, 0.3, 0.3, 0.35, 0.05, 0.25, 0.1, 0.1, 0.25, 0.05, 0.2, 0.25, 0.4737, 0.2632, 0.1, 0.3, 0.15, 0.0, 0.2105, 0.05, 0.2632, 0.0526, 0.15, 0.0526, 0.0526, 0.05, 0.0, 0.1053, 0.1579, 0.15, 0.1053, 0.35, 0.0, 0.0526, 0.35, 0.2778, 0.0556, 0.2222, 0.2778, 0.3, 0.2632, 0.15, 0.15, 0.1, 0.1053, 0.15, 0.3, 0.3, 0.6, 0.4118, 0.55, 0.1579, 0.5, 0.5, 0.55, 0.4211, 0.2105, 0.5, 0.25, 0.4, 0.4118, 0.3684, 0.5, 0.4737, 0.2105, 0.6, 0.4, 0.7368, 0.4211, 0.5, 0.5, 0.4737, 0.4737, 0.55, 0.6, 0.6, 0.4, 0.35, 0.65, 0.5, 0.75, 0.8, 0.9, 0.85, 0.8947, 0.7895, 0.85, 0.6316, 0.9474, 0.8, 0.8, 0.75, 0.85, 0.7368, 0.8, 0.8, 0.85, 0.85, 0.9474, 0.9, 0.9, 1.0, 1.0, 1.0, 1.0, 1.0, 1.0, 1.0, 1.0, 1.0, 1.0, 1.0, 1.0, 1.0, 1.0, 1.0, 1.0]"
qwq-32b,d9e1496466a6206a8617add56ddce386,127cd3b88c8860f8da2eb5b50209b6340ac2599e2d756309983e1b98126cf4eb,True,Chronic pancreatitis,52,53,878,1248,21,0.40384615384615385,527,0.38496583143507973,0.8,0.1,1.0,37,0.6594533029612756,"[0.1, 0.0556, 0.2, 0.1, 0.1579, 0.0526, 0.45, 0.1, 0.05, 0.05, 0.2632, 0.9, 0.65, 0.7, 0.7222, 0.65, 0.7, 0.85, 0.5, 0.7, 0.7, 0.8, 0.95, 1.0, 0.95, 1.0, 1.0, 1.0, 0.95, 1.0, 0.9, 0.8, 0.95, 0.9, 1.0, 0.8, 0.75, 0.85, 1.0, 0.9, 0.9, 1.0, 0.95, 0.95, 1.0, 1.0, 1.0, 1.0, 1.0, 0.95, 1.0, 1.0, 1.0]"
qwq-32b,d9e1496466a6206a8617add56ddce386,9eab93899021c8c22f61035b77818bf6d5d474c0dee40fa90935d0f27faae9d4,False,Perforated peptic ulcer,60,61,871,1318,22,0.36666666666666664,501,0.3582089552238806,0.9,0.85,1.0,22,0.3582089552238806,"[0.85, 0.85, 0.75, 0.8, 0.65, 0.8421, 0.6, 0.85, 0.75, 0.95, 0.95, 0.65, 0.45, 0.65, 1.0, 0.95, 1.0, 0.9, 0.95, 0.7895, 1.0, 0.7, 0.9, 0.9474, 0.8, 1.0, 0.95, 1.0, 1.0, 0.95, 1.0, 1.0, 1.0, 1.0, 1.0, 1.0, 1.0, 1.0, 1.0, 1.0, 1.0, 1.0, 1.0, 1.0, 1.0, 1.0, 1.0, 1.0, 1.0, 1.0, 1.0, 1.0, 1.0, 1.0, 1.0, 1.0, 1.0, 1.0, 1.0, 1.0, 1.0]"
qwq-32b,e9c3b2227f99155be055e871c23ef702,0f7620dcf9b1f5b55edebbd68fb8a20dbf56c121c7127e594dd84367d775b944,True,Stimulant Intoxication,206,207,2912,3387,30,0.14563106796116504,730,0.1404532967032967,0.95,0.8,1.0,30,0.1404532967032967,"[0.8, 0.9, 0.95, 0.75, 0.95, 0.8, 0.9, 0.75, 0.85, 0.75, 0.7, 0.85, 0.7895, 0.8, 0.7, 0.75, 0.55, 0.45, 0.65, 0.7, 0.85, 0.8, 0.5556, 0.6, 0.45, 0.45, 0.7, 0.65, 0.6, 0.65, 0.95, 1.0, 0.95, 0.95, 0.9, 0.95, 0.95, 1.0, 1.0, 0.9, 0.9, 0.9, 1.0, 1.0, 1.0, 1.0, 0.95, 0.95, 0.9, 0.95, 1.0, 0.9, 0.95, 1.0, 0.9, 1.0, 1.0, 1.0, 0.95, 1.0, 0.9474, 1.0, 1.0, 1.0, 1.0, 1.0, 1.0, 1.0, 1.0, 1.0, 1.0, 1.0, 0.95, 0.95, 0.95, 1.0, 0.95, 1.0, 1.0, 1.0, 1.0, 1.0, 1.0, 1.0, 1.0, 1.0, 1.0, 1.0, 1.0, 1.0, 1.0, 1.0, 1.0, 1.0, 1.0, 1.0, 1.0, 1.0, 1.0, 1.0, 1.0, 1.0, 1.0, 0.95, 1.0, 1.0, 1.0, 1.0, 1.0, 1.0, 1.0, 1.0, 1.0, 1.0, 1.0, 1.0, 1.0, 1.0, 1.0, 1.0, 1.0, 1.0, 1.0, 1.0, 1.0, 1.0, 1.0, 1.0, 1.0, 1.0, 1.0, 1.0, 1.0, 1.0, 1.0, 1.0, 1.0, 1.0, 1.0, 1.0, 1.0, 1.0, 1.0, 1.0, 1.0, 1.0, 1.0, 1.0, 1.0, 1.0, 1.0, 1.0, 1.0, 1.0, 1.0, 1.0, 1.0, 1.0, 1.0, 1.0, 1.0, 1.0, 1.0, 1.0, 1.0, 1.0, 1.0, 1.0, 1.0, 1.0, 1.0, 1.0, 1.0, 1.0, 1.0, 1.0, 1.0, 1.0, 1.0, 1.0, 1.0, 1.0, 1.0, 1.0, 1.0, 1.0, 1.0, 1.0, 1.0, 1.0, 1.0, 1.0, 1.0, 1.0, 1.0, 1.0, 1.0, 1.0, 1.0, 1.0, 1.0, 1.0, 1.0, 1.0, 1.0, 1.0, 1.0]"
qwq-32b,e9c3b2227f99155be055e871c23ef702,bd833a5dc3516a8b6c2ee1134c143b0a7bba2b46113a152fb8d0e43444c6fa8c,False,Acute Anticholinergic Syndrome,116,117,1954,2558,93,0.8017241379310345,1829,0.7717502558853634,0.85,0.0,1.0,98,0.8203684749232344,"[0.0, 0.05, 0.1, 0.0, 0.05, 0.05, 0.45, 0.7, 0.8421, 0.8, 0.7, 0.65, 0.5, 0.65, 0.6, 0.55, 0.6, 0.1, 0.85, 0.9, 0.85, 0.85, 0.9, 0.85, 0.7, 0.8, 0.9, 0.9, 0.9, 0.85, 0.85, 0.95, 0.9, 1.0, 0.9474, 0.95, 0.9, 1.0, 1.0, 0.7895, 0.95, 0.8947, 0.85, 0.9, 0.75, 0.9, 0.8, 0.9, 0.9, 0.85, 0.85, 0.75, 0.8, 0.9, 0.8, 0.8, 0.95, 0.9, 0.9, 0.75, 0.75, 0.85, 0.7, 0.8, 0.65, 0.65, 0.8, 0.7, 0.45, 0.55, 0.65, 0.65, 0.5, 0.7, 0.45, 0.5, 0.55, 0.65, 0.55, 0.55, 0.5, 0.55, 0.3684, 0.4, 0.75, 0.6, 0.95, 0.85, 0.75, 0.75, 0.7, 0.55, 0.6, 0.85, 0.85, 0.75, 0.85, 0.7, 0.85, 0.8947, 0.9, 0.85, 0.85, 1.0, 0.95, 0.95, 1.0, 1.0, 0.9, 0.95, 0.85, 0.8, 0.9474, 1.0, 0.9, 1.0, 1.0]"
qwq-32b,fb9fdfc495c899901c9c864e13bfeaff,2f0e9b69bb08bddf173fd62b8c86b9aeaa1ff0d62946bbe39ea462d5c3b39f2a,True,Constitutional Delay of Growth and Puberty,46,47,601,1078,13,0.2826086956521739,478,0.3227953410981697,0.8,0.15789473684210525,1.0,36,0.8435940099833611,"[0.1579, 0.05, 0.15, 0.0, 0.2, 0.25, 0.1, 0.2, 0.2, 0.25, 0.5, 0.7778, 0.55, 0.8, 0.8, 0.85, 0.85, 0.95, 0.95, 0.9474, 0.85, 0.9, 0.9474, 0.85, 0.75, 0.95, 0.9, 1.0, 1.0, 1.0, 0.9474, 1.0, 1.0, 1.0, 0.9, 0.75, 1.0, 1.0, 1.0, 1.0, 1.0, 0.95, 1.0, 1.0, 1.0, 1.0, 1.0]"
qwq-32b,fb9fdfc495c899901c9c864e13bfeaff,8dbc78c581f02dc9f24f059e5bdd8bc5147b70a3d0e103f62535df400e1a016a,False,Growth Hormone Deficiency,44,45,599,1104,31,0.7045454545454546,722,0.7312186978297162,1.0,0.7,1.0,31,0.7312186978297162,"[0.7, 0.85, 0.55, 0.75, 0.9, 0.85, 0.9, 0.7, 0.85, 0.8947, 0.75, 0.8421, 0.7368, 0.7, 0.75, 0.8, 1.0, 0.95, 1.0, 1.0, 0.95, 1.0, 1.0, 1.0, 0.95, 1.0, 0.95, 0.95, 0.95, 1.0, 0.4444, 1.0, 0.9, 1.0, 1.0, 0.95, 1.0, 0.95, 1.0, 1.0, 1.0, 1.0, 1.0, 1.0, 1.0]"
qwq-32b,02b15d84011aa2ed96dcb904e63129bb,8c61e58d463d0d036348ad0ed8c083ac4d305449fd5fb16bc7ab4d1a2552a5b7,True,Pulmonary Hypertension,166,167,2708,3219,157,0.9457831325301205,2694,0.9327917282127031,0.75,0.2,0.95,165,0.9966765140324964,"[0.2, 0.15, 0.3158, 0.2632, 0.35, 0.15, 0.35, 0.25, 0.1, 0.1579, 0.1667, 0.1579, 0.1176, 0.1579, 0.1579, 0.25, 0.2105, 0.0526, 0.2105, 0.15, 0.3158, 0.35, 0.15, 0.1667, 0.4706, 0.3, 0.3158, 0.25, 0.15, 0.0625, 0.0625, 0.1667, 0.25, 0.4, 0.25, 0.3158, 0.2, 0.25, 0.3684, 0.3, 0.3, 0.5, 0.65, 0.8, 0.5, 0.75, 0.7, 0.65, 0.7368, 0.75, 0.6, 0.45, 0.5, 0.7368, 0.65, 0.55, 0.6316, 0.65, 0.55, 0.8, 0.55, 0.65, 0.65, 0.7895, 0.4, 0.75, 0.7, 0.6, 0.6, 0.45, 0.7, 0.95, 0.75, 0.65, 0.75, 0.4737, 0.65, 0.7, 0.4, 0.6, 0.55, 0.5, 0.6, 0.3158, 0.5, 0.6, 0.6, 0.5556, 0.45, 0.7368, 0.55, 0.85, 0.6, 0.85, 0.5789, 0.8, 0.8, 0.75, 0.8, 0.65, 0.75, 0.75, 0.85, 0.85, 0.8, 0.9, 0.8, 0.75, 0.75, 0.6842, 0.95, 0.9, 0.9474, 0.85, 1.0, 0.9, 0.9, 0.8, 0.95, 0.6, 0.6, 0.55, 0.9, 0.7, 0.45, 0.45, 0.55, 0.6, 0.8421, 0.6, 0.55, 0.65, 0.55, 0.6, 0.4, 0.4, 0.6316, 0.55, 0.65, 0.45, 0.35, 0.45, 0.4, 0.5789, 0.6316, 0.75, 0.75, 0.7, 0.4737, 0.4, 0.5, 0.85, 0.6, 0.8, 0.7, 0.6, 0.7368, 0.75, 0.85, 0.6, 0.55, 0.75, 0.65, 0.8, 0.6, 0.8421, 0.95]"
qwq-32b,2600ed7d2340c964a027e94ed65d75f2,4cc349330183586d5a1df970711afb9b65e2e7fa2a5d2683bcc2cc8199010222,True,Chikungunya,81,82,1535,2746,19,0.2345679012345679,1361,0.21889250814332248,0.95,0.5263157894736842,1.0,19,0.21889250814332248,"[0.5263, 0.3, 0.35, 0.25, 0.2778, 0.3, 0.3684, 0.3158, 0.15, 0.25, 0.2778, 0.45, 0.25, 0.35, 0.15, 0.1579, 0.2632, 0.1667, 0.2, 0.95, 0.95, 0.9, 0.95, 0.95, 1.0, 1.0, 0.95, 1.0, 1.0, 1.0, 1.0, 1.0, 1.0, 1.0, 1.0, 1.0, 0.9474, 1.0, 1.0, 1.0, 1.0, 0.95, 0.95, 1.0, 1.0, 0.95, 0.9474, 1.0, 1.0, 1.0, 1.0, 1.0, 1.0, 1.0, 1.0, 1.0, 1.0, 1.0, 1.0, 1.0, 1.0, 1.0, 1.0, 1.0, 1.0, 1.0, 1.0, 1.0, 1.0, 1.0, 1.0, 1.0, 1.0, 1.0, 1.0, 1.0, 1.0, 1.0, 1.0, 1.0, 1.0, 1.0]"
qwq-32b,2600ed7d2340c964a027e94ed65d75f2,2fd44b7bb33771cf3b583196ba31b4894f20269e24f82b5fe7e48a3c4c670fcf,False,Dengue fever,76,77,1237,2783,14,0.18421052631578946,1330,0.2465642683912692,1.0,0.55,1.0,14,0.2465642683912692,"[0.55, 0.6, 0.6316, 0.3, 0.4211, 0.25, 0.25, 0.35, 0.3, 0.4, 0.4118, 0.5, 0.5263, 0.65, 1.0, 1.0, 1.0, 1.0, 1.0, 1.0, 1.0, 1.0, 1.0, 1.0, 1.0, 1.0, 1.0, 1.0, 1.0, 1.0, 1.0, 1.0, 1.0, 1.0, 1.0, 0.9474, 1.0, 1.0, 1.0, 0.95, 1.0, 1.0, 1.0, 1.0, 1.0, 1.0, 1.0, 1.0, 1.0, 1.0, 1.0, 1.0, 1.0, 1.0, 1.0, 1.0, 1.0, 1.0, 1.0, 1.0, 1.0, 1.0, 1.0, 1.0, 1.0, 1.0, 1.0, 1.0, 1.0, 1.0, 1.0, 1.0, 1.0, 1.0, 1.0, 1.0, 1.0]"
qwq-32b,34d053d3a9b3a1f013655f7223718de7,d6be2c0ef21ab2e9763bcccac3f6b565a21c4e2a6d2ce39336c1571e7b7fd5e9,True,Primary central nervous system lymphoma,36,37,836,2772,15,0.4166666666666667,2313,0.4748803827751196,0.8,0.85,1.0,15,0.4748803827751196,"[0.85, 0.6, 0.45, 0.6, 0.65, 0.7, 0.7, 0.65, 0.55, 0.4, 0.25, 0.55, 0.3, 0.3, 0.4, 0.8, 0.8, 1.0, 1.0, 1.0, 1.0, 1.0, 1.0, 1.0, 1.0, 1.0, 1.0, 1.0, 1.0, 1.0, 1.0, 1.0, 1.0, 1.0, 1.0, 1.0, 1.0]"
qwq-32b,34d053d3a9b3a1f013655f7223718de7,40b1c3da129ab2d1b9804a7d8cae9c65f842db1cb5bb234f3dc6155026633d4f,False,Glioblastoma,31,32,719,2653,10,0.3225806451612903,2149,0.3240611961057024,0.95,0.15,1.0,10,0.3240611961057024,"[0.15, 0.2, 0.35, 0.15, 0.25, 0.4, 0.3, 0.55, 0.4, 0.35, 0.95, 0.95, 1.0, 0.95, 1.0, 1.0, 1.0, 1.0, 1.0, 1.0, 1.0, 1.0, 1.0, 1.0, 1.0, 1.0, 1.0, 1.0, 1.0, 1.0, 1.0, 1.0]"
qwq-32b,42657169f520db24ecd36735fa5fcd7f,166282b52bd85aa40d4c13b1371d9f7cd95fb467e75eae04238bd4674e8f6398,True,Anticholinergic Syndrome,119,120,2283,2853,100,0.8403361344537815,2265,0.8427507665352606,0.85,0.42105263157894735,1.0,100,0.8427507665352606,"[0.4211, 0.6667, 0.6316, 0.65, 0.75, 0.8, 0.7, 0.65, 0.8947, 0.9, 0.8947, 0.8947, 0.9444, 0.85, 0.5789, 0.0, 0.0, 0.0526, 0.0, 0.0, 0.1, 0.0, 0.15, 0.1, 0.2222, 0.35, 0.45, 0.25, 0.2632, 0.2, 0.15, 0.2, 0.1, 0.2105, 0.4, 0.15, 0.2, 0.1, 0.1, 0.15, 0.2, 0.3, 0.2, 0.1053, 0.15, 0.4, 0.2, 0.2105, 0.0, 0.1, 0.2, 0.15, 0.15, 0.15, 0.45, 0.4, 0.4, 0.35, 0.3, 0.4, 0.35, 0.2632, 0.2105, 0.3684, 0.1, 0.45, 0.4, 0.35, 0.65, 0.85, 0.8, 0.7, 0.65, 0.6, 0.65, 0.55, 0.55, 0.6, 0.5, 0.3, 0.65, 0.5, 0.45, 0.6, 0.5, 0.35, 0.7, 0.5, 0.55, 0.7, 0.55, 0.65, 0.7368, 0.55, 0.65, 0.65, 0.75, 0.5, 0.6, 0.5556, 0.85, 0.95, 0.85, 0.85, 0.95, 1.0, 1.0, 1.0, 1.0, 1.0, 1.0, 1.0, 1.0, 1.0, 1.0, 1.0, 1.0, 1.0, 1.0, 1.0]"
qwq-32b,42657169f520db24ecd36735fa5fcd7f,4e5e9a42a71f76d618356a0a3980cdc84bcf2af2f04f2e5e136996f0086e2344,False,Serotonin Syndrome,114,115,2092,2679,89,0.7807017543859649,1917,0.7533460803059273,0.9473684210526315,0.05263157894736842,1.0,99,0.8518164435946463,"[0.0526, 0.1053, 0.3, 0.0526, 0.1579, 0.2, 0.2, 0.3, 0.25, 0.35, 0.1579, 0.25, 0.1, 0.2, 0.25, 0.25, 0.3158, 0.15, 0.1579, 0.1579, 0.1, 0.2, 0.1, 0.1053, 0.15, 0.1, 0.1, 0.2, 0.15, 0.15, 0.45, 0.25, 0.1053, 0.3, 0.4, 0.35, 0.35, 0.25, 0.1, 0.35, 0.1053, 0.2, 0.3, 0.15, 0.25, 0.15, 0.15, 0.15, 0.1, 0.2, 0.2105, 0.4, 0.3, 0.65, 0.55, 0.85, 0.75, 0.9, 0.85, 0.85, 0.65, 0.5263, 0.65, 0.4737, 0.8, 0.65, 0.7, 0.55, 0.7, 0.45, 0.85, 0.6, 0.7, 0.75, 0.4, 0.85, 0.9, 0.9, 0.8, 0.85, 0.8947, 0.85, 0.85, 0.85, 0.8421, 0.75, 0.45, 1.0, 0.7368, 0.9474, 1.0, 0.95, 0.95, 0.95, 1.0, 1.0, 0.9, 0.75, 0.75, 0.95, 1.0, 0.95, 1.0, 1.0, 0.95, 1.0, 0.9, 1.0, 1.0, 1.0, 1.0, 1.0, 1.0, 1.0, 1.0]"
qwq-32b,4abc3a40659612c935b6036cf7018466,e71bc4132ba47ade8df24c882f8409f04707580e1f441e60f10d7c15b29b2dcb,True,Glossopharyngeal Neuralgia,33,34,730,1279,5,0.15151515151515152,383,0.10410958904109589,0.8,0.75,1.0,16,0.3726027397260274,"[0.75, 0.75, 0.75, 0.6, 0.75, 0.8, 0.8, 0.85, 0.7895, 0.7, 0.65, 0.8, 0.8421, 0.75, 0.8, 0.65, 0.9, 0.85, 0.9444, 0.8947, 1.0, 1.0, 1.0, 1.0, 1.0, 1.0, 1.0, 1.0, 1.0, 1.0, 1.0, 1.0, 1.0, 1.0]"
qwq-32b,4abc3a40659612c935b6036cf7018466,001725222645f22ffecf37043e46a4cd7629e5451e0fa8a0cdf8e38faa46cf1c,False,Auriculotemporal Neuralgia,26,27,531,1094,19,0.7307692307692307,670,0.6836158192090396,0.95,0.2,1.0,19,0.6836158192090396,"[0.2, 0.05, 0.3, 0.15, 0.05, 0.05, 0.05, 0.2, 0.0526, 0.2, 0.2, 0.15, 0.15, 0.25, 0.1, 0.1, 0.05, 0.6, 0.55, 0.95, 1.0, 1.0, 1.0, 1.0, 0.95, 1.0, 1.0]"
qwq-32b,5e7abd32af948047598121dd03ac97b6,8374a2cd0e0b168f7a5a2d2792079c9f79c27a75afac7687e9fcb050a30a130a,True,Varicella,132,133,2030,2504,19,0.14393939393939395,434,0.13793103448275862,0.85,0.6,1.0,25,0.16995073891625614,"[0.6, 0.6, 0.6316, 0.7, 0.6, 0.6, 0.65, 0.45, 0.65, 0.85, 0.5, 0.7, 0.5, 0.6842, 0.75, 0.95, 0.65, 1.0, 0.95, 0.85, 0.8, 0.9, 0.9, 0.7, 0.7, 0.9, 1.0, 0.95, 1.0, 0.95, 1.0, 1.0, 0.95, 1.0, 1.0, 1.0, 1.0, 1.0, 1.0, 1.0, 1.0, 0.95, 1.0, 1.0, 1.0, 1.0, 1.0, 1.0, 0.95, 0.95, 0.95, 1.0, 1.0, 1.0, 1.0, 0.95, 0.95, 0.9, 1.0, 1.0, 1.0, 0.95, 0.95, 1.0, 1.0, 1.0, 1.0, 1.0, 0.95, 0.95, 1.0, 1.0, 0.95, 1.0, 1.0, 0.95, 1.0, 1.0, 0.95, 1.0, 1.0, 0.95, 1.0, 1.0, 0.95, 1.0, 1.0, 1.0, 1.0, 1.0, 1.0, 1.0, 1.0, 0.95, 1.0, 1.0, 1.0, 1.0, 1.0, 1.0, 1.0, 1.0, 1.0, 1.0, 1.0, 1.0, 1.0, 1.0, 1.0, 1.0, 1.0, 1.0, 1.0, 1.0, 1.0, 1.0, 1.0, 1.0, 1.0, 1.0, 1.0, 1.0, 1.0, 1.0, 1.0, 1.0, 1.0, 1.0, 1.0, 1.0, 1.0, 1.0, 1.0]"
qwq-32b,5e7abd32af948047598121dd03ac97b6,3669ab564988e9dc35f55fad8015b993a5cc3268dbc17b0d918cd554c66037c2,False,Rubella,79,80,1170,1566,21,0.26582278481012656,437,0.24188034188034188,0.85,0.35,1.0,29,0.3418803418803419,"[0.35, 0.2, 0.25, 0.35, 0.5, 0.3, 0.25, 0.45, 0.5263, 0.2, 0.5, 0.4, 0.3, 0.5263, 0.75, 0.9, 0.6, 0.75, 0.7, 0.75, 0.9, 0.85, 0.8947, 0.9, 0.9, 0.75, 0.8, 0.8947, 0.7, 0.8, 1.0, 1.0, 0.9, 0.95, 0.95, 1.0, 0.95, 0.9, 0.95, 1.0, 1.0, 1.0, 1.0, 1.0, 0.95, 1.0, 1.0, 1.0, 1.0, 1.0, 0.95, 1.0, 1.0, 1.0, 1.0, 1.0, 1.0, 0.95, 1.0, 1.0, 0.95, 1.0, 1.0, 1.0, 1.0, 1.0, 0.95, 1.0, 1.0, 1.0, 1.0, 1.0, 1.0, 1.0, 1.0, 1.0, 1.0, 1.0, 1.0, 1.0]"
qwq-32b,6cae95de019b8b107893b29e2418ab4a,ccf673ef64808762891fd0f9cb0624dcc89009769572b05204ae38cf6aef3bab,True,Bed bug bite,83,84,1343,1808,66,0.7951807228915663,1347,0.7974683544303798,0.9444444444444444,0.8,1.0,66,0.7974683544303798,"[0.8, 0.7368, 0.9, 0.8, 0.8, 0.8, 0.95, 0.8889, 0.8, 0.7, 0.7895, 0.7368, 0.55, 0.75, 0.8, 0.6667, 0.7, 0.6, 0.4, 0.5, 0.45, 0.6842, 0.5789, 0.6842, 0.4, 0.7368, 0.8333, 0.7, 0.4444, 0.55, 0.4737, 0.4737, 0.6, 0.4211, 0.6842, 0.7778, 0.75, 0.5789, 0.6667, 0.5294, 0.6471, 0.6842, 0.8947, 0.75, 0.9, 0.7895, 0.4737, 0.5556, 0.7222, 0.7647, 0.6842, 0.6842, 0.7895, 0.75, 0.6842, 0.8, 0.75, 0.8333, 0.9444, 0.75, 0.6667, 0.6842, 0.7368, 0.5, 0.8824, 0.6111, 0.9444, 1.0, 0.9474, 1.0, 1.0, 0.85, 1.0, 0.9474, 1.0, 1.0, 0.95, 1.0, 0.95, 1.0, 1.0, 0.95, 0.8889, 1.0]"
qwq-32b,6cae95de019b8b107893b29e2418ab4a,0fd01d1d4eed81452d21fc4c274d55209d3e7649e2524a1b2f1fc6789b70f539,False,Cutaneous larva migrans,24,25,485,942,12,0.5,499,0.45979381443298967,1.0,0.15,1.0,12,0.45979381443298967,"[0.15, 0.05, 0.1053, 0.15, 0.05, 0.1, 0.0, 0.1053, 0.15, 0.1, 0.1, 0.15, 1.0, 1.0, 1.0, 1.0, 1.0, 1.0, 1.0, 1.0, 1.0, 1.0, 1.0, 1.0, 1.0]"
qwq-32b,7d75815cb2310bdcf17826679b94cee2,60923ece7812676a4fcfb8fb5fdb76165dc6bc4313528b23f6c857d9314a6ad9,True,IgA Nephropathy,22,23,559,2960,10,0.45454545454545453,2639,0.45080500894454384,0.95,0.35,1.0,10,0.45080500894454384,"[0.35, 0.3, 0.15, 0.35, 0.2, 0.3, 0.1, 0.3, 0.3, 0.2632, 0.95, 1.0, 1.0, 1.0, 1.0, 1.0, 1.0, 1.0, 1.0, 1.0, 1.0, 1.0, 1.0]"
qwq-32b,7d75815cb2310bdcf17826679b94cee2,c3e8b6e68340f2178c261e5334de0e8527c1cf45bea4db60e85ca4da52f7e9cc,False,Multiple myeloma with renal involvement,83,84,1854,4260,83,1.0,4241,1.0,1.0,0.25,1.0,83,1.0,"[0.25, 0.15, 0.25, 0.25, 0.1, 0.2, 0.15, 0.2, 0.05, 0.1, 0.15, 0.1, 0.1, 0.2, 0.2, 0.05, 0.1, 0.0, 0.05, 0.05, 0.0, 0.15, 0.0, 0.15, 0.1, 0.15, 0.05, 0.05, 0.1, 0.0, 0.15, 0.1, 0.15, 0.1053, 0.15, 0.2, 0.1, 0.2778, 0.1053, 0.2, 0.1, 0.05, 0.25, 0.1, 0.15, 0.1579, 0.05, 0.25, 0.3158, 0.1053, 0.25, 0.1579, 0.35, 0.0, 0.15, 0.1, 0.0, 0.0, 0.0, 0.1, 0.1, 0.05, 0.15, 0.2, 0.2, 0.15, 0.1, 0.05, 0.05, 0.05, 0.0, 0.1, 0.0, 0.0, 0.0, 0.15, 0.25, 0.1579, 0.0, 0.15, 0.2, 0.3, 0.2, 1.0]"
qwq-32b,8d4129f4074a7419ef8017429041fac4,38dede87a6d65151bc0e42c0e452e4cd252fda99ebc276bcd6cb4c7cdf510e24,True,Simple Goiter,120,121,1619,2022,107,0.8916666666666667,1612,0.8931439159975293,0.8421052631578947,0.3,1.0,114,0.9573810994441013,"[0.3, 0.2, 0.15, 0.2, 0.1, 0.15, 0.15, 0.1053, 0.05, 0.3, 0.15, 0.0, 0.1, 0.05, 0.3, 0.05, 0.15, 0.05, 0.15, 0.0526, 0.0, 0.0, 0.1053, 0.0526, 0.1, 0.0, 0.1579, 0.1, 0.25, 0.1, 0.2, 0.1053, 0.1, 0.1, 0.3, 0.05, 0.05, 0.1, 0.05, 0.0, 0.1, 0.05, 0.2, 0.1, 0.2, 0.15, 0.1, 0.05, 0.15, 0.1, 0.0526, 0.1, 0.05, 0.15, 0.0, 0.2105, 0.15, 0.05, 0.0, 0.1111, 0.05, 0.05, 0.25, 0.2, 0.2632, 0.3158, 0.35, 0.1667, 0.25, 0.1, 0.0, 0.2632, 0.1, 0.1, 0.1, 0.2105, 0.2778, 0.2632, 0.1579, 0.15, 0.1053, 0.1111, 0.1111, 0.1, 0.1053, 0.2, 0.45, 0.45, 0.2105, 0.2, 0.45, 0.4, 0.15, 0.1579, 0.2632, 0.2, 0.55, 0.35, 0.3333, 0.3, 0.4211, 0.65, 0.5, 0.6842, 0.7, 0.5789, 0.7, 0.8421, 0.7, 0.75, 0.85, 0.85, 0.8, 0.7368, 0.9474, 0.9, 0.85, 1.0, 0.95, 0.95, 1.0]"
qwq-32b,8d4129f4074a7419ef8017429041fac4,57f9accde3580e0dec23f3e2753076b1be0951c6136228c3ad6025616f280e9b,False,Autoimmune Thyroiditis,61,62,1148,1689,46,0.7540983606557377,994,0.7212543554006968,0.8,0.4,1.0,54,0.8649825783972126,"[0.4, 0.5263, 0.45, 0.2632, 0.55, 0.45, 0.3158, 0.3, 0.5, 0.85, 1.0, 0.95, 0.9444, 0.95, 0.9, 0.85, 0.95, 1.0, 0.9, 0.85, 0.8947, 0.95, 1.0, 1.0, 0.95, 0.9, 0.95, 1.0, 0.9, 0.8947, 0.7, 0.7895, 0.6316, 0.7, 0.8, 0.8, 0.7, 0.75, 0.6, 0.75, 0.75, 0.7, 0.6, 0.45, 0.55, 0.75, 0.8, 0.6842, 0.75, 0.7, 0.6316, 0.6316, 0.65, 0.6842, 0.85, 0.9, 0.95, 0.9, 0.85, 1.0, 0.85, 1.0]"
qwq-32b,ab0226a3a9dc01c8c9b91a47198bed63,86d204965bb52940b291f2ff05b39184c4e05185665175aef2a5799291edf96a,True,Enterotoxigenic Escherichia coli infection,44,45,749,2338,0,0.0,296,0.0,0.85,0.85,1.0,13,0.32443257676902537,"[0.85, 0.7, 0.9, 0.7, 0.8, 0.6842, 0.8, 0.85, 0.7368, 0.8421, 0.75, 0.9, 0.7, 0.9474, 1.0, 1.0, 1.0, 1.0, 1.0, 1.0, 1.0, 1.0, 1.0, 1.0, 1.0, 1.0, 1.0, 1.0, 1.0, 1.0, 1.0, 1.0, 1.0, 1.0, 1.0, 1.0, 1.0, 1.0, 1.0, 1.0, 1.0, 1.0, 1.0, 1.0, 1.0]"
qwq-32b,ab0226a3a9dc01c8c9b91a47198bed63,60f9fffae8787389a5d60efbd7ab8d1192a618a389c43d0c4b49bc4396a98050,False,Cholera,76,77,1300,1832,22,0.2894736842105263,719,0.3253846153846154,0.8947368421052632,0.1,1.0,52,0.6992307692307692,"[0.1, 0.05, 0.1, 0.3, 0.2105, 0.15, 0.15, 0.05, 0.1, 0.2, 0.1053, 0.1, 0.25, 0.9, 0.8947, 0.9, 0.8, 0.75, 0.3, 0.7368, 0.35, 0.3684, 0.8947, 0.85, 0.95, 0.9474, 0.8421, 0.95, 0.8, 0.85, 0.95, 0.9, 0.9, 0.8947, 0.85, 0.8, 0.75, 0.7, 0.75, 0.95, 0.7, 0.75, 0.95, 0.85, 1.0, 1.0, 0.9, 0.9, 0.9, 0.9, 0.9, 0.7895, 0.9, 1.0, 0.95, 1.0, 0.95, 0.95, 1.0, 1.0, 1.0, 1.0, 1.0, 1.0, 0.95, 1.0, 1.0, 1.0, 1.0, 1.0, 1.0, 1.0, 1.0, 1.0, 1.0, 1.0, 1.0]"
qwq-32b,beea037b8f8cec59caa352ec11f501da,053a1729b9943d25f9e6671e34ce1e63b78e8bab6eccd39f96e6857012b71757,True,Nevus sebaceus,68,69,1021,1190,0,0.0,153,0.0,0.9,0.9,1.0,0,0.0,"[0.9, 0.9, 1.0, 1.0, 0.9, 1.0, 1.0, 1.0, 0.95, 0.85, 0.95, 0.95, 0.95, 0.85, 0.95, 0.9, 0.95, 0.95, 1.0, 0.95, 1.0, 0.95, 0.9, 1.0, 0.9, 0.9, 1.0, 1.0, 1.0, 1.0, 0.9, 1.0, 1.0, 1.0, 0.95, 1.0, 1.0, 1.0, 1.0, 1.0, 1.0, 1.0, 1.0, 1.0, 1.0, 1.0, 1.0, 1.0, 1.0, 1.0, 1.0, 1.0, 1.0, 1.0, 1.0, 1.0, 1.0, 1.0, 1.0, 1.0, 1.0, 1.0, 1.0, 1.0, 1.0, 1.0, 1.0, 1.0, 1.0]"
qwq-32b,beea037b8f8cec59caa352ec11f501da,6de212d08dd5d2fdbff5c661a9a0b497b319a3b02cfbf25fdd142e488ef073f6,False,Favus,30,31,570,903,13,0.43333333333333335,368,0.37719298245614036,1.0,0.0,1.0,13,0.37719298245614036,"[0.0, 0.0, 0.0, 0.0, 0.0, 0.0, 0.0, 0.05, 0.05, 0.05, 0.0, 0.0, 0.05, 1.0, 1.0, 1.0, 1.0, 1.0, 1.0, 1.0, 1.0, 1.0, 1.0, 1.0, 1.0, 1.0, 1.0, 1.0, 1.0, 1.0, 1.0]"
qwq-32b,d2a373fbe65bd86a11545430c5394c7f,ee8e6cdaad7b591a42c7e0e8d025e2e9a1fb27de2b48e96c858f8ffd4e90dca8,True,Graves Disease,101,102,2007,2490,98,0.9702970297029703,2200,0.963129048330842,0.8,0.05,0.95,98,0.963129048330842,"[0.05, 0.15, 0.05, 0.25, 0.35, 0.2, 0.25, 0.25, 0.15, 0.1, 0.1, 0.05, 0.1, 0.1053, 0.15, 0.15, 0.15, 0.15, 0.25, 0.05, 0.05, 0.1579, 0.1, 0.2, 0.3158, 0.3, 0.15, 0.05, 0.05, 0.2, 0.3158, 0.05, 0.2, 0.15, 0.15, 0.2, 0.2, 0.15, 0.3, 0.1, 0.0, 0.05, 0.1, 0.15, 0.15, 0.1, 0.0, 0.2, 0.05, 0.05, 0.1, 0.1, 0.05, 0.0, 0.05, 0.1, 0.0, 0.0, 0.25, 0.2, 0.2, 0.15, 0.15, 0.45, 0.25, 0.25, 0.45, 0.2, 0.3, 0.0526, 0.15, 0.3, 0.3, 0.25, 0.15, 0.25, 0.25, 0.25, 0.25, 0.2105, 0.2, 0.1, 0.6, 0.5, 0.65, 0.6, 0.8, 0.55, 0.7368, 0.5, 0.75, 0.65, 0.7, 0.7, 0.7, 0.7, 0.75, 0.65, 0.8, 0.85, 1.0, 0.95]"
qwq-32b,d2a373fbe65bd86a11545430c5394c7f,a80f7a83cdf81b6a02bfd05b9014abf1871eee7cb9eb09682bbc23728a0c1df8,False,Primary Hyperparathyroidism,39,40,789,1336,2,0.05128205128205128,311,0.05576679340937896,0.8,0.75,1.0,2,0.05576679340937896,"[0.75, 0.75, 0.8, 0.85, 0.8, 0.9, 0.9, 0.9, 0.9, 0.95, 0.95, 1.0, 0.9, 1.0, 1.0, 1.0, 0.95, 1.0, 1.0, 1.0, 1.0, 1.0, 1.0, 1.0, 1.0, 1.0, 1.0, 1.0, 1.0, 1.0, 1.0, 1.0, 1.0, 1.0, 1.0, 1.0, 1.0, 1.0, 1.0, 1.0]"
qwq-32b,da2bd7e45b94e13e1fb97126ca03fcc4,3ae7b678f547d4f9c8f7530ae4129a13549cc3c3cbee46e3711c6d877810e8ef,True,Glomus Tumor,81,82,1211,1534,17,0.20987654320987653,379,0.18166804293971925,0.85,0.85,1.0,31,0.3261767134599505,"[0.85, 0.55, 0.4211, 0.55, 0.65, 0.65, 0.8, 0.6, 0.75, 0.6842, 0.8421, 0.85, 0.7895, 0.65, 0.9, 0.7, 0.6, 0.85, 0.7, 1.0, 0.85, 0.95, 0.75, 0.9, 0.8, 0.75, 0.8, 0.9, 0.85, 0.9, 0.75, 0.95, 0.9, 0.9, 1.0, 0.95, 1.0, 1.0, 0.95, 1.0, 1.0, 1.0, 1.0, 1.0, 1.0, 1.0, 1.0, 1.0, 1.0, 1.0, 1.0, 0.95, 0.95, 0.95, 0.95, 1.0, 1.0, 1.0, 1.0, 1.0, 1.0, 1.0, 1.0, 1.0, 1.0, 1.0, 0.95, 1.0, 1.0, 1.0, 1.0, 1.0, 1.0, 1.0, 1.0, 1.0, 1.0, 1.0, 1.0, 1.0, 1.0, 1.0]"
qwq-32b,da2bd7e45b94e13e1fb97126ca03fcc4,aba7b6fc35138d66a7dc202d03b35a85469ebe7a65f46459402e3f19ca53a4c3,False,Merkel Cell Carcinoma,55,56,815,1142,35,0.6363636363636364,649,0.6012269938650306,0.85,0.1,1.0,35,0.6012269938650306,"[0.1, 0.2, 0.3, 0.3, 0.2, 0.2, 0.0, 0.0526, 0.15, 0.15, 0.25, 0.1053, 0.1, 0.25, 0.6, 0.5, 0.3158, 0.55, 0.2, 0.0, 0.0, 0.0, 0.0, 0.0556, 0.05, 0.0, 0.0, 0.1, 0.05, 0.0, 0.0, 0.1053, 0.05, 0.0, 0.05, 0.85, 0.95, 0.9, 1.0, 1.0, 0.95, 1.0, 1.0, 1.0, 1.0, 1.0, 1.0, 1.0, 1.0, 1.0, 1.0, 1.0, 1.0, 1.0, 1.0, 1.0]"
qwq-32b,ead218181cb76fdbdefd5ea17e01be5b,cf2852f2ecfbed01c007f8101c0dce45af9825a758e22c37e1e51b3ff535f036,True,Transient Hypoparathyroidism,251,252,4268,4675,238,0.9482071713147411,4182,0.939784442361762,0.85,0.0,1.0,240,0.950796626054358,"[0.0, 0.05, 0.0, 0.0, 0.0, 0.0, 0.0, 0.0, 0.0, 0.0, 0.0, 0.0, 0.0, 0.0, 0.0, 0.0, 0.0, 0.0, 0.0, 0.0, 0.0, 0.0, 0.0, 0.0, 0.0, 0.0, 0.0, 0.0, 0.0, 0.0, 0.0, 0.0, 0.0, 0.0, 0.0, 0.0, 0.0, 0.0, 0.0, 0.0, 0.0526, 0.0, 0.0, 0.0, 0.0, 0.0, 0.0, 0.0, 0.0, 0.0, 0.0, 0.0, 0.0, 0.0, 0.0, 0.0556, 0.05, 0.0, 0.0, 0.0556, 0.0, 0.0, 0.0, 0.0, 0.0, 0.1053, 0.0, 0.0, 0.0, 0.0556, 0.0, 0.0, 0.0, 0.05, 0.0, 0.0, 0.0, 0.0, 0.0, 0.0, 0.0, 0.05, 0.0, 0.0, 0.0, 0.0, 0.0, 0.0, 0.0, 0.0, 0.0, 0.05, 0.0, 0.05, 0.0, 0.0, 0.0, 0.0, 0.1, 0.05, 0.05, 0.0, 0.0526, 0.0, 0.0, 0.0, 0.0, 0.0, 0.0, 0.0, 0.0, 0.0, 0.0, 0.0, 0.0, 0.05, 0.0, 0.0, 0.0526, 0.05, 0.0, 0.0, 0.0, 0.0, 0.0, 0.0, 0.0, 0.0, 0.0, 0.0, 0.0, 0.0, 0.0, 0.0, 0.0, 0.0, 0.0, 0.0, 0.0, 0.0, 0.0, 0.0, 0.0, 0.0, 0.0, 0.0, 0.0, 0.0, 0.0, 0.0, 0.0, 0.0, 0.0, 0.0, 0.0, 0.0, 0.0, 0.0, 0.0, 0.0, 0.0, 0.0, 0.0, 0.0, 0.0, 0.0, 0.0, 0.0, 0.0, 0.05, 0.0, 0.0, 0.0, 0.0, 0.0, 0.0, 0.0, 0.0, 0.0, 0.0, 0.0, 0.0, 0.0, 0.0, 0.0, 0.0, 0.0, 0.0, 0.0, 0.0, 0.0, 0.0, 0.0, 0.0, 0.0, 0.0, 0.0, 0.0, 0.0, 0.0, 0.0, 0.05, 0.0, 0.0, 0.0, 0.05, 0.1579, 0.1, 0.05, 0.0, 0.1, 0.0, 0.0, 0.0, 0.05, 0.0, 0.0, 0.1, 0.0, 0.0, 0.0, 0.0, 0.0, 0.0, 0.05, 0.0, 0.0, 0.0, 0.0, 0.05, 0.0, 0.0, 0.05, 0.85, 0.65, 0.65, 0.6, 0.6, 0.85, 0.7, 0.9, 0.95, 1.0, 1.0, 0.95, 1.0, 1.0, 0.95, 0.95, 1.0, 1.0, 1.0]"
qwq-32b,ead218181cb76fdbdefd5ea17e01be5b,882a0394baedc21b37790a78570c887418037096960f34f838f6e04581dad917,False,Pseudohypoparathyroidism,40,41,790,1214,18,0.45,522,0.4443037974683544,0.85,0.45,1.0,18,0.4443037974683544,"[0.45, 0.4, 0.45, 0.55, 0.45, 0.15, 0.05, 0.3, 0.4, 0.3, 0.2105, 0.1579, 0.35, 0.55, 0.5, 0.4737, 0.75, 0.55, 0.85, 0.95, 0.95, 0.8889, 0.95, 0.85, 0.9474, 0.85, 1.0, 0.95, 1.0, 1.0, 1.0, 0.95, 0.9412, 1.0, 1.0, 1.0, 1.0, 1.0, 1.0, 1.0, 1.0]"
qwq-32b,0a3c768a49d4110f6c1604ace9951ee5,2a80a06aab1a4df3a76c0cd59189358e9d52394185501db23de37294e2bd9e24,True,Generalized Anxiety Disorder,49,50,1109,1618,24,0.4897959183673469,912,0.5175834084761046,0.9,0.05,1.0,24,0.5175834084761046,"[0.05, 0.1, 0.1, 0.25, 0.1, 0.1, 0.15, 0.05, 0.1, 0.2, 0.2, 0.1, 0.05, 0.1, 0.25, 0.5, 0.5, 0.1, 0.4, 0.5, 0.45, 0.35, 0.2, 0.75, 0.9, 0.9, 0.9, 0.85, 0.95, 1.0, 0.95, 1.0, 1.0, 1.0, 1.0, 1.0, 1.0, 1.0, 1.0, 1.0, 1.0, 1.0, 1.0, 1.0, 1.0, 1.0, 1.0, 1.0, 1.0, 1.0]"
qwq-32b,0a3c768a49d4110f6c1604ace9951ee5,a92c546e4a9cb066aac6ee74a92e86b49c1c0d31868651cd108bfa0286ad67b5,False,Obsessive-Compulsive Disorder,74,75,1356,1873,57,0.7702702702702703,1419,0.7971976401179941,0.85,0.35,1.0,57,0.7971976401179941,"[0.35, 0.3, 0.4, 0.25, 0.3, 0.2, 0.45, 0.25, 0.25, 0.25, 0.15, 0.2, 0.2, 0.15, 0.3, 0.35, 0.35, 0.5, 0.25, 0.2, 0.25, 0.2105, 0.2105, 0.0, 0.45, 0.45, 0.4, 0.2632, 0.2, 0.3, 0.35, 0.4, 0.1579, 0.2, 0.25, 0.15, 0.15, 0.15, 0.3, 0.3684, 0.7, 0.9, 0.9, 0.8, 0.8947, 1.0, 1.0, 0.7, 0.7, 0.85, 0.8, 0.75, 0.85, 0.6, 0.75, 0.75, 0.7, 0.85, 0.8, 0.9474, 0.8, 1.0, 1.0, 1.0, 1.0, 1.0, 1.0, 1.0, 1.0, 1.0, 1.0, 1.0, 1.0, 1.0, 1.0]"
qwq-32b,27f2b910c19b40bb9f36ce9a3a8909af,c7d30ecf4341abc691bcbeec4f9bc3037216f869cf703d1ee70b666423e0cf81,True,Prosthetic Valve Hemolysis,64,65,1493,4553,43,0.671875,4116,0.724045545880777,0.8,0.7,0.85,60,0.955793703951775,"[0.7, 0.6316, 0.55, 0.45, 0.65, 0.75, 0.7, 0.7, 0.4737, 0.7, 0.75, 0.5, 0.5, 0.65, 0.8, 0.75, 0.6842, 0.6, 0.5789, 0.6316, 0.9474, 1.0, 1.0, 0.9474, 0.9474, 1.0, 1.0, 0.9, 0.95, 0.95, 0.95, 0.95, 1.0, 0.8947, 1.0, 0.6842, 0.8333, 0.7, 0.7895, 0.8421, 0.9474, 0.7368, 0.6316, 0.8, 0.85, 1.0, 0.9, 0.8, 0.9474, 0.9, 1.0, 1.0, 1.0, 1.0, 0.9474, 0.9474, 0.8947, 0.95, 1.0, 0.95, 0.7368, 0.8, 0.8889, 0.9, 0.85]"
qwq-32b,27f2b910c19b40bb9f36ce9a3a8909af,c796ce402947657af136ce2db799f4eed4ea0a0cd1d574a44b02a681ba6dde48,False,Prosthetic Valve Hemolysis,48,49,1033,4085,43,0.8958333333333334,3897,0.8344627299128751,0.6,0.9,0.7,47,0.9651500484027106,"[0.9, 0.8, 0.85, 0.55, 0.65, 0.85, 0.85, 0.65, 0.85, 0.65, 0.6, 0.6316, 0.65, 0.5, 0.75, 0.7895, 0.8, 0.55, 0.6, 0.6, 0.4, 0.3684, 0.3684, 0.4211, 0.2632, 0.35, 0.15, 0.4, 0.5263, 0.4, 0.45, 0.3, 0.3, 0.4211, 0.3, 0.7, 0.75, 0.55, 0.7, 0.7, 0.8421, 0.5, 0.8, 0.6, 0.65, 0.5, 0.4737, 0.5263, 0.7]"
qwq-32b,34f92cdb48573ee3ec1837da4f60ff3f,0332a69aff303d86488b79b65c7bd6bc6d16b2cce8a394002ac0092acba5c528,True,Posterior Hip Dislocation,37,38,598,1047,4,0.10810810810810811,314,0.08695652173913043,0.8947368421052632,0.9473684210526315,1.0,7,0.1688963210702341,"[0.9474, 0.7368, 0.8333, 0.6, 0.8947, 0.7222, 0.75, 0.85, 0.85, 0.9, 0.95, 0.95, 0.95, 1.0, 0.9, 1.0, 1.0, 1.0, 1.0, 0.9, 1.0, 0.95, 1.0, 1.0, 1.0, 1.0, 1.0, 1.0, 1.0, 1.0, 0.9474, 1.0, 0.9474, 1.0, 1.0, 1.0, 1.0, 1.0]"
qwq-32b,34f92cdb48573ee3ec1837da4f60ff3f,01b38155460682e6f4397689a49df5dc091223a0d60b1b81586d5f34dadad078,False,Femoral Neck Fracture,35,36,579,999,17,0.4857142857142857,549,0.49568221070811747,1.0,0.15,1.0,17,0.49568221070811747,"[0.15, 0.0526, 0.0, 0.1, 0.1, 0.0, 0.2, 0.05, 0.0, 0.05, 0.2105, 0.1053, 0.2, 0.45, 0.35, 0.55, 0.6842, 1.0, 0.95, 0.95, 1.0, 0.9, 1.0, 1.0, 1.0, 1.0, 1.0, 0.95, 1.0, 1.0, 1.0, 1.0, 1.0, 1.0, 0.95, 1.0]"
qwq-32b,44182d567f7978b8cf0aa37c5ce0d4aa,8946a91f7f859a3e4a06585e76e1a11bf9ea4b9ea9a1fcbdb8309d1c9f149c1c,True,Acute Hepatitis,62,63,1193,1656,8,0.12903225806451613,366,0.14836546521374686,0.8,0.5,0.9444444444444444,19,0.34199497066219614,"[0.5, 0.4444, 0.6, 0.3684, 0.6842, 0.45, 0.5, 0.6316, 0.8, 0.75, 1.0, 0.7, 1.0, 0.8421, 0.85, 0.8824, 1.0, 0.9, 0.7368, 0.9, 1.0, 1.0, 0.95, 1.0, 1.0, 0.95, 1.0, 0.95, 1.0, 1.0, 1.0, 1.0, 0.85, 1.0, 0.95, 0.85, 0.9, 1.0, 1.0, 0.9, 1.0, 0.95, 1.0, 1.0, 1.0, 1.0, 0.9474, 0.9, 0.9, 0.95, 1.0, 1.0, 1.0, 0.8947, 1.0, 0.9444, 0.95, 1.0, 1.0, 0.9474, 0.95, 1.0, 0.9444]"
qwq-32b,44182d567f7978b8cf0aa37c5ce0d4aa,ba4a9146725ccb610195ef679c408df3275fd5a8bbb92c53e961d2f417ee0b95,False,Choledocholithiasis,63,64,1154,1592,7,0.1111111111111111,346,0.1360485268630849,0.8333333333333334,0.5625,1.0,11,0.18890814558058924,"[0.5625, 0.25, 0.2778, 0.5882, 0.7368, 0.6842, 0.4375, 0.8333, 0.65, 0.7222, 0.7059, 0.9, 0.8947, 1.0, 0.95, 0.95, 1.0, 1.0, 1.0, 0.9474, 1.0, 1.0, 1.0, 1.0, 1.0, 1.0, 1.0, 1.0, 1.0, 1.0, 1.0, 1.0, 1.0, 1.0, 1.0, 1.0, 1.0, 1.0, 1.0, 1.0, 1.0, 1.0, 1.0, 1.0, 1.0, 1.0, 1.0, 1.0, 1.0, 1.0, 1.0, 1.0, 1.0, 1.0, 1.0, 1.0, 1.0, 1.0, 1.0, 1.0, 1.0, 1.0, 1.0, 1.0]"
qwq-32b,4ac69654711e8b95f09faca42e95c605,3c77db07dd2c5e5d327b2f5c7fa2e8342d053175285459f1e779f75b74798ef6,True,Myelodysplastic Syndrome,107,108,2334,5147,40,0.37383177570093457,3792,0.42802056555269924,0.85,0.05,1.0,52,0.5419880034275921,"[0.05, 0.1053, 0.2105, 0.2, 0.4737, 0.1579, 0.2, 0.3, 0.2, 0.5, 0.45, 0.65, 0.6842, 0.65, 0.6, 0.6, 0.75, 0.8, 0.75, 0.6, 0.6, 0.8421, 0.9, 0.6, 0.65, 0.85, 0.6842, 0.8, 0.7368, 0.85, 0.75, 0.75, 0.55, 0.55, 0.7368, 0.5, 0.55, 0.75, 0.6, 0.5, 0.85, 0.8, 0.7, 0.75, 0.85, 0.7368, 0.95, 0.8, 0.85, 0.85, 0.8947, 0.7, 0.8947, 1.0, 0.8, 0.85, 0.85, 0.85, 0.9, 0.85, 0.95, 0.9, 0.9, 0.9, 1.0, 1.0, 1.0, 1.0, 1.0, 0.8889, 0.85, 0.95, 0.95, 1.0, 1.0, 1.0, 1.0, 1.0, 1.0, 1.0, 1.0, 0.95, 1.0, 1.0, 1.0, 1.0, 0.95, 1.0, 1.0, 1.0, 1.0, 1.0, 1.0, 1.0, 1.0, 1.0, 1.0, 1.0, 1.0, 1.0, 1.0, 1.0, 1.0, 1.0, 1.0, 1.0, 1.0, 1.0]"
qwq-32b,4ac69654711e8b95f09faca42e95c605,87350f9d7274ca58018ea1eed4ab4059b0c6a1c3cd0c86b318e83cc7ca3836ca,False,Thrombotic Thrombocytopenic Purpura,39,40,965,3784,1,0.02564102564102564,2801,0.008290155440414507,0.8,0.7368421052631579,1.0,1,0.008290155440414507,"[0.7368, 0.8, 0.85, 0.95, 1.0, 1.0, 1.0, 0.95, 1.0, 1.0, 1.0, 1.0, 1.0, 1.0, 1.0, 1.0, 1.0, 1.0, 1.0, 1.0, 1.0, 1.0, 1.0, 1.0, 1.0, 1.0, 1.0, 1.0, 1.0, 1.0, 1.0, 1.0, 1.0, 1.0, 1.0, 1.0, 1.0, 1.0, 1.0, 1.0]"
qwq-32b,61f7d8bcb43d0bd0621b066d85eb2529,41ba42d56f643a65814d3bcdbb8923276e3f1c2bcbb22d8a5616c93b19d580f8,True,Multicentric Castleman Disease,71,72,1604,5554,69,0.971830985915493,5510,0.9825436408977556,0.95,0.45,1.0,69,0.9825436408977556,"[0.45, 0.3, 0.35, 0.3, 0.3, 0.4, 0.2, 0.25, 0.35, 0.35, 0.2, 0.25, 0.3, 0.3, 0.45, 0.2, 0.35, 0.3, 0.5, 0.45, 0.35, 0.45, 0.4, 0.3, 0.3, 0.45, 0.25, 0.45, 0.35, 0.45, 0.35, 0.4211, 0.55, 0.5, 0.35, 0.35, 0.4, 0.3, 0.3, 0.3, 0.4, 0.3, 0.45, 0.5, 0.45, 0.65, 0.6, 0.4, 0.55, 0.5, 0.6, 0.5, 0.35, 0.65, 0.55, 0.55, 0.6, 0.65, 0.55, 0.55, 0.8, 0.85, 0.55, 0.55, 0.75, 0.65, 0.65, 0.75, 0.65, 0.95, 0.9, 1.0]"
qwq-32b,61f7d8bcb43d0bd0621b066d85eb2529,69573d15b2560da7052b7297316ded4c09c46887ecb87384ce96b89b251caf65,False,Non-Hodgkin Lymphoma,128,129,2578,6532,125,0.9765625,6439,0.9716834755624515,0.5,0.0,0.3,127,0.9918541505042668,"[0.0, 0.0, 0.0, 0.0, 0.0, 0.1, 0.1, 0.0, 0.0, 0.05, 0.0, 0.05, 0.05, 0.15, 0.1, 0.05, 0.0, 0.25, 0.0, 0.0, 0.1, 0.0, 0.0, 0.0, 0.0, 0.0, 0.0, 0.0, 0.05, 0.05, 0.05, 0.1, 0.1, 0.0, 0.0, 0.1, 0.0, 0.05, 0.05, 0.0, 0.0, 0.1, 0.0, 0.0, 0.05, 0.0, 0.05, 0.0, 0.0, 0.0, 0.0, 0.0, 0.0, 0.0, 0.0, 0.0, 0.0, 0.0, 0.05, 0.0, 0.0, 0.05, 0.0, 0.05, 0.0, 0.0, 0.0, 0.0, 0.0, 0.05, 0.0, 0.0, 0.05, 0.0, 0.0, 0.0, 0.05, 0.0, 0.1, 0.05, 0.0, 0.0, 0.0, 0.05, 0.0, 0.0, 0.05, 0.1, 0.05, 0.05, 0.0, 0.0, 0.0, 0.0, 0.05, 0.05, 0.0, 0.05, 0.05, 0.05, 0.0526, 0.05, 0.1, 0.0, 0.0, 0.0, 0.0, 0.0, 0.05, 0.0, 0.05, 0.0, 0.0, 0.0, 0.0, 0.0, 0.05, 0.05, 0.0, 0.05, 0.05, 0.0, 0.15, 0.0526, 0.8, 0.5, 0.7, 0.4, 0.3]"
qwq-32b,711f389c59ebfcb9eb04d37c86efae77,dbdf5d9f1f33d5640b2d45f61d2c6a73c45203f74a815d97021bce868b7b0993,True,Primary Dysmenorrhea,34,35,526,968,11,0.3235294117647059,406,0.3231939163498099,0.85,0.35,1.0,11,0.3231939163498099,"[0.35, 0.35, 0.35, 0.3, 0.35, 0.3, 0.25, 0.5, 0.55, 0.6, 0.65, 0.85, 0.9, 1.0, 0.95, 1.0, 1.0, 1.0, 1.0, 1.0, 1.0, 1.0, 1.0, 1.0, 1.0, 1.0, 1.0, 1.0, 1.0, 1.0, 1.0, 1.0, 1.0, 1.0, 1.0]"
qwq-32b,711f389c59ebfcb9eb04d37c86efae77,bba00ce49a0308d6756868f613acd8ae7f02469753fbd4ed011760becb2d114b,False,Endometriosis,81,82,1553,2016,56,0.691358024691358,1332,0.7057308435286542,0.85,0.35,1.0,71,0.9053444945267225,"[0.35, 0.4, 0.3, 0.45, 0.3, 0.25, 0.35, 0.3, 0.55, 0.25, 0.4, 0.2, 0.45, 0.65, 0.65, 0.6, 0.55, 0.45, 0.55, 0.6, 0.55, 0.55, 0.75, 0.7, 0.85, 0.75, 0.8, 0.75, 0.85, 0.5789, 0.85, 0.75, 0.75, 0.85, 0.9, 0.75, 1.0, 1.0, 0.95, 0.95, 0.85, 0.95, 0.95, 0.95, 0.85, 0.9, 0.8, 0.9, 0.9, 0.95, 0.7, 0.75, 0.65, 0.85, 0.7, 0.6, 0.85, 0.95, 0.95, 0.9, 0.85, 0.8, 0.9, 0.8, 0.95, 0.9, 0.8, 0.85, 0.8, 0.95, 0.7, 0.8, 0.9, 0.8, 0.8, 0.8, 0.8, 0.9, 0.95, 0.95, 0.95, 1.0]"
qwq-32b,839d5849b985de3b732f197086218847,4cc196cb3b957994044fe16b7e6c862d499709b1f53b817927f0a56584802bef,True,Pneumocystis pneumonia,168,169,3240,3770,146,0.8690476190476191,3167,0.8753086419753087,0.8,0.6,1.0,148,0.8858024691358025,"[0.6, 0.6, 0.65, 0.5263, 0.4737, 0.5789, 0.6842, 0.5, 0.55, 0.7368, 0.5, 0.65, 0.5263, 0.85, 0.75, 0.85, 0.9, 0.85, 0.7059, 0.8, 0.8421, 0.8421, 0.8333, 0.6842, 1.0, 0.8421, 0.9474, 1.0, 0.8889, 0.8421, 0.8333, 1.0, 0.9, 0.9, 1.0, 1.0, 1.0, 0.95, 1.0, 1.0, 1.0, 1.0, 1.0, 1.0, 1.0, 1.0, 1.0, 1.0, 1.0, 1.0, 1.0, 1.0, 1.0, 1.0, 1.0, 1.0, 1.0, 0.95, 1.0, 1.0, 1.0, 0.95, 1.0, 1.0, 1.0, 1.0, 1.0, 1.0, 0.9474, 1.0, 1.0, 0.95, 1.0, 1.0, 1.0, 1.0, 1.0, 0.95, 1.0, 0.85, 1.0, 0.95, 0.8421, 0.95, 0.8, 0.9, 0.95, 0.8, 0.95, 0.85, 0.8947, 0.95, 0.8421, 0.95, 0.95, 1.0, 1.0, 0.85, 0.95, 0.8421, 0.95, 1.0, 0.95, 0.9474, 0.95, 0.9, 0.8947, 0.8421, 0.8, 0.95, 0.8421, 1.0, 1.0, 0.95, 1.0, 0.85, 1.0, 0.9, 0.75, 0.65, 0.55, 0.8421, 0.8, 0.7, 0.7, 0.7, 0.65, 0.85, 0.75, 0.55, 0.75, 0.65, 0.8, 0.8, 0.7, 0.7368, 0.8, 0.75, 0.9, 0.8421, 0.6, 0.6842, 0.55, 0.7895, 0.6842, 0.7368, 0.8, 0.6316, 1.0, 1.0, 0.8421, 1.0, 0.85, 0.95, 0.9, 1.0, 0.9, 0.9474, 0.85, 0.9, 0.85, 0.9, 1.0, 1.0, 0.9, 0.9474, 0.95, 1.0, 1.0]"
qwq-32b,839d5849b985de3b732f197086218847,e9efa8cf773be8cca780c985590f938ce6cca2a58a00a4b5685c71412feff43a,False,Severe combined immunodeficiency,61,62,1169,2234,27,0.4426229508196721,832,0.42857142857142855,0.8,0.2631578947368421,1.0,34,0.5355004277159966,"[0.2632, 0.2, 0.25, 0.3, 0.2941, 0.45, 0.4211, 0.2778, 0.25, 0.2778, 0.1053, 0.1111, 0.15, 0.3, 0.4, 0.3, 0.2105, 0.5789, 0.15, 0.15, 0.5789, 0.7, 0.65, 0.7, 0.75, 0.5789, 0.75, 0.8, 0.6316, 0.65, 0.9, 0.85, 0.7895, 0.7778, 1.0, 1.0, 0.95, 0.9474, 1.0, 0.95, 0.95, 1.0, 1.0, 1.0, 0.9474, 1.0, 0.95, 1.0, 1.0, 1.0, 1.0, 1.0, 1.0, 1.0, 1.0, 1.0, 1.0, 1.0, 1.0, 1.0, 1.0, 1.0]"
qwq-32b,9c22e95143200153a9b0c049452517e1,ca7650bcc28cec3c1d8cea8dc6c3645b8ab0a7ece76ea8ab359798da1fed9de2,True,Idiopathic Intracranial Hypertension,54,55,1005,3989,16,0.2962962962962963,2797,0.3034825870646766,0.9473684210526315,0.47368421052631576,1.0,16,0.3034825870646766,"[0.4737, 0.5263, 0.5, 0.55, 0.5789, 0.55, 0.65, 0.45, 0.4, 0.35, 0.5, 0.6, 0.95, 0.9, 0.6, 0.7, 0.9474, 0.95, 1.0, 1.0, 1.0, 1.0, 1.0, 1.0, 1.0, 1.0, 1.0, 1.0, 1.0, 1.0, 1.0, 1.0, 1.0, 1.0, 0.95, 1.0, 1.0, 1.0, 1.0, 1.0, 1.0, 1.0, 1.0, 1.0, 1.0, 1.0, 1.0, 1.0, 1.0, 1.0, 1.0, 1.0, 1.0, 1.0, 1.0]"
qwq-32b,9c22e95143200153a9b0c049452517e1,af72617845b8ed3cb9cf805de50fb608b2afe4e4b3ccb21972fb9a6e041c66bf,False,Sjögren's Syndrome,104,105,2304,4812,103,0.9903846153846154,4767,0.9874131944444444,0.25,0.0,0.35,103,0.9874131944444444,"[0.0, 0.0, 0.0, 0.0, 0.0, 0.0, 0.0, 0.0, 0.0, 0.05, 0.05, 0.0, 0.0, 0.0, 0.1, 0.1053, 0.0, 0.0526, 0.1, 0.2632, 0.3, 0.2, 0.25, 0.3, 0.35, 0.1579, 0.5, 0.2105, 0.25, 0.25, 0.1, 0.2632, 0.2222, 0.05, 0.3, 0.25, 0.3, 0.45, 0.7368, 0.4, 0.8, 0.8, 0.9, 1.0, 0.9, 0.8421, 0.85, 0.6842, 0.9474, 0.8947, 1.0, 0.75, 0.7895, 0.9, 0.85, 0.8947, 0.75, 0.7, 0.85, 0.9, 0.9444, 0.95, 0.95, 0.85, 0.95, 1.0, 0.95, 0.9, 1.0, 1.0, 0.95, 0.9, 1.0, 0.9, 1.0, 0.95, 1.0, 0.8947, 0.95, 1.0, 0.9, 0.95, 1.0, 1.0, 0.9474, 0.95, 1.0, 0.95, 1.0, 1.0, 0.95, 0.95, 0.8333, 1.0, 0.95, 0.9474, 0.9474, 1.0, 0.95, 0.95, 0.65, 0.4211, 0.7, 0.25, 0.35]"
qwq-32b,ab79da6338f2deff095e1bf3b5b4d9f0,162bc2b0026b4704032f14c4cc65c718ce34dfa22319f43f9049d7a1bb6da2de,True,Myotonic Dystrophy Type 1,43,44,750,1163,19,0.4418604651162791,529,0.43733333333333335,0.9473684210526315,0.15,1.0,19,0.43733333333333335,"[0.15, 0.3, 0.5, 0.4, 0.3, 0.35, 0.15, 0.3, 0.05, 0.45, 0.6, 0.65, 0.7, 0.2, 0.5, 0.65, 0.55, 0.6, 0.7, 0.9474, 1.0, 1.0, 1.0, 1.0, 1.0, 1.0, 1.0, 1.0, 1.0, 1.0, 1.0, 1.0, 1.0, 1.0, 1.0, 1.0, 1.0, 1.0, 1.0, 1.0, 1.0, 1.0, 1.0, 1.0]"
qwq-32b,ab79da6338f2deff095e1bf3b5b4d9f0,8d6ff5c7bd0728b45fb82df2561703b57a29a908dcd9f1487a7a1693d64750ed,False,Kennedy Disease,22,23,512,887,11,0.5,473,0.53125,0.9,0.45,0.85,11,0.53125,"[0.45, 0.7, 0.45, 0.4, 0.5, 0.45, 0.35, 0.25, 0.35, 0.4, 0.75, 0.9, 0.95, 0.95, 0.9, 1.0, 0.95, 1.0, 1.0, 0.95, 1.0, 1.0, 0.85]"
qwq-32b,bf8e15580571e5c3976117c303cf144e,7472de0cb07588a7ffee1c30d814bbae1b16a537de9750c4532ebd38097e80bb,True,Tuberculosis,66,67,1287,1467,29,0.4393939393939394,751,0.45376845376845376,0.85,0.25,1.0,34,0.5151515151515151,"[0.25, 0.5, 0.2, 0.35, 0.25, 0.4444, 0.4737, 0.65, 0.55, 0.6842, 0.75, 0.8, 0.7, 0.7, 0.8, 0.65, 0.75, 0.55, 0.7, 0.85, 0.8, 0.9, 0.85, 0.6316, 0.5263, 0.75, 0.7, 0.9, 0.6, 0.85, 0.9, 0.7895, 0.7, 0.7895, 0.8, 0.85, 0.85, 0.9, 0.85, 0.9, 1.0, 0.95, 1.0, 0.9, 0.95, 0.85, 1.0, 0.9474, 0.9, 0.95, 0.95, 1.0, 0.95, 1.0, 1.0, 1.0, 1.0, 1.0, 1.0, 1.0, 0.95, 0.95, 1.0, 1.0, 1.0, 1.0, 1.0]"
qwq-32b,bf8e15580571e5c3976117c303cf144e,96ad8ae5844b3d64dabdf4dc35b30b5c25848cd88ee3426bf591e4c57122a492,False,Onchocerciasis,162,163,3165,3348,51,0.3148148148148148,1195,0.32480252764612955,0.8,0.1,1.0,80,0.5118483412322274,"[0.1, 0.2632, 0.65, 0.75, 0.75, 0.6842, 0.7, 0.6, 0.8, 0.35, 0.75, 0.5, 0.35, 0.4, 0.75, 0.7, 0.65, 0.5, 0.35, 0.55, 0.7368, 0.6, 0.8, 0.9, 0.8, 0.5789, 0.8, 0.8, 0.85, 1.0, 0.85, 0.75, 1.0, 0.95, 0.9, 0.9, 0.8, 0.95, 0.8947, 0.9474, 0.9, 0.45, 0.85, 0.7, 0.6, 0.9, 0.8, 0.65, 0.55, 0.75, 0.75, 0.8, 0.85, 0.8, 0.7368, 0.7368, 1.0, 0.95, 0.9, 0.95, 0.9, 0.85, 1.0, 0.85, 0.95, 0.9, 0.8, 0.8947, 1.0, 0.9, 0.95, 0.95, 0.8947, 0.9, 0.8947, 0.8421, 1.0, 0.95, 1.0, 0.7, 0.8, 0.8947, 0.9, 1.0, 0.95, 0.95, 0.95, 0.85, 1.0, 0.8, 1.0, 0.9, 0.8947, 0.95, 0.8947, 0.9, 0.95, 0.95, 1.0, 0.8947, 0.95, 0.95, 0.9, 0.95, 1.0, 1.0, 0.9474, 1.0, 1.0, 1.0, 1.0, 0.9, 1.0, 1.0, 1.0, 1.0, 1.0, 1.0, 1.0, 1.0, 0.95, 0.95, 1.0, 1.0, 1.0, 1.0, 0.9474, 0.9, 0.9, 0.95, 0.95, 1.0, 1.0, 1.0, 1.0, 1.0, 0.8, 0.8, 0.9, 0.9, 1.0, 0.95, 0.9, 0.9, 0.9, 0.95, 1.0, 1.0, 0.95, 0.9, 0.95, 0.95, 1.0, 1.0, 0.95, 0.8, 1.0, 0.95, 1.0, 1.0, 0.95, 1.0, 1.0]"
qwq-32b,d35ff55eca6c7f6db36a73934025f3c5,b4373e516c35efc7404344a6ab2063ec50ceeb9f5031d4965aa35c64576f8f1a,True,Still's disease,30,31,579,979,3,0.1,256,0.08635578583765112,0.8,0.35,1.0,3,0.08635578583765112,"[0.35, 0.4, 0.55, 0.8, 0.9, 0.95, 1.0, 1.0, 1.0, 1.0, 1.0, 1.0, 1.0, 1.0, 1.0, 1.0, 0.95, 1.0, 1.0, 1.0, 0.95, 1.0, 1.0, 1.0, 1.0, 1.0, 1.0, 1.0, 0.95, 1.0, 1.0]"
qwq-32b,d35ff55eca6c7f6db36a73934025f3c5,aff55cd39778e63cc7a61cf44d5673a2e0910b43b3211d1be70b3b49dacd9ee4,False,Kawasaki Disease,36,37,739,1132,3,0.08333333333333333,275,0.09336941813261164,0.8,0.4,1.0,3,0.09336941813261164,"[0.4, 0.65, 0.4, 0.8, 0.8, 0.95, 1.0, 1.0, 1.0, 1.0, 1.0, 0.95, 1.0, 0.9474, 1.0, 1.0, 1.0, 1.0, 1.0, 1.0, 1.0, 1.0, 1.0, 1.0, 1.0, 1.0, 1.0, 1.0, 1.0, 1.0, 1.0, 1.0, 1.0, 1.0, 1.0, 1.0, 1.0]"
qwq-32b,df37dd0f3c463be2b4787059b63a9028,fe46d5c11d0a82335362a8134d209ed57711ba46c5e4ee3c3fb2acddf52653cb,True,Functional Neurological Disorder,49,50,769,1158,5,0.10204081632653061,279,0.10143042912873862,0.95,1.0,1.0,7,0.11313394018205461,"[1.0, 1.0, 1.0, 1.0, 1.0, 0.95, 0.75, 0.85, 1.0, 1.0, 1.0, 1.0, 1.0, 1.0, 1.0, 1.0, 1.0, 1.0, 1.0, 1.0, 1.0, 1.0, 1.0, 1.0, 1.0, 1.0, 1.0, 1.0, 1.0, 1.0, 1.0, 1.0, 1.0, 1.0, 1.0, 1.0, 1.0, 1.0, 1.0, 1.0, 1.0, 1.0, 1.0, 1.0, 1.0, 1.0, 1.0, 1.0, 1.0, 1.0]"
qwq-32b,df37dd0f3c463be2b4787059b63a9028,85fbbcdd951cdd11c6dd4b3a22f1870e0d0cb0ae17d694add26d09fce82d63df,False,Herniated Intervertebral Disc,58,59,977,1365,30,0.5172413793103449,704,0.5148413510747185,0.85,0.05,1.0,30,0.5148413510747185,"[0.05, 0.0, 0.0, 0.0, 0.05, 0.0, 0.0, 0.05, 0.0, 0.0, 0.05, 0.05, 0.15, 0.15, 0.5, 0.45, 0.7, 0.35, 0.8, 0.4, 0.8, 0.7, 0.65, 0.85, 0.65, 0.6, 0.6, 0.55, 0.55, 0.6, 0.85, 0.95, 1.0, 0.9, 0.85, 0.85, 0.9, 0.85, 0.85, 0.9, 0.9, 0.85, 1.0, 0.95, 0.95, 1.0, 0.95, 0.9, 0.9, 0.95, 0.9, 0.95, 0.95, 0.9474, 0.9, 0.95, 0.95, 0.9, 1.0]"
qwq-32b,f31c3814e305d57f67bdcfac27ec4bc2,26b420c50c2b071c59542606ec265436861ad9add95bd8afc6e281fca2b3c345,True,Streptococcus pneumoniae infection,57,58,1199,1866,0,0.0,420,0.0,0.9473684210526315,0.9473684210526315,1.0,0,0.0,"[0.9474, 1.0, 0.8947, 1.0, 1.0, 0.8947, 1.0, 1.0, 0.95, 0.95, 0.95, 1.0, 0.9474, 0.8947, 0.85, 1.0, 1.0, 0.95, 1.0, 1.0, 1.0, 1.0, 1.0, 1.0, 1.0, 1.0, 1.0, 1.0, 1.0, 1.0, 1.0, 1.0, 1.0, 1.0, 1.0, 1.0, 0.95, 1.0, 1.0, 1.0, 1.0, 1.0, 1.0, 1.0, 1.0, 1.0, 1.0, 1.0, 1.0, 1.0, 1.0, 1.0, 1.0, 1.0, 1.0, 1.0, 1.0, 1.0]"
qwq-32b,f31c3814e305d57f67bdcfac27ec4bc2,94428a9915ac1430f13264bd04845456e289532305592234cbbc95ee0552f973,False,Salmonella infection,86,87,1553,2269,12,0.13953488372093023,686,0.17128139085640695,0.9,0.05263157894736842,1.0,12,0.17128139085640695,"[0.0526, 0.05, 0.1053, 0.15, 0.0, 0.0526, 0.1, 0.15, 0.05, 0.1053, 0.1, 0.15, 0.9, 0.95, 1.0, 0.95, 0.9474, 1.0, 0.95, 1.0, 1.0, 0.95, 1.0, 1.0, 1.0, 1.0, 1.0, 1.0, 0.95, 1.0, 1.0, 1.0, 1.0, 0.95, 1.0, 1.0, 1.0, 1.0, 1.0, 1.0, 1.0, 1.0, 1.0, 1.0, 0.95, 1.0, 1.0, 1.0, 1.0, 1.0, 1.0, 1.0, 1.0, 1.0, 1.0, 1.0, 1.0, 1.0, 1.0, 1.0, 1.0, 1.0, 1.0, 1.0, 1.0, 1.0, 1.0, 1.0, 1.0, 1.0, 1.0, 1.0, 1.0, 1.0, 1.0, 1.0, 1.0, 1.0, 1.0, 1.0, 1.0, 1.0, 1.0, 1.0, 1.0, 1.0, 1.0]"
qwq-32b,11340d814fe69bcd7dec113898fd5947,95abce59bb42b975a67873ff564c0ee49fc56936ca686681d80a1dccc2f81399,True,Cotard's Syndrome,34,35,741,2464,34,1.0,2450,1.0,1.0,0.25,1.0,34,1.0,"[0.25, 0.3684, 0.45, 0.35, 0.2222, 0.1, 0.2632, 0.15, 0.35, 0.3, 0.5, 0.5, 0.5789, 0.5, 0.6, 0.25, 0.1, 0.2105, 0.85, 0.15, 0.2632, 0.4211, 0.2, 0.45, 0.4, 0.2, 0.2632, 0.3, 0.3158, 0.15, 0.1, 0.4, 0.5789, 0.5263, 1.0]"
qwq-32b,11340d814fe69bcd7dec113898fd5947,c19e0fe5e69810d2429d75603f734445ae79d84220cfc7ec3b7dc927760c033c,False,Catatonia,120,121,2763,4736,56,0.4666666666666667,3013,0.4719507781397032,0.8,0.7,1.0,101,0.8447339847991314,"[0.7, 0.6, 0.65, 0.5, 0.6, 0.55, 0.65, 0.7, 0.6842, 0.7368, 0.5789, 0.8, 0.5, 0.7, 0.6, 0.3158, 0.45, 0.65, 0.5, 0.4, 0.35, 0.95, 0.75, 0.75, 1.0, 0.9474, 0.9474, 0.95, 0.9474, 0.75, 0.8947, 0.7, 0.6, 0.7, 0.7, 0.6, 0.6842, 0.6667, 0.5, 0.75, 0.7895, 0.5789, 0.5263, 0.65, 0.7368, 0.55, 0.65, 0.6, 0.5, 0.6111, 0.7, 0.65, 0.5789, 0.6842, 0.6, 0.6316, 0.8, 0.7222, 0.85, 0.8333, 0.8, 0.65, 0.7368, 0.8421, 0.75, 0.6842, 0.8, 0.8947, 1.0, 0.9, 0.9474, 0.9444, 0.95, 1.0, 0.9, 0.9474, 1.0, 1.0, 0.9, 0.8333, 0.85, 0.8, 0.9, 1.0, 0.9474, 0.85, 0.7647, 1.0, 0.8947, 0.95, 0.95, 0.9, 0.7895, 0.85, 1.0, 0.9, 0.85, 0.8, 0.8947, 0.9, 0.7895, 0.95, 0.8947, 0.95, 0.8889, 0.95, 0.9, 0.9444, 0.95, 1.0, 1.0, 1.0, 1.0, 1.0, 1.0, 0.8889, 0.9444, 1.0, 0.95, 1.0, 1.0]"
qwq-32b,288897f502a272f8f0b8b999354a154d,14531725a85e291b4787fd2017b416e6563d6589fd2642fcd567ed4fa7ce8adb,True,Multiple Sclerosis,249,250,4231,4763,18,0.07228915662650602,610,0.07255967856298748,0.8,0.8,1.0,26,0.10777593949420941,"[0.8, 0.85, 0.75, 0.65, 0.65, 0.7, 0.75, 0.75, 0.6842, 0.65, 0.35, 0.8, 0.65, 0.75, 0.75, 0.6, 0.7, 0.65, 0.8, 0.7368, 0.75, 0.9, 0.95, 0.85, 0.9, 0.7895, 1.0, 0.85, 0.9474, 0.95, 1.0, 1.0, 0.9, 1.0, 1.0, 1.0, 1.0, 0.9, 1.0, 1.0, 1.0, 1.0, 1.0, 1.0, 1.0, 0.95, 1.0, 1.0, 1.0, 1.0, 0.95, 1.0, 1.0, 1.0, 1.0, 1.0, 0.95, 1.0, 0.9, 0.95, 0.9, 1.0, 0.9, 1.0, 0.9, 0.95, 1.0, 0.95, 0.95, 1.0, 0.95, 1.0, 0.95, 0.95, 1.0, 0.85, 0.9, 0.95, 0.95, 0.95, 1.0, 0.95, 1.0, 0.9, 1.0, 0.9, 0.95, 1.0, 0.95, 1.0, 0.95, 0.85, 1.0, 0.95, 0.95, 1.0, 1.0, 1.0, 0.95, 0.95, 1.0, 0.95, 0.95, 0.95, 0.95, 0.95, 1.0, 1.0, 0.95, 0.95, 1.0, 0.85, 0.95, 0.9, 0.95, 1.0, 1.0, 0.95, 0.9, 0.9, 0.9, 0.85, 0.95, 0.9, 0.95, 0.9, 1.0, 0.9, 0.95, 1.0, 0.95, 0.95, 1.0, 1.0, 1.0, 1.0, 1.0, 0.95, 1.0, 0.9, 1.0, 1.0, 0.9, 1.0, 1.0, 0.95, 1.0, 1.0, 1.0, 0.9, 1.0, 1.0, 1.0, 0.95, 1.0, 0.9, 1.0, 0.95, 0.9, 1.0, 0.8, 1.0, 0.9, 0.95, 0.9, 1.0, 1.0, 0.9, 0.95, 1.0, 0.9, 0.9, 0.95, 1.0, 0.85, 1.0, 0.9, 1.0, 1.0, 0.85, 1.0, 0.95, 0.9, 0.95, 0.95, 0.9, 1.0, 0.95, 1.0, 0.8, 0.8, 0.95, 1.0, 1.0, 0.95, 0.9474, 0.85, 1.0, 1.0, 1.0, 0.95, 1.0, 0.85, 0.95, 1.0, 1.0, 0.9, 0.95, 1.0, 1.0, 0.95, 0.9, 1.0, 0.9, 0.95, 0.95, 0.95, 0.95, 0.95, 1.0, 1.0, 1.0, 1.0, 0.95, 1.0, 0.95, 1.0, 1.0, 0.95, 1.0, 1.0, 1.0, 1.0, 1.0, 1.0, 0.95, 1.0, 1.0, 1.0, 0.95, 1.0, 1.0, 1.0, 0.9, 1.0, 1.0, 1.0, 1.0, 1.0, 1.0]"
qwq-32b,288897f502a272f8f0b8b999354a154d,05d79f349b0fceda9b78033afb1b7118166896849c08ce0ec7b61d8f1966707d,False,Idiopathic Intracranial Hypertension,164,165,2918,3453,40,0.24390243902439024,980,0.23200822481151473,0.9,0.3,1.0,74,0.4458533241946539,"[0.3, 0.2, 0.5, 0.1, 0.3, 0.2, 0.45, 0.15, 0.15, 0.4211, 0.15, 0.25, 0.25, 0.4, 0.2632, 0.2, 0.1, 0.3, 0.3333, 0.25, 0.2, 0.25, 0.25, 0.3, 0.2, 0.35, 0.5, 0.15, 0.25, 0.35, 0.5, 0.35, 0.35, 0.45, 0.4, 0.45, 0.35, 0.4737, 0.45, 0.7, 0.9, 0.9, 0.85, 0.95, 0.85, 0.95, 0.85, 0.85, 0.95, 0.75, 0.8, 1.0, 1.0, 0.95, 0.9474, 1.0, 0.85, 1.0, 0.95, 0.95, 1.0, 0.9, 0.9, 0.95, 0.95, 1.0, 0.95, 1.0, 0.95, 0.9, 0.9, 1.0, 0.95, 0.75, 0.95, 0.95, 1.0, 0.95, 1.0, 1.0, 1.0, 1.0, 1.0, 1.0, 0.95, 1.0, 1.0, 1.0, 1.0, 1.0, 1.0, 1.0, 1.0, 1.0, 1.0, 1.0, 1.0, 1.0, 1.0, 0.95, 1.0, 1.0, 1.0, 1.0, 1.0, 1.0, 1.0, 1.0, 1.0, 1.0, 1.0, 1.0, 1.0, 1.0, 1.0, 1.0, 1.0, 1.0, 1.0, 1.0, 1.0, 1.0, 1.0, 1.0, 1.0, 1.0, 1.0, 1.0, 1.0, 1.0, 1.0, 1.0, 1.0, 1.0, 1.0, 1.0, 1.0, 1.0, 1.0, 1.0, 1.0, 1.0, 1.0, 1.0, 1.0, 1.0, 1.0, 1.0, 1.0, 1.0, 1.0, 1.0, 1.0, 1.0, 1.0, 1.0, 1.0, 1.0, 1.0, 1.0, 1.0, 1.0, 1.0, 1.0, 1.0]"
qwq-32b,3544e050c3ae29b6422ea56dc506cd8d,fde349ee49ab8bcb7e6835d17cf6459a930ae7effffbf7b9147f5c8b58050cb7,True,Pemphigus Foliaceus,94,95,1904,3817,0,0.0,1894,0.0,0.95,0.95,1.0,0,0.0,"[0.95, 1.0, 1.0, 1.0, 0.95, 0.95, 0.9, 1.0, 1.0, 0.95, 0.9, 1.0, 1.0, 1.0, 0.95, 1.0, 0.9, 0.95, 0.95, 1.0, 1.0, 0.95, 0.9, 1.0, 1.0, 1.0, 1.0, 1.0, 1.0, 1.0, 1.0, 1.0, 1.0, 1.0, 1.0, 1.0, 1.0, 1.0, 1.0, 1.0, 1.0, 1.0, 1.0, 1.0, 1.0, 1.0, 1.0, 1.0, 1.0, 1.0, 1.0, 1.0, 1.0, 1.0, 1.0, 1.0, 1.0, 1.0, 1.0, 1.0, 1.0, 1.0, 1.0, 1.0, 1.0, 1.0, 1.0, 1.0, 1.0, 1.0, 1.0, 1.0, 1.0, 1.0, 1.0, 1.0, 1.0, 1.0, 1.0, 1.0, 1.0, 1.0, 1.0, 1.0, 1.0, 1.0, 1.0, 1.0, 1.0, 1.0, 1.0, 1.0, 1.0, 1.0, 1.0]"
qwq-32b,3544e050c3ae29b6422ea56dc506cd8d,152bceb94386f7428ad239103bd805252a584ebe0793d9bd6d5ca0254872d4ea,False,Systemic Lupus Erythematosus,59,60,1308,3223,20,0.3389830508474576,2309,0.3172782874617737,1.0,0.05,1.0,20,0.3172782874617737,"[0.05, 0.0, 0.05, 0.0, 0.0, 0.0526, 0.1, 0.05, 0.05, 0.05, 0.0, 0.0, 0.0, 0.0, 0.0, 0.0, 0.0, 0.0, 0.0, 0.0526, 1.0, 1.0, 1.0, 1.0, 1.0, 1.0, 1.0, 1.0, 1.0, 1.0, 1.0, 1.0, 1.0, 1.0, 1.0, 1.0, 1.0, 1.0, 1.0, 1.0, 1.0, 1.0, 1.0, 1.0, 1.0, 1.0, 1.0, 1.0, 1.0, 1.0, 1.0, 1.0, 1.0, 1.0, 1.0, 1.0, 1.0, 1.0, 1.0, 1.0]"
qwq-32b,46f5a66a841fae109fc92ccdb9448abe,f531e94d767d2fd1a288c888b470c19ea86646d0bdb7c2847e8de8d3ec4098ce,True,Schizophrenia Spectrum Disorder,45,46,754,2007,26,0.5777777777777777,1676,0.5782493368700266,0.8421052631578947,0.0,1.0,26,0.5782493368700266,"[0.0, 0.1, 0.1053, 0.0, 0.0, 0.0, 0.05, 0.0, 0.0, 0.0, 0.05, 0.0526, 0.0, 0.0, 0.0526, 0.0, 0.0526, 0.0, 0.0, 0.0, 0.0526, 0.0, 0.1, 0.05, 0.0, 0.5263, 0.8421, 0.85, 0.9, 0.95, 0.95, 1.0, 1.0, 1.0, 1.0, 1.0, 1.0, 1.0, 1.0, 1.0, 1.0, 1.0, 1.0, 1.0, 1.0, 1.0]"
qwq-32b,46f5a66a841fae109fc92ccdb9448abe,29ede6860bc6755beb12eb33ff698a9d921974682ff9fb7a3dbe8b7e1a7958bc,False,Hypertensive Emergency,78,79,1201,2674,72,0.9230769230769231,2319,0.8984179850124896,0.5263157894736842,0.45,0.6,76,0.9708576186511241,"[0.45, 0.4, 0.5, 0.3158, 0.45, 0.25, 0.35, 0.6, 0.3684, 0.4, 0.4211, 0.4737, 0.3889, 0.4, 0.3684, 0.5263, 0.55, 0.5, 0.5, 0.5, 0.65, 0.35, 0.5294, 0.5, 0.45, 0.65, 0.4, 0.65, 0.5789, 0.25, 0.4706, 0.5, 0.7368, 0.85, 0.6316, 0.85, 0.8, 0.6111, 0.7895, 0.65, 0.6316, 0.65, 0.6316, 0.75, 0.85, 0.75, 0.75, 0.7895, 0.7, 0.85, 0.7, 0.8, 0.7895, 0.75, 0.75, 0.65, 0.85, 0.7, 0.25, 0.5789, 0.4737, 0.5, 0.6, 0.7778, 0.5, 0.45, 0.55, 0.6111, 0.45, 0.7368, 0.65, 0.6842, 0.5263, 0.5, 0.3889, 0.35, 0.65, 0.5, 0.6]"
qwq-32b,4d6344707f7581b02e4f545c4d51d472,bf6abc6095b57ee48afeedacfa3f73a67000f757040b79ebb1a6062f0ad1be5b,True,Hepatitis B Virus Infection,51,52,1103,1656,51,1.0,1408,1.0,0.95,0.1,0.95,51,1.0,"[0.1, 0.05, 0.0, 0.1, 0.05, 0.0526, 0.15, 0.1053, 0.1579, 0.1053, 0.05, 0.0, 0.2, 0.15, 0.05, 0.0588, 0.1579, 0.15, 0.35, 0.25, 0.15, 0.1053, 0.15, 0.2, 0.35, 0.35, 0.4, 0.55, 0.5263, 0.3684, 0.45, 0.15, 0.25, 0.35, 0.3158, 0.55, 0.6, 0.5789, 0.55, 0.6842, 0.45, 0.35, 0.5, 0.45, 0.3, 0.7368, 0.6, 0.5789, 0.85, 0.85, 0.5789, 0.95]"
qwq-32b,4d6344707f7581b02e4f545c4d51d472,bc6bbaed7996a82e9d77416185fa1db7c845946a3f99f570cfa5392dec374e8f,False,Acute Hepatitis B,48,49,975,1557,2,0.041666666666666664,332,0.027692307692307693,0.85,0.75,1.0,17,0.3364102564102564,"[0.75, 0.75, 0.85, 0.9, 0.85, 0.8947, 0.8, 0.6842, 0.9, 0.9, 0.95, 0.85, 0.95, 0.95, 0.95, 0.9, 0.75, 1.0, 1.0, 1.0, 1.0, 0.95, 1.0, 1.0, 1.0, 1.0, 1.0, 1.0, 1.0, 1.0, 1.0, 1.0, 1.0, 1.0, 1.0, 1.0, 1.0, 1.0, 1.0, 1.0, 1.0, 1.0, 1.0, 1.0, 1.0, 1.0, 1.0, 1.0, 1.0]"
qwq-32b,69e678eb784186f4820bb4b3d48b33b9,d8792046668dc6f4c78f2b4f940c68050da6209cea9c7d44a6e6754cf59754be,True,Influenza,57,58,918,2894,11,0.19298245614035087,2180,0.2494553376906318,0.85,0.6,1.0,11,0.2494553376906318,"[0.6, 0.55, 0.55, 0.7, 0.55, 0.6, 0.8, 0.5, 0.5, 0.45, 0.6, 0.85, 0.85, 0.85, 0.85, 0.85, 0.95, 0.8, 0.8, 0.95, 1.0, 0.85, 0.95, 1.0, 1.0, 1.0, 1.0, 1.0, 1.0, 1.0, 1.0, 1.0, 1.0, 1.0, 1.0, 1.0, 1.0, 1.0, 1.0, 1.0, 1.0, 1.0, 1.0, 1.0, 1.0, 1.0, 1.0, 1.0, 1.0, 1.0, 1.0, 1.0, 1.0, 1.0, 1.0, 1.0, 1.0, 1.0]"
qwq-32b,69e678eb784186f4820bb4b3d48b33b9,34c1058b72997e249988a8ef0a5f344603971a87e303b1cbf53a37f8a8f958c7,False,Chemical Pneumonitis,52,53,829,3036,51,0.9807692307692307,2764,0.9806996381182147,0.9,0.1,0.95,51,0.9806996381182147,"[0.1, 0.2, 0.05, 0.05, 0.1, 0.0, 0.1, 0.15, 0.05, 0.2, 0.1, 0.3, 0.1, 0.35, 0.3, 0.4, 0.3, 0.25, 0.15, 0.2, 0.1053, 0.05, 0.2, 0.2, 0.35, 0.15, 0.25, 0.4444, 0.3, 0.4, 0.25, 0.4, 0.15, 0.15, 0.3, 0.0, 0.2, 0.15, 0.4, 0.4, 0.3158, 0.25, 0.35, 0.2, 0.1, 0.35, 0.3, 0.75, 0.75, 0.75, 0.45, 0.9, 0.95]"
qwq-32b,715eb949cafa36ccc69ff816a68a68bd,6d1114601c63cf3de4d2e3c3e220768313519dac6c0141f2de496b2665eaa504,True,Invasive Meningococcal Disease,76,77,1663,4436,13,0.17105263157894737,3075,0.1894167167769092,0.95,0.75,1.0,13,0.1894167167769092,"[0.75, 0.6, 0.75, 0.75, 0.75, 0.6, 0.65, 0.4, 0.6, 0.6, 0.65, 0.55, 0.7, 0.95, 0.9, 0.95, 1.0, 1.0, 1.0, 1.0, 1.0, 1.0, 1.0, 1.0, 1.0, 1.0, 1.0, 1.0, 1.0, 1.0, 1.0, 1.0, 1.0, 1.0, 1.0, 1.0, 1.0, 1.0, 1.0, 1.0, 1.0, 1.0, 1.0, 1.0, 1.0, 1.0, 1.0, 1.0, 1.0, 1.0, 1.0, 1.0, 1.0, 1.0, 1.0, 1.0, 1.0, 1.0, 1.0, 1.0, 1.0, 1.0, 1.0, 1.0, 1.0, 1.0, 1.0, 1.0, 1.0, 1.0, 1.0, 1.0, 1.0, 1.0, 1.0, 1.0, 1.0]"
qwq-32b,715eb949cafa36ccc69ff816a68a68bd,06ada615d3cfdf2079d35bd4f54bae0b92bc16423d0cf6bab37bc9faa1e1429d,False,Hemolytic Uremic Syndrome,92,93,2269,5044,48,0.5217391304347826,3940,0.5200528867342442,0.8,0.15,1.0,63,0.6848832084618774,"[0.15, 0.2, 0.15, 0.25, 0.1, 0.3, 0.45, 0.1, 0.2, 0.15, 0.15, 0.1, 0.2105, 0.05, 0.3, 0.05, 0.1, 0.25, 0.2, 0.15, 0.2105, 0.1, 0.3, 0.4, 0.35, 0.35, 0.4211, 0.3158, 0.55, 0.35, 0.5263, 0.3684, 0.3, 0.35, 0.5, 0.3158, 0.5, 0.2, 0.5263, 0.3, 0.8, 0.9, 0.7, 0.85, 0.75, 0.65, 0.7895, 0.55, 0.8, 0.85, 0.85, 0.75, 0.7, 0.8, 0.6842, 0.7778, 0.7, 0.7, 0.9474, 0.7, 0.75, 0.6316, 0.7895, 0.9, 0.8947, 0.85, 0.9, 0.95, 1.0, 1.0, 0.95, 0.95, 0.8421, 0.95, 0.9474, 0.9, 1.0, 0.9, 0.9, 1.0, 1.0, 1.0, 0.95, 0.9, 0.95, 0.9, 0.95, 0.9, 1.0, 1.0, 0.95, 1.0, 1.0]"
qwq-32b,855d2426bc87f84b919fa59d39097374,59f2cbe77f62b8ae5a179afdc3a8f6f588ed2fe7f8cda82b74eccf5d2ebe45d4,True,Schizophrenia,80,81,1236,1607,34,0.425,755,0.4749190938511327,0.8,0.6,1.0,34,0.4749190938511327,"[0.6, 0.4211, 0.45, 0.6316, 0.45, 0.4, 0.2, 0.25, 0.1053, 0.0, 0.0, 0.0, 0.05, 0.05, 0.05, 0.05, 0.0, 0.05, 0.0, 0.05, 0.4, 0.25, 0.0526, 0.15, 0.2, 0.75, 0.6, 0.7895, 0.75, 0.8333, 0.85, 0.6842, 0.65, 0.5, 0.8, 0.8421, 0.9474, 0.9474, 0.9, 0.95, 0.95, 0.95, 0.95, 0.95, 0.85, 0.95, 1.0, 0.95, 1.0, 1.0, 1.0, 0.85, 0.95, 0.95, 1.0, 1.0, 1.0, 0.9, 0.85, 0.95, 1.0, 1.0, 0.95, 0.95, 1.0, 0.95, 0.9474, 0.95, 0.95, 0.95, 1.0, 0.95, 0.95, 0.95, 1.0, 1.0, 1.0, 0.9474, 0.95, 0.95, 1.0]"
qwq-32b,855d2426bc87f84b919fa59d39097374,1a5f4d0358f3c3dbb2dca48de057da16bd780173f5584940491d338fa1c62925,False,Delusional Disorder,23,24,470,845,11,0.4782608695652174,357,0.4021276595744681,0.85,0.75,0.75,18,0.7510638297872341,"[0.75, 0.7368, 0.7, 0.6, 0.75, 0.6, 0.35, 0.8, 0.6, 0.7, 0.95, 0.85, 0.9, 0.8947, 0.85, 0.95, 0.8, 0.95, 0.65, 0.8, 0.7, 0.65, 0.7, 0.75]"
qwq-32b,9d8432d3b13c02fb04b55e0a74c6c063,d5d358ac6f02e5783ec0778f62931aedf7c8ac2a6f3b5f5b32bac1aff97d8edb,True,"Ehlers-Danlos Syndrome, Hypermobile Type",110,111,2193,3502,69,0.6272727272727273,2525,0.66484268125855,0.8421052631578947,0.45,1.0,100,0.9092567259461924,"[0.45, 0.3, 0.45, 0.55, 0.7368, 0.65, 0.55, 0.55, 0.4, 0.5, 0.35, 0.75, 0.9, 0.85, 0.9, 0.9, 0.6316, 0.7, 0.85, 0.8421, 0.7, 0.7, 0.85, 0.85, 0.7, 0.4444, 0.65, 0.55, 0.65, 0.5, 0.7, 0.5, 0.3684, 0.5263, 0.7368, 0.75, 0.7, 0.6, 0.8, 0.5, 0.25, 0.15, 0.15, 0.4, 0.75, 0.7, 0.75, 0.6, 0.9, 0.55, 0.0526, 0.35, 0.7, 0.65, 0.75, 0.8, 0.8, 0.8, 0.9474, 0.7, 0.9, 0.85, 0.8, 0.75, 0.6, 0.7, 0.75, 0.75, 0.95, 0.8421, 0.85, 0.95, 0.9, 0.85, 0.9, 0.9, 1.0, 1.0, 1.0, 0.95, 0.75, 0.8, 0.85, 0.7368, 0.95, 0.85, 0.85, 0.75, 1.0, 1.0, 0.95, 0.9474, 0.95, 0.9, 0.95, 1.0, 0.9, 1.0, 1.0, 0.75, 0.95, 1.0, 0.95, 0.8947, 1.0, 1.0, 0.9474, 0.9474, 1.0, 1.0, 1.0]"
qwq-32b,9d8432d3b13c02fb04b55e0a74c6c063,fcd6d1d7efb2be37cbf2f85c8622909883847da99d137923179cbdfccabd976a,False,Vascular Ehlers-Danlos syndrome,52,53,1144,2508,35,0.6730769230769231,1793,0.6346153846153846,0.8421052631578947,0.2,0.9,43,0.7893356643356644,"[0.2, 0.15, 0.2, 0.3, 0.15, 0.2632, 0.35, 0.2, 0.35, 0.6, 0.3684, 0.45, 0.15, 0.35, 0.1, 0.55, 0.35, 0.45, 0.35, 0.45, 0.45, 0.3, 0.5, 0.4, 0.75, 0.75, 0.6, 0.7, 0.45, 0.7368, 0.55, 0.2778, 0.65, 0.4, 0.6, 0.8421, 0.75, 0.8, 0.75, 0.8421, 0.8, 0.85, 0.75, 0.85, 0.9, 1.0, 0.95, 0.95, 0.8947, 1.0, 0.8, 0.85, 0.9]"
qwq-32b,ab944ef1e6f39bfd785f38954f9458c1,e71bd2f7380df745bf2c5fc766431f906c1533a41f8fe420e76ad912dcd0f8e6,True,Syringomyelia,88,89,1510,2132,56,0.6363636363636364,1224,0.5860927152317881,0.85,0.35,1.0,68,0.7258278145695364,"[0.35, 0.3, 0.4, 0.5, 0.55, 0.3158, 0.3, 0.45, 0.4, 0.2, 0.35, 0.2105, 0.35, 0.45, 0.35, 0.3158, 0.4, 0.2, 0.3, 0.6, 0.45, 0.4737, 0.45, 0.25, 0.4, 0.5556, 0.45, 0.3684, 0.45, 0.3, 0.5, 0.2, 0.55, 0.45, 0.6, 0.3889, 0.4737, 0.6, 0.65, 0.3, 0.55, 0.55, 0.3158, 0.35, 0.55, 0.4, 0.35, 0.4, 0.9, 1.0, 0.95, 0.9, 0.75, 0.9, 1.0, 0.9, 0.85, 0.9, 0.95, 0.95, 0.8947, 0.8, 0.85, 0.9, 0.85, 0.6667, 0.75, 0.75, 0.9, 0.8, 0.9, 0.8, 1.0, 1.0, 1.0, 1.0, 1.0, 1.0, 1.0, 1.0, 1.0, 1.0, 1.0, 1.0, 1.0, 1.0, 1.0, 1.0, 1.0]"
qwq-32b,ab944ef1e6f39bfd785f38954f9458c1,065db248c7872cc1813f1bb530cbd2e9aa11cbc493563f832e3fd0000ee9d9a0,False,Central Cord Syndrome,63,64,1118,1721,50,0.7936507936507936,1153,0.7280858676207513,0.8,0.2,1.0,56,0.8479427549194991,"[0.2, 0.5, 0.6, 0.65, 0.3684, 0.5, 0.5, 0.4211, 0.45, 0.4444, 0.6, 0.7, 0.4737, 0.8, 0.65, 0.4737, 0.65, 0.75, 0.55, 0.75, 0.8, 0.55, 0.6, 0.5263, 0.5, 0.5, 0.6, 0.65, 0.5263, 0.7895, 0.85, 0.75, 0.65, 0.55, 0.7222, 0.65, 0.6842, 0.9, 0.8, 0.85, 0.6, 0.7778, 0.65, 0.75, 0.7, 0.6316, 0.5789, 0.65, 0.75, 0.65, 0.8, 0.65, 0.95, 0.8947, 0.95, 0.7895, 0.9, 0.9474, 1.0, 1.0, 1.0, 1.0, 1.0, 1.0]"
qwq-32b,c13ba1d468ea408964a3ccd245638056,5bc715e11f501167224d27ee4eeefe85e90909b4acbcba6568afa34d0f7f1764,True,Renal Abscess,29,30,444,776,27,0.9310344827586207,562,0.9166666666666666,0.85,0.0,1.0,27,0.9166666666666666,"[0.0, 0.1, 0.05, 0.1, 0.1667, 0.05, 0.15, 0.0526, 0.0526, 0.0, 0.0, 0.05, 0.0, 0.0, 0.05, 0.0, 0.0, 0.0, 0.1111, 0.1053, 0.1, 0.2632, 0.0, 0.25, 0.45, 0.3, 0.1667, 0.85, 1.0, 1.0]"
qwq-32b,c13ba1d468ea408964a3ccd245638056,415871ced5003659f932b3f34296b2d48e763966c9fb73dcdaa1b1b7299ba8a1,False,Emphysematous Pyelonephritis,100,101,1660,2102,10,0.1,297,0.0855421686746988,0.8421052631578947,0.85,1.0,30,0.32590361445783134,"[0.85, 0.9474, 0.85, 0.9, 0.9, 0.6316, 0.8947, 0.75, 0.6, 0.75, 0.8421, 0.75, 0.8, 0.95, 0.85, 0.9474, 0.9, 0.8889, 0.95, 0.85, 1.0, 0.8947, 0.85, 0.7222, 0.95, 0.9, 0.95, 0.8947, 0.7368, 0.7895, 1.0, 1.0, 0.95, 1.0, 1.0, 1.0, 1.0, 1.0, 1.0, 1.0, 0.9444, 1.0, 1.0, 1.0, 1.0, 1.0, 1.0, 1.0, 1.0, 1.0, 1.0, 1.0, 1.0, 1.0, 1.0, 1.0, 1.0, 1.0, 1.0, 1.0, 1.0, 1.0, 1.0, 1.0, 1.0, 1.0, 1.0, 1.0, 1.0, 1.0, 1.0, 1.0, 1.0, 1.0, 1.0, 1.0, 1.0, 1.0, 1.0, 1.0, 1.0, 1.0, 1.0, 1.0, 1.0, 0.95, 1.0, 1.0, 1.0, 1.0, 1.0, 1.0, 1.0, 1.0, 1.0, 1.0, 1.0, 1.0, 1.0, 1.0, 1.0]"
qwq-32b,d5242ac7089552f0687edd0e403512da,c69b7779f5b5fa7e6f3bf089c9f708caf9b31ab99a4a4d3ed5a19bbd5d3c27bc,True,Chronic Granulomatous Disease,222,223,3795,4345,220,0.990990990990991,4079,0.9920948616600791,0.8888888888888888,0.1,1.0,222,1.0,"[0.1, 0.15, 0.3, 0.2, 0.2105, 0.25, 0.1, 0.25, 0.15, 0.2, 0.15, 0.05, 0.05, 0.15, 0.2, 0.15, 0.0, 0.15, 0.25, 0.25, 0.35, 0.25, 0.1, 0.7, 0.8, 0.6842, 0.75, 0.85, 0.85, 0.85, 0.75, 0.85, 0.95, 0.7, 0.6, 0.45, 0.6, 0.75, 0.65, 0.75, 0.65, 0.7895, 0.75, 0.75, 0.5789, 0.75, 0.65, 0.8421, 0.65, 0.7368, 0.55, 0.7, 0.45, 0.3, 0.45, 0.55, 0.25, 0.25, 0.4, 0.3684, 0.3, 0.4, 0.4, 0.1579, 0.15, 0.1, 0.35, 0.35, 0.1, 0.45, 0.45, 0.2, 0.15, 0.3, 0.3, 0.1, 0.1579, 0.3, 0.4211, 0.3158, 0.55, 0.25, 0.3, 0.65, 0.7, 0.75, 0.45, 0.6, 0.55, 0.65, 0.8, 0.65, 0.65, 0.65, 0.6, 0.65, 0.65, 0.6, 0.4, 0.4211, 0.6, 0.4, 0.55, 0.5, 0.5, 0.3158, 0.45, 0.65, 0.65, 0.45, 0.4, 0.5263, 0.65, 0.75, 0.65, 0.4, 0.5, 0.55, 0.65, 0.3684, 0.65, 0.45, 0.5, 0.5, 0.5, 0.5, 0.5789, 0.35, 0.3, 0.45, 0.45, 0.5, 0.75, 0.65, 0.6, 0.6111, 0.45, 0.55, 0.8, 0.45, 0.35, 0.4, 0.3684, 0.45, 0.4211, 0.5, 0.75, 0.3684, 0.2, 0.35, 0.45, 0.4, 0.4, 0.25, 0.2, 0.3, 0.15, 0.35, 0.45, 0.3, 0.3333, 0.35, 0.35, 0.45, 0.6316, 0.4211, 0.4, 0.35, 0.35, 0.5263, 0.6, 0.5263, 0.45, 0.45, 0.45, 0.25, 0.5, 0.55, 0.35, 0.4, 0.4, 0.4, 0.6842, 0.6, 0.45, 0.5789, 0.65, 0.3684, 0.4, 0.5, 0.7, 0.5263, 0.45, 0.7, 0.55, 0.4, 0.2, 0.45, 0.3, 0.25, 0.4, 0.4, 0.5, 0.35, 0.25, 0.4, 0.35, 0.15, 0.3, 0.35, 0.45, 0.2, 0.5, 0.3, 0.5789, 0.45, 0.55, 0.45, 0.3, 0.35, 0.8889, 0.75, 1.0]"
qwq-32b,d5242ac7089552f0687edd0e403512da,bdf5ecc0a66e06a276444a4da2d34d2e35017011d2665ff6e4b85ab73965d1cf,False,Hyper-IgE Syndrome,30,31,599,1104,12,0.4,501,0.3121869782971619,0.8,0.75,1.0,14,0.35058430717863104,"[0.75, 0.7, 0.8, 0.85, 0.85, 0.7, 0.8, 0.65, 0.55, 0.6, 0.9, 0.65, 0.8, 0.75, 1.0, 0.9, 0.85, 0.95, 1.0, 1.0, 1.0, 1.0, 1.0, 1.0, 1.0, 1.0, 1.0, 1.0, 1.0, 1.0, 1.0]"
qwq-32b,dfa32d028f082d978149d2633a2c8bf3,776dab66716db116ecdb0fcf5963266064e1db50508ebdf097ef26c2c141d500,True,COVID-19,39,40,749,2141,25,0.6410256410256411,1622,0.6328437917222964,0.85,0.3,1.0,28,0.6942590120160214,"[0.3, 0.3, 0.2, 0.1, 0.2222, 0.3158, 0.2632, 0.2632, 0.3, 0.2105, 0.4, 0.5, 0.9474, 0.8947, 0.8421, 0.8947, 0.85, 0.8947, 0.8947, 0.8421, 0.8947, 0.9474, 0.55, 0.9444, 1.0, 0.85, 0.7895, 0.7222, 0.9474, 0.9, 0.85, 0.95, 0.85, 1.0, 0.8947, 1.0, 0.8947, 1.0, 1.0, 1.0]"
qwq-32b,dfa32d028f082d978149d2633a2c8bf3,75911906cb6b4db9b0c022e7cac5f702cd3ee193391eb6294de6d1985b9d0f4b,False,Histoplasmosis,20,21,409,1773,9,0.45,1317,0.4132029339853301,0.9473684210526315,0.3157894736842105,1.0,9,0.4132029339853301,"[0.3158, 0.4, 0.45, 0.25, 0.2105, 0.2105, 0.4211, 0.6316, 0.45, 0.9474, 1.0, 1.0, 0.9474, 1.0, 1.0, 1.0, 0.9, 0.95, 0.95, 0.9474, 1.0]"
qwq-32b,f5479a460521f2a3b96e7924882b06d9,2ef032c80ceb4187744b2da97ea542cfa04b0eb68fac8200e613e67b01bca2b3,False,Pituitary Apoplexy,49,50,884,1374,16,0.32653061224489793,537,0.3020361990950226,1.0,0.15,1.0,16,0.3020361990950226,"[0.15, 0.15, 0.2, 0.1, 0.1579, 0.05, 0.1, 0.1, 0.25, 0.3, 0.3, 0.4, 0.3, 0.35, 0.35, 0.35, 1.0, 0.9, 1.0, 1.0, 1.0, 1.0, 0.95, 0.95, 1.0, 1.0, 1.0, 1.0, 1.0, 1.0, 1.0, 1.0, 1.0, 1.0, 1.0, 1.0, 1.0, 1.0, 1.0, 1.0, 1.0, 1.0, 1.0, 1.0, 1.0, 1.0, 1.0, 1.0, 1.0, 1.0]"
qwq-32b,224470287933cd1645a9c37f922eb1c8,cb6ace971c562fcf652d17b0b2288fb5d4373f259de6bd6f3cc5adcb1859bc38,True,Atrial Septal Defect,69,70,1350,1530,0,0.0,161,0.0,1.0,1.0,1.0,0,0.0,"[1.0, 1.0, 1.0, 1.0, 1.0, 1.0, 1.0, 1.0, 1.0, 1.0, 1.0, 1.0, 1.0, 1.0, 1.0, 1.0, 1.0, 1.0, 1.0, 1.0, 1.0, 1.0, 1.0, 1.0, 1.0, 1.0, 1.0, 1.0, 1.0, 1.0, 1.0, 1.0, 1.0, 1.0, 1.0, 1.0, 1.0, 1.0, 1.0, 1.0, 1.0, 1.0, 1.0, 1.0, 1.0, 1.0, 1.0, 1.0, 1.0, 1.0, 1.0, 1.0, 1.0, 1.0, 1.0, 1.0, 1.0, 1.0, 1.0, 1.0, 1.0, 1.0, 1.0, 1.0, 1.0, 1.0, 1.0, 1.0, 1.0, 1.0]"
qwq-32b,224470287933cd1645a9c37f922eb1c8,6ebcf8af66e72290a340596840f7a041a2d736c7b13a1e15786a611e4c1c67d8,False,Atrial Septal Defect,86,87,1478,1666,0,0.0,161,0.0,1.0,1.0,1.0,0,0.0,"[1.0, 1.0, 1.0, 1.0, 1.0, 1.0, 1.0, 1.0, 1.0, 1.0, 1.0, 1.0, 1.0, 1.0, 1.0, 1.0, 1.0, 1.0, 1.0, 1.0, 1.0, 1.0, 1.0, 1.0, 1.0, 1.0, 1.0, 1.0, 1.0, 1.0, 1.0, 1.0, 1.0, 1.0, 1.0, 1.0, 1.0, 1.0, 1.0, 1.0, 1.0, 1.0, 1.0, 1.0, 1.0, 1.0, 1.0, 1.0, 0.95, 1.0, 1.0, 1.0, 1.0, 1.0, 1.0, 1.0, 1.0, 1.0, 1.0, 1.0, 1.0, 1.0, 1.0, 1.0, 1.0, 1.0, 1.0, 1.0, 1.0, 1.0, 1.0, 1.0, 1.0, 1.0, 1.0, 1.0, 1.0, 1.0, 1.0, 1.0, 1.0, 1.0, 1.0, 1.0, 1.0, 1.0, 1.0]"
qwq-32b,28891dd6ff7aaeaf92456def52f81530,b3451e5b013d1367f999fa3ef7d8f8bdcbb6f5878c74ed12e1c6aad5d403aeef,True,Leigh syndrome,104,105,1849,3726,29,0.27884615384615385,2255,0.3120605732828556,0.8,0.7,1.0,48,0.49540292049756623,"[0.7, 0.7, 0.5, 0.65, 0.65, 0.75, 0.5, 0.55, 0.7, 0.7, 0.45, 0.75, 0.65, 0.8, 0.65, 0.6, 0.55, 0.65, 0.75, 0.95, 0.8, 0.8, 0.65, 0.8, 0.85, 0.9, 0.75, 0.85, 0.55, 0.8, 0.8, 0.7, 0.85, 0.9, 0.95, 0.7, 0.9, 0.85, 0.85, 0.75, 0.7, 0.8947, 0.8, 0.95, 0.7895, 0.8, 0.95, 0.7, 1.0, 0.9, 0.9, 0.9, 0.9, 0.9, 1.0, 0.85, 1.0, 0.95, 1.0, 0.95, 0.95, 0.95, 0.85, 0.95, 1.0, 0.9, 0.95, 0.9474, 1.0, 1.0, 1.0, 0.8, 1.0, 1.0, 1.0, 1.0, 1.0, 0.95, 1.0, 0.95, 0.95, 1.0, 1.0, 1.0, 1.0, 0.95, 1.0, 1.0, 1.0, 0.95, 1.0, 1.0, 1.0, 0.9, 1.0, 1.0, 0.95, 1.0, 1.0, 1.0, 1.0, 1.0, 1.0, 1.0, 1.0]"
qwq-32b,28891dd6ff7aaeaf92456def52f81530,11eabedc3e0195a49aa4ca985e23b03271f73da56c37f7b1e0856c86001fbf46,False,MELAS syndrome,165,166,3152,4842,0,0.0,1678,0.0,0.0,0.0,0.0,0,0.0,"[0.0, 0.0, 0.0, 0.0, 0.0, 0.0, 0.0, 0.0, 0.0, 0.0, 0.0, 0.05, 0.0, 0.0, 0.0, 0.0, 0.0, 0.0, 0.0, 0.05, 0.0, 0.0, 0.0, 0.0, 0.0, 0.0, 0.0, 0.0, 0.0, 0.0, 0.0, 0.0, 0.0, 0.0, 0.0, 0.0, 0.0, 0.0, 0.0, 0.0, 0.05, 0.0, 0.0, 0.0, 0.05, 0.0, 0.0, 0.0, 0.0, 0.0, 0.0, 0.0, 0.0, 0.0, 0.0, 0.0, 0.0, 0.05, 0.0, 0.0, 0.0, 0.0, 0.0, 0.0, 0.0, 0.0, 0.0, 0.0, 0.0, 0.0, 0.0, 0.0, 0.05, 0.0, 0.0, 0.0, 0.05, 0.0, 0.0, 0.0, 0.0, 0.0, 0.0, 0.0, 0.0, 0.0, 0.0, 0.0, 0.0, 0.0, 0.0, 0.0, 0.0, 0.0, 0.0, 0.0, 0.0, 0.0, 0.0, 0.0, 0.0, 0.0, 0.0, 0.0, 0.0, 0.0, 0.0, 0.0, 0.0, 0.0, 0.0, 0.0, 0.0, 0.05, 0.0, 0.0, 0.0, 0.0, 0.0, 0.0, 0.0, 0.0, 0.0, 0.0, 0.0, 0.0, 0.0, 0.0, 0.0, 0.0, 0.0, 0.0, 0.0, 0.0, 0.0, 0.0, 0.0, 0.0, 0.0, 0.0, 0.0, 0.0, 0.0, 0.0, 0.0, 0.0, 0.0, 0.0, 0.0, 0.0, 0.0, 0.0, 0.0, 0.0, 0.0, 0.0, 0.0, 0.0, 0.0, 0.0, 0.0, 0.0, 0.0, 0.0, 0.0, 0.0]"
qwq-32b,392e2a9bea699b47177b6179d80b2b23,296c5f11f5807b9076d325445402eafc0de69d9578edcb6c48cc2610a2597871,True,Crohn's disease-associated granulomatous pulmonary disease,47,48,991,3403,43,0.9148936170212766,3072,0.875882946518668,0.8421052631578947,0.75,1.0,47,1.0,"[0.75, 0.75, 0.8, 0.65, 0.9, 0.8947, 0.75, 0.95, 0.85, 0.9, 0.7895, 0.8, 0.8947, 0.8421, 0.85, 0.75, 0.9, 0.9, 0.8, 0.75, 0.9, 1.0, 0.95, 0.85, 0.9, 0.95, 0.9, 0.8, 0.8, 0.65, 0.9, 0.8, 0.85, 0.7, 0.9, 0.8, 0.55, 0.65, 0.8, 0.85, 0.55, 0.65, 0.95, 0.8421, 0.6842, 0.95, 0.65, 1.0]"
qwq-32b,392e2a9bea699b47177b6179d80b2b23,f0803cd84a6860dccebb435e54c3f87122981245b6ea5d5deb927bb6543adad1,False,Septic pulmonary emboli,166,167,3323,6015,107,0.6445783132530121,4358,0.6482094492928077,1.0,0.0,1.0,107,0.6482094492928077,"[0.0, 0.05, 0.0, 0.0, 0.0, 0.0, 0.0, 0.0, 0.0, 0.0, 0.0, 0.0, 0.0, 0.1, 0.1, 0.1111, 0.1, 0.1053, 0.0526, 0.1, 0.1579, 0.05, 0.05, 0.1053, 0.2, 0.25, 0.2, 0.15, 0.15, 0.05, 0.05, 0.15, 0.2, 0.2, 0.05, 0.0, 0.05, 0.1, 0.15, 0.0, 0.2, 0.05, 0.2, 0.0526, 0.0, 0.35, 0.1579, 0.05, 0.2, 0.25, 0.25, 0.35, 0.2105, 0.2632, 0.4, 0.25, 0.3158, 0.3, 0.35, 0.5556, 0.4737, 0.2105, 0.35, 0.35, 0.3684, 0.65, 0.5, 0.5789, 0.4211, 0.35, 0.35, 0.2, 0.25, 0.25, 0.3, 0.4, 0.2105, 0.3, 0.3158, 0.25, 0.15, 0.2222, 0.45, 0.2, 0.4, 0.5, 0.5, 0.3684, 0.2, 0.35, 0.2105, 0.35, 0.15, 0.1, 0.35, 0.45, 0.45, 0.2, 0.35, 0.3684, 0.35, 0.4, 0.4, 0.45, 0.3889, 0.3889, 0.5263, 1.0, 0.9, 1.0, 0.9474, 0.8, 0.95, 0.9, 0.9, 0.8947, 0.95, 0.8947, 0.95, 0.9, 0.9, 0.95, 0.8421, 0.95, 1.0, 0.8889, 0.95, 0.95, 0.95, 0.95, 0.9474, 1.0, 1.0, 1.0, 1.0, 1.0, 1.0, 1.0, 0.9474, 1.0, 1.0, 1.0, 1.0, 1.0, 1.0, 1.0, 1.0, 1.0, 1.0, 1.0, 1.0, 0.95, 1.0, 1.0, 1.0, 1.0, 1.0, 1.0, 1.0, 1.0, 1.0, 1.0, 1.0, 1.0, 1.0, 1.0, 1.0]"
qwq-32b,47601c56544121804558b55dbddc694b,28caf5136b13426bbf73b864feafff65df84172206b939d3c53a158adf75b854,True,Secondary syphilis,33,34,601,968,8,0.24242424242424243,345,0.2961730449251248,0.95,0.45,1.0,8,0.2961730449251248,"[0.45, 0.55, 0.6, 0.4, 0.55, 0.2105, 0.3, 0.4, 0.95, 0.9, 1.0, 0.95, 1.0, 0.95, 0.9, 0.9, 0.9, 1.0, 1.0, 0.95, 1.0, 0.95, 0.95, 0.95, 1.0, 1.0, 1.0, 1.0, 1.0, 0.95, 1.0, 0.9, 0.8947, 1.0]"
qwq-32b,47601c56544121804558b55dbddc694b,842d2a7022a331f664937dce94099108806260e98bb3cc926d6aaade61f1ec68,False,Tertiary syphilis,21,22,424,827,11,0.5238095238095238,366,0.4693396226415094,0.8,0.4,1.0,13,0.5613207547169812,"[0.4, 0.2, 0.35, 0.5, 0.4, 0.4, 0.25, 0.6, 0.35, 0.55, 0.7, 0.8, 0.75, 0.8947, 0.8, 0.9, 0.95, 1.0, 1.0, 1.0, 1.0, 1.0]"
qwq-32b,5355d6e5738c1e76aa8f1441131c9295,06a66399b75c4cb99fb6909dacefcd618cb518bc7c6c49ea9234b61c3102c058,True,Constrictive pericarditis,22,23,513,925,0,0.0,198,0.0,0.9,0.9,1.0,0,0.0,"[0.9, 1.0, 0.85, 0.95, 0.95, 0.9, 0.95, 1.0, 1.0, 1.0, 1.0, 1.0, 1.0, 1.0, 1.0, 1.0, 1.0, 1.0, 1.0, 1.0, 1.0, 1.0, 1.0]"
qwq-32b,5355d6e5738c1e76aa8f1441131c9295,573044d97b28cb6d6c1f7601b77e697f42b6f507eb6a272e4c8c6120d1da7582,False,Cardiac tamponade,38,39,827,1040,10,0.2631578947368421,428,0.2781136638452237,0.9,0.05263157894736842,1.0,10,0.2781136638452237,"[0.0526, 0.0, 0.1, 0.25, 0.1, 0.25, 0.0, 0.15, 0.0, 0.6, 0.9, 1.0, 1.0, 1.0, 1.0, 1.0, 1.0, 1.0, 1.0, 1.0, 1.0, 1.0, 1.0, 1.0, 1.0, 1.0, 1.0, 1.0, 1.0, 1.0, 1.0, 1.0, 1.0, 1.0, 1.0, 1.0, 1.0, 1.0, 1.0]"
qwq-32b,6a6759f19289095fe5bdee59a062046c,0e6ee68a62a4f6412b55af9abbcf69d9f6b8546fa3fcc364d9f6f62fc5235dbe,True,Loxoscelism,35,36,563,1031,0,0.0,303,0.0,1.0,1.0,1.0,0,0.0,"[1.0, 0.9474, 0.95, 0.95, 1.0, 1.0, 1.0, 1.0, 1.0, 1.0, 1.0, 1.0, 1.0, 1.0, 1.0, 1.0, 1.0, 1.0, 1.0, 1.0, 1.0, 1.0, 1.0, 1.0, 1.0, 1.0, 1.0, 1.0, 1.0, 1.0, 1.0, 1.0, 1.0, 1.0, 1.0, 1.0]"
qwq-32b,6a6759f19289095fe5bdee59a062046c,d0c2505595af6cb724734a4edb25cf5aab5ebe4815e33d796980406c0afca936,False,Rocky Mountain spotted fever,103,104,1812,2320,13,0.1262135922330097,605,0.16666666666666666,1.0,0.1,1.0,13,0.16666666666666666,"[0.1, 0.15, 0.2105, 0.05, 0.0, 0.0, 0.0, 0.5, 0.7778, 0.7368, 0.5789, 0.7778, 0.6667, 1.0, 1.0, 1.0, 1.0, 1.0, 1.0, 0.95, 1.0, 1.0, 1.0, 0.9444, 1.0, 1.0, 1.0, 1.0, 1.0, 1.0, 1.0, 1.0, 1.0, 0.8824, 1.0, 1.0, 1.0, 1.0, 1.0, 1.0, 1.0, 1.0, 1.0, 1.0, 1.0, 1.0, 1.0, 1.0, 1.0, 1.0, 1.0, 1.0, 1.0, 1.0, 1.0, 1.0, 1.0, 1.0, 1.0, 1.0, 1.0, 1.0, 1.0, 0.9444, 1.0, 1.0, 1.0, 1.0, 1.0, 1.0, 1.0, 1.0, 1.0, 1.0, 1.0, 1.0, 1.0, 1.0, 1.0, 1.0, 1.0, 1.0, 1.0, 1.0, 1.0, 1.0, 1.0, 1.0, 1.0, 1.0, 1.0, 1.0, 1.0, 1.0, 1.0, 1.0, 1.0, 1.0, 1.0, 1.0, 1.0, 1.0, 1.0, 1.0]"
qwq-32b,719442a3ee1c00332a6b77c30ce987cd,f39752be0372d202e499b536622756c069a4431554dec8c0a5a9aae9d7a531f4,True,Von Willebrand disease,82,83,1257,1516,56,0.6829268292682927,1062,0.6515513126491647,0.9,0.2,1.0,64,0.7279236276849642,"[0.2, 0.5, 0.25, 0.2105, 0.25, 0.35, 0.35, 0.4, 0.2, 0.65, 0.6, 0.1, 0.15, 0.1, 0.2, 0.2, 0.15, 0.2, 0.1, 0.2, 0.3, 0.1, 0.3158, 0.3, 0.05, 0.2, 0.35, 0.4, 0.35, 0.4, 0.2, 0.1, 0.1, 0.15, 0.35, 0.4, 0.85, 0.45, 0.55, 0.8, 0.9, 0.35, 0.25, 0.35, 0.55, 0.6, 0.8, 0.65, 0.85, 0.8, 0.8, 0.75, 0.75, 0.8, 0.8, 0.6, 0.9, 0.85, 0.9, 0.9, 0.8, 0.85, 0.75, 0.75, 1.0, 1.0, 0.9, 0.9, 1.0, 1.0, 1.0, 1.0, 1.0, 1.0, 1.0, 1.0, 1.0, 1.0, 1.0, 1.0, 1.0, 1.0, 1.0]"
qwq-32b,719442a3ee1c00332a6b77c30ce987cd,761f3ce7e438199a82b675f51a98b80a9544387f215e1e0667d407f946395fd3,False,Amoxicillin-induced prolonged aPTT,44,45,726,1200,24,0.5454545454545454,604,0.4972451790633609,0.85,0.0,1.0,24,0.4972451790633609,"[0.0, 0.0, 0.0526, 0.0, 0.0, 0.0, 0.1, 0.65, 0.55, 0.5, 0.45, 0.2105, 0.65, 0.5, 0.65, 0.7, 0.8, 0.75, 0.6, 0.8, 0.8, 0.8, 0.5, 0.75, 0.85, 0.9, 0.95, 1.0, 1.0, 1.0, 1.0, 1.0, 1.0, 0.95, 1.0, 0.9, 0.95, 0.95, 0.9, 1.0, 0.95, 0.9474, 1.0, 1.0, 1.0]"
qwq-32b,85684e0c092976faa0b788ef96b0a1ff,9d063bfc9fd5717d56b64b06038c0c03a9d07b7e59c2b8e7185470fe7b7e7dd8,True,AL amyloidosis,115,116,2202,2984,106,0.9217391304347826,2426,0.9096276112624887,0.75,0.16666666666666666,0.85,108,0.9287011807447775,"[0.1667, 0.0, 0.0526, 0.2222, 0.2105, 0.0526, 0.1, 0.1053, 0.1053, 0.1, 0.0, 0.2778, 0.9, 0.8333, 0.9474, 0.4444, 0.7222, 0.85, 0.8947, 0.7, 0.6842, 0.9, 0.85, 0.8947, 0.7895, 1.0, 0.95, 0.9474, 0.8947, 1.0, 1.0, 0.9474, 0.8947, 0.8, 1.0, 0.95, 0.8947, 1.0, 0.85, 0.9, 0.95, 0.95, 0.9, 0.8421, 0.8235, 0.9, 0.9474, 0.9474, 0.8947, 1.0, 1.0, 0.9474, 0.8947, 1.0, 0.95, 1.0, 1.0, 0.95, 0.95, 1.0, 1.0, 1.0, 0.95, 1.0, 1.0, 1.0, 1.0, 1.0, 0.7368, 0.8235, 0.85, 0.65, 0.6, 0.7, 0.75, 0.8421, 0.8, 0.7778, 0.6316, 0.6, 0.5789, 0.7, 0.75, 0.7368, 0.7, 0.6, 0.7895, 0.7778, 0.9, 0.6, 0.65, 0.7222, 0.7, 0.7, 0.7222, 0.8421, 0.65, 0.55, 0.6, 0.3, 0.55, 0.5, 0.55, 0.3158, 0.65, 0.6111, 0.75, 0.7, 0.8, 0.8, 0.85, 0.9, 0.8, 0.95, 0.8421, 0.85]"
qwq-32b,85684e0c092976faa0b788ef96b0a1ff,8f445ff3782e6689a0ac48cebf36f07f9afd12369c2336402535ac048d15d9e4,False,African Trypanosomiasis,29,30,463,1109,14,0.4827586206896552,615,0.4146868250539957,0.85,0.631578947368421,1.0,14,0.4146868250539957,"[0.6316, 0.8824, 0.4444, 0.65, 0.3684, 0.3684, 0.6, 0.7647, 0.3684, 0.2222, 0.5263, 0.4, 0.7, 0.5556, 0.85, 1.0, 1.0, 1.0, 1.0, 1.0, 1.0, 1.0, 1.0, 1.0, 1.0, 1.0, 1.0, 1.0, 1.0, 1.0]"
qwq-32b,a255fd4b2fac78a3faaf47bd17cd723f,3e1965def37b6b66e76d94f0ca7252620a68634bc577575c189fd3638aefad09,True,Primary Hyperparathyroidism,70,71,1090,1534,8,0.11428571428571428,326,0.12752293577981652,0.9,0.8,1.0,12,0.181651376146789,"[0.8, 0.65, 0.8, 0.6, 0.8, 0.75, 0.5263, 0.65, 0.9, 0.75, 0.75, 0.75, 0.85, 0.9474, 0.9, 0.9474, 1.0, 1.0, 0.95, 0.95, 1.0, 0.95, 0.95, 1.0, 0.95, 1.0, 0.9444, 1.0, 1.0, 1.0, 1.0, 1.0, 1.0, 0.9, 1.0, 1.0, 1.0, 1.0, 1.0, 0.95, 1.0, 1.0, 1.0, 1.0, 0.9444, 1.0, 1.0, 1.0, 0.95, 1.0, 1.0, 1.0, 1.0, 1.0, 0.95, 1.0, 1.0, 1.0, 1.0, 1.0, 1.0, 1.0, 1.0, 1.0, 0.95, 1.0, 1.0, 1.0, 1.0, 0.9, 1.0]"
qwq-32b,a255fd4b2fac78a3faaf47bd17cd723f,854808ede90841d86d8352540dda016cd726f4376b7f8357d8590106bb03e6fe,False,Hypophosphatasia,187,188,2694,3143,147,0.786096256684492,2212,0.7516703786191536,0.9,0.15789473684210525,1.0,147,0.7516703786191536,"[0.1579, 0.25, 0.2, 0.2, 0.35, 0.1579, 0.45, 0.45, 0.4, 0.5, 0.5263, 0.45, 0.45, 0.7, 0.45, 0.25, 0.3, 0.4737, 0.5, 0.65, 0.6, 0.4, 0.25, 0.35, 0.35, 0.4, 0.15, 0.5, 0.45, 0.3, 0.4, 0.5, 0.2, 0.2, 0.25, 0.25, 0.6, 0.55, 0.75, 0.55, 0.65, 0.5, 0.3, 0.5, 0.55, 0.4, 0.45, 0.45, 0.5, 0.35, 0.25, 0.35, 0.3, 0.15, 0.25, 0.3, 0.4211, 0.25, 0.4, 0.25, 0.45, 0.25, 0.3, 0.35, 0.2, 0.3, 0.5, 0.45, 0.4, 0.15, 0.4, 0.3, 0.5, 0.35, 0.3, 0.45, 0.4, 0.2105, 0.45, 0.45, 0.35, 0.25, 0.5, 0.3, 0.45, 0.45, 0.25, 0.4, 0.25, 0.4, 0.35, 0.25, 0.65, 0.55, 0.35, 0.45, 0.5, 0.55, 0.4211, 0.25, 0.3, 0.3, 0.55, 0.5, 0.55, 0.35, 0.5, 0.45, 0.5, 0.45, 0.55, 0.9, 0.6, 0.75, 0.5, 0.55, 0.85, 0.6, 0.8, 0.75, 0.7, 0.45, 0.3, 0.8, 0.5, 0.5, 0.6, 0.6, 0.65, 0.6, 0.4, 0.7, 0.55, 0.4, 0.4737, 0.75, 0.55, 0.55, 0.75, 0.9, 0.8, 0.7895, 0.75, 0.6, 0.7, 0.75, 0.75, 0.9, 0.95, 0.9, 0.9, 1.0, 0.95, 1.0, 1.0, 1.0, 1.0, 1.0, 1.0, 1.0, 1.0, 1.0, 1.0, 1.0, 1.0, 1.0, 1.0, 1.0, 1.0, 1.0, 1.0, 1.0, 1.0, 1.0, 1.0, 1.0, 1.0, 1.0, 1.0, 1.0, 1.0, 1.0, 1.0, 1.0, 1.0, 1.0, 1.0, 1.0]"
qwq-32b,b9e317df6f71d14e177013c57587becf,c8233ff679c4a3309df109f88fdc6a023c3d5d4a3caa2ca4eee0b7dd8032b4fc,True,Hemangioblastoma,31,32,639,813,13,0.41935483870967744,420,0.41001564945226915,1.0,0.15,1.0,13,0.41001564945226915,"[0.15, 0.15, 0.1579, 0.2105, 0.05, 0.15, 0.35, 0.3, 0.5, 0.25, 0.25, 0.25, 0.15, 1.0, 1.0, 1.0, 1.0, 1.0, 1.0, 1.0, 1.0, 1.0, 1.0, 1.0, 1.0, 1.0, 1.0, 1.0, 1.0, 1.0, 1.0, 1.0]"
qwq-32b,b9e317df6f71d14e177013c57587becf,3fd12a80b2e2d7e841a3d19adb9a1e4a4227f4fadeb3340b37da00a85c40a1bd,False,Pilocytic Astrocytoma,28,29,530,862,11,0.39285714285714285,352,0.3660377358490566,0.95,0.75,1.0,11,0.3660377358490566,"[0.75, 0.85, 0.85, 0.75, 0.75, 0.85, 0.8, 0.75, 0.6, 0.75, 0.65, 0.95, 0.95, 0.95, 0.95, 1.0, 0.95, 1.0, 1.0, 1.0, 1.0, 1.0, 1.0, 1.0, 1.0, 1.0, 1.0, 1.0, 1.0]"
qwq-32b,c150008220a1497832471d8e8d4e2edb,1a0d72a323a0ceb564bf7435f414b0a4fe032ad94e1a7650eed62bf3ca4eaf20,True,Iron deficiency anemia,87,88,1514,2030,11,0.12643678160919541,462,0.10568031704095113,0.8,0.65,1.0,11,0.10568031704095113,"[0.65, 0.7, 0.65, 0.6, 0.8, 0.75, 0.85, 0.75, 0.85, 0.7, 0.6, 0.8, 0.9, 0.9, 1.0, 0.95, 1.0, 1.0, 0.95, 1.0, 1.0, 1.0, 1.0, 0.95, 1.0, 0.95, 1.0, 1.0, 1.0, 0.95, 1.0, 1.0, 1.0, 1.0, 0.95, 1.0, 0.95, 1.0, 1.0, 1.0, 1.0, 1.0, 1.0, 1.0, 1.0, 1.0, 1.0, 1.0, 1.0, 1.0, 1.0, 1.0, 1.0, 1.0, 1.0, 1.0, 1.0, 1.0, 1.0, 1.0, 1.0, 1.0, 1.0, 1.0, 1.0, 1.0, 1.0, 1.0, 1.0, 1.0, 1.0, 1.0, 1.0, 1.0, 1.0, 1.0, 1.0, 1.0, 1.0, 1.0, 1.0, 1.0, 1.0, 1.0, 1.0, 1.0, 1.0, 1.0]"
qwq-32b,c150008220a1497832471d8e8d4e2edb,4d658f9a872d08b53eaa250f7f55b21fb1a0aad831f32778be264820a96a5d9a,False,Vitamin B12 deficiency,37,38,781,1301,13,0.35135135135135137,529,0.2906530089628681,0.95,0.10526315789473684,1.0,13,0.2906530089628681,"[0.1053, 0.0, 0.0, 0.0, 0.05, 0.0, 0.0, 0.0, 0.05, 0.0, 0.1, 0.05, 0.0526, 0.95, 1.0, 0.85, 1.0, 0.95, 0.95, 0.9, 1.0, 0.95, 1.0, 0.95, 1.0, 1.0, 1.0, 1.0, 1.0, 1.0, 1.0, 1.0, 1.0, 1.0, 1.0, 1.0, 1.0, 1.0]"
qwq-32b,d9520eadbc83f9f98a8fb0442b0a7acc,b045daf28fd4a1212d239e49d6cab41d9eb3e3c9840ac7292b2d4d400f6151a4,True,Neuroleptic Malignant Syndrome,115,116,2253,2796,66,0.5739130434782609,1643,0.5885486018641811,0.8,0.25,1.0,66,0.5885486018641811,"[0.25, 0.35, 0.25, 0.2, 0.25, 0.3, 0.15, 0.1, 0.15, 0.2, 0.0526, 0.05, 0.25, 0.2, 0.45, 0.55, 0.6, 0.6, 0.6, 0.65, 0.9, 0.6842, 0.65, 0.55, 0.65, 0.65, 0.5789, 0.55, 0.65, 0.45, 0.65, 0.75, 0.45, 0.75, 0.6, 0.35, 0.25, 0.35, 0.35, 0.45, 0.4, 0.55, 0.7, 0.9, 0.8, 0.65, 0.95, 0.75, 0.9, 0.8, 0.8, 0.7, 0.95, 0.75, 0.7, 0.9, 0.75, 0.7, 0.75, 0.85, 0.85, 0.75, 0.65, 0.8, 0.85, 0.6, 0.8, 0.85, 1.0, 0.85, 1.0, 0.9, 1.0, 0.85, 0.95, 0.85, 1.0, 1.0, 1.0, 1.0, 0.95, 1.0, 0.95, 1.0, 1.0, 1.0, 1.0, 1.0, 0.85, 0.95, 0.95, 0.95, 1.0, 1.0, 1.0, 1.0, 1.0, 1.0, 1.0, 1.0, 1.0, 1.0, 1.0, 1.0, 1.0, 1.0, 1.0, 1.0, 1.0, 1.0, 1.0, 1.0, 1.0, 1.0, 1.0, 1.0]"
qwq-32b,d9520eadbc83f9f98a8fb0442b0a7acc,e4787b4bbab5bbe8ffa1e357d1e83d0ecbca67b550a8c591d16102540413caac,False,Serotonin syndrome,47,48,928,1452,18,0.3829787234042553,667,0.3771551724137931,0.8,0.6,1.0,37,0.8038793103448276,"[0.6, 0.35, 0.55, 0.6, 0.55, 0.55, 0.65, 0.6316, 0.6, 0.6842, 0.75, 0.6, 0.9, 0.7, 0.65, 0.75, 0.75, 0.65, 0.8, 0.65, 0.85, 0.8, 0.7895, 0.85, 1.0, 0.95, 1.0, 0.95, 0.95, 0.95, 0.95, 0.95, 1.0, 1.0, 0.9, 0.95, 0.7, 0.8, 1.0, 1.0, 1.0, 1.0, 0.95, 1.0, 0.95, 0.95, 1.0, 1.0]"
qwq-32b,e71511f59eb934d904d9e69b91fb59ac,b7d618f6bc537db96a62f47fa00f3683a920775c2c54bf84ab8a5d3ac7497d06,True,Congenital cytomegalovirus infection,90,91,1626,3988,1,0.011111111111111112,2345,0.004920049200492005,0.8,0.9,1.0,8,0.08794587945879459,"[0.9, 0.8, 0.75, 0.7, 0.85, 0.95, 0.95, 0.75, 0.85, 0.85, 0.95, 1.0, 1.0, 0.95, 1.0, 1.0, 0.95, 1.0, 0.95, 1.0, 0.95, 1.0, 1.0, 0.95, 1.0, 1.0, 1.0, 0.95, 1.0, 1.0, 1.0, 1.0, 0.95, 1.0, 1.0, 0.95, 1.0, 1.0, 1.0, 1.0, 1.0, 1.0, 1.0, 1.0, 1.0, 1.0, 1.0, 1.0, 1.0, 1.0, 1.0, 1.0, 1.0, 1.0, 1.0, 0.95, 1.0, 1.0, 1.0, 1.0, 1.0, 1.0, 1.0, 1.0, 1.0, 1.0, 1.0, 1.0, 1.0, 1.0, 1.0, 1.0, 1.0, 1.0, 1.0, 1.0, 1.0, 1.0, 1.0, 1.0, 1.0, 1.0, 1.0, 1.0, 1.0, 1.0, 1.0, 1.0, 1.0, 1.0, 1.0]"
qwq-32b,e71511f59eb934d904d9e69b91fb59ac,bd573361277a67ca6875a9475d4ddc497628d019858af8169485367eb0783e93,False,Congenital toxoplasmosis,118,119,2281,4637,83,0.7033898305084746,4027,0.7409031126698816,0.85,0.1,1.0,87,0.7750986409469531,"[0.1, 0.05, 0.15, 0.15, 0.25, 0.3, 0.3, 0.2, 0.1, 0.15, 0.05, 0.05, 0.1, 0.35, 0.15, 0.1, 0.25, 0.1, 0.1, 0.2, 0.2, 0.05, 0.15, 0.2, 0.15, 0.1, 0.1, 0.25, 0.15, 0.35, 0.2, 0.35, 0.35, 0.4, 0.5, 0.35, 0.4, 0.35, 0.3684, 0.2632, 0.2, 0.35, 0.1, 0.25, 0.2, 0.4, 0.2, 0.25, 0.35, 0.4, 0.2, 0.35, 0.15, 0.3, 0.25, 0.35, 0.05, 0.3, 0.15, 0.1, 0.4, 0.15, 0.35, 0.1, 0.2, 0.1, 0.25, 0.2, 0.1, 0.15, 0.0, 0.2, 0.15, 0.2, 0.2, 0.15, 0.1, 0.1, 0.0, 0.15, 0.4, 0.6, 0.7, 0.85, 0.7, 0.7, 0.65, 0.85, 0.95, 0.95, 0.85, 0.95, 0.95, 0.9, 0.95, 0.9, 0.95, 1.0, 0.95, 0.9, 0.85, 0.8, 0.85, 0.95, 0.9, 0.85, 0.9, 1.0, 0.9, 0.95, 1.0, 0.9, 0.95, 1.0, 0.9, 0.95, 1.0, 1.0, 1.0]"
qwq-32b,fa3f1534a8d672e364f916665953a826,818c33b59c5854937ed38b4c00ca9e8b3402344eacc081b804c0e6e7dc419257,True,Scleredema,46,47,1017,3445,42,0.9130434782608695,3309,0.8849557522123894,0.45,0.15,0.55,46,1.0,"[0.15, 0.05, 0.05, 0.25, 0.15, 0.1, 0.2, 0.05, 0.2, 0.2, 0.3, 0.15, 0.3, 0.35, 0.6, 0.7, 0.75, 0.75, 0.75, 0.75, 0.4, 0.3, 0.15, 0.35, 0.25, 0.45, 0.3, 0.4, 0.1, 0.35, 0.35, 0.25, 0.25, 0.25, 0.2, 0.25, 0.45, 0.5, 0.3, 0.15, 0.7, 0.6, 0.45, 0.3, 0.5, 0.3, 0.55]"
qwq-32b,fa3f1534a8d672e364f916665953a826,a7d4265c9818856af772783fa7ef6d71764d782836ec0bf749357b177589a3eb,False,POEMS Syndrome,36,37,706,3127,0,0.0,2409,0.0,0.8,0.8,1.0,5,0.11756373937677053,"[0.8, 0.85, 0.75, 0.85, 0.7, 0.85, 0.95, 1.0, 0.85, 1.0, 0.9, 0.8, 0.85, 1.0, 1.0, 1.0, 1.0, 1.0, 1.0, 1.0, 1.0, 1.0, 1.0, 1.0, 1.0, 1.0, 1.0, 1.0, 1.0, 1.0, 1.0, 1.0, 1.0, 1.0, 1.0, 1.0, 1.0]"
