model,case_id,trace_id,base_is_correct,n_sentences,n_boundaries,vocabulary_size,converge_boundary_tvd,converge_token_frac_tvd,tvd_max_first,tvd_max_at_convergence,tvd_median_first
deepseek-r1-distill-qwen-1.5b,0148cedaed162d8c1591e7dad5de6dec,ee1afd8dfd3ddf52704ccdfbbee09fd4ae3e9aa980578ee05ce86b54000fe45e,True,24,25,50,17,0.6797520661157025,0.7894736842105263,0.052631578947368446,0.49488304093567254
deepseek-r1-distill-qwen-1.5b,0148cedaed162d8c1591e7dad5de6dec,c6482395954871c37d60f36d233dcd579e00065383303710a4be205bbdaa4eb8,False,11,12,35,11,1.0,1.0,0.0,0.4368421052631578
deepseek-r1-distill-qwen-1.5b,02b15d84011aa2ed96dcb904e63129bb,87cc6962263e6fb1fa5257f65e0bf076859f887cd6d0d47a2bfbb414e6e32b63,True,17,18,19,17,1.0,0.95,0.0,0.30000000000000004
deepseek-r1-distill-qwen-1.5b,02b15d84011aa2ed96dcb904e63129bb,0f06f6990d5d116905f7015cfdb32c45450e9c9707c1751eef1a8d35e92680df,False,16,17,29,13,0.825,0.9,0.14999999999999997,0.5
deepseek-r1-distill-qwen-1.5b,07dbd8eabfba4b1d9d665331dea90335,a4a5eace3266797d140ed765b79af36db63dc56eb7080c8bf39e5076e528db34,True,13,14,76,8,0.6241379310344828,0.8973684210526314,0.2,0.8421052631578945
deepseek-r1-distill-qwen-1.5b,07dbd8eabfba4b1d9d665331dea90335,8f06066e2ff4a57947358486c2d012cc162e70a54f6817cdda1c480c2fe2ea0b,False,12,13,77,6,0.41946308724832215,1.0000000000000004,0.15000000000000002,0.9750000000000002
deepseek-r1-distill-qwen-1.5b,0a50a7f439c2c0e933b8132ed7650075,b5e583d720abdab994e5a7659026ae0fdc601f7055821ce42d66c68ad8a1eee1,True,22,23,79,21,0.9203703703703704,0.8444444444444447,0.19999999999999998,0.6666666666666667
deepseek-r1-distill-qwen-1.5b,0a50a7f439c2c0e933b8132ed7650075,9e81d999ae819b1ffb1d10d749cc1e31a5ef82615f96197d78f256d47a917d2b,False,13,14,54,11,0.8052805280528053,0.9444444444444445,0.09999999999999999,0.5611111111111112
deepseek-r1-distill-qwen-1.5b,11340d814fe69bcd7dec113898fd5947,0d460432dbaf1d4aa85f066f1a649e9d1a4b6220b49461d7e210ca0c678e24e5,True,24,25,21,23,0.9660714285714286,0.823529411764706,0.0,0.5278637770897834
deepseek-r1-distill-qwen-1.5b,11340d814fe69bcd7dec113898fd5947,263a60d68001bf29f7779947e5ed0eec2d8acad9cf3c2a0f6d4f5a17e92682ab,False,12,13,20,9,0.6885813148788927,1.0,0.14285714285714288,0.7260599415204678
deepseek-r1-distill-qwen-1.5b,14a87d69ccc079d85a0f5d57dc4a7bdb,6b82eca76a3eabc699a4ebbba263d97ca4b9064f0ffef3eb56e12e83514dc7e8,True,25,26,98,18,0.7096188747731398,0.9999999999999999,0.0,0.8947368421052629
deepseek-r1-distill-qwen-1.5b,14a87d69ccc079d85a0f5d57dc4a7bdb,bdba34dfaf32dd6fc394db5d93d8f550b94deb375e3dea9df9f76b9bc4f5ab9a,False,16,17,81,14,0.8329048843187661,0.8947368421052629,0.050000000000000024,0.7394736842105262
deepseek-r1-distill-qwen-1.5b,224470287933cd1645a9c37f922eb1c8,3f10ebe700c4b44efecfe1c78d7061ed389ddc5983d764b967f93354bcc24fe0,True,14,15,46,6,0.4107142857142857,0.9999999999999999,0.19444444444444442,0.9999999999999997
deepseek-r1-distill-qwen-1.5b,224470287933cd1645a9c37f922eb1c8,ff5790ffd5e562bcebcb995747fb1f0b6a25abf0cb14b4b7cd9409e139496cec,False,11,12,39,11,1.0,0.9500000000000003,0.0,0.9000000000000001
deepseek-r1-distill-qwen-1.5b,24686977bb5ff6eaee7dac452c92c4be,b11889e8bf70a17d789aa9a9495414e3ae411ca8ebf62587286d50dcaaec695a,True,15,16,68,15,1.0,1.0000000000000002,0.0,0.7189542483660132
deepseek-r1-distill-qwen-1.5b,24686977bb5ff6eaee7dac452c92c4be,381ca75b7c0ddd98480d90e33e8c4716a0009a5ad3c6a80b8b9c87c240ac952f,False,23,24,69,13,0.5205930807248764,1.0000000000000002,0.1176470588235294,0.9000000000000001
deepseek-r1-distill-qwen-1.5b,258c0f33efb3e637962b4ea8f6971d09,fcc94381a4a81af4cc0dfc020d3a18e2c592868fe1d8aaaf3f47457c57f2716d,True,22,23,80,16,0.7024070021881839,0.9473684210526314,0.16052631578947366,0.844736842105263
deepseek-r1-distill-qwen-1.5b,258c0f33efb3e637962b4ea8f6971d09,45580d9b2fc6452748e77325969f38c11d2705e2b4c453037ee855d08fde29e0,False,20,21,73,14,0.6897810218978102,1.0,0.15,0.65
deepseek-r1-distill-qwen-1.5b,2600ed7d2340c964a027e94ed65d75f2,7f1f6b82ef5e25e39e07a85fb8c180fd630dc0f4d0e410ad39441e7e2f4ebe2c,True,13,14,40,13,1.0,0.9999999999999998,0.0,0.8421052631578945
deepseek-r1-distill-qwen-1.5b,27f2b910c19b40bb9f36ce9a3a8909af,7f56193ae6571139bc6c4c351d58d867d99a4f7137a4a059adc61befc3670ddd,True,30,31,82,29,0.9798657718120806,0.9999999999999998,0.11764705882352937,0.8723739495798318
deepseek-r1-distill-qwen-1.5b,27f2b910c19b40bb9f36ce9a3a8909af,48dbc4f58e401e673e37bfdc5f0559a8d94e801f6e3eccd89c53ca4fb6f14ad5,False,15,16,41,12,0.7672209026128266,1.0000000000000002,0.17647058823529416,0.8888888888888891
deepseek-r1-distill-qwen-1.5b,288897f502a272f8f0b8b999354a154d,648e47b2f1bafb52f22a376678ffd418b9643888c2690725865820989aa57871,True,30,31,54,11,0.2930513595166163,0.9999999999999999,0.19999999999999996,0.8723684210526315
deepseek-r1-distill-qwen-1.5b,288897f502a272f8f0b8b999354a154d,73f65b45ebe36218250cc8e29d89c0610a621f25dd7c53041013a43f96ae602f,False,25,26,66,20,0.7974452554744526,0.7368421052631579,0.19999999999999996,0.4736842105263157
deepseek-r1-distill-qwen-1.5b,28891dd6ff7aaeaf92456def52f81530,aa521f3e28f4916295cb2e725bb2b37c9d817103daff60b39bc5fe7f59ad0e4a,False,17,18,19,8,0.42780748663101603,0.631578947368421,0.19444444444444448,0.4736842105263157
deepseek-r1-distill-qwen-1.5b,28c328b44b6a8b287cd1e29bfc9c17eb,9984bbbbdfb5cfffa8c8c4deab96a974512bad7429e299d0ab0ebf41db09a4bb,True,22,23,35,13,0.5707762557077626,1.0,0.15000000000000002,0.85
deepseek-r1-distill-qwen-1.5b,28c328b44b6a8b287cd1e29bfc9c17eb,894c92c28ffdac20775618973fe349aa89ea1537fdf4324946b0bb34a0046b21,False,13,14,36,7,0.4504792332268371,1.0,0.09999999999999999,0.9
deepseek-r1-distill-qwen-1.5b,34d053d3a9b3a1f013655f7223718de7,7c7927bff5ee0774be9aef84c7c448e46779016700f311a59a354759131fbada,True,19,20,39,13,0.6142857142857143,1.0,0.17647058823529413,0.5980392156862746
deepseek-r1-distill-qwen-1.5b,34d053d3a9b3a1f013655f7223718de7,bd1c42956754bb8a31b345726739faa97d55bb2c5695f12dbe6cdbe49073f8ef,False,17,18,50,16,0.9621052631578947,0.650326797385621,0.055882352941176466,0.33333333333333337
deepseek-r1-distill-qwen-1.5b,34f92cdb48573ee3ec1837da4f60ff3f,0fe9572e5f2e6c50c401a94f66da2484c57065ce77e70c860ccaffa2fe73d10e,True,21,22,90,19,0.8938775510204081,0.8947368421052629,0.0,0.789473684210526
deepseek-r1-distill-qwen-1.5b,34f92cdb48573ee3ec1837da4f60ff3f,1d303053c4cfffd679962b60248d7aa4ef720c1cec0b6d1eb09c675b8b87e6d8,False,18,19,85,18,1.0,0.9000000000000001,0.0,0.8000000000000003
deepseek-r1-distill-qwen-1.5b,3544e050c3ae29b6422ea56dc506cd8d,10440d64944cb4b04259fa0866f5c39f13c14a3ec68e800226d14ecf0fb3dd8c,True,15,16,36,5,0.2898550724637681,0.6875,0.15789473684210528,0.6875
deepseek-r1-distill-qwen-1.5b,3544e050c3ae29b6422ea56dc506cd8d,6f472928b351e8ed88a421560162e88675a03d052b0c72d383a82a0a4f38b04c,False,15,16,47,15,1.0,0.9999999999999998,0.0,0.8848684210526315
deepseek-r1-distill-qwen-1.5b,40548af835e36bf1d06c74be11ea5d70,e2369a8ca08930662838b00f852448d7482c231ececdb07d532ce1be315a47ea,True,27,28,55,12,0.5549348230912476,0.7368421052631579,0.17631578947368423,0.7368421052631579
deepseek-r1-distill-qwen-1.5b,40548af835e36bf1d06c74be11ea5d70,cd4da146f3776bed01d57bdbf5c7cff0b2fab800c546bc473c378d2ba44d2f10,False,17,18,45,14,0.7674418604651163,1.0000000000000002,0.15789473684210528,0.9000000000000002
deepseek-r1-distill-qwen-1.5b,46f5a66a841fae109fc92ccdb9448abe,815d205a2d02ee837d647abff0a201fb5855c454eb76603e6a9b722c82e35f1d,True,12,13,24,10,0.7846715328467153,1.0,0.16052631578947368,0.8973684210526315
deepseek-r1-distill-qwen-1.5b,46f5a66a841fae109fc92ccdb9448abe,8bb7522de9e2bf7d116b11d5de0e81e78dcd2805d4e0c9db945ff0e324a9b74e,False,17,18,20,17,1.0,1.0,0.0,0.3
deepseek-r1-distill-qwen-1.5b,47601c56544121804558b55dbddc694b,fad55dffbf12a10c82a5564e06481aa8732c5df831b30d053d74347af7a36235,True,15,16,84,14,0.9758064516129032,0.9999999999999998,0.09999999999999998,0.9499999999999998
deepseek-r1-distill-qwen-1.5b,47601c56544121804558b55dbddc694b,e1b06e27e5a263c29c4f9e5a546a42f2e343ae107c5767fac089a55bbdd94eff,False,18,19,101,16,0.9345238095238095,0.9500000000000002,0.1,0.8250000000000003
deepseek-r1-distill-qwen-1.5b,48d8738209cbe3d0f3490417e6c37914,6e62df769f83996a8943dd5c9dbcd027c90df26e0051eae37671d209a6492707,True,14,15,83,12,0.8547486033519553,0.9473684210526315,0.1,0.8157894736842104
deepseek-r1-distill-qwen-1.5b,48d8738209cbe3d0f3490417e6c37914,27ac2f9e76f54c7129c4aea14b3fc0f92ed64410ed11ebe8b10738530524b2ad,False,14,15,88,10,0.6715542521994134,1.0000000000000002,0.052631578947368446,0.8192724458204336
deepseek-r1-distill-qwen-1.5b,4d6344707f7581b02e4f545c4d51d472,106e93cdd451ac26a419f7af4a05ac155b83d659fad41949a0d0f817c4dfbbf4,True,13,14,21,13,1.0,0.4,0.0,0.2368421052631579
deepseek-r1-distill-qwen-1.5b,4d6344707f7581b02e4f545c4d51d472,9471abe262c6dcfd8ef78fa75b5cf8ca47ed795a3e890211f730efe273378eeb,False,11,12,20,7,0.6159420289855072,0.6000000000000001,0.15000000000000002,0.30000000000000004
deepseek-r1-distill-qwen-1.5b,5355d6e5738c1e76aa8f1441131c9295,653b3b14990f8c972536c22eeab1cfc8e1fac63c44a9c3a0514f4182f5853d74,True,18,19,84,14,0.7462039045553145,1.0000000000000002,0.0,0.7750000000000004
deepseek-r1-distill-qwen-1.5b,5355d6e5738c1e76aa8f1441131c9295,9c4b8585eb1a3e58cfbd5285546deeea5ba0f8f6b0c1bc17e842e86e3a28d184,False,13,14,70,12,0.9014598540145985,0.8473684210526319,0.04248366013071894,0.7368421052631579
deepseek-r1-distill-qwen-1.5b,5bebb5ccb1b21ef642e37fb57088d0af,8f64fca2cf5c4ac5610e5efa873ff50be1ad5e8453ef0052a5973e275969ca83,True,15,16,61,5,0.27627627627627627,0.9500000000000002,0.11111111111111113,0.9500000000000002
deepseek-r1-distill-qwen-1.5b,5e08bb89aa461993e01a5790857ce599,d39dbc976a37c1cc929ceb464ffe096ac96e7f821672131f1d3065408c5651bb,True,23,24,62,23,1.0,0.9473684210526314,0.0,0.6973684210526316
deepseek-r1-distill-qwen-1.5b,5e08bb89aa461993e01a5790857ce599,f90c6ddd05c7bec55c0048de18b12c115b295e269c754627c523bbcde02abf6b,False,16,17,69,16,1.0,0.9473684210526314,0.0,0.6894736842105262
deepseek-r1-distill-qwen-1.5b,5e7abd32af948047598121dd03ac97b6,c75dab1440466cbfd2f4df3e06b9d06eb4be56fa42797e33cf1e899847a733e3,True,11,12,41,6,0.5387596899224806,0.95,0.11764705882352942,0.95
deepseek-r1-distill-qwen-1.5b,5e7abd32af948047598121dd03ac97b6,ef1568a38594caea52218ca557af1ada3a0be52ddc8e21b01a5e99e71fa79fa7,False,14,15,76,14,1.0,1.0,0.0,0.7520897832817337
deepseek-r1-distill-qwen-1.5b,61f7d8bcb43d0bd0621b066d85eb2529,5c0790417a9692e88a1327d8d8c06cdc22271ad904a85d79fbe23f8a4403c24f,True,23,24,50,19,0.7764932562620424,1.0,0.0625,0.260233918128655
deepseek-r1-distill-qwen-1.5b,61f7d8bcb43d0bd0621b066d85eb2529,5feafad827a5de546de591df851e957241791850875304c5dcc33cf4ea9098c2,False,21,22,60,17,0.7147826086956521,0.5500000000000002,0.16666666666666663,0.2222222222222222
deepseek-r1-distill-qwen-1.5b,633420a679153f203fc61a88a953629e,eac4c27d808a8d57672ecb9b96fe1b298a37455510c9de6cca9aa84c0a521c7e,True,16,17,80,14,0.8670360110803325,1.0,0.15000000000000002,0.6750000000000003
deepseek-r1-distill-qwen-1.5b,633420a679153f203fc61a88a953629e,c5e1b4f25ae439208c2ff872b68a0d9fe4cdc4cbfc80cd240d145fc3445ac498,False,17,18,61,16,0.9119804400977995,0.8500000000000003,0.09473684210526315,0.8000000000000002
deepseek-r1-distill-qwen-1.5b,69e678eb784186f4820bb4b3d48b33b9,4f6e228c4b44ce7820221aff7d111cd2311e9958fa6ec5a855e97879f1503e3b,True,11,12,9,9,0.8023715415019763,0.65,0.17105263157894735,0.3236842105263158
deepseek-r1-distill-qwen-1.5b,69e678eb784186f4820bb4b3d48b33b9,efb22ecc031bbfcd3613e83aa8b0dc82135a8cabcc8758b24543b51da13d5282,False,24,25,12,12,0.4726166328600406,0.75,0.16052631578947368,0.5657894736842105
deepseek-r1-distill-qwen-1.5b,6a6759f19289095fe5bdee59a062046c,8a7bd474250d0ae19560f48257af2c25690caaa22894d03e1adfdb15325e0d27,True,17,18,52,12,0.6967213114754098,1.0000000000000002,0.050000000000000024,0.9500000000000002
deepseek-r1-distill-qwen-1.5b,6a6759f19289095fe5bdee59a062046c,ac554413195b08c38277d604e55a620b496124926af7d88b54e5e237c732429c,False,18,19,79,14,0.7593457943925234,0.8000000000000002,0.050000000000000024,0.6500000000000001
deepseek-r1-distill-qwen-1.5b,6c4cccbdfe3340d1de38720b444b4e83,7ea1194b6b49037ced36f2bcf6e39dd03816b86c59d04d419a4efb2ead7f6861,True,23,24,124,23,1.0,1.0,0.0,0.736842105263158
deepseek-r1-distill-qwen-1.5b,6c4cccbdfe3340d1de38720b444b4e83,2996679bdd2724e69512be7cb86dc0c749c70c7196afec636907817d2d0c35f7,False,14,15,89,13,0.9171974522292994,1.0,0.09444444444444444,0.6500000000000001
deepseek-r1-distill-qwen-1.5b,6cae95de019b8b107893b29e2418ab4a,76ffdc7f3ec2f1690267fd6db564c6d1f6111a9476a9144929020b15d9de6312,False,13,14,49,13,1.0,0.838888888888889,0.0,0.7339181286549706
deepseek-r1-distill-qwen-1.5b,711f389c59ebfcb9eb04d37c86efae77,4bc7d104b031d6e0fa3e6037285d54572acfe64fbeaa5a9799f0fd71cd3ac16b,True,17,18,56,15,0.8419811320754716,0.9999999999999999,0.15000000000000002,0.7
deepseek-r1-distill-qwen-1.5b,711f389c59ebfcb9eb04d37c86efae77,1b94cd7d03c0f60171c43f5651471cb97879b520734b2a14a09af2fda8d8a0ea,False,16,17,41,11,0.6885245901639344,0.8421052631578947,0.09999999999999999,0.543421052631579
deepseek-r1-distill-qwen-1.5b,715eb949cafa36ccc69ff816a68a68bd,fe6a59f2cce8e873c80c017f8e147c8d3ee8636b8fba74af4b23ff057002d57d,True,18,19,100,15,0.8786516853932584,0.8500000000000003,0.15000000000000002,0.7222222222222223
deepseek-r1-distill-qwen-1.5b,715eb949cafa36ccc69ff816a68a68bd,b89538da70fda4fb97928198bf1f289047e7f2f9504eb1af97cd66c15e9a6d94,False,26,27,71,24,0.9149722735674677,1.0,0.15000000000000002,0.8333333333333335
deepseek-r1-distill-qwen-1.5b,719442a3ee1c00332a6b77c30ce987cd,76885d845832e8197a82668cb6478561b10628c238344606a2b9610f2aaec830,False,22,23,66,18,0.7830342577487766,1.0,0.0,0.6986842105263158
deepseek-r1-distill-qwen-1.5b,7351fe5f8ee14ff826bc262030efc469,7eecde4d2031061c2b7dfb7ffee2ba5f798445559758353fa77ac09045950f86,True,14,15,75,9,0.6794582392776524,0.9500000000000002,0.052631578947368446,0.8250000000000003
deepseek-r1-distill-qwen-1.5b,7351fe5f8ee14ff826bc262030efc469,de8a30ea5842d30a4104ff37dd18c6e9cf12a4887a1bde4980653b96a2a7d76f,False,20,21,63,19,0.9430379746835443,1.0,0.15000000000000002,0.7000000000000002
deepseek-r1-distill-qwen-1.5b,7d75815cb2310bdcf17826679b94cee2,4c6be318f5e532ab7b0807565fa6b69e50181939ce499de89ab907eaa3966f00,True,16,17,59,15,0.9399477806788512,0.723529411764706,0.1286549707602339,0.5743034055727554
deepseek-r1-distill-qwen-1.5b,839d5849b985de3b732f197086218847,c71a7caefdd036eabb8056c1d42bd4194c31360e0436bc434cd8543161ac7f94,True,16,17,50,16,1.0,1.0,0.0,0.6523026315789474
deepseek-r1-distill-qwen-1.5b,839d5849b985de3b732f197086218847,06589cbbc7e515388053919cbc34e2b7414194ef1b9a2bc429636685408db942,False,23,24,43,14,0.5587044534412956,0.9500000000000002,0.19473684210526318,0.9500000000000002
deepseek-r1-distill-qwen-1.5b,855d2426bc87f84b919fa59d39097374,b862139dff3b7cfa33bc18bf996b92cc055c10b5a2505a95862ffb78c88ad7c1,True,13,14,73,12,0.9626865671641791,0.9999999999999998,0.0,0.8421052631578944
deepseek-r1-distill-qwen-1.5b,855d2426bc87f84b919fa59d39097374,9fd55c340a83feea263efe1a6ffab188e5c06f3103f75dfc3700563d4eb297a8,False,17,18,47,14,0.8477011494252874,0.9000000000000002,0.19999999999999998,0.9000000000000001
deepseek-r1-distill-qwen-1.5b,85684e0c092976faa0b788ef96b0a1ff,4caec528381fd2f051aa9a0fa3127f59ad6d3bccf33b6f2ad881631fb7827d8c,True,25,26,114,22,0.8801128349788434,0.9999999999999998,0.0,0.6473684210526315
deepseek-r1-distill-qwen-1.5b,85684e0c092976faa0b788ef96b0a1ff,0cf3d005dc73bae6ce33a1d3c5a3278f37c20b509cb8871504d53e8626d7f769,False,22,23,48,18,0.7916666666666666,1.0,0.19999999999999996,0.9486842105263158
deepseek-r1-distill-qwen-1.5b,8b5ae4c8982f0b55e7334ff4117d6a4f,d8a348bedc1ff6ee91cb22af14f03ba5aa435fc8ec229ca9e534ec0dfb960ba9,True,20,21,99,14,0.691566265060241,1.0,0.052631578947368446,0.7500000000000002
deepseek-r1-distill-qwen-1.5b,8b5ae4c8982f0b55e7334ff4117d6a4f,f97ff0ef7fcf7904b95cb77a6d681139aa36f15d26bd1381ead422926815a93b,False,14,15,79,10,0.7162629757785467,1.0000000000000002,0.0,0.8750000000000003
deepseek-r1-distill-qwen-1.5b,8c88e2f998f2ec7a396f40c6d5452b84,919a2131ce4b20bc235cc195b45d7349c42bb49c364f2db894eaeafb5f963506,True,20,21,131,19,0.967391304347826,1.0,0.09999999999999998,0.7995248538011694
deepseek-r1-distill-qwen-1.5b,8c88e2f998f2ec7a396f40c6d5452b84,102f8d05b06ca9ede8725f2977c52d0f9c9e9b2504a6d32720dc2cb138cbf604,False,25,26,144,20,0.8006872852233677,1.0000000000000002,0.052631578947368446,0.9000000000000002
deepseek-r1-distill-qwen-1.5b,8d4129f4074a7419ef8017429041fac4,11c066c073d2a398f8c97f9b5f6059dde06da9e45a9bde10296a1e283f7efdd9,True,19,20,103,12,0.6259946949602122,1.0000000000000004,0.10526315789473688,0.9000000000000001
deepseek-r1-distill-qwen-1.5b,8d4129f4074a7419ef8017429041fac4,708e4108262f582ed0c8c94c663502396dff4ee512203abfee81db7c16245924,False,16,17,70,12,0.7560240963855421,0.9000000000000002,0.2,0.85
deepseek-r1-distill-qwen-1.5b,8e99e185c9670ed801211fba5a2e93f9,7e5d91db88839b1ff3c56c3228e3e686735fbc7a3706c8f9dbbe81da71141095,True,14,15,51,14,1.0,1.0000000000000002,0.0,1.0
deepseek-r1-distill-qwen-1.5b,8e99e185c9670ed801211fba5a2e93f9,11a3865fb7b261a7c7a89f6a645dfbee956d6b4cbefaa5e29533bec4cba5d0a3,False,18,19,47,10,0.5793650793650794,0.9000000000000002,0.17647058823529416,0.8000000000000003
deepseek-r1-distill-qwen-1.5b,967834058a7e6f5cb903d6d983ecba7e,31ccf840380fe031fbd21fbca23c47b57f92510733a407ce121596142d455567,False,16,17,30,12,0.7947494033412887,0.8421052631578947,0.15000000000000002,0.588157894736842
deepseek-r1-distill-qwen-1.5b,99056c3c2db73e4929ee1df107d73688,f28d747ee72e210aaba0e44b2b1db75d60eded9bc316d94e10d11838cee062db,True,15,16,92,13,0.9168975069252078,1.0000000000000002,0.050000000000000024,0.8500000000000004
deepseek-r1-distill-qwen-1.5b,99056c3c2db73e4929ee1df107d73688,dd0cc503c45e3079b4c8bb6798619cd35098539cdb545af925d447f52579e6a7,False,17,18,100,16,0.9700272479564033,0.9500000000000002,0.05,0.8999999999999997
deepseek-r1-distill-qwen-1.5b,9c22e95143200153a9b0c049452517e1,1a648b3fe9445d60c7fd32dd4b32008c16acaed350ad9ebf125ae7701d333413,True,23,24,34,12,0.537890044576523,0.55,0.15000000000000002,0.39999999999999997
deepseek-r1-distill-qwen-1.5b,9c22e95143200153a9b0c049452517e1,25f627b1ad4a91c7d0af3879381537134781a629f780232ab5d7a44bcc5b405b,False,25,26,52,16,0.6163141993957704,1.0,0.055555555555555566,0.7708978328173374
deepseek-r1-distill-qwen-1.5b,9d8432d3b13c02fb04b55e0a74c6c063,ea2cff444a41cf1d0cbc8057ac9e81ea829127d597ac9a37267b81ec4b73cc14,True,29,30,61,28,0.9575070821529745,1.0000000000000002,0.15000000000000002,1.0
deepseek-r1-distill-qwen-1.5b,9d8432d3b13c02fb04b55e0a74c6c063,59061cfe86839e20b159e9c9cb1aee5268a49f57b2a382b7711df4f169496c5a,False,26,27,123,20,0.7187993680884676,1.0000000000000002,0.19999999999999998,0.7418300653594772
deepseek-r1-distill-qwen-1.5b,a255fd4b2fac78a3faaf47bd17cd723f,a60a9f3525a806b149de08c55a6b338e99b259b53ede3dcc351d9fc4e741ce5b,True,14,15,51,12,0.8346055979643766,1.0,0.055555555555555566,0.9181286549707601
deepseek-r1-distill-qwen-1.5b,a255fd4b2fac78a3faaf47bd17cd723f,7645105f709276395f35b233deb33e6a384cfdfa25c12c0cde4b630ebe8ef09e,False,20,21,84,18,0.8891402714932126,0.8500000000000003,0.15000000000000002,0.7709064327485382
deepseek-r1-distill-qwen-1.5b,ab0226a3a9dc01c8c9b91a47198bed63,d583085fd15d9275f16dfaf2dfc0d4e96bec8c6a587e3ab73269adfe528b2cab,True,21,22,15,21,1.0,1.0,0.0,0.1
deepseek-r1-distill-qwen-1.5b,ab0226a3a9dc01c8c9b91a47198bed63,3f1d040fe37bc8d88cbe6af93ee0a92602f74a96a95d1a1c6697f2fd99383b48,False,17,18,13,2,0.07507507507507508,0.24999999999999994,0.15,0.050000000000000024
deepseek-r1-distill-qwen-1.5b,ab79da6338f2deff095e1bf3b5b4d9f0,3e68f7a1084358c68cbaaf31efd0b7ab7a367a6cc4109d36fce19a7c0b021e8e,True,13,14,30,8,0.5215686274509804,0.7000000000000001,0.09999999999999998,0.6000000000000001
deepseek-r1-distill-qwen-1.5b,ab79da6338f2deff095e1bf3b5b4d9f0,1b7fcaf9ac1e4d92c48b5cc7411857956e1d37a76383f60fd767a7d204799386,False,16,17,35,12,0.7259887005649718,0.9473684210526315,0.050000000000000024,0.5105263157894737
deepseek-r1-distill-qwen-1.5b,b1e59a85b6e9c1e020d2392193d668fb,58053f44a43b851654721150ab107eaec67d121c68eb5d1c9cca7cc785e51a02,True,14,15,52,11,0.7938718662952646,1.0,0.052631578947368446,0.8500000000000001
deepseek-r1-distill-qwen-1.5b,b1e59a85b6e9c1e020d2392193d668fb,e99a9005365972b05d8745fdcd817a2eaeac028f7954dd4a77c80f636feec1c4,False,14,15,81,11,0.7678018575851393,0.9000000000000002,0.09999999999999999,0.716666666666667
deepseek-r1-distill-qwen-1.5b,b1e9764076e3a29c4c3c4738b878b57a,e681dd153d4c9bac14741403ee7a43208209f95e535b9f26bc636e6e1be0afaf,False,10,11,28,3,0.22310756972111553,0.823529411764706,0.05882352941176471,0.8235294117647058
deepseek-r1-distill-qwen-1.5b,b456600e51f08dfb7754936792b3800e,e893756dbf3f11475a4a35d9f6910f24a946c5479372eab6d2550b0a0c6c8c1a,True,17,18,57,16,0.900709219858156,0.9999999999999998,0.14999999999999997,0.5263157894736841
deepseek-r1-distill-qwen-1.5b,b456600e51f08dfb7754936792b3800e,416c5f89c3016f5f61fa108da25b8cbc24a87e563fad21557c67f70eef00486d,False,16,17,34,9,0.5807692307692308,0.9473684210526315,0.050000000000000024,0.8171052631578946
deepseek-r1-distill-qwen-1.5b,b9e317df6f71d14e177013c57587becf,2124a2d9464abe3b08a456d57e1ac007fbe4b370bd6ba0938afff1f0e986bc06,True,12,13,42,11,0.9090909090909091,0.8473684210526315,0.0,0.7130116959064328
deepseek-r1-distill-qwen-1.5b,b9e317df6f71d14e177013c57587becf,1fbe39f4df7ed8f9c951ce99aa1ff7a87ec701a418c0d201a93c93a2c363e82f,False,12,13,35,5,0.39933993399339934,0.6000000000000002,0.16666666666666663,0.45000000000000007
deepseek-r1-distill-qwen-1.5b,bcac057435ccb3a54effa545db18a3d1,66ec359a894190e9f93c93238ff6c45f1b3474be7065941a501d582377f5287e,True,16,17,90,13,0.8435517970401691,0.9999999999999998,0.15000000000000002,0.9223684210526313
deepseek-r1-distill-qwen-1.5b,bcac057435ccb3a54effa545db18a3d1,6b29b99cf7808f9bf3e157bf6d638c577363706382846b84032e46c306e25b83,False,14,15,85,7,0.41534391534391535,0.9999999999999997,0.09999999999999998,0.9749999999999996
deepseek-r1-distill-qwen-1.5b,beea037b8f8cec59caa352ec11f501da,61f0d9c33055ff20bbe31192c05515847709bfdb0765caa20d6848a3179f936c,True,17,18,69,10,0.5376884422110553,1.0000000000000002,0.14999999999999997,0.9473684210526317
deepseek-r1-distill-qwen-1.5b,bf8e15580571e5c3976117c303cf144e,15dfa87102e8e2c566ed0f9603d7a0448011278af872bc95254c01a6ef10d486,True,16,17,98,11,0.7113095238095238,0.9999999999999996,0.0,0.8723684210526315
deepseek-r1-distill-qwen-1.5b,c13ba1d468ea408964a3ccd245638056,21f02bee8a91053ed09b1bf31948601e3003e959d829113ee7b7c56c963602b5,True,7,8,54,6,0.8809523809523809,0.9000000000000005,0.10526315789473684,0.8473684210526315
deepseek-r1-distill-qwen-1.5b,c13ba1d468ea408964a3ccd245638056,15081f40f25c49c93d63e975b503e72c6e26c7c37e4ad933ffd3aa5a17d7d8f3,False,14,15,105,13,0.9429657794676806,1.0,0.19999999999999998,0.9473684210526312
deepseek-r1-distill-qwen-1.5b,c150008220a1497832471d8e8d4e2edb,b3a9db9b635cf2a7106549ac10368dfd11459f81cb46b908b33d521ae205025c,True,17,18,101,17,1.0,0.9499999999999996,0.0,0.789473684210526
deepseek-r1-distill-qwen-1.5b,c150008220a1497832471d8e8d4e2edb,c3e58a17aabda42e8ec04d4933e510b81ae553879e27e1376405b16bbd2b17a6,False,22,23,126,22,1.0,0.95,0.0,0.8421052631578944
deepseek-r1-distill-qwen-1.5b,c4ce6239240ed6d8489f1ee8bf9a4784,abf6ed0c3945b155a3b2ab0be91fc53f591244521a169ea378584645ca0054bf,True,19,20,85,17,0.8731884057971014,0.95,0.05000000000000002,0.6342105263157896
deepseek-r1-distill-qwen-1.5b,c4ce6239240ed6d8489f1ee8bf9a4784,5c639afba7050cec2c827a8c779689235937f6ca2bdedfdba2c7b49b0c356e5f,False,13,14,48,10,0.7006172839506173,0.7000000000000002,0.0,0.6500000000000001
deepseek-r1-distill-qwen-1.5b,c95386c8d35897f730a382e76e5ae272,795a516f90636270ca7cd4f83439e14b9c00bc33a558966a0dd971e0208db99e,True,17,18,67,13,0.6796116504854369,0.8000000000000003,0.09999999999999998,0.6000000000000002
deepseek-r1-distill-qwen-1.5b,c95386c8d35897f730a382e76e5ae272,ba209520247ac94a7d5f91ffccdab43b8362e7502a8946e5e3df670836de1783,False,24,25,80,13,0.5249406175771971,1.0000000000000002,0.09999999999999998,0.8750000000000003
deepseek-r1-distill-qwen-1.5b,cc91c75860966ea7d69d7a716a857add,a406a1317552d8f2d1bb33035077b8109e822df7caa9146d0297a71aa8d5cbff,True,30,31,107,30,1.0,1.0,0.0,0.6154970760233918
deepseek-r1-distill-qwen-1.5b,cc91c75860966ea7d69d7a716a857add,537eb01af2ebf3b96bdf37ddfc79e68bbd7decc5b90106086b162619c578ec28,False,22,23,104,20,0.9244604316546763,0.9473684210526314,0.0,0.6907894736842104
deepseek-r1-distill-qwen-1.5b,cee4809157546a43546571ac67323953,b601a454f5b33353323a9f646da53f012f505c1ebfc845306eff8bf777de3b17,True,17,18,81,9,0.4803370786516854,0.9473684210526314,0.1176470588235294,0.829721362229102
deepseek-r1-distill-qwen-1.5b,cee4809157546a43546571ac67323953,8cde12120fdc2262dde4765c614e6ba30852d4a4adacf57487df74f47971b3e1,False,15,16,82,15,1.0,0.8000000000000003,0.0,0.7500000000000002
deepseek-r1-distill-qwen-1.5b,d35ff55eca6c7f6db36a73934025f3c5,12fedf0ff9e4e18b250c0db7c5e9cec2257362ba9e046247e38e561f75f7961a,False,18,19,86,10,0.5039370078740157,0.9999999999999997,0.2,0.8460526315789471
deepseek-r1-distill-qwen-1.5b,d9520eadbc83f9f98a8fb0442b0a7acc,bd5fd08aee6c509a6e2cc521302566cf109e1023694c70848e5c3b5e3aa1e9ef,True,13,14,65,12,0.9285714285714286,0.8444444444444446,0.1857585139318885,0.6500000000000001
deepseek-r1-distill-qwen-1.5b,d9520eadbc83f9f98a8fb0442b0a7acc,3c38a5909dc39821a58de41adb8790c36fcc33204bfdd9ac87015bd77851f6ad,False,19,20,91,18,0.950207468879668,0.9500000000000001,0.0,0.8500000000000002
deepseek-r1-distill-qwen-1.5b,d9e1496466a6206a8617add56ddce386,46c20d0417c106acfaec3ba286c92a3d6ed81e4a01e0d6094fe06bc8e8642381,False,20,21,106,17,0.8556485355648535,1.0000000000000002,0.07142857142857141,0.875
deepseek-r1-distill-qwen-1.5b,da2bd7e45b94e13e1fb97126ca03fcc4,ba4b60c6582cc91ec87fd7a14a42c312bc698609147ab4f02b2e9b1c4c6f1070,True,12,13,80,12,1.0,0.9500000000000004,0.0,0.9000000000000004
deepseek-r1-distill-qwen-1.5b,da2bd7e45b94e13e1fb97126ca03fcc4,2b75be2dc786ca988873de0bdade100af04415b92c54853cedf5de4b360f9d12,False,21,22,102,20,0.9292364990689013,1.0000000000000002,0.15873015873015872,1.0
deepseek-r1-distill-qwen-1.5b,df37dd0f3c463be2b4787059b63a9028,da8d610e80e5358f47dd14bbedf270993bfd78448d9e23c57447bf73d7d649c2,True,15,16,46,11,0.6779661016949152,0.9999999999999999,0.19999999999999998,0.7251461988304092
deepseek-r1-distill-qwen-1.5b,df37dd0f3c463be2b4787059b63a9028,3871b0b98e698ba090287d6ff5e026d324e003ef4fa974db1e212e2f91f52efc,False,11,12,51,9,0.7649572649572649,1.0000000000000002,0.19999999999999998,0.7000000000000002
deepseek-r1-distill-qwen-1.5b,dfa32d028f082d978149d2633a2c8bf3,af6b7ed322a504801ff11359206481163eef70f72220670382f3ab0cc757a87e,True,16,17,12,6,0.30990415335463256,0.5,0.19999999999999998,0.34868421052631576
deepseek-r1-distill-qwen-1.5b,dfa32d028f082d978149d2633a2c8bf3,93f6f9c850f8252791591283e6f14057432814edd65ec72954dfe8095796073f,False,13,14,10,8,0.5857142857142857,0.7447368421052631,0.15000000000000002,0.6368421052631578
deepseek-r1-distill-qwen-1.5b,e71511f59eb934d904d9e69b91fb59ac,053f492ef95eba4fc89f47b95a883783c9aeeab946c9bd04eb4685b5d09ebc33,True,15,16,38,7,0.37017994858611825,0.5944272445820432,0.11764705882352944,0.5789473684210525
deepseek-r1-distill-qwen-1.5b,e71511f59eb934d904d9e69b91fb59ac,cdad052eff2882629a445692f7785f6c60566efdcd80eaf5a82e603094900f3c,False,23,24,66,22,0.9542372881355933,1.0,0.09230769230769231,0.6470588235294118
deepseek-r1-distill-qwen-1.5b,e84545b4073db0c4d84a58b5f4243d50,26be26e0cc8d73afc5e12edda3409078905173aef0fc9de0b2639497e7fad826,True,27,28,70,25,0.9312169312169312,1.0,0.1666666666666666,0.8944444444444446
deepseek-r1-distill-qwen-1.5b,e84545b4073db0c4d84a58b5f4243d50,a214769b28b9965f19d32afc651543eb87a80cd9a34f1f27e027f6be5b537ad6,False,17,18,110,15,0.88268156424581,0.9500000000000004,0.052631578947368446,0.8500000000000003
deepseek-r1-distill-qwen-1.5b,e9c3b2227f99155be055e871c23ef702,ef0bcc3fb77ab0a202c0119c48e8b764e44a0d7808c343844b4c54bb1f32e368,True,15,16,29,11,0.729381443298969,1.0,0.15000000000000002,0.40000000000000013
deepseek-r1-distill-qwen-1.5b,e9c3b2227f99155be055e871c23ef702,88566b1732718b6186eb985e1d13c4c51f43ee9194b764e80996b238e3da8b71,False,10,11,26,4,0.391025641025641,0.631578947368421,0.19999999999999998,0.5725511695906432
deepseek-r1-distill-qwen-1.5b,ead218181cb76fdbdefd5ea17e01be5b,48e36e94da7a73f340f79e91a93332120ad92261a08bbccf966dfe3b399248e2,True,20,21,86,17,0.7982261640798226,1.0,0.050000000000000024,0.75
deepseek-r1-distill-qwen-1.5b,ead218181cb76fdbdefd5ea17e01be5b,8d8ef2cef5b67c2fc2a6114a39f6d7bceb22c1703213245bab6f1a9c81485668,False,24,25,103,21,0.8924949290060852,1.0000000000000002,0.16666666666666663,0.8705882352941179
deepseek-r1-distill-qwen-1.5b,f03a4eea989b069fe918734d9e1c2644,467e18b12ba6a6a7d4956167664107b3861998402a50a90bb9629f4d55b1df42,True,14,15,52,10,0.7148148148148148,1.0000000000000002,0.0,1.0
deepseek-r1-distill-qwen-1.5b,f03a4eea989b069fe918734d9e1c2644,aee0bc0f20a4d32b514036bd8a1569d94eb73db08b2b7613ee3d0f9400e192cd,False,11,12,67,9,0.7627906976744186,0.9000000000000001,0.15000000000000002,0.7394736842105264
deepseek-r1-distill-qwen-1.5b,f31c3814e305d57f67bdcfac27ec4bc2,9fc8c5306fb9e7475699cf84460f81ec9615f3c47084d9ff99c14928f883de7b,True,18,19,93,9,0.4,1.0,0.050000000000000024,1.0
deepseek-r1-distill-qwen-1.5b,f31c3814e305d57f67bdcfac27ec4bc2,f8149ecfe9ddefc6a407ca5d46d1645670c583987c556f5612ffab248b754e16,False,23,24,106,19,0.8201581027667985,0.9000000000000004,0.15,0.8000000000000004
deepseek-r1-distill-qwen-1.5b,f448710697f1d3734fbc187ad15c748c,7d601798256d0d04c11f12822ed3556dea9aa5a39673b56d51b977b35546a3ae,False,16,17,17,8,0.46794871794871795,0.9000000000000001,0.0,0.9000000000000001
deepseek-r1-distill-qwen-1.5b,f5479a460521f2a3b96e7924882b06d9,31e4dc3b41e5380edb678b0e6753b50234d81d85b9298920d6562d6cc1107bc6,True,17,18,71,15,0.8813559322033898,0.8666666666666667,0.1791666666666667,0.625
deepseek-r1-distill-qwen-1.5b,f5479a460521f2a3b96e7924882b06d9,edcc369aab5fb1981239524c59a5c46461d98b69fc46362e274f4287c68a0c83,False,14,15,58,11,0.7985611510791367,0.7647058823529412,0.15789473684210528,0.6842105263157894
deepseek-r1-distill-qwen-1.5b,fb9fdfc495c899901c9c864e13bfeaff,b9774713aaeec51f6f786a926dcfbf5c648db806578e511f22945151bae4c4b8,True,25,26,78,18,0.6709558823529411,1.0,0.16666666666666663,0.8359133126934984
deepseek-r1-distill-qwen-1.5b,fb9fdfc495c899901c9c864e13bfeaff,35d77f580a13d3d70b77a41553c5952d6c2d66085792fc14587e1103ef3d8cec,False,17,18,73,14,0.7492625368731564,0.8500000000000002,0.0,0.6500000000000004
deepseek-r1-distill-llama-8b,0148cedaed162d8c1591e7dad5de6dec,27dbb45201348d70823adfdca95200f5c8c2ee3b24a64dc84de965840815880f,True,24,25,11,10,0.35787321063394684,0.55,0.19999999999999998,0.47500000000000003
deepseek-r1-distill-llama-8b,0148cedaed162d8c1591e7dad5de6dec,45095cd2b713a92049be4ba974a8f72a37673c2ce1701304fcd4734cec9072e7,False,15,16,7,14,0.9025974025974026,0.75,0.0,0.30000000000000004
deepseek-r1-distill-llama-8b,07dbd8eabfba4b1d9d665331dea90335,ee8306d9a343eb7662aac0384d02583b22f5ba5caf5d2fc299ba5c771f132df0,True,12,13,14,9,0.7712177121771218,0.9473684210526315,0.19999999999999996,0.3513157894736842
deepseek-r1-distill-llama-8b,07dbd8eabfba4b1d9d665331dea90335,4a15e830255f4d54bd75252426a10c92d23029fbf33a3c61c6800580a289894d,False,16,17,12,6,0.358974358974359,0.6000000000000001,0.19999999999999998,0.42500000000000004
deepseek-r1-distill-llama-8b,0a3c768a49d4110f6c1604ace9951ee5,2736b19c3a56ddf934c4801fef2c26bbc03c5e7d6bf5686d62c9f487f02522f8,True,20,21,13,17,0.8467532467532467,0.7999999999999999,0.19999999999999998,0.3500000000000001
deepseek-r1-distill-llama-8b,0a3c768a49d4110f6c1604ace9951ee5,47ffe9b1482b1a323cb47c233f5481796fbf7c6427efb82c8f5ed222fadfc490,False,25,26,16,23,0.9252747252747253,1.0,0.19210526315789472,0.2789473684210526
deepseek-r1-distill-llama-8b,0a50a7f439c2c0e933b8132ed7650075,e2e79daa3ec7908fe38d7fb3750c9a0554c59cf5751deda16de2c4c3eb76779a,True,36,37,15,16,0.4276923076923077,0.65,0.050000000000000024,0.6
deepseek-r1-distill-llama-8b,0a50a7f439c2c0e933b8132ed7650075,840b16aeaf26155d45c5a4c57be53b756e5a6c7f7f59a23c60d32da1150ca61a,False,26,27,14,23,0.8365758754863813,0.75,0.0,0.25
deepseek-r1-distill-llama-8b,11340d814fe69bcd7dec113898fd5947,2a6eb317d534ffdf8d09c3556997e621001a203998a7b73becf59860c137e759,True,19,20,31,18,0.9484304932735426,0.8000000000000002,0.2,0.5000000000000001
deepseek-r1-distill-llama-8b,11340d814fe69bcd7dec113898fd5947,15e22e7dc0215ed22d7baa06b06c9931916b319c90a2012acf76c2d73968460d,False,31,32,34,25,0.7871720116618076,0.9,0.15,0.5
deepseek-r1-distill-llama-8b,14a87d69ccc079d85a0f5d57dc4a7bdb,bb4c3d60a0b9f0b3aef61dbcfd0461e2112f9d4063890fbeb0bd5645520c6427,True,28,29,14,27,0.9574803149606299,0.75,0.14473684210526316,0.25
deepseek-r1-distill-llama-8b,14a87d69ccc079d85a0f5d57dc4a7bdb,7c421ce91de8f65fee6e42cf0049ec206b032f90447198a1a5a89f899512387d,False,36,37,32,26,0.6709677419354839,1.0,0.10526315789473684,0.85
deepseek-r1-distill-llama-8b,224470287933cd1645a9c37f922eb1c8,f4a5415d549a2fbf75d21cd84415ce7251794d52acbc3b2f7b9460d2d41428a0,True,21,22,12,13,0.6203522504892368,0.9500000000000001,0.14999999999999997,0.9
deepseek-r1-distill-llama-8b,224470287933cd1645a9c37f922eb1c8,bc6e3cffed5e9c0a9043d4cb0c8fa7badf6126010a18d93f19a578ea6b9012f7,False,82,83,22,79,0.9475235849056604,1.0,0.1631578947368421,0.9
deepseek-r1-distill-llama-8b,258c0f33efb3e637962b4ea8f6971d09,04a174c82a9607878d1ad922e4f2a9b6017aefcf5262c1d95bccf0d72fca7bd5,True,66,67,50,66,1.0,1.0,0.0,0.8999999999999999
deepseek-r1-distill-llama-8b,258c0f33efb3e637962b4ea8f6971d09,da128cb039c62f162ba4bf79f5b8f73765fc121106841db602b0837f5fa81e68,False,17,18,16,6,0.35572139303482586,0.9500000000000001,0.0,0.9500000000000001
deepseek-r1-distill-llama-8b,2600ed7d2340c964a027e94ed65d75f2,2b2c009a026c01b4ce7c51edd13d23b52731612175d5d8d2776e5312c783912b,True,88,89,40,77,0.8941102756892231,0.8,0.19999999999999996,0.5973684210526315
deepseek-r1-distill-llama-8b,2600ed7d2340c964a027e94ed65d75f2,db7a61ef054987c9eaf3f2f8b521ac885d30d8bd49dfc76fb1ae2b3111818eaa,False,57,58,43,48,0.8552425665101722,0.8500000000000003,0.15000000000000002,0.6500000000000001
deepseek-r1-distill-llama-8b,27f2b910c19b40bb9f36ce9a3a8909af,29bc6b265f85b5225cdbe974085d9ab266c223b5390345236410b5911a0d40c9,True,20,21,39,20,1.0,0.55,0.0,0.4500000000000002
deepseek-r1-distill-llama-8b,27f2b910c19b40bb9f36ce9a3a8909af,37482509ed310e7b2be59ad4305be91ed012ab490bcb3175e9a2918266d5d5ef,False,43,44,67,41,0.950354609929078,1.0000000000000002,0.15000000000000002,0.8500000000000003
deepseek-r1-distill-llama-8b,288897f502a272f8f0b8b999354a154d,ae5e6caf2d62c2d911a6e7fc3d57ea80c29b352d7676c9fce9d1b88bbfae19fb,True,39,40,66,37,0.9481236203090507,1.0000000000000002,0.050000000000000024,0.6
deepseek-r1-distill-llama-8b,288897f502a272f8f0b8b999354a154d,e215731979293af160f453af4651706f6171a024c11ffe77e2ddc1ad2a7166db,False,66,67,89,66,1.0,0.9000000000000001,0.0,0.5500000000000002
deepseek-r1-distill-llama-8b,28891dd6ff7aaeaf92456def52f81530,33d67a62d3832ccebaa4914112faddfd1b76e9699262d2e614d5aa95dfc0fdb8,True,21,22,9,10,0.3787313432835821,0.9500000000000001,0.19999999999999998,0.8500000000000001
deepseek-r1-distill-llama-8b,28891dd6ff7aaeaf92456def52f81530,92746bc89412e4aa021bddc1037277ca68fd947d3209f2291fd132f88f0aaebd,False,21,22,12,20,0.9388560157790927,0.5499999999999999,0.15,0.25
deepseek-r1-distill-llama-8b,28c328b44b6a8b287cd1e29bfc9c17eb,5a98da09422dbcf15a94aaa04d4ca8f8c40511a69b8cd44fca9bb0dcc07590ef,True,32,33,53,22,0.654891304347826,1.0,0.19999999999999996,0.6907894736842106
deepseek-r1-distill-llama-8b,28c328b44b6a8b287cd1e29bfc9c17eb,610180b4f3bf8a80655f8b1cb13191453ffa68d6bfa825de2f5d1d866e7c24b0,False,32,33,52,23,0.7119476268412439,1.0,0.14736842105263154,0.7250000000000001
deepseek-r1-distill-llama-8b,34d053d3a9b3a1f013655f7223718de7,c321eabb2c3a50bbde690b2a134b57a9555ba163da312300faa16821ed0bf9bd,True,27,28,12,17,0.5863309352517986,0.7,0.19999999999999998,0.25
deepseek-r1-distill-llama-8b,34d053d3a9b3a1f013655f7223718de7,d5c43ccbf9d107d11895286c65260d27c895eeaca935c898fcbe076441552485,False,17,18,10,11,0.6515513126491647,0.5,0.2,0.25
deepseek-r1-distill-llama-8b,34f92cdb48573ee3ec1837da4f60ff3f,0c1ace8d2027a8f842b6d71f390502e725d554f997aba7e46c6819b23160d54a,True,24,25,27,20,0.8068592057761733,1.0,0.15,0.4
deepseek-r1-distill-llama-8b,34f92cdb48573ee3ec1837da4f60ff3f,1888bd01d49493572312418ba85aaf4948306d10aeb02650bf146ca7a7df9e8c,False,23,24,29,21,0.9019607843137255,1.0,0.0,0.5500000000000002
deepseek-r1-distill-llama-8b,3544e050c3ae29b6422ea56dc506cd8d,7b02ff7a706095d730e77a93b9c64de8ec3422fd5edafa4869221e30b1e928bf,True,31,32,9,8,0.21100917431192662,0.35,0.2,0.15000000000000002
deepseek-r1-distill-llama-8b,3544e050c3ae29b6422ea56dc506cd8d,12be89bd93d0a6b74368b9dd037bf828f32268a09c5e2f085f6f1bce5c76a308,False,36,37,12,36,1.0,0.85,0.0,0.09999999999999999
deepseek-r1-distill-llama-8b,392e2a9bea699b47177b6179d80b2b23,90d62ab1f1cf2b81d9da23c6cc6a7c00c5943b9ff2ef534bf7ed68be76269505,True,27,28,19,27,1.0,0.85,0.0,0.5
deepseek-r1-distill-llama-8b,392e2a9bea699b47177b6179d80b2b23,a6f9aed6da14ee44ee1cc8f7f0bd2d27177f0a2be51ea8e4f128d2c361d5840c,False,21,22,23,20,0.9567779960707269,1.0,0.0,0.631578947368421
deepseek-r1-distill-llama-8b,3ffd64fa59b0f373586831b18ec69d1f,50649c6142c8fa814bae1eeb384a22d1956ec62fef763a62b5dddf28684cebe2,True,38,39,48,29,0.7812865497076024,0.9500000000000001,0.2,0.8
deepseek-r1-distill-llama-8b,3ffd64fa59b0f373586831b18ec69d1f,c85c65e43332569128bcce99f546977140851ae56dd3c4c1286203296bfa945a,False,28,29,38,23,0.7975,0.7,0.09999999999999998,0.4
deepseek-r1-distill-llama-8b,40548af835e36bf1d06c74be11ea5d70,1292880a10b64a4ea7a1d9b9176020b4100b9e201279ad50b0eb07989771de39,True,32,33,38,20,0.5807291666666666,1.0000000000000002,0.19736842105263155,0.7500000000000002
deepseek-r1-distill-llama-8b,40548af835e36bf1d06c74be11ea5d70,df2a9cbea4cd288b1fc88059c192d88ab4c2fcd77d996e358dc491c7a268a42d,False,28,29,40,27,0.9594155844155844,0.95,0.19999999999999996,0.5750000000000001
deepseek-r1-distill-llama-8b,42657169f520db24ecd36735fa5fcd7f,15c7974d27700be1906eb723d18706367ee8907cc0ebbc617dc225f9e21f5640,True,22,23,13,20,0.9100642398286938,1.0,0.0,0.45000000000000007
deepseek-r1-distill-llama-8b,42657169f520db24ecd36735fa5fcd7f,3e3e3566a388a5fa4fc69b499d0a5f01859916169650dcb579772e918e53d239,False,26,27,18,20,0.6964586846543002,0.9000000000000001,0.050000000000000024,0.42500000000000004
deepseek-r1-distill-llama-8b,44182d567f7978b8cf0aa37c5ce0d4aa,0d094537c86fdd6d5e696f79c15143443807d5deb974e757dfdb8f94bf3a8e63,True,80,81,28,77,0.9690189328743546,0.95,0.15000000000000002,0.85
deepseek-r1-distill-llama-8b,44182d567f7978b8cf0aa37c5ce0d4aa,cdd909fbf1c000620ad8b1a3daed68d5ab1716dafe053ebe4d435bf4419f004f,False,25,26,21,24,0.9436893203883495,0.7500000000000002,0.09999999999999999,0.5
deepseek-r1-distill-llama-8b,46f5a66a841fae109fc92ccdb9448abe,400a4196c8108d0a599303a11040261262dc98ad7242e7d869b99cb27d2a05ba,True,28,29,12,27,0.968978102189781,0.8500000000000001,0.050000000000000024,0.35
deepseek-r1-distill-llama-8b,46f5a66a841fae109fc92ccdb9448abe,40b1fc304247328dd639b26b9305ad30478abb00a5119a9aad6397785b0363f8,False,50,51,12,50,1.0,0.55,0.0,0.35
deepseek-r1-distill-llama-8b,47601c56544121804558b55dbddc694b,244b2dd519efc342fd518926e39b8f1868293a57804ce7a075895621b4aa3a58,True,13,14,16,11,0.8443396226415094,0.6000000000000001,0.10000000000000003,0.3
deepseek-r1-distill-llama-8b,47601c56544121804558b55dbddc694b,a43a163b84eff0abc620b0241612010eed1b85992e332e337c2c3bf3aced209f,False,15,16,7,13,0.8256880733944955,0.75,0.16842105263157897,0.24999999999999997
deepseek-r1-distill-llama-8b,48d8738209cbe3d0f3490417e6c37914,ef5ebd82fe7e6662c27a6553ab9939e8411f0d2bd04019bc2b4493e864f70c4a,True,23,24,27,14,0.48622589531680444,0.8,0.09999999999999998,0.5500000000000002
deepseek-r1-distill-llama-8b,48d8738209cbe3d0f3490417e6c37914,a3c412448459c9d45b6fb79eca3b610b5c050e378885c76fdcea5c58a7586bcd,False,20,21,31,14,0.6820388349514563,0.894736842105263,0.15,0.5460526315789473
deepseek-r1-distill-llama-8b,4abc3a40659612c935b6036cf7018466,9c809905529b9af68322a5e26886ee31418bb20a756a80462e6c1837a8aeb404,True,24,25,40,18,0.6956521739130435,0.49999999999999994,0.15,0.35
deepseek-r1-distill-llama-8b,4abc3a40659612c935b6036cf7018466,5a1f2aa986762005093761db54b93e9718da0de3059b3cf7f780ca9ebe8eb54e,False,24,25,37,21,0.8803921568627451,1.0,0.09999999999999999,0.30000000000000004
deepseek-r1-distill-llama-8b,4ac69654711e8b95f09faca42e95c605,a88294d386290ed77394a75f93f722ba50c76f16ef40ce50be07123f3c45e067,True,26,27,18,14,0.4587706146926537,0.55,0.15789473684210525,0.47500000000000003
deepseek-r1-distill-llama-8b,4ac69654711e8b95f09faca42e95c605,686e4f0d1455fa28c65f8dc6e9f17976f1719d1931205a079e747cc1240e1958,False,39,40,19,39,1.0,0.8500000000000001,0.0,0.55
deepseek-r1-distill-llama-8b,4d6344707f7581b02e4f545c4d51d472,515d24b464a98f98f2e4179aa1493729d61733e2237c41652dd55aca452300ab,True,15,16,5,14,0.927027027027027,0.8500000000000001,0.19999999999999998,0.19999999999999998
deepseek-r1-distill-llama-8b,4d6344707f7581b02e4f545c4d51d472,58c47f52652bda9de4ab99d5dc0068855c7833a201150129d768903ebe5112c3,False,25,26,5,15,0.6107660455486542,0.25,0.09999999999999998,0.14999999999999997
deepseek-r1-distill-llama-8b,5355d6e5738c1e76aa8f1441131c9295,3a9e283c1d7c794806bff172f46a9fcb6dc9629675c13c7e69d462a1e10f35a6,True,24,25,16,23,0.9527027027027027,0.7999999999999999,0.19999999999999998,0.35
deepseek-r1-distill-llama-8b,5355d6e5738c1e76aa8f1441131c9295,c7cf9c2c52d51b3d37ea84d144a8b75553c2dc743ce9e167753cb371d4d2525b,False,18,19,15,18,1.0,0.8473684210526317,0.0,0.4
deepseek-r1-distill-llama-8b,5bebb5ccb1b21ef642e37fb57088d0af,1334c2219f6825866234107496b1ab36d550365152b3e911a120d8c985d16556,True,15,16,15,14,0.9113475177304965,0.85,0.050000000000000024,0.3500000000000001
deepseek-r1-distill-llama-8b,5bebb5ccb1b21ef642e37fb57088d0af,b8ac0c9a91a9c4bddcc138f7bd5c996c660eada8d913064ce820645129f0ddb5,False,17,18,19,7,0.3771626297577855,0.6000000000000001,0.15000000000000002,0.5
deepseek-r1-distill-llama-8b,5e08bb89aa461993e01a5790857ce599,d30829900a1615c6ae8232e3471d4390caadc2f28a4236fced955a120c16e5e9,True,33,34,16,26,0.7614285714285715,0.5,0.0,0.35
deepseek-r1-distill-llama-8b,5e08bb89aa461993e01a5790857ce599,21fec8baae280a7bf20973e43a2e1c3543e2b55268fe762ce0750e79904cea53,False,43,44,15,42,0.9710312862108922,0.55,0.1,0.3
deepseek-r1-distill-llama-8b,5e7abd32af948047598121dd03ac97b6,a845e6d2fb9ed4317b72d707f6270159e380e110219b798337c66c1acebe3356,True,40,41,12,25,0.5837696335078534,0.5,0.050000000000000024,0.3500000000000001
deepseek-r1-distill-llama-8b,5e7abd32af948047598121dd03ac97b6,284fdf0b9c697e84f2f8dfffa8c344369f30363d601915ea6c95018f61b05bb2,False,40,41,28,36,0.8585746102449888,0.7500000000000001,0.15,0.42500000000000004
deepseek-r1-distill-llama-8b,633420a679153f203fc61a88a953629e,da6775582e15a40297307a81ef8e8babac161db7deee539c3f5fb251700cc432,True,22,23,13,6,0.24260355029585798,0.6,0.15000000000000002,0.6
deepseek-r1-distill-llama-8b,633420a679153f203fc61a88a953629e,32e181cf35f8e99af5545e4aa761c8be3d052ec6054ecda3da417320f886853e,False,24,25,15,12,0.43570057581573896,0.7000000000000001,0.050000000000000024,0.675
deepseek-r1-distill-llama-8b,6a6759f19289095fe5bdee59a062046c,d092833a194d4ba7d8236c9b5b41069b365faa0b4742bf632c9f6de1da094f0b,True,20,21,21,18,0.8698347107438017,0.6000000000000001,0.1,0.27499999999999997
deepseek-r1-distill-llama-8b,6a6759f19289095fe5bdee59a062046c,906e7d16ee2f621bd40bb1479616e7ae56796b4082a77b6843a018e69ad5c2f2,False,22,23,28,15,0.6574074074074074,1.0,0.19999999999999998,0.7
deepseek-r1-distill-llama-8b,6c4cccbdfe3340d1de38720b444b4e83,1608e68f5b14728d95efd22f5897afd6d6d3dea639662325514b274386a0325f,True,20,21,33,15,0.6848739495798319,0.9473684210526314,0.0,0.6855263157894735
deepseek-r1-distill-llama-8b,6c4cccbdfe3340d1de38720b444b4e83,612efa26528030b05babe06c0852463be91a43e6b75f57a0ed239b1aa0bdd665,False,16,17,29,10,0.5948051948051948,0.6500000000000002,0.19999999999999996,0.45
deepseek-r1-distill-llama-8b,6cae95de019b8b107893b29e2418ab4a,a61435db14cbe6b839996a2e066148290766418826db8dadc86787e71b688dd6,True,118,119,53,118,1.0,0.85,0.0,0.7
deepseek-r1-distill-llama-8b,6cae95de019b8b107893b29e2418ab4a,61a27527a51ec71cae730d367801b4024ab1a18d273388642dff7179b12fc87e,False,27,28,24,20,0.7160686427457098,0.7894736842105262,0.15000000000000002,0.6894736842105263
deepseek-r1-distill-llama-8b,711f389c59ebfcb9eb04d37c86efae77,98e5eaf2d9d8395500a37bffba1025224702ebb1716a3eace63609b25feb768a,True,22,23,30,16,0.6841121495327103,0.8421052631578947,0.15000000000000002,0.5592105263157896
deepseek-r1-distill-llama-8b,711f389c59ebfcb9eb04d37c86efae77,72ecdfa18f1ac4d0d9ddd8c35b1f9212684e7ea7715a0b1b004e80045d16805c,False,21,22,31,17,0.781021897810219,0.8500000000000001,0.0,0.5
deepseek-r1-distill-llama-8b,715eb949cafa36ccc69ff816a68a68bd,22e7f77eed30959148e475aa66989782ea4ff031cb69ca1d216db6c62155a90a,True,34,35,51,30,0.8952745849297573,0.538235294117647,0.15789473684210528,0.3868421052631578
deepseek-r1-distill-llama-8b,715eb949cafa36ccc69ff816a68a68bd,92bbdf14896503e1feb0bb000b26c4115a7d47d8b5e4ecfb9a0b4c037a806f3e,False,21,22,28,8,0.38803088803088803,0.7500000000000001,0.10526315789473685,0.7000000000000001
deepseek-r1-distill-llama-8b,719442a3ee1c00332a6b77c30ce987cd,9e2e42ffcd71b857c9d14e4d92f46369eb65bea371f5be3ca51782550e2e9e01,True,31,32,30,24,0.7353846153846154,0.9,0.09999999999999999,0.4000000000000001
deepseek-r1-distill-llama-8b,719442a3ee1c00332a6b77c30ce987cd,1ff8fe30d7fd176fcf7612f8fb999c2a1da6f1df8aea704426d15e1e86463004,False,29,30,28,24,0.8545454545454545,0.6666666666666667,0.050000000000000024,0.42777777777777776
deepseek-r1-distill-llama-8b,7351fe5f8ee14ff826bc262030efc469,a4cb48cb80a39d186af78d3bec6b38e109b4a6ba81e63d71bb3b86d8a383a312,True,39,40,31,39,1.0,0.8,0.0,0.4000000000000001
deepseek-r1-distill-llama-8b,7351fe5f8ee14ff826bc262030efc469,acf1ac38490dee9e2fd44ad2ad3afbc9af56eada556bce8617772d596ea0122d,False,36,37,23,31,0.8295454545454546,0.8,0.15000000000000002,0.4
deepseek-r1-distill-llama-8b,7d75815cb2310bdcf17826679b94cee2,3d23548e8682cb1e0bca8b1d0330e84b6a16b59efdf6a835deddc07b9bcf7e5d,True,27,28,26,24,0.8760611205432938,1.0,0.0,0.5
deepseek-r1-distill-llama-8b,7d75815cb2310bdcf17826679b94cee2,2fdeb58b9e545dea7d2d6a55b01e448fdca6d3bfffa35ccef37ee40325b44ad0,False,45,46,35,37,0.7879069767441861,0.7999999999999999,0.0,0.45
deepseek-r1-distill-llama-8b,839d5849b985de3b732f197086218847,03b5bb439d6ce305b48d8c783856f6f45fdff8992666c8569152010c6436595f,True,23,24,23,15,0.6079207920792079,0.5,0.050000000000000024,0.25
deepseek-r1-distill-llama-8b,839d5849b985de3b732f197086218847,d2d50b42c41641b21a4407f253f62037b8e697392225f39d2d7e8d101c8a0731,False,33,34,19,23,0.6349206349206349,0.85,0.15,0.45000000000000007
deepseek-r1-distill-llama-8b,855d2426bc87f84b919fa59d39097374,80ceea1f485a1faab44e317d91dd81aae3f490f471b88991eadcf56472cbf6f7,True,17,18,6,11,0.5987460815047022,0.85,0.050000000000000024,0.4
deepseek-r1-distill-llama-8b,855d2426bc87f84b919fa59d39097374,988a577d226f4f129f31ae5d22044613e4e9d8e82edd39d5c66ebc12036f1614,False,22,23,5,21,0.9357541899441341,1.0,0.15789473684210528,0.43815789473684214
deepseek-r1-distill-llama-8b,88537bcf54e128709d3d84d9a954aa6f,4e28e65dc3e5a3d2fe5c67886131d2692b734090f4ed7cdf3dc694b138bbb05e,True,24,25,74,19,0.806,1.0,0.050000000000000024,0.6500000000000001
deepseek-r1-distill-llama-8b,88537bcf54e128709d3d84d9a954aa6f,5751348456308492a79406255a681d92fb82d853fa3bb45a24f02c5a6e5562a6,False,32,33,78,28,0.8553719008264463,0.9500000000000002,0.052631578947368446,0.6000000000000001
deepseek-r1-distill-llama-8b,8b5ae4c8982f0b55e7334ff4117d6a4f,b7941e86a19c339c5a5c70607cd9f6bf9b69bae5c42b3096429e54fb9e54fd14,True,21,22,12,9,0.4092920353982301,1.0,0.19999999999999998,0.95
deepseek-r1-distill-llama-8b,8b5ae4c8982f0b55e7334ff4117d6a4f,900fd60f7c2273d0b48bd4fa1a326c272d039613176ebd0a95788e7922abc405,False,20,21,9,5,0.22127659574468084,0.45000000000000007,0.0,0.09999999999999998
deepseek-r1-distill-llama-8b,8c88e2f998f2ec7a396f40c6d5452b84,ae34cd0ae988e3bee090b06dfe0f8d9dd88d2edce324ef26612ad3800a99b22c,True,26,27,56,15,0.4972375690607735,0.6947368421052632,0.2,0.5486842105263159
deepseek-r1-distill-llama-8b,8c88e2f998f2ec7a396f40c6d5452b84,52e3dcb7b727a7628ecb4168ea11eb2fea09998f44af586346ef41a2b11d8711,False,31,32,69,26,0.775811209439528,0.9500000000000003,0.050000000000000024,0.5500000000000002
deepseek-r1-distill-llama-8b,8d4129f4074a7419ef8017429041fac4,81ae5957c5bc2f0f65682c9884574ebf1c926b30bd32c5471af49e1b4df19a21,True,55,56,68,55,1.0,0.8500000000000001,0.0,0.6973684210526316
deepseek-r1-distill-llama-8b,8d4129f4074a7419ef8017429041fac4,37eedf564591546dda6c5949937798c6dfe1785b7d067ac2b39d1ef21b9b62e2,False,22,23,26,15,0.634469696969697,0.9999999999999999,0.050000000000000024,0.8157894736842105
deepseek-r1-distill-llama-8b,8e99e185c9670ed801211fba5a2e93f9,b81b01a9181255c0fc1669fa4ac9313e02c64db71c6e9f46948a30a3c6bb016e,True,22,23,11,4,0.23404255319148937,0.9500000000000001,0.10526315789473684,0.9500000000000001
deepseek-r1-distill-llama-8b,8e99e185c9670ed801211fba5a2e93f9,e87b24d60bb54f824fd8dd8adcbe07435c7ed21afe2521b4e1c3a5957096e8be,False,24,25,19,8,0.3142857142857143,0.55,0.19999999999999996,0.5
deepseek-r1-distill-llama-8b,967834058a7e6f5cb903d6d983ecba7e,b626ccb4919418dac0712b24ad7c71e9ce141e6c1f6cc3fb3b58008654a9a7d6,True,21,22,24,21,1.0,0.9000000000000001,0.0,0.75
deepseek-r1-distill-llama-8b,967834058a7e6f5cb903d6d983ecba7e,c145a2ced834d978bb11ec1a064fcc1b8ae784afef8056be76275c25e5c95435,False,32,33,25,9,0.2440251572327044,0.8000000000000002,0.15000000000000002,0.8000000000000002
deepseek-r1-distill-llama-8b,9c22e95143200153a9b0c049452517e1,743e063cc96740bdc93302041ba1bf86c29e84a60765570e7852f20973b8c929,True,20,21,23,4,0.16448598130841122,0.2631578947368421,0.19999999999999998,0.15
deepseek-r1-distill-llama-8b,9c22e95143200153a9b0c049452517e1,f622b342f59da144662393e98e494088b4a58eda96597d78499b52354796cfaf,False,18,19,18,16,0.8920570264765784,0.95,0.0,0.1611111111111111
deepseek-r1-distill-llama-8b,9d8432d3b13c02fb04b55e0a74c6c063,6de47ba540053227a4082fe11d06a5e6c6a4accedb16ad775a341e29614e0463,True,36,37,62,36,1.0,0.7473684210526316,0.0,0.5842105263157895
deepseek-r1-distill-llama-8b,9d8432d3b13c02fb04b55e0a74c6c063,96c3d260d41a8e21c2d085feb4928e9d442f52e01e307be35448a9495345655b,False,32,33,69,26,0.8217821782178217,0.9000000000000002,0.09999999999999999,0.675
deepseek-r1-distill-llama-8b,a255fd4b2fac78a3faaf47bd17cd723f,512f09a385448cfa94adc6ed70eb8d17818cbb5eba0e5e4fb675207b28d618f9,True,47,48,49,22,0.4418604651162791,0.8,0.15789473684210525,0.75
deepseek-r1-distill-llama-8b,a255fd4b2fac78a3faaf47bd17cd723f,ec038bb7dc7b3f626e2be0cf8bcf1b12e831ac80b477192a7f5fa24d88ede1fe,False,34,35,50,27,0.7557471264367817,0.8500000000000002,0.19999999999999996,0.6250000000000002
deepseek-r1-distill-llama-8b,a670afa64f606d20eed4a435fc89d120,684b54e9cfb8f69e446452ee052c80ec6e3afac94f7eb50b602e2362687420b6,True,35,36,33,21,0.6216640502354788,0.9473684210526315,0.050000000000000024,0.5368421052631579
deepseek-r1-distill-llama-8b,a670afa64f606d20eed4a435fc89d120,43eebc3b5bc307ad7bef3024c2f0b23397a7da9e3a4692205f4144c108dfba7f,False,64,65,75,64,1.0,0.9500000000000003,0.0,0.7500000000000001
deepseek-r1-distill-llama-8b,ab0226a3a9dc01c8c9b91a47198bed63,1069e06d7a7b82a123f74b9f4c584e2690ad72a9c43d6eaf7a369ece42de40d8,True,33,34,18,32,0.9704641350210971,0.7368421052631579,0.2,0.5789473684210527
deepseek-r1-distill-llama-8b,ab0226a3a9dc01c8c9b91a47198bed63,57efd2d4443653e22a87f5510b37e64c9b437b306ea4ab214715c523f9ee3ee5,False,28,29,17,27,0.9920127795527156,1.0,0.0,0.55
deepseek-r1-distill-llama-8b,ab79da6338f2deff095e1bf3b5b4d9f0,9fc7e56bb3078b9ba81d492a5034f2c659291cc795535554163b90166a54a8fd,True,31,32,52,31,1.0,0.9500000000000002,0.0,0.5500000000000002
deepseek-r1-distill-llama-8b,ab79da6338f2deff095e1bf3b5b4d9f0,46d9c42398ed08addd39cedc389d8aff888de1320efc10e06fa291bcc4c08dd3,False,23,24,33,10,0.4218106995884774,1.0,0.2,0.9000000000000001
deepseek-r1-distill-llama-8b,ab944ef1e6f39bfd785f38954f9458c1,7e28567d1dec20fe59d924b77eac53ea10d072c81dad93f5e21f4845ae082540,True,24,25,18,21,0.8122529644268774,0.5,0.15000000000000002,0.325
deepseek-r1-distill-llama-8b,ab944ef1e6f39bfd785f38954f9458c1,37d331a23312e9d06e5e172773eb14845c9ea4772e77eb761d6db33d61926c31,False,25,26,24,19,0.6933333333333334,0.55,0.052631578947368446,0.30000000000000004
deepseek-r1-distill-llama-8b,b1e59a85b6e9c1e020d2392193d668fb,aedef1d20920f177d3236736451bc1cf03adc9dac96511dcc7bdffe38c4b1011,True,31,32,40,19,0.6016129032258064,0.55,0.2,0.30000000000000004
deepseek-r1-distill-llama-8b,b1e59a85b6e9c1e020d2392193d668fb,ef42c89919623370c46e906a93fac3ef84a7a26e6be1bb64f0873a8a648450f0,False,23,24,60,18,0.7406832298136646,1.0,0.09999999999999999,0.6500000000000001
deepseek-r1-distill-llama-8b,b1e9764076e3a29c4c3c4738b878b57a,13f129b7603fce04bba9ac801c09281f62be9c15bfdb0b7023c5f18942a419b2,True,40,41,51,36,0.8571428571428571,1.0,0.19999999999999998,0.39868421052631575
deepseek-r1-distill-llama-8b,b1e9764076e3a29c4c3c4738b878b57a,c5ba4ddd9a00007b4f6e584d87a67bed93ae68d8e424f8152ace50fae67b76cb,False,37,38,57,32,0.8696682464454977,0.7394736842105263,0.0,0.4
deepseek-r1-distill-llama-8b,b2b6765627a78f61fac9ba35346d7b1d,bcbaa31d15fa005086585578c54db128250f06f458aa997cc993baebfb0d8354,True,26,27,28,16,0.6009771986970684,0.6500000000000001,0.1,0.5250000000000001
deepseek-r1-distill-llama-8b,b2b6765627a78f61fac9ba35346d7b1d,90b2e961aa426021759d392dc1f1a244fb7a79d29dd8d7aa36f5eb64776ee677,False,28,29,31,24,0.8661870503597122,0.9500000000000001,0.052631578947368446,0.425
deepseek-r1-distill-llama-8b,b456600e51f08dfb7754936792b3800e,5ac9f3b810c34ab7b31089634651c5a34a87257f96940eb953a6c5370b2ff828,True,28,29,61,26,0.8809073724007561,1.0,0.14999999999999997,0.5500000000000002
deepseek-r1-distill-llama-8b,b456600e51f08dfb7754936792b3800e,2afb15b7126280bdd9ffc4b334a7fdaa1975e7d15fd90356bfa45820c4ef005f,False,98,99,73,98,1.0,0.8,0.0,0.3500000000000001
deepseek-r1-distill-llama-8b,b9e317df6f71d14e177013c57587becf,5ccaa8bafec6eef36fca4ab53a64170003b7499305a505bce4f95342bf77ac0b,True,28,29,22,20,0.6408450704225352,0.8421052631578947,0.15000000000000002,0.7421052631578947
deepseek-r1-distill-llama-8b,b9e317df6f71d14e177013c57587becf,a0a3efb087814ebb57ee614b38a97cd7f93b645d79b81481a6d2de7ee7150cc3,False,22,23,27,10,0.3653444676409186,0.8,0.0,0.8
deepseek-r1-distill-llama-8b,bc3da8074eec813548bda5ec813b8a9b,3203aa91976718e7e0789efade45b071e8bbd5084f4dcb15f5cb70f5ccdb1cf4,True,25,26,11,12,0.3704414587332054,0.42105263157894735,0.19999999999999998,0.15000000000000002
deepseek-r1-distill-llama-8b,bc3da8074eec813548bda5ec813b8a9b,d4c26c678081f5b9f25b1203162c1937fde58dd5aab6740f0a089ebb53ea10b0,False,20,21,15,10,0.4660633484162896,0.9500000000000001,0.09999999999999999,0.7750000000000001
deepseek-r1-distill-llama-8b,bcac057435ccb3a54effa545db18a3d1,e1105a80f2c790b5afea5dab375853f4204fab766eaa79c385e9910525597802,True,38,39,83,29,0.7230359520639148,1.0000000000000002,0.052631578947368425,0.9000000000000004
deepseek-r1-distill-llama-8b,bcac057435ccb3a54effa545db18a3d1,90b48b01652641b08bb227ed12f44862e8f3c4657788e599ab6b714ef66e9a58,False,36,37,105,36,1.0,1.0000000000000002,0.0,0.7460526315789475
deepseek-r1-distill-llama-8b,bf8e15580571e5c3976117c303cf144e,ecd691d5c74666de3225311f8bef51128623c74603b0d166d2aa7dcbb10935f6,True,13,14,35,13,1.0,0.95,0.0,0.6473684210526316
deepseek-r1-distill-llama-8b,bf8e15580571e5c3976117c303cf144e,e632189d7b879d3d220a527231232b1b52efdfc102e86c778d6d3c1b47ee02ac,False,15,16,28,7,0.46646341463414637,0.7000000000000001,0.052631578947368446,0.7000000000000001
deepseek-r1-distill-llama-8b,c13ba1d468ea408964a3ccd245638056,b8867214a8e79f755113398c9855fff88a65a7e6a640ec348c4b1b767f751d7d,True,22,23,12,16,0.6905311778290993,0.3157894736842105,0.15000000000000002,0.13684210526315788
deepseek-r1-distill-llama-8b,c13ba1d468ea408964a3ccd245638056,c5b25d7b6367602dff7f5b5b0595d79fc5a40c9b9a369d946b195783ce8fee10,False,19,20,15,19,1.0,1.0,0.0,0.5
deepseek-r1-distill-llama-8b,c150008220a1497832471d8e8d4e2edb,115fff0b0658196744757057d99dde5e995d42f1ae5a0ac2a72e0fe9472ef6b8,True,30,31,23,17,0.5686546463245492,0.6,0.09999999999999998,0.4000000000000001
deepseek-r1-distill-llama-8b,c150008220a1497832471d8e8d4e2edb,613a1068fbf8b8b20ddcf112d1467b4cb80ef74ecf51ef334a038882346b23a5,False,47,48,21,38,0.7835538752362949,0.8500000000000001,0.09999999999999999,0.4000000000000001
deepseek-r1-distill-llama-8b,c4ce6239240ed6d8489f1ee8bf9a4784,33da19fd8829965ef81c2be0c89b8d5fad1c99277f272a44b9ffd1e1e7002e20,True,24,25,35,24,1.0,1.0,0.0,0.3684210526315789
deepseek-r1-distill-llama-8b,c4ce6239240ed6d8489f1ee8bf9a4784,fc04cad9b3dbe91536a7dc5c98e26ba419e94b9bc14c8b293f512ec518137796,False,33,34,27,23,0.6950354609929078,0.45000000000000007,0.050000000000000024,0.40000000000000013
deepseek-r1-distill-llama-8b,c95386c8d35897f730a382e76e5ae272,863f3097f141209f2e1f9e8a82acfafd8b951a39bd9b5b7751c4ffc7857db6e2,True,26,27,37,18,0.6481069042316259,0.7000000000000001,0.050000000000000024,0.45000000000000007
deepseek-r1-distill-llama-8b,c95386c8d35897f730a382e76e5ae272,93091ad1b5205f3c5dea04749c0f5cff95ff6e8a52c1e26308504f4ec7f0415d,False,20,21,38,15,0.6501457725947521,0.9411764705882354,0.0,0.5397058823529413
deepseek-r1-distill-llama-8b,cc91c75860966ea7d69d7a716a857add,87e90bb2c5913ea6261d0b77b02c91d5de5fde0db73bb215e249cba07b385161,False,47,48,61,29,0.5497737556561086,0.7500000000000001,0.09999999999999999,0.7000000000000001
deepseek-r1-distill-llama-8b,cee4809157546a43546571ac67323953,8438bb2d6e713a05af9cb8ec848349015b459a4f84db964c0da042cb3cf9ec5f,True,22,23,24,22,1.0,0.7500000000000001,0.0,0.4
deepseek-r1-distill-llama-8b,cee4809157546a43546571ac67323953,c58046390dbf0f76a4c836e3d95c5b191bf54bc9a3c6f933c38e05527d6934a3,False,29,30,34,19,0.6925858951175407,0.8500000000000002,0.15,0.40000000000000013
deepseek-r1-distill-llama-8b,d2a373fbe65bd86a11545430c5394c7f,3295ffa7200be5b8316b813b180dcc5529c79e24b62d3f814be667b3a01f6d60,True,32,33,16,21,0.6342780026990553,0.9,0.19999999999999998,0.8
deepseek-r1-distill-llama-8b,d2a373fbe65bd86a11545430c5394c7f,901a2c8dacdc14d66a8e2cdb38ab067847723a237cdfb30171eedccc28d50938,False,34,35,20,18,0.4658018867924528,0.49473684210526325,0.15000000000000002,0.42105263157894735
deepseek-r1-distill-llama-8b,d35ff55eca6c7f6db36a73934025f3c5,c3cd22c7f2600f83499aaab724db7ab6b3de6d66eec625fc12c6df3870774c52,True,30,31,26,26,0.843167701863354,1.0,0.19999999999999998,0.47500000000000003
deepseek-r1-distill-llama-8b,d35ff55eca6c7f6db36a73934025f3c5,830a0e60fefe99d85ea44da9853accef33ce9731864797193e2ad9e526f20c67,False,18,19,31,10,0.447887323943662,1.0,0.16666666666666663,0.9222222222222224
deepseek-r1-distill-llama-8b,d5242ac7089552f0687edd0e403512da,8134b43e68f481c803ca9f5303cd73f373c60bc302026892540d876851a480d1,True,31,32,87,23,0.672360248447205,0.7500000000000001,0.0,0.6000000000000002
deepseek-r1-distill-llama-8b,d5242ac7089552f0687edd0e403512da,be94817b816f6aa50b50ed65764a5bd16dfa9d8bfa486f42740027ab67843d70,False,21,22,63,17,0.771551724137931,0.9000000000000002,0.050000000000000024,0.5500000000000003
deepseek-r1-distill-llama-8b,d9520eadbc83f9f98a8fb0442b0a7acc,39bca8797edb3b9dd0934b27b9f1efe5e2baf0952588f6018cc1b1ba030950c2,True,24,25,28,18,0.7642725598526704,0.9000000000000001,0.09999999999999999,0.42500000000000004
deepseek-r1-distill-llama-8b,d9520eadbc83f9f98a8fb0442b0a7acc,be7a4c8d7e82f8bf014323e1088b6474e0a26057479ad0ba5c5c846248206d7c,False,26,27,31,21,0.8178438661710037,0.9500000000000001,0.19999999999999998,0.47500000000000003
deepseek-r1-distill-llama-8b,d9e1496466a6206a8617add56ddce386,a3ca988ba18098c3fc05f19fdfbc70964fbb74d4bc402abe1e20a74f996bc24e,True,24,25,72,24,1.0,1.0,0.0,0.8
deepseek-r1-distill-llama-8b,d9e1496466a6206a8617add56ddce386,b10044ea2070bfbf27d282c082da6df9a68c597d5b7ec4a0fa5f2e453216918f,False,21,22,52,17,0.7904509283819628,0.9500000000000001,0.0,0.6000000000000001
deepseek-r1-distill-llama-8b,df37dd0f3c463be2b4787059b63a9028,756349557e68ee243a470ebdd87ca192ab030c8a33263171274bdd2109a91304,True,28,29,38,20,0.6566666666666666,0.49999999999999994,0.050000000000000024,0.4236842105263158
deepseek-r1-distill-llama-8b,df37dd0f3c463be2b4787059b63a9028,8e38f93b6117d26dabbf9440333585c1c798bddf6e16225fbc1d1f0bac4ee228,False,44,45,43,44,1.0,0.9000000000000001,0.0,0.35000000000000003
deepseek-r1-distill-llama-8b,e71511f59eb934d904d9e69b91fb59ac,38e9b49306ce2dcca92ab03c7e35614a884850449dd15c2ad0d1346b4d4485eb,True,17,18,8,4,0.1896551724137931,0.4,0.10526315789473688,0.4
deepseek-r1-distill-llama-8b,e71511f59eb934d904d9e69b91fb59ac,f8c862f096890be13df427dc8b51f2140df1d986774999ea20d518514fbed4d9,False,31,32,10,29,0.9132492113564669,1.0,0.050000000000000024,0.5
deepseek-r1-distill-llama-8b,e84545b4073db0c4d84a58b5f4243d50,9d796eb3d89f9b6a737d257bbfbffabf7636c5b3944df80adbb9da71eeae7d5a,True,30,31,19,25,0.8600770218228498,0.8333333333333334,0.15,0.6543859649122807
deepseek-r1-distill-llama-8b,e84545b4073db0c4d84a58b5f4243d50,a650e92451aa7a6ab785c337cc53d2242339c4c0cb7aff1b5f8c6c79ec370c68,False,65,66,26,30,0.5627674750356634,1.0,0.15000000000000002,0.85
deepseek-r1-distill-llama-8b,e9c3b2227f99155be055e871c23ef702,4c000bcdba2eee8d38d245322c9c5c298a30c404c17bd3d8e1c439c73460a9c7,True,32,33,21,26,0.7911646586345381,0.4,0.2,0.3500000000000001
deepseek-r1-distill-llama-8b,e9c3b2227f99155be055e871c23ef702,2de9a972b231dde0bb27a3871ccbd3dcca47002ff66dd8c458955c4c89d7b5b4,False,34,35,32,22,0.667175572519084,1.0,0.19999999999999996,0.575
deepseek-r1-distill-llama-8b,ead218181cb76fdbdefd5ea17e01be5b,8d820a224ef608360910949b064fcede8836bd31c2d46d9dbd2d393c01e3f7ae,True,33,34,43,31,0.9386861313868613,0.8,0.0,0.45000000000000007
deepseek-r1-distill-llama-8b,ead218181cb76fdbdefd5ea17e01be5b,631e66de2b0070ce133baa363c6a10ff5d05d5a3c565abf501aea15744f5a9d2,False,22,23,27,10,0.4411764705882353,0.9999999999999998,0.2,0.8973684210526314
deepseek-r1-distill-llama-8b,f03a4eea989b069fe918734d9e1c2644,4ce76ccb7525163b14d4d058bcc02fd6bcfc69984cdda0d0921a13a89817a3f2,True,20,21,51,14,0.6644444444444444,1.0000000000000002,0.0,0.6000000000000001
deepseek-r1-distill-llama-8b,f03a4eea989b069fe918734d9e1c2644,89705211939e26e0566e0900300b70b83d79dced6081833aba9bed0c9ccc8c99,False,19,20,40,14,0.767337807606264,0.9999999999999998,0.19999999999999998,0.8421052631578946
deepseek-r1-distill-llama-8b,f31c3814e305d57f67bdcfac27ec4bc2,4ef14ff668b442aa321052041a7f5eab453d7e9421b7503b48306eeb58e3adfc,True,39,40,18,7,0.15940366972477063,0.30000000000000004,0.15,0.30000000000000004
deepseek-r1-distill-llama-8b,f31c3814e305d57f67bdcfac27ec4bc2,ff791900a72b98081acae2642b6544235c19a514e2cc26383b070cdf327e15df,False,33,34,10,16,0.4680573663624511,0.7,0.2,0.65
deepseek-r1-distill-llama-8b,f448710697f1d3734fbc187ad15c748c,c89ed532eadeade299de382ea6ee9248b597b40961b9476a7c60df885ee06573,True,25,26,16,12,0.4642857142857143,0.9500000000000001,0.15789473684210528,0.8500000000000001
deepseek-r1-distill-llama-8b,f448710697f1d3734fbc187ad15c748c,46c1e2001f439e3cfe0152d7027b140cf534a328d4c9af46fcdcc463ececa683,False,26,27,21,16,0.6020833333333333,0.5947368421052632,0.19999999999999996,0.3157894736842105
deepseek-r1-distill-llama-8b,f5479a460521f2a3b96e7924882b06d9,94a4697417992e5cb54e3357b25729581f4adcf67d6adf43c110e8e583535360,True,21,22,45,21,1.0,0.9500000000000001,0.0,0.6000000000000001
deepseek-r1-distill-llama-8b,f5479a460521f2a3b96e7924882b06d9,9dcaf5ddd5343c427496b9fa556dc646ece6baaec7ff28ed6826f6d56b7ea6d0,False,27,28,38,19,0.6526104417670683,0.9,0.19999999999999996,0.65
deepseek-r1-distill-llama-8b,fa3f1534a8d672e364f916665953a826,163a48698ba14162461022c9ebe15f0729398c5a078a2fa6d6f5d3d5c6a0fbf4,True,38,39,35,32,0.8051643192488263,0.9999999999999998,0.0,0.4236842105263158
deepseek-r1-distill-llama-8b,fa3f1534a8d672e364f916665953a826,54ad61997cf27f8e06c7b906b9dfc1aec145c8a1538021077b9021aa88463fce,False,25,26,38,24,0.9819376026272578,1.0,0.1,0.35
deepseek-r1-distill-llama-8b,fb9fdfc495c899901c9c864e13bfeaff,a5341a2d4e3594ce603bf214b7400cb43e45108b85f6c3c41ed22f8cf559d605,True,19,20,14,12,0.5881006864988558,0.8947368421052629,0.0,0.31842105263157894
deepseek-r1-distill-llama-8b,fb9fdfc495c899901c9c864e13bfeaff,c8dfe6396d29b5d3e21a17311e4697f9ddc030ae6714d653e03f7f3a9c3062af,False,25,26,17,11,0.40515653775322286,0.45000000000000007,0.2,0.4
deepseek-r1-distill-llama-8b,fc75c4214c86972be10f49fa2b6b58ee,4eaa67542d59c059296f6dcda998c040c4b1a93269ed2ec1c16c82c574628246,True,34,35,43,31,0.9051851851851852,0.55,0.19999999999999998,0.4
deepseek-r1-distill-llama-8b,fc75c4214c86972be10f49fa2b6b58ee,3ade658a763d8bdc00fc6712d6670f852246ee4a572773ed48a2c206dcee2fb1,False,25,26,16,23,0.8398637137989778,0.5,0.2,0.30000000000000004
deepseek-r1-distill-llama-8b,fdb1907f7938f5641e21a14cd72d5adb,4a1e974107217853953fc9e32f2588a9ca3df963df6659ecae531fd194848dec,True,19,20,14,9,0.3468085106382979,0.7894736842105263,0.0,0.7894736842105263
deepseek-r1-distill-llama-8b,fdb1907f7938f5641e21a14cd72d5adb,2c47cbc9217310e0aa094326793a70bfdb9423f8df02349893c974546d3b51e0,False,23,24,12,9,0.3382352941176471,0.47368421052631576,0.15,0.47368421052631576
huatuogpt-o1-8b,0148cedaed162d8c1591e7dad5de6dec,c8637faf6ede9831d1a2737ed3e837beff8095e5046d9cbe7767f92a9ccca9e0,True,30,31,10,27,0.9162303664921466,0.45,0.19999999999999996,0.25
huatuogpt-o1-8b,0148cedaed162d8c1591e7dad5de6dec,560a76dcfd6dfc8eb4246c649684b819bf9e50b99c507594563d08611e2c52a5,False,39,40,12,35,0.9197860962566845,0.6000000000000001,0.2,0.3
huatuogpt-o1-8b,11340d814fe69bcd7dec113898fd5947,de47d08a682c29ff58455e2f682487df851d224d01175b6eb531592ebf8c9823,True,33,34,6,29,0.8906882591093117,0.95,0.0,0.39999999999999997
huatuogpt-o1-8b,11340d814fe69bcd7dec113898fd5947,23dbf3aa04614eb05aaf293f644f94c9fb7c72b8daecefbba7571b677d67f0bb,False,23,24,6,4,0.16551724137931034,0.25,0.15000000000000002,0.2
huatuogpt-o1-8b,288897f502a272f8f0b8b999354a154d,5f3f86f8b4985b1d2a5855c6a27e249d2f5a89e306c13ed22cc8fccb50843af0,True,23,24,30,12,0.5138248847926268,0.7000000000000002,0.19999999999999998,0.6000000000000002
huatuogpt-o1-8b,288897f502a272f8f0b8b999354a154d,696769d63af7291a09aefd50933295838a5aa303fc89482c61414192980c2de9,False,22,23,31,22,1.0,1.0,0.0,0.5500000000000002
huatuogpt-o1-8b,392e2a9bea699b47177b6179d80b2b23,76745fd9a2e849f44885cc56c9048ba4b9567e66b51b7da89735f66579a0f24a,True,40,41,9,36,0.8844221105527639,0.75,0.2,0.425
huatuogpt-o1-8b,392e2a9bea699b47177b6179d80b2b23,7dbf81185a3ee15b965ed6f06a754f1e8366127d6fd1078d6123673a45dc66aa,False,30,31,7,1,0.032188841201716736,0.25,0.15000000000000002,0.050000000000000024
huatuogpt-o1-8b,46f5a66a841fae109fc92ccdb9448abe,247de18b0da7ce0d41284df2c004bb17d384fa7f7a43c87b4e427feddd4042b8,True,32,33,12,28,0.8228782287822878,0.4,0.19999999999999998,0.05000000000000002
huatuogpt-o1-8b,46f5a66a841fae109fc92ccdb9448abe,7d0a0f87ae422f06df79d9ff98cb39c8b80002024ce58b6135172efdfdf840d2,False,30,31,6,0,0.005145797598627788,0.09999999999999999,0.09999999999999999,0.050000000000000024
huatuogpt-o1-8b,5bebb5ccb1b21ef642e37fb57088d0af,c9f5ece3616032a7bb115176628e383628bd5ecbb2090d829ba9c0fad2f94b4c,True,23,24,9,10,0.4182242990654206,0.7000000000000001,0.09999999999999998,0.7000000000000001
huatuogpt-o1-8b,5bebb5ccb1b21ef642e37fb57088d0af,d96341b4c20a07a048544d35e569ef037db27865b41f84f7b1182ef8be0383ad,False,15,16,8,12,0.7128712871287128,0.65,0.0,0.24999999999999997
huatuogpt-o1-8b,69e678eb784186f4820bb4b3d48b33b9,721cda451ce973ba57285d1116891ccc2e94e8226e775689bae66a0ff5c2dc3a,True,53,54,42,50,0.9410029498525073,0.7500000000000001,0.15000000000000002,0.5000000000000001
huatuogpt-o1-8b,69e678eb784186f4820bb4b3d48b33b9,fa3c89feeabba122d5679dd3519ff7e00d8c7eac172caedc6b1fcd453863c7a4,False,47,48,38,46,0.9682539682539683,0.7000000000000002,0.2,0.4
huatuogpt-o1-8b,719442a3ee1c00332a6b77c30ce987cd,90d6d40fbf1fe4be60574cca9a287411bef0058c9f00755c213edb0a702c1612,True,26,27,13,23,0.8915929203539823,0.6000000000000001,0.15000000000000002,0.35000000000000003
huatuogpt-o1-8b,719442a3ee1c00332a6b77c30ce987cd,db1c33b6a8daca897952c3b17690940657d26b3c945a05019a6499f14cdda607,False,31,32,15,30,0.9886363636363636,0.65,0.14999999999999997,0.3500000000000001
huatuogpt-o1-8b,8b5ae4c8982f0b55e7334ff4117d6a4f,db2b80a12e5ab4eddf951aae1c4ee1518bc95c3dd3f8eea15c39169374704e9b,True,16,17,4,13,0.7894736842105263,0.45000000000000007,0.19999999999999996,0.22499999999999998
huatuogpt-o1-8b,8b5ae4c8982f0b55e7334ff4117d6a4f,83f8cf6e4260a45a06ea7bc665f78d9498b5cfd010b50554fe65aadf7c3c21d6,False,26,27,5,24,0.9020771513353115,0.7,0.15,0.29999999999999993
huatuogpt-o1-8b,9c22e95143200153a9b0c049452517e1,143d4f4125dadeb78e63628f458a543fab15054d6dd9fc2ce4005e518589afc3,True,24,25,23,20,0.828125,0.95,0.09999999999999999,0.475
huatuogpt-o1-8b,9c22e95143200153a9b0c049452517e1,7bb8f72ec7343fb6131261b581776211616cf450d15bd2ade5d5079b2604dacb,False,38,39,37,35,0.9051724137931034,1.0,0.05526315789473681,0.4
huatuogpt-o1-8b,b1e59a85b6e9c1e020d2392193d668fb,4aee4ed6e1c0b134a4426a8d6277cf0cba8c163b47e1a07ef5d5fc1e8cd2e060,True,29,30,14,24,0.82,0.8,0.15000000000000002,0.45000000000000007
huatuogpt-o1-8b,b1e59a85b6e9c1e020d2392193d668fb,aefbc532e591220beed896008fb5eaa78248433822a1a7a20b7ef33eaa1e3e82,False,25,26,15,20,0.8248730964467005,1.0,0.0,0.35000000000000003
huatuogpt-o1-8b,bcac057435ccb3a54effa545db18a3d1,9d7881c121589ff06edc5b2b3d06ba7eba8361a455bf205371d7ee17a91e40a8,True,18,19,9,18,1.0,0.85,0.0,0.30000000000000004
huatuogpt-o1-8b,bcac057435ccb3a54effa545db18a3d1,8eb1ef3c9e70ba304b99e8dfb26832752fea37e648010e6d8c58017ebeb7091a,False,29,30,8,0,0.007832898172323759,0.19999999999999998,0.19999999999999998,0.19999999999999996
huatuogpt-o1-8b,c95386c8d35897f730a382e76e5ae272,08f11e295c091932090433302f2337b7901ae26e5d5071f1924d6e5565b07372,True,19,20,7,19,1.0,0.7,0.0,0.25
huatuogpt-o1-8b,c95386c8d35897f730a382e76e5ae272,f8c6310c4891334b943d7eb9145e68cbfbe6392c939300ac9cc103e88a93db5f,False,30,31,8,25,0.8044554455445545,0.8500000000000001,0.09999999999999999,0.30000000000000004
huatuogpt-o1-8b,d5242ac7089552f0687edd0e403512da,06303355bb5ce7bf40cd00b684aaf74d9886404f171b6d54df0bde2d47febe4e,True,36,37,7,18,0.5008912655971479,0.6000000000000001,0.15000000000000002,0.5249999999999999
huatuogpt-o1-8b,d5242ac7089552f0687edd0e403512da,58ef028ce33c6a2135d391768116ccd098eb277ebfc76609e434af14f64dcb55,False,29,30,5,26,0.8496420047732697,0.55,0.19999999999999998,0.19999999999999998
huatuogpt-o1-8b,e9c3b2227f99155be055e871c23ef702,49d111e66a069cd68251d4d84437198da6941a6c563010600c30a7a1f44d552d,True,25,26,9,9,0.39285714285714285,0.65,0.2,0.55
huatuogpt-o1-8b,e9c3b2227f99155be055e871c23ef702,90e8573cc52b00ae587c790ec3405961e4d135cc319fd32225ecb59055dedf43,False,34,35,19,33,0.9775510204081632,0.95,0.049999999999999975,0.47500000000000003
huatuogpt-o1-8b,f5479a460521f2a3b96e7924882b06d9,97d47b4157b050a2b5fbc5a42fe46bd87e6c3c3dfe1cea26421487ad00fbf8ed,True,23,24,22,15,0.6839378238341969,1.0,0.1,0.45000000000000007
huatuogpt-o1-8b,f5479a460521f2a3b96e7924882b06d9,27e0f6b8a8de22fcf9a18c34486b4a9c51ee9c6df530570ff42a4d08330ef360,False,25,26,18,13,0.480225988700565,0.3,0.15000000000000002,0.15000000000000002
huatuogpt-o1-8b,02b15d84011aa2ed96dcb904e63129bb,b5c639fa45b8bd2884ba087fbf39b51809352ffc1b8a60ca95f43a957eb217e1,True,18,19,16,13,0.7044776119402985,0.6000000000000001,0.15000000000000002,0.35
huatuogpt-o1-8b,02b15d84011aa2ed96dcb904e63129bb,7106553b91865258a620d897eb8899f1783424b57c5cc74b9c5149942389a9f0,False,28,29,13,16,0.5650224215246636,0.55,0.15000000000000002,0.45000000000000007
huatuogpt-o1-8b,14a87d69ccc079d85a0f5d57dc4a7bdb,39e1e842444c7a1e5fce63214591c2cdba66fca05e30bfff5aa2cf64fa8b31c6,True,25,26,7,0,0.007444168734491315,0.1,0.1,0.09999999999999999
huatuogpt-o1-8b,14a87d69ccc079d85a0f5d57dc4a7bdb,d0475d1761fa01f9f28de6f8c420aed576c48abcfde11da59bc15f38728600a9,False,36,37,9,30,0.8302238805970149,0.95,0.09999999999999998,0.10000000000000003
huatuogpt-o1-8b,28891dd6ff7aaeaf92456def52f81530,0c99b41cd9fb4e20bf79542b34428fda7b1d99a37b120f84a98adad235945412,True,26,27,12,22,0.845771144278607,0.8,0.0,0.45
huatuogpt-o1-8b,28891dd6ff7aaeaf92456def52f81530,26acc1a38f77859a972fb6e2583607b461d1eddc0c8a16577d7093301e539947,False,43,44,21,42,0.9758842443729904,0.75,0.14999999999999997,0.4
huatuogpt-o1-8b,3ffd64fa59b0f373586831b18ec69d1f,0b1ea8b43951bedc387f4aaac25f666294563cdde1e7f5ac0442e6ecfb95c706,False,30,31,5,19,0.6473029045643154,0.4833333333333334,0.15000000000000002,0.2042483660130719
huatuogpt-o1-8b,47601c56544121804558b55dbddc694b,b442f78749b457921b75f44aabbf5424a146e3720cbb9419acd1d67f22558d61,True,18,19,5,16,0.9337175792507204,0.75,0.19999999999999996,0.20000000000000004
huatuogpt-o1-8b,47601c56544121804558b55dbddc694b,56e1b7f5b457906cb9945d103bf3d1f24b88630977f517ad7469330026e063b5,False,21,22,5,17,0.8589108910891089,1.0,0.050000000000000024,0.5
huatuogpt-o1-8b,5e08bb89aa461993e01a5790857ce599,bc8ed2e0013bb8886dbe404914bcc0b56c55b39bb2f6aa4f3f59dcc216c625dc,True,25,26,4,23,0.930672268907563,0.65,0.19999999999999998,0.19999999999999998
huatuogpt-o1-8b,5e08bb89aa461993e01a5790857ce599,daaa8806d57bc4337dca984faa9650d911ea3883a0c539edad4dff116b429b6f,False,33,34,7,32,0.963258785942492,0.5,0.05,0.25000000000000006
huatuogpt-o1-8b,6a6759f19289095fe5bdee59a062046c,8ff9c4721de7df4a76c0103a74b4a4bdff0a696fbc20f1891b836c003f9d0f95,True,22,23,20,20,0.9629629629629629,0.6000000000000001,0.19999999999999998,0.325
huatuogpt-o1-8b,6a6759f19289095fe5bdee59a062046c,fd130530d0450e85c449a18eae41cb80849e11d252289117e3b70a239890ce47,False,37,38,24,34,0.9115646258503401,0.65,0.15000000000000002,0.3500000000000001
huatuogpt-o1-8b,7351fe5f8ee14ff826bc262030efc469,07edf1cdc6987cc5bd347fe4198f68b1655775397e366253405e9b17d4522e85,True,17,18,3,11,0.6630727762803235,0.95,0.09999999999999999,0.15000000000000002
huatuogpt-o1-8b,7351fe5f8ee14ff826bc262030efc469,589a88df2fdf95847ee1138776737a4aa16a55fefb5053316456e79dacfb44a7,False,30,31,4,21,0.6674364896073903,0.45000000000000007,0.2,0.15
huatuogpt-o1-8b,8c88e2f998f2ec7a396f40c6d5452b84,95ac5066d54b6b9d07a6ba9937a7bb583bdb0f8bdfdf8ab5748f6152286abe86,True,24,25,3,20,0.7909738717339667,0.35,0.09999999999999999,0.24999999999999997
huatuogpt-o1-8b,8c88e2f998f2ec7a396f40c6d5452b84,d0ad038d2f528d1708dce2d3158594a2f64618a6c7a0f12e93a6710d32a99ee2,False,30,31,8,21,0.6513026052104208,0.75,0.09999999999999999,0.275
huatuogpt-o1-8b,a255fd4b2fac78a3faaf47bd17cd723f,240e24a9768e60c93fa58d5810286bee596b65ce9c757765746bf08d7f0e1fce,True,36,37,10,31,0.8446428571428571,0.6000000000000001,0.0,0.09999999999999998
huatuogpt-o1-8b,a255fd4b2fac78a3faaf47bd17cd723f,d5ef17e9ca28967ee94cd01ba0bb006c71e86045f64b085643d177f8bb3a42f5,False,24,25,11,22,0.917989417989418,0.75,0.09999999999999998,0.175
huatuogpt-o1-8b,b1e9764076e3a29c4c3c4738b878b57a,c29914b80e5c39126e54788cb07cff3737cfd7db1b0f9797a7edee7243ef6bea,True,32,33,14,18,0.49333333333333335,0.6,0.1,0.35
huatuogpt-o1-8b,b1e9764076e3a29c4c3c4738b878b57a,578f49c1a5a2f983de3e2262bcde391e55572e75b3df5bf68b2069fb37192789,False,29,30,10,23,0.7931726907630522,1.0,0.15000000000000002,0.6499999999999999
huatuogpt-o1-8b,beea037b8f8cec59caa352ec11f501da,b05cc8de02123a90861d8344f06b1d7e3d418bd4b238b9d043b224040435d468,True,24,25,20,12,0.5485564304461942,0.75,0.09999999999999999,0.7
huatuogpt-o1-8b,beea037b8f8cec59caa352ec11f501da,55e75cbfd7e168f3a73e20f61369d5e21af5371219bd271dc24ffc88ba23beb7,False,18,19,12,9,0.4916387959866221,0.8500000000000001,0.050000000000000024,0.8250000000000001
huatuogpt-o1-8b,cc91c75860966ea7d69d7a716a857add,2cccc902acd612e02b2a844eda867534aadd97f99c6db54a816d6aae496e9b87,True,29,30,15,26,0.8599562363238512,0.5,0.14999999999999997,0.3
huatuogpt-o1-8b,cc91c75860966ea7d69d7a716a857add,41da8a1e3039b373c0c5150123341651b718b013541c662326030d09c3540e48,False,22,23,15,20,0.9334811529933481,1.0,0.19999999999999998,0.4
huatuogpt-o1-8b,d9520eadbc83f9f98a8fb0442b0a7acc,7cdf34b7fa69a427891c31e0bc28604e436eda67502abb926549a7c0a38c0dae,True,29,30,8,0,0.0070921985815602835,0.19999999999999998,0.19999999999999998,0.09999999999999999
huatuogpt-o1-8b,d9520eadbc83f9f98a8fb0442b0a7acc,cb36d478186d6e39275bace56f8f043eaed1be47489da27eb45589e2e4af6986,False,24,25,8,23,0.976878612716763,0.95,0.19999999999999998,0.12499999999999996
huatuogpt-o1-8b,ead218181cb76fdbdefd5ea17e01be5b,c6d85d96c3815de44f5931f8731fe5278ec906b7fab361f97b7ade27262cc8ea,True,28,29,19,25,0.9146608315098468,0.8,0.14999999999999997,0.35
huatuogpt-o1-8b,ead218181cb76fdbdefd5ea17e01be5b,8a61e1982f92c5793959115504d30f1c05145c316e17883718b9adca6bd4c08f,False,20,21,17,13,0.7025641025641025,0.85,0.050000000000000024,0.5
huatuogpt-o1-8b,fa3f1534a8d672e364f916665953a826,ae35cb635c85bbba5e2a16cec784b12eb25771021d8f46965813ea7bfd185739,True,46,47,15,34,0.7047075606276747,0.8,0.15000000000000002,0.44999999999999996
huatuogpt-o1-8b,fa3f1534a8d672e364f916665953a826,dbb1c1111036cfd5d5d13df09e37a1f621b61d3c80cedb1e99f93ef2a091a6d4,False,33,34,15,30,0.8737373737373737,0.9,0.15,0.4
huatuogpt-o1-8b,07dbd8eabfba4b1d9d665331dea90335,9a2c88d7ebee353d099c60a9ba558f5accf0be74785125b0f5fadf01bff6fb46,True,19,20,12,17,0.9183673469387755,0.6500000000000001,0.0,0.5
huatuogpt-o1-8b,07dbd8eabfba4b1d9d665331dea90335,0091a757b540b0c608ceb8bc7acc2fc6813dcfa44ad32729c5f5df7371caf260,False,19,20,14,18,0.965034965034965,0.7000000000000001,0.10000000000000003,0.3
huatuogpt-o1-8b,24686977bb5ff6eaee7dac452c92c4be,0f938ac8f9b3d7f234d07b06b32806be7600040268ac9e09455bb3bf3e22a068,True,31,32,18,9,0.28,0.30000000000000004,0.2,0.20000000000000004
huatuogpt-o1-8b,24686977bb5ff6eaee7dac452c92c4be,da7e9787c1f41f7f46fd13bc5d8ac833b4bfc6589facec5bd9b4f8bb2ff3e3c1,False,29,30,14,19,0.6931818181818182,0.5,0.15000000000000002,0.35000000000000003
huatuogpt-o1-8b,28c328b44b6a8b287cd1e29bfc9c17eb,36bb3e2853f268c104a805cca17f3f8a5ca97e6cd20a45f55e70c6d634ce20bd,True,25,26,20,21,0.7829099307159353,1.0,0.15000000000000002,0.4500000000000001
huatuogpt-o1-8b,28c328b44b6a8b287cd1e29bfc9c17eb,197706c6aa0fd6b0f3605a87df7aa5db446f41d8ed2b9c8f98a20c477f7ef6c2,False,20,21,16,18,0.9132947976878613,0.95,0.0,0.375
huatuogpt-o1-8b,40548af835e36bf1d06c74be11ea5d70,aff816e5f6ad9295e3d08c50d817a00b9c34ac7be1c441943c22e44849e8759c,True,31,32,25,31,1.0,0.8473684210526314,0.0,0.5421052631578946
huatuogpt-o1-8b,40548af835e36bf1d06c74be11ea5d70,fd32e04c7f77b8174c04d85f43b0e0d7bcf707ab8fa744a4b2333cb5b454cb5f,False,32,33,31,21,0.6111111111111112,1.0,0.19999999999999998,0.8750000000000002
huatuogpt-o1-8b,4abc3a40659612c935b6036cf7018466,1250dcb3bd47c5b1f3c59d863b8f6ffd593093fd040946307c125d074e6469a5,True,26,27,21,26,1.0,0.75,0.0,0.275
huatuogpt-o1-8b,4abc3a40659612c935b6036cf7018466,6faf37d361d9e7fe7fe77954851302efbdd3828e739f5d99fbc18fc82e319e86,False,26,27,31,21,0.7889688249400479,1.0,0.2,0.42500000000000004
huatuogpt-o1-8b,5e7abd32af948047598121dd03ac97b6,0bd8dcda197e5272590ff83d0eb3606ac7a6653ceb73503293b694a9a4afbb93,True,24,25,11,13,0.5425219941348973,0.8,0.0,0.75
huatuogpt-o1-8b,5e7abd32af948047598121dd03ac97b6,da0d2662043839a9a2eef46d531b975c386b2aa812b90327e16cc557d5acda79,False,23,24,8,13,0.5386740331491713,0.7999999999999999,0.050000000000000024,0.6499999999999999
huatuogpt-o1-8b,6c4cccbdfe3340d1de38720b444b4e83,d3d8dfd2f7259bc4d0c675cac635e2fe7e1077c774d429ed3e4c95301f0e3fe6,True,21,22,3,15,0.7259887005649718,0.65,0.19999999999999998,0.3
huatuogpt-o1-8b,6c4cccbdfe3340d1de38720b444b4e83,fb41ebc0be3eee5e65b310dd816cf07798caafdc29974c4400a0192b6b9e59a5,False,25,26,4,21,0.8288508557457213,0.7,0.050000000000000024,0.30000000000000004
huatuogpt-o1-8b,839d5849b985de3b732f197086218847,d3bcc5c2bb5e8722ada5e37ee1a7d09d54b9141115cf745fe3b1e00f4d7a569d,True,26,27,11,21,0.7636363636363637,0.44999999999999996,0.2,0.24999999999999997
huatuogpt-o1-8b,839d5849b985de3b732f197086218847,25a83d7ae3f3a3144c9392f691a35347ef2d925681ca198b3ceda4ba39bd6e55,False,24,25,10,19,0.7522123893805309,0.75,0.19999999999999996,0.30000000000000004
huatuogpt-o1-8b,8e99e185c9670ed801211fba5a2e93f9,7b925ec1ca477d0b49027082894bac9edfe1ddec678bc56c1ce14f7a624aa20f,True,18,19,14,13,0.6813880126182965,0.9,0.0,0.55
huatuogpt-o1-8b,8e99e185c9670ed801211fba5a2e93f9,c14140b04400b2a0e19da9bc8cb4e39cc62f7e8b11a3792f1122748454df550b,False,20,21,13,13,0.650887573964497,0.95,0.19999999999999998,0.675
huatuogpt-o1-8b,a670afa64f606d20eed4a435fc89d120,3ff1d62678a55b339c727f36fb359b374c6edede9a2722e1476c7ef622bdb8a3,True,39,40,21,30,0.7282184655396619,0.5,0.19999999999999998,0.3500000000000001
huatuogpt-o1-8b,a670afa64f606d20eed4a435fc89d120,dc9675a71b089ea8b6b10263da7a214ab767f5936a1d290d63c3454e62dad72d,False,29,30,19,21,0.71875,0.85,0.19999999999999998,0.45
huatuogpt-o1-8b,b2b6765627a78f61fac9ba35346d7b1d,19dd31b596604f677f1d6b2dc424cfd028c5ccd9d696b543bc06a5f5a1137700,True,19,20,4,0,0.0072992700729927005,0.09999999999999999,0.09999999999999999,0.0
huatuogpt-o1-8b,b2b6765627a78f61fac9ba35346d7b1d,7db929b7b367690a47d03ac8d1df8624159f19bb1ff0c04ede05d4148c754b3a,False,28,29,12,25,0.8929292929292929,1.0,0.0,0.4
huatuogpt-o1-8b,c13ba1d468ea408964a3ccd245638056,103d88fb37c01b9e83cb58062094ee1f69d17cfc2f9cf80d6015433e923a19a3,True,16,17,13,13,0.8727272727272727,0.7000000000000001,0.15000000000000002,0.4
huatuogpt-o1-8b,c13ba1d468ea408964a3ccd245638056,d7a3ed9b7520b987aab800036c41fd4e1fc94099d14cdd58b5a12214e856b8cd,False,25,26,17,24,0.9855072463768116,1.0,0.0,0.6
huatuogpt-o1-8b,cee4809157546a43546571ac67323953,c165aa020132fc321c3f21f6e05136fa89fd8f6af857ec32847806e1a115fb96,True,18,19,18,6,0.3587570621468927,0.7000000000000001,0.09999999999999999,0.7000000000000001
huatuogpt-o1-8b,cee4809157546a43546571ac67323953,f2a23b9c0975f5dcd01b78b61394570d63fbc96cb1b2145c6469b112fa3ad230,False,25,26,27,15,0.6039119804400978,0.8500000000000001,0.19999999999999998,0.6000000000000002
huatuogpt-o1-8b,da2bd7e45b94e13e1fb97126ca03fcc4,bcd057c989e6fdef406742d37d2e682b72f0e8fcb1462d48086a9d50d82dfd72,True,19,20,8,19,1.0,0.65,0.0,0.3
huatuogpt-o1-8b,da2bd7e45b94e13e1fb97126ca03fcc4,2a6f93cf7b6302d36b4e6aba8e9d524faaf132f6ca5efacad632f60f7665ae75,False,22,23,6,9,0.4140845070422535,0.45,0.050000000000000024,0.44999999999999996
huatuogpt-o1-8b,f03a4eea989b069fe918734d9e1c2644,049ca5fd120f55d554e6502b82179d8d7ed1d3064c93f25fbfd0ea968ea10b30,True,20,21,4,14,0.7005649717514124,0.65,0.19999999999999998,0.225
huatuogpt-o1-8b,f03a4eea989b069fe918734d9e1c2644,be5b742a5e0e13c623922dcfd1f0ae05ebd64e7a77c6e453923a221b932fdd76,False,18,19,4,13,0.6811989100817438,0.6499999999999999,0.050000000000000024,0.2
huatuogpt-o1-8b,fb9fdfc495c899901c9c864e13bfeaff,3bcd01e00632e4d5539b2ae948012168e1ba70a0494a2ddb167e496031cdaf03,True,22,23,4,7,0.2689075630252101,0.35,0.19999999999999998,0.32499999999999996
huatuogpt-o1-8b,fb9fdfc495c899901c9c864e13bfeaff,b725b6d8bf764c8c3fb5b89d148f31f2059b5b03e139cf0ba66b27af1f737b93,False,23,24,3,19,0.8214285714285714,0.55,0.0,0.19999999999999998
huatuogpt-o1-8b,0a3c768a49d4110f6c1604ace9951ee5,1c5608dc13fc229240771ab9e56121b13fbde5c8d833b1bb849420f29b4fe156,True,25,26,14,16,0.5762273901808785,0.6842105263157895,0.19999999999999996,0.5342105263157895
huatuogpt-o1-8b,0a3c768a49d4110f6c1604ace9951ee5,3f8a78ce0c431d751d3b3208c5555f07416a9590a81feb996f3bde274bbbe995,False,30,31,12,28,0.9192825112107623,0.894736842105263,0.15000000000000002,0.3736842105263158
huatuogpt-o1-8b,258c0f33efb3e637962b4ea8f6971d09,0ec104b3d7fde07035a17cf997bfc94872ab4e7329c53f698ed55c4adca9ff54,True,33,34,24,28,0.8280254777070064,0.8500000000000001,0.0,0.35
huatuogpt-o1-8b,258c0f33efb3e637962b4ea8f6971d09,cf4960bad01f4654555149823f999008d9f9533482327e97f56ba5f7f8079133,False,30,31,18,24,0.7638888888888888,0.75,0.050000000000000024,0.325
huatuogpt-o1-8b,34d053d3a9b3a1f013655f7223718de7,6e6ad406f934d97f4d244d49356dcb03da3a9bc995d9f082b678bcce666e6511,True,21,22,5,15,0.7123287671232876,0.39999999999999997,0.19999999999999998,0.050000000000000024
huatuogpt-o1-8b,34d053d3a9b3a1f013655f7223718de7,619dc2e1629066048bfdbd39c1f619b2301b970f604c9df912b74199f2189946,False,20,21,4,0,0.007211538461538462,0.09999999999999999,0.09999999999999999,0.09999999999999998
huatuogpt-o1-8b,42657169f520db24ecd36735fa5fcd7f,d6de8b1dc221b1b4e157ea6961c62d1665eb129505835d72f4a3e88e320eb99d,True,28,29,10,22,0.7622549019607843,0.9500000000000001,0.050000000000000024,0.14999999999999997
huatuogpt-o1-8b,42657169f520db24ecd36735fa5fcd7f,301dc981d256f32fb9d521983cbcfd27ded81e55e4362312b988f2a32c36b4b7,False,23,24,7,8,0.3358024691358025,0.20000000000000004,0.19999999999999998,0.15
huatuogpt-o1-8b,4ac69654711e8b95f09faca42e95c605,98dedcbffda6f9fbfffb2c4e02a53ba79dcc06e84596ebcb0bbbd24bff69cc6c,True,49,50,20,43,0.8469241773962805,0.888888888888889,0.0,0.29365079365079366
huatuogpt-o1-8b,4ac69654711e8b95f09faca42e95c605,a08f2060ecbc2fb36b7296076370682cdd3a019dc2582e3c021b0555d606491a,False,33,34,17,26,0.7751277683134583,0.5,0.0,0.3333333333333333
huatuogpt-o1-8b,6cae95de019b8b107893b29e2418ab4a,068e82fab689f434b9fcdd59795f1407b7dfbe74a3a38ba56b858f17068410b5,True,29,30,13,26,0.8956310679611651,1.0,0.0,0.4
huatuogpt-o1-8b,6cae95de019b8b107893b29e2418ab4a,6ddc4d9b845a8a6f82ed9c35617642dd5d99b67a25fc258fb90f6b7650dac31c,False,28,29,16,14,0.4780361757105943,0.75,0.19999999999999996,0.55
huatuogpt-o1-8b,85684e0c092976faa0b788ef96b0a1ff,e35d2c84898ba4c087cecc893bcd7a1ea343f562ea28afa62d434d7ff4c3b270,True,29,30,13,23,0.8203991130820399,0.55,0.2,0.19999999999999998
huatuogpt-o1-8b,85684e0c092976faa0b788ef96b0a1ff,91b3e60eaab16ad66c7a13896f70ba03484dc0488ed8e2e15da49f18f5ecb962,False,38,39,21,33,0.8846153846153846,0.65,0.15000000000000002,0.35000000000000003
huatuogpt-o1-8b,967834058a7e6f5cb903d6d983ecba7e,19f87d5c8d130c835ab3ea1af45aef57595011f52ebf1ca75e691267325de558,True,23,24,4,20,0.9197247706422018,0.65,0.0,0.30000000000000004
huatuogpt-o1-8b,967834058a7e6f5cb903d6d983ecba7e,ad09c7288057ec66f44493e19bd69df7dab2d8f4130154b3b19768b3d219c650,False,20,21,5,15,0.7002457002457002,0.8499999999999999,0.2,0.375
huatuogpt-o1-8b,ab0226a3a9dc01c8c9b91a47198bed63,f0b26edc6c731b8412aa5ff994b46e508b0fc4bd2d9c566eea16c76c67986440,True,26,27,10,26,1.0,0.55,0.0,0.325
huatuogpt-o1-8b,ab0226a3a9dc01c8c9b91a47198bed63,dd131ecb376ea1f35a8e9ada1d7bb5365444d800b5e41cda091e5cc87fb68984,False,34,35,14,28,0.8112874779541446,1.0,0.09999999999999999,0.5
huatuogpt-o1-8b,b456600e51f08dfb7754936792b3800e,9e183ee940bb4e466414691fd4f3db86ca871ce1cdefe588a44a7f37431e2f9b,True,16,17,6,13,0.7550432276657061,0.45,0.0,0.25
huatuogpt-o1-8b,b456600e51f08dfb7754936792b3800e,7cb0e86121b19b7b04eed95ec6517c5b4e48c71772dd03ebe01e727484f60319,False,23,24,10,14,0.6013071895424836,0.5,0.19999999999999996,0.25
huatuogpt-o1-8b,c150008220a1497832471d8e8d4e2edb,abeb4c200f8589253dda89b7ddccc8876aa46f79eb6e63697ae2d3df9337de33,True,36,37,11,3,0.11302681992337164,0.25,0.19999999999999998,0.24999999999999997
huatuogpt-o1-8b,c150008220a1497832471d8e8d4e2edb,be242e9673dddb0dab69bcd31ae51f822a26373bb188fd5e4156b2bd6b629683,False,22,23,7,20,0.9408983451536643,0.35,0.19999999999999996,0.225
huatuogpt-o1-8b,d2a373fbe65bd86a11545430c5394c7f,5e8363dd37b35cf01838cb424abc43eaf56860fca3437fe2ec697f0b83d6fba9,True,24,25,14,22,0.9384615384615385,0.7500000000000001,0.050000000000000024,0.30000000000000004
huatuogpt-o1-8b,d2a373fbe65bd86a11545430c5394c7f,235f1ab03e94bef7b4198dbd3ce897d6181fa0d88a266bf7d0354e15909eae87,False,26,27,12,22,0.8106904231625836,0.7,0.19999999999999998,0.35
huatuogpt-o1-8b,dfa32d028f082d978149d2633a2c8bf3,c9e8306b5367429110a0c69f3c411aa28cff84d40141029f30a15349fa9e9835,True,23,24,23,20,0.8773388773388774,0.5499999999999999,0.15,0.3
huatuogpt-o1-8b,dfa32d028f082d978149d2633a2c8bf3,18e3f07286679fead35ec1cda872fda4b2f5296adc8bf979cc24a70ad5c432f2,False,30,31,20,30,1.0,0.7000000000000002,0.0,0.39999999999999997
huatuogpt-o1-8b,f31c3814e305d57f67bdcfac27ec4bc2,844021340aa342942dce4cc2b3676e44081bd408e7f99e87c70d5d3b181832ab,True,29,30,8,7,0.18482490272373542,0.3,0.19999999999999996,0.050000000000000024
huatuogpt-o1-8b,f31c3814e305d57f67bdcfac27ec4bc2,4f7a27aa446f956d6c65605c8a153526c65eef0b21007fcab874df78fcc72766,False,26,27,12,26,1.0,0.8,0.0,0.19999999999999998
huatuogpt-o1-8b,fc75c4214c86972be10f49fa2b6b58ee,69391f70ccf4b98f5ab200f8211e9744ad7ffb86a527737146fa24812361ab2a,True,25,26,39,25,1.0,0.95,0.0,0.25
huatuogpt-o1-8b,fc75c4214c86972be10f49fa2b6b58ee,a74dc110ee06d6fa334bb32b9dfe10921a0bc5d1602b96f9320ddf82fc5f615f,False,30,31,44,25,0.7996219281663516,0.5000000000000001,0.15,0.25
huatuogpt-o1-8b,0a50a7f439c2c0e933b8132ed7650075,f95373d6f6fa2ca0534e8ee30601acdd9b4fac8d581393ccdabd5fd8afb22e05,True,20,21,10,19,0.9518072289156626,0.6000000000000001,0.09999999999999999,0.275
huatuogpt-o1-8b,0a50a7f439c2c0e933b8132ed7650075,49ac42e3e20c482de5f6c3f14cda6fd104e62046f57150d138c4d21724bd1a50,False,18,19,6,15,0.8116343490304709,0.9000000000000001,0.15000000000000002,0.25
huatuogpt-o1-8b,27f2b910c19b40bb9f36ce9a3a8909af,69431db8585cd5b9269a4cd069bd980abe7b458df6c935e762fa83d477c1d239,True,32,33,29,27,0.8329853862212944,0.857142857142857,0.052631578947368446,0.5092436974789916
huatuogpt-o1-8b,27f2b910c19b40bb9f36ce9a3a8909af,228be6d821a77906bc75746d658bb1c3e9a508105217bae0aa6a60ce9142e6cd,False,26,27,33,25,0.9519450800915332,0.9500000000000001,0.19999999999999996,0.590964590964591
huatuogpt-o1-8b,3544e050c3ae29b6422ea56dc506cd8d,754d26f4892cb5f10170ff4561adc5adcd28d77bc53b2f704cb2cd9ff48367c7,True,27,28,7,21,0.7456140350877193,0.25,0.19999999999999998,0.09999999999999999
huatuogpt-o1-8b,3544e050c3ae29b6422ea56dc506cd8d,39d423ab75d2947dfe3b4c1f3a17610d9938c2d8d2ff016699a686682a8462de,False,23,24,8,0,0.00646551724137931,0.14999999999999997,0.14999999999999997,0.050000000000000024
huatuogpt-o1-8b,44182d567f7978b8cf0aa37c5ce0d4aa,0bc6ddac0b55995ae961a3320695f4f9747d7423d855d1eda7b51b2c11c3b2c5,True,32,33,15,23,0.7046843177189409,0.5,0.19999999999999998,0.30000000000000004
huatuogpt-o1-8b,44182d567f7978b8cf0aa37c5ce0d4aa,b7b2f5c67beb96e285575e94e0abe0c0dc371c6f7a06a00d4a9ec02d6852fb24,False,30,31,17,17,0.579185520361991,0.95,0.15,0.5
huatuogpt-o1-8b,4d6344707f7581b02e4f545c4d51d472,bf65abc38d6455d8fd68f2b4b27b7d17e06748d93db1ea256f5189dbdc0e0003,True,28,29,9,24,0.7762863534675615,0.55,0.19999999999999998,0.2
huatuogpt-o1-8b,4d6344707f7581b02e4f545c4d51d472,fea658d1e915f74e20c5b6e68f1d950daee61114be475170d4a29a2a15b752a2,False,20,21,7,14,0.7147058823529412,0.5000000000000001,0.19999999999999996,0.375
huatuogpt-o1-8b,633420a679153f203fc61a88a953629e,f1a39e6d255527dbf71d3cb1e3d765c2dbeb19a99f25026f3b914f8708ebf5cd,True,34,35,10,33,0.9737335834896811,0.5,0.05000000000000002,0.25
huatuogpt-o1-8b,633420a679153f203fc61a88a953629e,fb1ff34316e0d9d108da2a2ef857cedc480e1550a7a20e3f42263dc11aedd322,False,27,28,10,27,1.0,0.85,0.0,0.35
huatuogpt-o1-8b,711f389c59ebfcb9eb04d37c86efae77,2b0400580b591ac19647bf90201cb39630232ea34c3cbb1434103606681186b4,True,25,26,11,22,0.8921348314606742,1.0,0.0,0.4
huatuogpt-o1-8b,711f389c59ebfcb9eb04d37c86efae77,33bb02a63989db8cca913d973502bf2ccfef5a5bce28c92a1947df8fdec99c47,False,18,19,10,10,0.5911764705882353,0.55,0.2,0.44999999999999996
huatuogpt-o1-8b,88537bcf54e128709d3d84d9a954aa6f,bac61de845e7bfffd35aa8b2c2aa433770df367718ef55c2d7989bf40647e9a0,True,33,34,27,29,0.8780487804878049,0.8500000000000001,0.0,0.4
huatuogpt-o1-8b,88537bcf54e128709d3d84d9a954aa6f,a7812d5c791be93c09227be3cfc8a589d68cbbfa1d4c04f1172d9c6030880ac4,False,30,31,29,27,0.8668032786885246,0.7500000000000001,0.2,0.5
huatuogpt-o1-8b,99056c3c2db73e4929ee1df107d73688,55f929e1bb2e4338fdf7ec5091d8631b2f72abc4f562eb3204c3aad56de27b9b,True,27,28,16,27,1.0,0.6000000000000001,0.0,0.2
huatuogpt-o1-8b,99056c3c2db73e4929ee1df107d73688,b65d596baf72b9de296766ea8d2101ba8a65a4c510fc8ac61d8012a78361b327,False,27,28,13,26,0.9429824561403509,0.9000000000000001,0.15000000000000002,0.3
huatuogpt-o1-8b,ab79da6338f2deff095e1bf3b5b4d9f0,4074f9a613bf126e07076f3bc8b3b011990d38d74d582e9759d28f246ed0b493,True,22,23,11,19,0.8350253807106599,0.7,0.0,0.22499999999999998
huatuogpt-o1-8b,ab79da6338f2deff095e1bf3b5b4d9f0,8b9a49e2e252cdd7aaa375ced8d0a8007b5595495fc36473180e55ebefccdf91,False,26,27,11,26,1.0,0.44999999999999996,0.0,0.22499999999999998
huatuogpt-o1-8b,bc3da8074eec813548bda5ec813b8a9b,faf618d9c3bcdd9545c7f41e3e0014f78dfa0810f30ca3acd02679bfbd5a34c8,True,19,20,16,12,0.6151685393258427,0.7000000000000001,0.2,0.7000000000000001
huatuogpt-o1-8b,bc3da8074eec813548bda5ec813b8a9b,e1ec7c8ae71bb47ffd27ef8a1a184575f8f3cd16db531a264744ec7556dfcab8,False,25,26,13,8,0.3111111111111111,0.45,0.19999999999999998,0.35
huatuogpt-o1-8b,c4ce6239240ed6d8489f1ee8bf9a4784,04c396dc8fda8ec640b8eb0853b4ef7a77a5e58f96d3c02116ce6aaaa75a9c17,True,33,34,3,19,0.5535714285714286,0.4,0.19999999999999998,0.2
huatuogpt-o1-8b,c4ce6239240ed6d8489f1ee8bf9a4784,668960e057c5a07be594d8de5413e53cd3ab2e2b5f3645e9b873bbd357b54623,False,36,37,4,29,0.8053571428571429,0.75,0.09999999999999998,0.25
huatuogpt-o1-8b,d35ff55eca6c7f6db36a73934025f3c5,acf1c6b1149ff0000ee6095c9223f62ecdc20e0e16c6b33e1ae9c5dd32fdc5a8,True,23,24,14,22,0.9745042492917847,0.6000000000000001,0.09999999999999999,0.19999999999999998
huatuogpt-o1-8b,d35ff55eca6c7f6db36a73934025f3c5,5f80ecf6c9c56c4fbe57c6fa3129f47c003ba138bd45a5d890b6db9dcd737298,False,20,21,10,11,0.5129032258064516,0.38947368421052636,0.19999999999999996,0.2657894736842106
huatuogpt-o1-8b,e84545b4073db0c4d84a58b5f4243d50,b3f94161bf1c07a8d87b88ca0e1680318fd1a7ae552e9d05fcc6de21fc11a88f,True,23,24,6,21,0.9089108910891089,0.75,0.0,0.20000000000000004
huatuogpt-o1-8b,e84545b4073db0c4d84a58b5f4243d50,1a59bf9a3d4f8c46122b95aad190473d23ca7cee1f76dd98c75a1ed1a965cbe0,False,29,30,6,27,0.9232245681381958,0.6499999999999999,0.14999999999999997,0.25
huatuogpt-o1-8b,f448710697f1d3734fbc187ad15c748c,dffbdb0c97cf47d63bcfaa3df043995fbc71d51d96c5f9b8ffe1bf1c0e5cfc23,True,20,21,12,12,0.6205882352941177,0.55,0.0,0.4
huatuogpt-o1-8b,f448710697f1d3734fbc187ad15c748c,106224662398bcc14a5da04004afee194cca44b2e8b115a610eae4639c3d2c92,False,26,27,6,18,0.7346437346437347,0.85,0.19999999999999996,0.45000000000000007
huatuogpt-o1-8b,fdb1907f7938f5641e21a14cd72d5adb,47925be8921c317a4e5890445c26ecfd207ad308a2948b8bf1062c6c9b9698ed,True,21,22,20,21,1.0,0.6500000000000001,0.0,0.4000000000000001
huatuogpt-o1-8b,fdb1907f7938f5641e21a14cd72d5adb,5837119360f5c95851476897ed3363e79c8ddd6a54d8d03b1062040eae337439,False,34,35,22,30,0.8581314878892734,0.6000000000000001,0.050000000000000024,0.4750000000000001
deepseek-r1-distill-qwen-14b,0148cedaed162d8c1591e7dad5de6dec,0d5cbb46546ba7ba75cafe348c2247c5bc90aefbc91b1ad40052644e8fb0bb48,True,21,22,6,16,0.6954314720812182,0.8,0.050000000000000024,0.15000000000000005
deepseek-r1-distill-qwen-14b,0148cedaed162d8c1591e7dad5de6dec,80c1eee8ee0d9c115f4eaf16060d2892b000e652ee3e3090ccb7fa1911a8aa21,False,20,21,4,0,0.0,0.2,0.2,0.19999999999999998
deepseek-r1-distill-qwen-14b,07dbd8eabfba4b1d9d665331dea90335,f867e87d774230ab3cfaca2259502762b116b08fae91c1c34e382eed72f96f5e,True,18,19,6,5,0.2727272727272727,0.49999999999999994,0.09999999999999999,0.49999999999999994
deepseek-r1-distill-qwen-14b,02b15d84011aa2ed96dcb904e63129bb,ce34616159618fa885f237957e63ba47fbda2f1859b0af1046a37197c50520c2,True,140,141,43,139,0.9919381928115553,0.9000000000000001,0.050000000000000024,0.7000000000000002
deepseek-r1-distill-qwen-14b,07dbd8eabfba4b1d9d665331dea90335,4369f435442bb72188c31040bbcac8e354b60b0fe314dc91641c7755eceaac7e,False,15,16,12,8,0.5015576323987538,0.5,0.15000000000000002,0.5
deepseek-r1-distill-qwen-14b,02b15d84011aa2ed96dcb904e63129bb,377e2e906ad9ca1d29009e1a3c50a8792f682d148e3f78db4442533a1b637c76,False,75,76,34,56,0.7596017069701281,0.7500000000000002,0.09999999999999998,0.6500000000000001
deepseek-r1-distill-qwen-14b,0a50a7f439c2c0e933b8132ed7650075,6f43e2868bfe24f5a6ae3769e0c0c8ea1dc30be92a7383a1f4a80b332315deb1,True,24,25,15,0,0.0,0.15000000000000002,0.15000000000000002,0.09999999999999999
deepseek-r1-distill-qwen-14b,0a3c768a49d4110f6c1604ace9951ee5,cef4f35f512a968ee61890e680baab0a843192b1943dc4232cb8da4627668953,True,21,22,9,16,0.7091633466135459,0.5222222222222223,0.050000000000000024,0.25
deepseek-r1-distill-qwen-14b,0a50a7f439c2c0e933b8132ed7650075,eabecfe4fd9f61236559091249787f0d789c9594a1736d73e746973f5b63a4e5,False,35,36,16,20,0.6067415730337079,1.0,0.09999999999999998,0.5
deepseek-r1-distill-qwen-14b,0a3c768a49d4110f6c1604ace9951ee5,6287651f7b7883e1522f1fc54157f66466928456318eba1c5df71831bf722aa5,False,28,29,8,22,0.6996268656716418,0.8,0.0,0.30000000000000004
deepseek-r1-distill-qwen-14b,14a87d69ccc079d85a0f5d57dc4a7bdb,b32a4a16df3cb1ea7cf4c76c52c791eba7b068484fd34bd682745ea71b808011,True,31,32,4,5,0.1596958174904943,0.30000000000000004,0.0,0.30000000000000004
deepseek-r1-distill-qwen-14b,14a87d69ccc079d85a0f5d57dc4a7bdb,a08d8e29bac66c6e87d3f266f44b5d9a7cd33035fdd4ac1c9491725b400563d9,False,17,18,8,5,0.28611898016997167,0.7000000000000001,0.19999999999999998,0.7
deepseek-r1-distill-qwen-14b,11340d814fe69bcd7dec113898fd5947,53a52d4340926ed767d228024ef79d4b9ed30b2a15469c01b52feb9bfbdd6044,True,27,28,28,20,0.7063253012048193,0.8500000000000001,0.2,0.6000000000000001
deepseek-r1-distill-qwen-14b,11340d814fe69bcd7dec113898fd5947,0a41c0064f7e2cb43778816e84e8c346c10b2e5049f117410ff63a4fa44c8050,False,21,22,31,18,0.8116883116883117,0.8500000000000001,0.050000000000000024,0.5000000000000001
deepseek-r1-distill-qwen-14b,24686977bb5ff6eaee7dac452c92c4be,99c91f975428e8d6406c528d573b8a9664e5a93867d247664d899ad451a58082,True,43,44,27,40,0.9284974093264249,0.8500000000000001,0.15000000000000002,0.6
deepseek-r1-distill-qwen-14b,224470287933cd1645a9c37f922eb1c8,a11823e4bd8d4c7f7bf8fcfc94cf2ac23aaa15d745ac847a0a5c496777b9b9a4,True,28,29,14,19,0.6406926406926406,1.0,0.050000000000000024,0.7500000000000001
deepseek-r1-distill-qwen-14b,224470287933cd1645a9c37f922eb1c8,39d5a6466a2e58fba66457d853ae5f652c10b1a55b46213c06235ab316fef03e,False,50,51,10,41,0.7677677677677678,0.55,0.19999999999999996,0.30000000000000004
deepseek-r1-distill-qwen-14b,24686977bb5ff6eaee7dac452c92c4be,f6bb3f2d01d4b50093c8c6ad245b8d2026ec8cafb41b18929f156f395105b92c,False,101,102,39,78,0.7691224777099953,0.8947368421052632,0.15,0.7947368421052632
deepseek-r1-distill-qwen-14b,2600ed7d2340c964a027e94ed65d75f2,c5b5d239c45c8f511668867babba367d7b01b947c155d0f63a5f3679512ca307,True,40,41,6,34,0.847457627118644,1.0,0.19999999999999998,0.17500000000000004
deepseek-r1-distill-qwen-14b,27f2b910c19b40bb9f36ce9a3a8909af,46767a3bedd5ec3b178b8e14c18e2149647d07e7a0e281901323db68a68b1637,True,35,36,37,35,1.0,1.0,0.0,0.55
deepseek-r1-distill-qwen-14b,2600ed7d2340c964a027e94ed65d75f2,485288e79ce43b9762fcf4c711c7f4503b0564784a5687e60b01b2bdac4fc55f,False,55,56,6,34,0.6281645569620253,0.4,0.19999999999999996,0.2
deepseek-r1-distill-qwen-14b,27f2b910c19b40bb9f36ce9a3a8909af,0f9c628def200c34421c0d6f102b9bddd459eb0908b343b402ca8fe47ab4d6a4,False,63,64,35,63,1.0,0.7000000000000001,0.0,0.4
deepseek-r1-distill-qwen-14b,28c328b44b6a8b287cd1e29bfc9c17eb,37774ec532012490a16537b2810f90bd52a15d6f0d0988b48034dd05314da576,True,18,19,20,14,0.6823529411764706,0.9500000000000001,0.0,0.5
deepseek-r1-distill-qwen-14b,28c328b44b6a8b287cd1e29bfc9c17eb,96787739d2216916e7283f5bef3679f554e14eccc76d7d8e16db9d02808fd7dd,False,25,26,18,14,0.55078125,0.75,0.09999999999999999,0.45000000000000007
deepseek-r1-distill-qwen-14b,288897f502a272f8f0b8b999354a154d,125e41763586eee9dbe19268ba3b590b93249297d780fa76db80f7f0a6a16479,True,79,80,40,78,0.9793478260869565,0.8947368421052632,0.19999999999999998,0.6947368421052631
deepseek-r1-distill-qwen-14b,288897f502a272f8f0b8b999354a154d,bd819b7e612f53c34ab274da829424083de766ed13dfe23e9a2cafd3989ce0bc,False,27,28,37,17,0.5886850152905199,1.0,0.050000000000000024,0.9000000000000001
deepseek-r1-distill-qwen-14b,34f92cdb48573ee3ec1837da4f60ff3f,1d45a70bd9e47c8d917b776494b6b22f8b06671f5f135b38ef0332ba4ed12a0d,True,23,24,13,11,0.4623287671232877,0.44999999999999996,0.050000000000000024,0.39999999999999997
deepseek-r1-distill-qwen-14b,34f92cdb48573ee3ec1837da4f60ff3f,6f05013fa2e2a0f9aba1c827f9530429aaeb95027fd65a64d3a2df4c923a7f28,False,30,31,11,10,0.34502923976608185,0.9,0.050000000000000024,0.9
deepseek-r1-distill-qwen-14b,34d053d3a9b3a1f013655f7223718de7,f8d097c0f63fe7f53df162333f42be09c919702173c655bc0dea66946ea03834,True,26,27,6,18,0.6503164556962026,0.7,0.15000000000000002,0.2
deepseek-r1-distill-qwen-14b,34d053d3a9b3a1f013655f7223718de7,d19f8b1658a1ae0eeb29603eb947556f78c6ca71f41a127d7c758c40ee052e0a,False,28,29,3,0,0.0,0.15000000000000002,0.15000000000000002,0.1
deepseek-r1-distill-qwen-14b,3ffd64fa59b0f373586831b18ec69d1f,90df6626c55ef10adc0c81ee75d5c6dea024ab19bb1088b67167898e2d0c8a1e,True,47,48,11,44,0.9258649093904449,0.95,0.09999999999999998,0.24999999999999994
deepseek-r1-distill-qwen-14b,392e2a9bea699b47177b6179d80b2b23,8aac678f438be6b7be65ccea48235723c81c7af267ecfef080ef50cc0d6a5449,False,46,47,14,26,0.49676025917926564,0.5789473684210527,0.15000000000000002,0.32763157894736844
deepseek-r1-distill-qwen-14b,3ffd64fa59b0f373586831b18ec69d1f,aeabe81f6b2df42615fcc6c452b0cc67c142d6ef860c3baa72de9bd96e4744a6,False,30,31,8,16,0.4468704512372635,0.44999999999999996,0.2,0.35
deepseek-r1-distill-qwen-14b,40548af835e36bf1d06c74be11ea5d70,297cdce853951d26a390cf1fe88f06e91b74de44aaf601adbce1ec91788af8e7,True,22,23,32,18,0.8181818181818182,0.6500000000000001,0.15,0.35000000000000003
deepseek-r1-distill-qwen-14b,40548af835e36bf1d06c74be11ea5d70,840bcd5e7c142ed3b8365ff8e5bedf51e22739618767f6ced2977bea517e2238,False,22,23,32,20,0.937625754527163,1.0,0.050000000000000024,0.7250000000000001
deepseek-r1-distill-qwen-14b,42657169f520db24ecd36735fa5fcd7f,dc18f8fe94510ec5215ca24ce9d5e09cfd3aa1ddc0fe8af8a011268c49279b29,True,28,29,9,24,0.7689393939393939,0.8,0.0,0.35
deepseek-r1-distill-qwen-14b,42657169f520db24ecd36735fa5fcd7f,6cd75c94129561fec2a83a8ec1db26ebb07ed83fe3ecfa40058e13ec18dcbed7,False,32,33,9,24,0.6916802610114192,1.0,0.09999999999999998,0.3157894736842105
deepseek-r1-distill-qwen-14b,44182d567f7978b8cf0aa37c5ce0d4aa,d31086b1796ddba453bf672cdb5e1b16d8a4ddea0f1da6d557d780c7bce4b454,True,27,28,18,12,0.4074074074074074,0.8000000000000002,0.19999999999999996,0.7500000000000001
deepseek-r1-distill-qwen-14b,44182d567f7978b8cf0aa37c5ce0d4aa,2ca5952b5c127fa3d46e92d58ac9680e7e08ef54e1e0b1b217017a41ddb652d6,False,25,26,17,18,0.7419354838709677,0.8000000000000002,0.2,0.5
deepseek-r1-distill-qwen-14b,46f5a66a841fae109fc92ccdb9448abe,675c8e4c956161ce3afb97851083139588b4a5c21261811c0dd28f3736643099,True,23,24,9,4,0.15352697095435686,0.65,0.15,0.65
deepseek-r1-distill-qwen-14b,46f5a66a841fae109fc92ccdb9448abe,117a60755b4496aff6095aaa474c14b9b2191054837e7f7853fbece040475569,False,26,27,12,23,0.8896797153024911,1.0,0.050000000000000024,0.2842105263157894
deepseek-r1-distill-qwen-14b,48d8738209cbe3d0f3490417e6c37914,287458dd17cadfc154bd6b3e8bc7fd7bccaecdd521358e02dfd9b03c40dbdac3,True,41,42,16,27,0.6115107913669064,0.9000000000000001,0.19999999999999998,0.9000000000000001
deepseek-r1-distill-qwen-14b,48d8738209cbe3d0f3490417e6c37914,1b0fdc0a1afb9bc1355bd6094f2fdcfa6cf8efe86c5cb318c24534840496d2c6,False,38,39,20,19,0.4028776978417266,0.8000000000000002,0.15000000000000002,0.55
deepseek-r1-distill-qwen-14b,4abc3a40659612c935b6036cf7018466,0b98460c35ffd346385a9a70d902bf726435169ff7ad1c6025a3c16ab3af2f5b,True,80,81,96,63,0.7755698421975453,0.9000000000000004,0.14999999999999994,0.6697368421052632
deepseek-r1-distill-qwen-14b,4abc3a40659612c935b6036cf7018466,c813377241eba784ec4a0d3c70d2ab16069dfce1d3cd4b299c08b4ddaf310f9a,False,32,33,24,26,0.7790697674418605,0.8421052631578947,0.050000000000000024,0.4894736842105264
deepseek-r1-distill-qwen-14b,4ac69654711e8b95f09faca42e95c605,8abd424721691b43d388326ac7e84722266ef908c52ee4b712e5f85ba049653e,True,58,59,8,41,0.6848484848484848,0.5,0.19473684210526318,0.25
deepseek-r1-distill-qwen-14b,4ac69654711e8b95f09faca42e95c605,0a9df4c556164239c32879347565014a9d902f6677c666e937429a38a6b2b90c,False,36,37,6,20,0.5,0.6842105263157895,0.19999999999999998,0.2236842105263158
deepseek-r1-distill-qwen-14b,4d6344707f7581b02e4f545c4d51d472,89edc922411440f9f2c11505978d66021e55b9df0d915965d58e502180b34a62,True,13,14,5,13,1.0,0.75,0.0,0.25
deepseek-r1-distill-qwen-14b,4d6344707f7581b02e4f545c4d51d472,927243040cb08c1807750f98b6541e3a759b37c218a90e9f6000e320004c7623,False,18,19,5,0,0.0,0.19999999999999996,0.19999999999999996,0.14999999999999997
deepseek-r1-distill-qwen-14b,5355d6e5738c1e76aa8f1441131c9295,6298e96c013815895001bf529491a0f70c43603e86c2f95c813950bce88bb049,True,29,30,6,15,0.4153225806451613,0.6000000000000001,0.19999999999999998,0.35
deepseek-r1-distill-qwen-14b,5355d6e5738c1e76aa8f1441131c9295,86a4af981e8371ccba779e5b64b2e1ccaee89e6748845e1c9c3f61b5565343ee,False,22,23,6,21,0.9433962264150944,1.0,0.0,0.625
deepseek-r1-distill-qwen-14b,5e08bb89aa461993e01a5790857ce599,ca6ee16129e8afca70439d303c1fba762b4aae41dc983356e98450e94f8757fa,True,38,39,5,21,0.5700365408038977,0.30000000000000004,0.2,0.19736842105263155
deepseek-r1-distill-qwen-14b,5e08bb89aa461993e01a5790857ce599,c8be53fadaa366d44fe04c72a465dbff1eae0e51e3ceec9e919e031c89623a3e,False,35,36,5,17,0.47162162162162163,0.8,0.050000000000000024,0.75
deepseek-r1-distill-qwen-14b,5e7abd32af948047598121dd03ac97b6,07f64798bcd054443e871d3621169c2acd7185d78a6d0474a5128fcf770ac90b,True,66,67,10,59,0.8701633705932932,0.8,0.19999999999999998,0.6
deepseek-r1-distill-qwen-14b,5e7abd32af948047598121dd03ac97b6,a6aaa918353376cabbab7845066428571169b2883ad5ff04630aa09efe22ca82,False,51,52,11,41,0.760759493670886,0.9,0.15000000000000002,0.45
deepseek-r1-distill-qwen-14b,61f7d8bcb43d0bd0621b066d85eb2529,8466d416a477c21b4252e8d11ff069a5aef6e3219ac53bc2b7e1ff02653a8a44,True,25,26,29,17,0.6701208981001727,0.8,0.050000000000000024,0.7000000000000001
deepseek-r1-distill-qwen-14b,61f7d8bcb43d0bd0621b066d85eb2529,81f419f1a178f7f22607af1fefac0127076b6d407489e7d9b270b4e2f9766c98,False,32,33,21,24,0.7026279391424619,0.9500000000000002,0.0,0.4500000000000001
deepseek-r1-distill-qwen-14b,69e678eb784186f4820bb4b3d48b33b9,9951721d8e93657bb975c5ba0c77fc9f282b4dfce55bf250ce5dde3fb692e7ff,True,26,27,18,25,0.9562937062937062,0.631578947368421,0.2,0.47631578947368425
deepseek-r1-distill-qwen-14b,69e678eb784186f4820bb4b3d48b33b9,b165bad93b700c64e24943eb4f9781b0c93523bfa830467d6b8788e7125831e2,False,37,38,25,31,0.8027638190954773,0.7500000000000001,0.050000000000000024,0.45
deepseek-r1-distill-qwen-14b,6a6759f19289095fe5bdee59a062046c,21f83a4a7ff8ce69c9bcdb72b02ccd73ccf1b7156ec4d00b4be8d63322341ef4,True,25,26,9,0,0.0,0.15000000000000002,0.15000000000000002,0.15
deepseek-r1-distill-qwen-14b,6a6759f19289095fe5bdee59a062046c,15b16f0371c2de979d07e7638e55d1019fb43be9ac8ffce12ac26826ff1ad334,False,27,28,9,14,0.4729981378026071,0.9500000000000001,0.2,0.7999999999999999
deepseek-r1-distill-qwen-14b,6c4cccbdfe3340d1de38720b444b4e83,a55a82c7d98cc781c43b1d4f3b08cf3ec37ea3857e73bd59e8affcd7a4d94d8d,True,29,30,11,22,0.7835051546391752,0.5000000000000001,0.19999999999999996,0.35000000000000003
deepseek-r1-distill-qwen-14b,6c4cccbdfe3340d1de38720b444b4e83,1a2ad9c195f8a80427fdf295904dac2c5cf8de9613a5e9efda780ba570fc72c4,False,30,31,15,17,0.6159052453468697,1.0,0.14736842105263154,0.7223684210526315
deepseek-r1-distill-qwen-14b,6cae95de019b8b107893b29e2418ab4a,53d885da223685f62ec1672f99e156cb7a6d83dc35feaa7e6afe48aa10128966,True,46,47,23,40,0.8816234498308907,1.0,0.09999999999999999,0.7394736842105263
deepseek-r1-distill-qwen-14b,6cae95de019b8b107893b29e2418ab4a,24362a99acb2d4016b87422a1241f7ec8579c437aac343a703c55ef10727615e,False,64,65,12,35,0.4842436974789916,0.7921052631578946,0.19999999999999998,0.2539473684210526
deepseek-r1-distill-qwen-14b,711f389c59ebfcb9eb04d37c86efae77,82437d4a0e5acc97c0ee6ad5e2db82bd053cf529d3132a7fa52f26cb5ee332df,True,13,14,5,10,0.6915254237288135,0.45,0.09999999999999999,0.19999999999999998
deepseek-r1-distill-qwen-14b,711f389c59ebfcb9eb04d37c86efae77,13f4bca15a32bec5c9b7bfcdc47cff2f1624ffece48da02f05825cb711f3eb23,False,20,21,4,13,0.6345177664974619,0.7,0.0,0.25
deepseek-r1-distill-qwen-14b,715eb949cafa36ccc69ff816a68a68bd,4451bb3aba76864db779fc31c631bc4495790c4913f567849adfb57c8eb269a3,True,40,41,15,29,0.6659619450317125,0.65,0.15000000000000002,0.39999999999999997
deepseek-r1-distill-qwen-14b,719442a3ee1c00332a6b77c30ce987cd,efff2929c65eba67cad7632de76684ab97c4d81e17060d0febc340f8d0525673,True,58,59,21,37,0.6251137397634213,0.7,0.15000000000000002,0.45000000000000007
deepseek-r1-distill-qwen-14b,715eb949cafa36ccc69ff816a68a68bd,828f7cc51548451cb51a813c16d045a1bf8535a3b584acea570096264d332dff,False,31,32,14,31,1.0,0.65,0.0,0.4500000000000002
deepseek-r1-distill-qwen-14b,719442a3ee1c00332a6b77c30ce987cd,bb9fb984241bccb0bd521c407b930191d0151bded69bdae5f23e9fad526b94ef,False,57,58,17,52,0.9252728799328296,0.9500000000000001,0.15000000000000002,0.65
deepseek-r1-distill-qwen-14b,7351fe5f8ee14ff826bc262030efc469,ab87c4c45f63e3e3d10fac341da9cb8a21d4839f26f708cb534cdff42e1a38e6,True,19,20,6,19,1.0,0.736842105263158,0.0,0.3736842105263158
deepseek-r1-distill-qwen-14b,7351fe5f8ee14ff826bc262030efc469,25eec22abd7c6468d1d3bf6980e1eede034d9a0914c7e1bfb2886747bf131c45,False,36,37,7,30,0.8307475317348378,0.9473684210526316,0.15000000000000002,0.5657894736842105
deepseek-r1-distill-qwen-14b,7d75815cb2310bdcf17826679b94cee2,50f492b0b4a771d0e4a8c9c3ed74e97c6df9487ac66d74e2c2459e8583d96093,True,28,29,20,17,0.6078431372549019,0.6500000000000001,0.09999999999999998,0.39999999999999997
deepseek-r1-distill-qwen-14b,839d5849b985de3b732f197086218847,e413b495ef9df615da3a0129ea57a7698dfc411029b703b618b3440350971bb4,True,24,25,9,21,0.8305084745762712,0.48421052631578937,0.15789473684210528,0.26710526315789473
deepseek-r1-distill-qwen-14b,7d75815cb2310bdcf17826679b94cee2,27ba294f631ec865f221f831da66207142113cc97e429832aa7431b0cad4c865,False,34,35,23,30,0.8947990543735225,1.0,0.15000000000000002,0.4500000000000001
deepseek-r1-distill-qwen-14b,839d5849b985de3b732f197086218847,8436b05a3687fe728e709f28df29263c798e98af29b36d79515a8fc83fa6f7c7,False,72,73,13,37,0.5329780146568954,0.9473684210526316,0.15000000000000002,0.7421052631578946
deepseek-r1-distill-qwen-14b,855d2426bc87f84b919fa59d39097374,335669dc7b39cadfd288a5725a1660b66f0247aab8efe053c4606e9bd9950abc,True,18,19,4,7,0.3146853146853147,0.5368421052631578,0.19999999999999998,0.25
deepseek-r1-distill-qwen-14b,855d2426bc87f84b919fa59d39097374,92a35aba5f0cec62a9b327e0e176532e38ae04f8637caa9b3598f4518f443a63,False,17,18,4,9,0.39790575916230364,0.35,0.19999999999999996,0.24999999999999997
deepseek-r1-distill-qwen-14b,85684e0c092976faa0b788ef96b0a1ff,3aa41dc06996d7e779e0b85e3bdae6f5e430e6ee017b58253ebadf47dfa30b52,True,27,28,21,21,0.7447619047619047,0.75,0.15000000000000002,0.3
deepseek-r1-distill-qwen-14b,88537bcf54e128709d3d84d9a954aa6f,7f8093b9d431e0f987bde8199660b80ae806a1ad11e15d4c4c6dfffa363ec8a8,True,34,35,22,22,0.6456692913385826,0.6,0.050000000000000024,0.3500000000000001
deepseek-r1-distill-qwen-14b,88537bcf54e128709d3d84d9a954aa6f,d07c95882ae54d5fd134daaf44194b1cb842d77c8eb2a7aaf89e5942de0094a0,False,64,65,19,58,0.8862229102167183,0.8,0.09999999999999998,0.45
deepseek-r1-distill-qwen-14b,8b5ae4c8982f0b55e7334ff4117d6a4f,b53f3e7ef4c844c2b9d6452d0e5fd3584b379bbc554afd124b08590e581db009,True,21,22,5,9,0.334916864608076,0.8999999999999999,0.09999999999999998,0.8499999999999999
deepseek-r1-distill-qwen-14b,8b5ae4c8982f0b55e7334ff4117d6a4f,01b8f52bd72e5e46d8e53090ac646fbab7137e009faa6b7ee29c43e162d42ac6,False,47,48,7,44,0.904126213592233,0.45000000000000007,0.050000000000000024,0.24999999999999997
deepseek-r1-distill-qwen-14b,8c88e2f998f2ec7a396f40c6d5452b84,840eb763312f772e1c0d00c6074a6c7b8677294c6fe655f1a7ef5fe02d11d4e4,True,39,40,22,29,0.7053892215568862,0.8421052631578947,0.09999999999999998,0.29210526315789476
deepseek-r1-distill-qwen-14b,8c88e2f998f2ec7a396f40c6d5452b84,26f48613fbd7e4a91f545cff678db8b8740cd9b2548ec8902ace7ac4f73a4cb4,False,50,51,17,42,0.8278418451400329,0.75,0.0,0.35
deepseek-r1-distill-qwen-14b,8d4129f4074a7419ef8017429041fac4,4a50d6c17b3dfbcd1654489d0afd89fef7b3e984ae9409becfc9a94f9c13b0c3,True,34,35,11,33,0.9658344283837057,1.0,0.09999999999999999,0.49736842105263157
deepseek-r1-distill-qwen-14b,8e99e185c9670ed801211fba5a2e93f9,8ef2fbad0298df18fd9ff7de270e8422269a870a8c7d19b0f3c79032f1776aab,True,29,30,18,22,0.6686274509803921,0.5,0.09999999999999998,0.3
deepseek-r1-distill-qwen-14b,8d4129f4074a7419ef8017429041fac4,2989748e8ecae6b889fb7d5b937c842fc5e391094560edd4d347c2ea6dd1f8e4,False,59,60,13,46,0.7549738219895288,0.75,0.19999999999999998,0.4
deepseek-r1-distill-qwen-14b,967834058a7e6f5cb903d6d983ecba7e,588186a53483ba27e422f49e4b0a736d73ef0d6f681a858797804f4065a08b6e,True,23,24,9,18,0.7560975609756098,0.95,0.19999999999999998,0.25
deepseek-r1-distill-qwen-14b,967834058a7e6f5cb903d6d983ecba7e,546152c16066377455c7ced6b3543f2c9701cecbe070b42fa20cd41da856d0ff,False,20,21,13,15,0.6952054794520548,0.9500000000000001,0.19999999999999998,0.6157894736842106
deepseek-r1-distill-qwen-14b,8e99e185c9670ed801211fba5a2e93f9,3488722b61b7242ac79cbf54a90eb8360d7aa998dd04c01385ee13ac63704f23,False,112,113,34,87,0.7683095347766007,0.7500000000000002,0.19999999999999996,0.55
deepseek-r1-distill-qwen-14b,9c22e95143200153a9b0c049452517e1,6d9d2a1b0bf71b7b7dc3055bf9c32c903ac36eff638eb4b4f9eecf9136a25a5c,True,43,44,24,31,0.6968190854870775,0.39999999999999997,0.19999999999999996,0.25
deepseek-r1-distill-qwen-14b,99056c3c2db73e4929ee1df107d73688,7ae9d650a77dadf4eb190f1a48663e8df4edca15f4cc45fde7bb6b1f04307629,True,63,64,12,54,0.8463519313304722,0.9500000000000001,0.1,0.24999999999999994
deepseek-r1-distill-qwen-14b,99056c3c2db73e4929ee1df107d73688,65f37d982989af0b519d520b9b380a5be2eeda4eb7c7df7a9f7d757f760b6850,False,60,61,10,41,0.6868537666174298,0.9000000000000001,0.19999999999999996,0.25
deepseek-r1-distill-qwen-14b,9c22e95143200153a9b0c049452517e1,3648c588e9bf6f15fb832f7687583281a497592b585d24d978ba606e06113076,False,104,105,45,102,0.9735099337748344,1.0,0.19999999999999998,0.25
deepseek-r1-distill-qwen-14b,a255fd4b2fac78a3faaf47bd17cd723f,d664745d6e523a12ec71d30a0d91c4313798571937dde060a62d0d6d596b85f7,True,68,69,22,20,0.3404255319148936,0.5,0.15000000000000002,0.44999999999999996
deepseek-r1-distill-qwen-14b,a670afa64f606d20eed4a435fc89d120,658d1ce32ee855d9cb68b2a4d85dbf38c73c67a1c379628ca9972b5339cc0021,True,62,63,22,49,0.7459227467811159,0.8000000000000002,0.19999999999999996,0.6000000000000001
deepseek-r1-distill-qwen-14b,a255fd4b2fac78a3faaf47bd17cd723f,5526c8b8274869c00b3e6b2e812960ab33220df66bc2047f63cb50a84bc937a5,False,176,177,34,176,1.0,0.9,0.0,0.65
deepseek-r1-distill-qwen-14b,a670afa64f606d20eed4a435fc89d120,a71534136372a1e746fe225b7e4c762799448185099dc9c2015b9d8c631ec689,False,106,107,27,106,1.0,0.6000000000000001,0.0,0.45000000000000007
deepseek-r1-distill-qwen-14b,ab0226a3a9dc01c8c9b91a47198bed63,d248e0772fc698302b2488d38c5889f25274639ee4547c518711cffcb7da27db,True,23,24,11,11,0.45010615711252655,0.4000000000000001,0.19999999999999998,0.09999999999999998
deepseek-r1-distill-qwen-14b,ab0226a3a9dc01c8c9b91a47198bed63,1ac885786962c33609177fbb80be1f8868092021f1dd0205a89c6b2302796a93,False,34,35,9,19,0.548941798941799,0.85,0.10526315789473681,0.7223684210526315
deepseek-r1-distill-qwen-14b,ab79da6338f2deff095e1bf3b5b4d9f0,1f85a7fddc803a6e64f1b0dacb1488eaed2bb680245df03f614efbe3ebb7e929,True,85,86,29,80,0.9063613231552163,0.9000000000000001,0.09999999999999999,0.6473684210526316
deepseek-r1-distill-qwen-14b,ab79da6338f2deff095e1bf3b5b4d9f0,6d432a59722a1897e1a4c9bc5e8720fe013b2d9aece56aa5a4b2f069f85062ec,False,32,33,27,23,0.6773648648648649,0.75,0.050000000000000024,0.40000000000000013
deepseek-r1-distill-qwen-14b,ab944ef1e6f39bfd785f38954f9458c1,5ad25a2d6d1247e8fe3ffd447af96f0489a1f5170506077a7ffaeffed57930e2,True,48,49,16,46,0.941351888667992,0.8000000000000002,0.09999999999999998,0.45000000000000007
deepseek-r1-distill-qwen-14b,ab944ef1e6f39bfd785f38954f9458c1,a87d025d517f56d2039c8613427d1bc718cfc3a98553b3fc87270128898eb442,False,30,31,11,18,0.461086637298091,0.4,0.09999999999999998,0.30000000000000004
deepseek-r1-distill-qwen-14b,b1e59a85b6e9c1e020d2392193d668fb,4d6572600c27351452c6e6aec750ad6eded4804f167aa8f3737fcdc33a82a5e2,True,52,53,12,21,0.3660637381567614,0.45,0.19999999999999998,0.44999999999999996
deepseek-r1-distill-qwen-14b,b1e9764076e3a29c4c3c4738b878b57a,fdd1eba11c19aedc879634096536fce9d44293a17809613a645490eaa870c1ff,True,24,25,19,14,0.5331991951710262,0.4,0.09999999999999999,0.30000000000000004
deepseek-r1-distill-qwen-14b,b1e59a85b6e9c1e020d2392193d668fb,49e7ae252138bfa34fe31b84e2047e579e7c69d46eb1363455b78649b651e91c,False,33,34,7,22,0.6208588957055214,0.75,0.09999999999999999,0.22631578947368422
deepseek-r1-distill-qwen-14b,b1e9764076e3a29c4c3c4738b878b57a,81370fdbf6a2aa5ec0018950c46666beffe2b0cefa21e5b640508d1c20031fc5,False,42,43,27,40,0.960431654676259,0.9,0.19999999999999998,0.6000000000000001
deepseek-r1-distill-qwen-14b,b456600e51f08dfb7754936792b3800e,e23ef20a61e51167670df0cda6fb10fc70ead71950203cb5f965eff2c89ea574,True,37,38,13,27,0.6828947368421052,0.6500000000000001,0.15000000000000002,0.35
deepseek-r1-distill-qwen-14b,b2b6765627a78f61fac9ba35346d7b1d,08b29d23cb2db86e4bff50347ae4137db39579cce88d649ca7a89efa3c168a5b,True,38,39,22,32,0.8485915492957746,0.8500000000000001,0.050000000000000024,0.525
deepseek-r1-distill-qwen-14b,b2b6765627a78f61fac9ba35346d7b1d,6a1ed5ff3fcdbfbd7bd859a20256b05c01d62a10efcefee3f41a5ac444327157,False,32,33,25,18,0.5159151193633952,0.6,0.15000000000000002,0.42500000000000004
deepseek-r1-distill-qwen-14b,b456600e51f08dfb7754936792b3800e,ef2d552ce98b63ab61c24c2e289dffcdc34f6bf628450b6562bbea5e4601bbc4,False,99,100,17,99,1.0,0.9,0.0,0.55
deepseek-r1-distill-qwen-14b,b9e317df6f71d14e177013c57587becf,94106033bbeb8ffd9e6630f2d949b575ca3a9621e716b6121d317878790096ee,True,25,26,16,18,0.7445255474452555,1.0,0.10526315789473684,0.5
deepseek-r1-distill-qwen-14b,b9e317df6f71d14e177013c57587becf,b4c3869a3078a87fb2e7741d80710491d579e1991bd1115d69e11fb29ba3be33,False,16,17,12,10,0.5820512820512821,0.9,0.09999999999999999,0.5986842105263158
deepseek-r1-distill-qwen-14b,bc3da8074eec813548bda5ec813b8a9b,8332067a5de07254705402a552ab8411922f03f36ff17e09e8962d187a4b9be2,True,58,59,16,15,0.22035040431266847,0.45000000000000007,0.19999999999999996,0.15000000000000002
deepseek-r1-distill-qwen-14b,bc3da8074eec813548bda5ec813b8a9b,99366890345f78363b02433b13aef30868f1561a76219af3548d88af0e40f670,False,35,36,18,30,0.8040201005025126,0.9500000000000001,0.050000000000000024,0.6000000000000001
deepseek-r1-distill-qwen-14b,bcac057435ccb3a54effa545db18a3d1,463e4d6570b7910bc47403849f08be2b36e51568e43e1be8dc3992ff576fb93f,True,101,102,62,96,0.9416792357968828,0.5947368421052631,0.052631578947368446,0.26315789473684215
deepseek-r1-distill-qwen-14b,beea037b8f8cec59caa352ec11f501da,2dcdd663b2da1d67645f7384769ff54bd2484d0f7850cc843e5703f9f14b5243,True,31,32,19,25,0.7906602254428341,0.65,0.050000000000000024,0.30000000000000004
deepseek-r1-distill-qwen-14b,bcac057435ccb3a54effa545db18a3d1,83f833e05b151f74af22c524fdb11db7300c32e36be379f8c5611b336a5e38dd,False,30,31,50,17,0.5492537313432836,0.9500000000000001,0.15000000000000002,0.6250000000000001
deepseek-r1-distill-qwen-14b,beea037b8f8cec59caa352ec11f501da,e0d65d06fea6b486edac78fe7241f2d6be94e917bc4ce6af39600a9c3f959298,False,29,30,18,16,0.4943181818181818,0.75,0.09999999999999998,0.4000000000000001
deepseek-r1-distill-qwen-14b,c13ba1d468ea408964a3ccd245638056,31000cb211ff3899b0da93d332a981d697bde4bed70f3fe181b009add778e113,True,20,21,10,14,0.6389548693586699,0.5,0.2,0.37222222222222223
deepseek-r1-distill-qwen-14b,c13ba1d468ea408964a3ccd245638056,79060cfbdae0da21a9d39a98091f83483804fb27ca059a691dac53ec88d218f6,False,29,30,13,19,0.6303236797274276,0.8421052631578947,0.10526315789473684,0.4921052631578947
deepseek-r1-distill-qwen-14b,bf8e15580571e5c3976117c303cf144e,d1aefd3a02753df68a09876712715d50d1d9bc15e5099425682d1aa3085030d0,True,72,73,37,67,0.8974197608558842,0.75,0.19999999999999998,0.5184210526315789
deepseek-r1-distill-qwen-14b,bf8e15580571e5c3976117c303cf144e,75a873bb84385013454f76cb321d520461e1235870c8992d1c6c140fdadaad0f,False,31,32,21,23,0.707492795389049,0.65,0.19999999999999998,0.4
deepseek-r1-distill-qwen-14b,c95386c8d35897f730a382e76e5ae272,4b8f45d70ee86b95a840842e2c8c142b47f5f943feeea62e6becba10ba4fc2e4,True,27,28,26,20,0.72,0.35000000000000003,0.19999999999999996,0.24999999999999994
deepseek-r1-distill-qwen-14b,c4ce6239240ed6d8489f1ee8bf9a4784,7f62af2be077978cd81dc34b712a8de25edb79d77ea97f95dd08ef2889819484,True,45,46,8,24,0.5232558139534884,0.4,0.14999999999999997,0.30000000000000004
deepseek-r1-distill-qwen-14b,c95386c8d35897f730a382e76e5ae272,a2963cc902fde55ee58cddffb3ac66ae3ff63c00b4a5e783ac973ccdf732bcef,False,101,102,23,26,0.2321637426900585,0.9000000000000001,0.19999999999999998,0.9
deepseek-r1-distill-qwen-14b,c4ce6239240ed6d8489f1ee8bf9a4784,e4d05f0cf5a2a7b4884b9c6349978d8fdd0022048e3e9db8cd615b9e3b340297,False,34,35,9,20,0.5303797468354431,0.7,0.09999999999999998,0.4750000000000001
deepseek-r1-distill-qwen-14b,cee4809157546a43546571ac67323953,bbe12bccaae394824ec6ca6ea39ea3d6b8d6daed7cc2fd104538351bee44cd60,True,29,30,4,0,0.0,0.10526315789473684,0.10526315789473684,0.0
deepseek-r1-distill-qwen-14b,cee4809157546a43546571ac67323953,2f4398d35e0e050a5ff9e5815b796810208507c473a696c5ceeeec927f2ddf95,False,18,19,3,8,0.43699731903485256,1.0,0.0,1.0
deepseek-r1-distill-qwen-14b,cc91c75860966ea7d69d7a716a857add,d76202ffb865662ead3f184d37960fd82f1280ac235823727fccf3e14b205db1,True,57,58,12,33,0.5485148514851486,0.75,0.2,0.55
deepseek-r1-distill-qwen-14b,cc91c75860966ea7d69d7a716a857add,584feb929fc3c023d4529a1cdd718f38a125b6da45dc9882ae1ccd477aadd2ad,False,53,54,16,43,0.8135021097046413,0.6,0.19999999999999998,0.5
deepseek-r1-distill-qwen-14b,d5242ac7089552f0687edd0e403512da,e19685f39a9b0397b90f8d823c81ce30287897997c3ca01c888e9c53fa3856b6,True,26,27,10,17,0.6934306569343066,0.85,0.0,0.55
deepseek-r1-distill-qwen-14b,d2a373fbe65bd86a11545430c5394c7f,1ca89db5f145cd26e130880dfc27c66158ec9fd7dcdb6e6ef63252e8a7f584af,True,55,56,13,53,0.9652076318742986,0.9,0.050000000000000024,0.5
deepseek-r1-distill-qwen-14b,d5242ac7089552f0687edd0e403512da,b94f2045dbcaffa453c779a9c205ef6e91c70776bccc2829d7f79547fc712f6c,False,88,89,13,88,1.0,0.8,0.0,0.4000000000000001
deepseek-r1-distill-qwen-14b,d2a373fbe65bd86a11545430c5394c7f,b42850e327673788c35b3bd4a4c00a302d25d4ccad81ba16ca0578e421da0dc5,False,37,38,15,11,0.27419354838709675,0.95,0.15000000000000002,0.95
deepseek-r1-distill-qwen-14b,d9520eadbc83f9f98a8fb0442b0a7acc,95e317db14a05210c846dfd577ba183a1a277b1fbba82523a15a362b0395504d,True,22,23,9,11,0.48878923766816146,0.5,0.10526315789473684,0.25
deepseek-r1-distill-qwen-14b,d9e1496466a6206a8617add56ddce386,6e9cd55839e48f7ba4db0045e8b900a2a2138c470c255fc3bf2db37cd5efb912,True,40,41,18,23,0.526595744680851,0.4,0.09999999999999998,0.325
deepseek-r1-distill-qwen-14b,d9520eadbc83f9f98a8fb0442b0a7acc,488da8c629e5ab9420778a8e739142817b4c3b73b6816e54737e38f6ecef3716,False,23,24,5,17,0.6849593495934959,0.7,0.19999999999999998,0.15000000000000002
deepseek-r1-distill-qwen-14b,d9e1496466a6206a8617add56ddce386,1306b39708e895ad28664b79ddf99fc2965a349e0aec30feb6045ecbacfbde9e,False,77,78,34,52,0.7115637319316689,0.8500000000000001,0.15789473684210528,0.65
deepseek-r1-distill-qwen-14b,da2bd7e45b94e13e1fb97126ca03fcc4,f96010c4b4b171eb5be1473926783e8469e76a633bc0feb3c1818a2c94d238f8,True,67,68,22,62,0.9276422764227642,0.5815789473684209,0.19999999999999996,0.33157894736842103
deepseek-r1-distill-qwen-14b,da2bd7e45b94e13e1fb97126ca03fcc4,ac1be2f0984f2cd94b8fd6803c8d7436dadd3316d4d566949f6116e4700e53c6,False,24,25,20,14,0.555327868852459,0.8999999999999999,0.050000000000000024,0.75
deepseek-r1-distill-qwen-14b,df37dd0f3c463be2b4787059b63a9028,0235271b9e084f9fc0d0470d71685dd71aca30dc10493b985a8c4d0c5c235020,True,70,71,32,66,0.9185303514376997,0.75,0.1,0.537719298245614
deepseek-r1-distill-qwen-14b,dfa32d028f082d978149d2633a2c8bf3,563d544e0360baf2d5e26f97958d413117d144ce9b09c946b6dc5aef7b1f7ea5,True,26,27,27,10,0.38434163701067614,0.5000000000000001,0.19999999999999996,0.19999999999999996
deepseek-r1-distill-qwen-14b,df37dd0f3c463be2b4787059b63a9028,1cb19894bc990166b31c11c3d74386ad3201f1d9e6a2f48ec6aacb34b1095882,False,39,40,33,37,0.9580777096114519,0.9500000000000001,0.14999999999999997,0.7500000000000001
deepseek-r1-distill-qwen-14b,dfa32d028f082d978149d2633a2c8bf3,e5c12214ef663f6d2a1c5b6ec4d5b90ceb12d62c2d553394b83a2057579b5db2,False,55,56,27,54,0.9721518987341772,0.95,0.17647058823529416,0.43157894736842106
deepseek-r1-distill-qwen-14b,e71511f59eb934d904d9e69b91fb59ac,1334a7a5464062fdb3c3bc5f9df394a6045f168ef3f0035041cb0b01e9474b5e,True,28,29,4,0,0.0,0.19999999999999998,0.19999999999999998,0.175
deepseek-r1-distill-qwen-14b,e71511f59eb934d904d9e69b91fb59ac,8125ee3f1cd37c37372bfe0e9ca2e473f66ab64d7c5ec6468007bd2db15a9558,False,23,24,7,13,0.5111524163568774,0.9500000000000001,0.050000000000000024,0.35000000000000003
deepseek-r1-distill-qwen-14b,e84545b4073db0c4d84a58b5f4243d50,004628bc9736dbce9cdadf782c41fdbbc8960d75bd5420f74fb8c700bbf3954e,True,71,72,6,49,0.6904588492352512,0.44999999999999996,0.2,0.20000000000000004
deepseek-r1-distill-qwen-14b,e84545b4073db0c4d84a58b5f4243d50,ad5a3126ceb60ff49e64300a35ee0cd2f1793f86ef2d937fa6e206cf0bbbda23,False,119,120,11,61,0.4879594423320659,0.6500000000000001,0.19999999999999996,0.6000000000000001
deepseek-r1-distill-qwen-14b,e9c3b2227f99155be055e871c23ef702,53e8a5614717d250f8e3276a478b48a8ee87a28d3c7b30f8dd9ca602f8cf6b80,True,42,43,11,28,0.691699604743083,0.45,0.19999999999999998,0.2
deepseek-r1-distill-qwen-14b,e9c3b2227f99155be055e871c23ef702,ac95af191c33cb6e23571ce1c189accef1e78a1fe17ccb8e29ec6b0c7e9549c9,False,53,54,13,26,0.4424489795918367,0.9,0.2,0.85
deepseek-r1-distill-qwen-14b,f31c3814e305d57f67bdcfac27ec4bc2,9dc6ce064e516dde7040b38f296d7e2b12ab7c367d5f3792f7c7ddd3c1597d71,True,38,39,25,32,0.7915234822451317,0.8500000000000001,0.19999999999999998,0.55
deepseek-r1-distill-qwen-14b,f03a4eea989b069fe918734d9e1c2644,b97fb20d7ae216574817ba5bcdadb8a1d89e969797904529e4fd55a03a53caba,True,81,82,29,56,0.6319599109131403,0.9000000000000001,0.2,0.6000000000000001
deepseek-r1-distill-qwen-14b,f31c3814e305d57f67bdcfac27ec4bc2,aad7b40be83afbb7b31299cb9640ce9d954d0729873c2f4a7442739ad4e3f56d,False,28,29,30,21,0.7426810477657936,0.9500000000000002,0.19999999999999998,0.7000000000000001
deepseek-r1-distill-qwen-14b,f03a4eea989b069fe918734d9e1c2644,8b49b9b74fb8e37871fb2dadc65d629fb702e681775a0212a05d62546a1614df,False,81,82,51,76,0.9279228149829739,1.0,0.19999999999999998,0.8
deepseek-r1-distill-qwen-14b,fa3f1534a8d672e364f916665953a826,ced8cd87a7163a6479df7d43bc38bf5fc98034d067c0954da13cbf3f7ce13305,True,22,23,19,16,0.6968503937007874,0.4,0.15000000000000002,0.25
deepseek-r1-distill-qwen-14b,f448710697f1d3734fbc187ad15c748c,c53115d7c6a1ac45535b2cb05749c583ef95df253680c0ae4c8d2195202f9cc2,True,45,46,16,44,0.9708222811671088,0.8500000000000001,0.19999999999999998,0.4
deepseek-r1-distill-qwen-14b,fa3f1534a8d672e364f916665953a826,1db50376e0f09cc44f73ec4d6e86e4339c77f57b172b0da182e34ef3dd9730c1,False,29,30,25,29,1.0,0.95,0.0,0.25
deepseek-r1-distill-qwen-14b,f448710697f1d3734fbc187ad15c748c,6e7ea24d41636c0d6b24031d9509eba55cdef151e97803652f6255246d67f6f5,False,43,44,16,34,0.7922535211267606,0.9,0.14999999999999994,0.4
deepseek-r1-distill-qwen-14b,fb9fdfc495c899901c9c864e13bfeaff,96f36fcf2b07253489263177b2a69372a9f4cd1cda469a4274bbd50e82d1345a,True,28,29,2,9,0.3140495867768595,0.85,0.11111111111111113,0.7736842105263158
deepseek-r1-distill-qwen-14b,fb9fdfc495c899901c9c864e13bfeaff,863d5a5ae3698b3d5c6ef2b0e90dc6c2bab149f69561d22c6a2d86a5ef639153,False,28,29,3,12,0.47283702213279677,0.368421052631579,0.09999999999999999,0.21052631578947367
deepseek-r1-distill-qwen-14b,fc75c4214c86972be10f49fa2b6b58ee,7c8334ed48a23a23477a0420a96559a0c9ca7e027c1c001207e502263e6c9144,True,34,35,18,16,0.41216216216216217,0.25,0.2,0.15000000000000002
deepseek-r1-distill-qwen-14b,fc75c4214c86972be10f49fa2b6b58ee,a1a15fb8587fbdf574b6c8b146e149ac1fbbc84f1e93227973974c5170e58c07,False,32,33,20,29,0.881491344873502,1.0,0.09999999999999998,0.268421052631579
deepseek-r1-distill-qwen-14b,fdb1907f7938f5641e21a14cd72d5adb,978d2c058622d87fba2e0e951c4a5e95fbaf58250b33d0e88f163d70f4b1a4e6,True,40,41,15,22,0.5434298440979956,0.85,0.19999999999999998,0.7
deepseek-r1-distill-qwen-14b,fdb1907f7938f5641e21a14cd72d5adb,03a9342afb6ce45e168c620181916e130fb4b0b3f44cdcf8ed730aff184fb5eb,False,47,48,13,27,0.5436013590033975,0.85,0.15000000000000002,0.7000000000000001
gpt-oss-20b,0148cedaed162d8c1591e7dad5de6dec,cab974e1c65be47cb08acb6fff44408c486b077a4d269e0fa3d13fed2ab45198,True,23,24,2,1,0.12027491408934708,0.25,0.11111111111111113,0.25
gpt-oss-20b,07dbd8eabfba4b1d9d665331dea90335,26147f42c68f1fe01382789fe26bf6c84dd585b163a5fa28cd5d81ebe681995f,True,37,38,7,21,0.5480649188514357,0.6,0.052631578947368446,0.33684210526315794
gpt-oss-20b,0148cedaed162d8c1591e7dad5de6dec,34cb71f44e5694f1f17d37f9e1d5a256f1160f19c2881538b23b67fe3c7db2f7,False,58,59,3,8,0.15905511811023623,0.8947368421052632,0.1921052631578947,0.7894736842105263
gpt-oss-20b,07dbd8eabfba4b1d9d665331dea90335,0d3fc8b55643fde0094d3e401edea33d1386c4173ec519a702906990425e2433,False,30,31,5,6,0.22395833333333334,0.65,0.09999999999999998,0.6000000000000001
gpt-oss-20b,14a87d69ccc079d85a0f5d57dc4a7bdb,c58297f4817a0ae94cba79af2dfd3a72f0986e0f7f302b1c0d1363e56f79b354,True,29,30,8,3,0.13398692810457516,0.8,0.19999999999999998,0.7999999999999999
gpt-oss-20b,0a50a7f439c2c0e933b8132ed7650075,442d03d6e67c557341acb110a795ce0d309e26579d5051851431ba3913c0bc19,True,37,38,3,2,0.10633946830265849,0.20000000000000004,0.09999999999999998,0.09999999999999998
gpt-oss-20b,14a87d69ccc079d85a0f5d57dc4a7bdb,e3670fbe293f20ac35a945edf492aa6bc673181d989a865febc41289fbff8ea1,False,71,72,6,36,0.5631364562118126,0.65,0.15000000000000002,0.25
gpt-oss-20b,0a50a7f439c2c0e933b8132ed7650075,e919eee5675823ea1b6b14e1293589e406dd1419babafeaba214d83569e6111d,False,79,80,5,70,0.9167340339531124,0.8,0.15789473684210525,0.4368421052631579
gpt-oss-20b,0a3c768a49d4110f6c1604ace9951ee5,9b2b64206af3bd50a15f2b1f8d8df9e87fb326ce418ffe587380368ebd9a6835,True,100,101,8,91,0.9375,0.8421052631578946,0.19999999999999998,0.7368421052631579
gpt-oss-20b,258c0f33efb3e637962b4ea8f6971d09,e12b10f87d5dbd563dcadae3e710196771d535eff70b977a962fb961589cc0e5,True,69,70,12,31,0.43427230046948356,0.9,0.15,0.75
gpt-oss-20b,24686977bb5ff6eaee7dac452c92c4be,1c24e36ee9fc57da6a684917eb79af999765ecbb9a6474164e5a31c69ed2a366,True,146,147,8,143,0.9829914957478739,0.6000000000000001,0.15497076023391812,0.32105263157894737
gpt-oss-20b,0a3c768a49d4110f6c1604ace9951ee5,27ba4b9cc54c0096c11b22846834ccca3c715ad992a284ec578becf5ca24e4ad,False,138,139,8,36,0.29352972119936876,0.8888888888888888,0.19999999999999996,0.7388888888888889
gpt-oss-20b,224470287933cd1645a9c37f922eb1c8,74b4621860176eea6032e4dfdd280e991c1690e24ae6c510b4a1e64a0b368152,True,35,36,5,1,0.013119533527696793,0.2777777777777778,0.2,0.2777777777777778
gpt-oss-20b,24686977bb5ff6eaee7dac452c92c4be,602f557c918ef789345af1576e909f7f951575b8e20fc2d2ae41c2726b21b781,False,194,195,10,192,0.9909433962264151,0.8,0.1812865497076023,0.5999999999999999
gpt-oss-20b,258c0f33efb3e637962b4ea8f6971d09,12115ee07ba92549d68649825b6dd7aa734dc55c71b2802d15075036b7820b74,False,216,217,14,195,0.9078479628110473,0.9500000000000001,0.16666666666666663,0.7
gpt-oss-20b,27f2b910c19b40bb9f36ce9a3a8909af,a1b7d8c2278c0fd8abe37ce587f28fdbf548666b10c85e4fefbd7194319e77a0,True,76,77,11,46,0.5647058823529412,0.4210526315789473,0.1631578947368421,0.2587719298245614
gpt-oss-20b,2600ed7d2340c964a027e94ed65d75f2,6718c1abf4415282a5b07b19865dd9e7968c6eb51ff68277f308a37b843ea452,True,191,192,8,148,0.8234005258545136,0.5789473684210527,0.14999999999999997,0.42105263157894735
gpt-oss-20b,28891dd6ff7aaeaf92456def52f81530,0c2dfbe1212233d4c00064b0bf4270325419ffa9a2360fefe34e30aa666a2edf,True,183,184,24,96,0.5556328233657858,0.42105263157894735,0.2,0.26578947368421046
gpt-oss-20b,2600ed7d2340c964a027e94ed65d75f2,cbfe0207f85736945ec8a92e13ac06680c3122060a55c9787899c7ad45cc35ae,False,138,139,8,135,0.9857904085257548,1.0,0.055555555555555566,0.3973684210526316
gpt-oss-20b,3544e050c3ae29b6422ea56dc506cd8d,963753210000a4e1f72e748f97f531de15cfeeb3dbc05ae2c17fc75435d15356,True,114,115,8,106,0.9536388140161725,0.7,0.15000000000000002,0.30000000000000004
gpt-oss-20b,28891dd6ff7aaeaf92456def52f81530,565c3d5662fd41d3c85ecb57cf263ebdcc2278e26ebbfed6cdb3eaf5c11d21f5,False,93,94,21,79,0.8732649366324683,0.6500000000000001,0.1921052631578947,0.25
gpt-oss-20b,34f92cdb48573ee3ec1837da4f60ff3f,37b14114a333c246d27a57e5eeb2aecf18be078e7a97dd03e4432186dbdf0016,True,47,48,9,38,0.8045007032348804,0.8,0.19999999999999998,0.5
gpt-oss-20b,3544e050c3ae29b6422ea56dc506cd8d,6784ff057004402a92a5a39f7acaf369ee29cd4d6a8855d170fc47ea5edd4be3,False,78,79,8,74,0.9520137103684662,0.8421052631578947,0.19999999999999998,0.4855263157894737
gpt-oss-20b,34f92cdb48573ee3ec1837da4f60ff3f,01ee87246cc9b362311e251f5eb877f3bee90aee73689d91e1c608e52de66703,False,124,125,14,107,0.8756371049949032,0.5263157894736843,0.2,0.2657894736842105
gpt-oss-20b,40548af835e36bf1d06c74be11ea5d70,91e813708505b5cf7fdfc3f138456309c0eb700794f78389e0d9e3f24c9b79d1,True,60,61,7,48,0.849502487562189,1.0,0.19999999999999998,0.6862573099415205
gpt-oss-20b,40548af835e36bf1d06c74be11ea5d70,1fb98543310ee55aae67ef28720fe66f0af47f37963667f9207b0df42816bbbe,False,11,12,6,3,0.44495412844036697,0.4,0.050000000000000024,0.4
gpt-oss-20b,392e2a9bea699b47177b6179d80b2b23,fbefb1bfadeead840f5718d093833825dc944808151353ad00b27402f4901f91,True,130,131,10,111,0.8547378547378547,0.7973684210526315,0.2,0.2891812865497076
gpt-oss-20b,47601c56544121804558b55dbddc694b,c17af6163787e8bd9173608bdf051346ce451e29eac35425a32a9eccee5eae76,True,152,153,11,135,0.8886138613861386,0.7,0.15000000000000002,0.35
gpt-oss-20b,47601c56544121804558b55dbddc694b,423ded574379a46881a2d46d54c5a36d483be3cec96a8221843875f37a7e799c,False,68,69,12,65,0.9740361919748229,1.0,0.16666666666666663,0.5921052631578947
gpt-oss-20b,3ffd64fa59b0f373586831b18ec69d1f,3d3bae53b7639507309308b15be86e3bdd562edc38faf88f8a490cfe611c0b90,True,240,241,6,237,0.9835866261398176,0.65,0.16052631578947368,0.33684210526315783
gpt-oss-20b,392e2a9bea699b47177b6179d80b2b23,fb30dd291524c3d5d413bc7b80bf5ecc14bc096d040738843641091bdc159ac5,False,268,269,19,246,0.9386782231852654,0.9444444444444444,0.19999999999999998,0.49444444444444446
gpt-oss-20b,4d6344707f7581b02e4f545c4d51d472,70c10bd245850bb08d05221fa281a84c8569c451d59c82853cd692ca641055e9,True,55,56,3,49,0.9119010819165378,0.75,0.052631578947368446,0.19999999999999998
gpt-oss-20b,4d6344707f7581b02e4f545c4d51d472,ff0b2cb96967c2958ac387c5da40947605b989baa089dc26da04cec9c8d01d24,False,38,39,3,5,0.15514018691588785,0.45,0.19999999999999998,0.42500000000000004
gpt-oss-20b,3ffd64fa59b0f373586831b18ec69d1f,d43f3adb4adb1b20578cdaa55fdee7a1276172049c2728a0862cfdb4654f219d,False,109,110,5,88,0.6985611510791367,0.9,0.19999999999999998,0.6368421052631579
gpt-oss-20b,42657169f520db24ecd36735fa5fcd7f,0024b365d5ea1374d265690f32f22e8f14b626e30d15020215bfb1c38e26a97e,True,149,150,6,106,0.7038261691072272,0.9,0.19999999999999996,0.45000000000000007
gpt-oss-20b,5e08bb89aa461993e01a5790857ce599,5a79eb90eecc9650546d540549053ef9dac6632051d23047c9d53c3b9446501c,True,41,42,7,29,0.6895368782161235,0.9999999999999998,0.19999999999999996,0.44473684210526315
gpt-oss-20b,5e08bb89aa461993e01a5790857ce599,27d6c34d9da04377f474961363171502c01e554a3e73cc688b5aefb7ab1a8235,False,97,98,7,97,1.0,0.9473684210526316,0.0,0.5473684210526316
gpt-oss-20b,46f5a66a841fae109fc92ccdb9448abe,f3ce225c01564d489f475adbf955a751ed38250460c12c489a94769a0e909d1d,True,91,92,7,66,0.7486772486772487,0.8421052631578947,0.19999999999999998,0.4421052631578948
gpt-oss-20b,46f5a66a841fae109fc92ccdb9448abe,fe93713644c4b7ad29458785be945d8ee1091cf2c001ab197e7448c36890d257,False,93,94,6,21,0.21435142594296228,0.6,0.2,0.5
gpt-oss-20b,48d8738209cbe3d0f3490417e6c37914,d749b0e15c1d61d8a1e27c6df371705272ca10ebe22339ad4a800444ac574bb2,True,91,92,13,60,0.6959544879898862,0.45000000000000007,0.2,0.25
gpt-oss-20b,48d8738209cbe3d0f3490417e6c37914,f88c313b315cbdc97ada2e3550c2e7fdb4b34bf962d3f3a6a88bc8e85e9b4b42,False,81,82,12,57,0.7373029772329247,0.9473684210526316,0.15789473684210528,0.6973684210526314
gpt-oss-20b,4abc3a40659612c935b6036cf7018466,d2269d953ba39d2fc365b07657b9e65b55820dd623bc92b0b4aa4c8e9e71fd35,True,106,107,18,27,0.21875,0.29444444444444445,0.19473684210526318,0.2
gpt-oss-20b,4abc3a40659612c935b6036cf7018466,21f30cc5bc7bc91866f8aefa4f9a62674f71825c5917ad910cb0e55118cc01d2,False,32,33,5,8,0.2706611570247934,0.9,0.09999999999999999,0.85
gpt-oss-20b,5355d6e5738c1e76aa8f1441131c9295,aa567fec730c76c725bba23106684369a41fe4b89ec8826d98572ec6a2e89e23,True,116,117,3,0,0.0015982951518380393,0.15789473684210528,0.15789473684210528,0.15789473684210528
gpt-oss-20b,5355d6e5738c1e76aa8f1441131c9295,c2d78c9c4f4d160de27c5786324c82dc06e7a91197b2acb739da7c1842d4a88d,False,96,97,6,87,0.9085677749360613,0.6,0.14444444444444443,0.2416666666666667
gpt-oss-20b,69e678eb784186f4820bb4b3d48b33b9,f3f726d80d26f714d232d1ed41c87c2170bca026c6c468941e25b5e794ce464b,False,309,310,23,285,0.9265977641847711,0.8000000000000002,0.2,0.6447368421052633
gpt-oss-20b,5bebb5ccb1b21ef642e37fb57088d0af,619474333135ea654aa2aa39420f878661e2a102929a03e581d99444d8162271,True,95,96,17,87,0.888457269700333,0.75,0.15000000000000002,0.29999999999999993
gpt-oss-20b,5e7abd32af948047598121dd03ac97b6,352a6ea1fc3a9035e3d2e6c4c0e889028d6f4ee47587e746bcd3b60d8707c206,True,155,156,7,132,0.8712401055408971,0.55,0.15789473684210528,0.25
gpt-oss-20b,719442a3ee1c00332a6b77c30ce987cd,7e21c344f9a91c1ffab2d279990f624c4b5a8b72123a56fca9792030f9d8114b,True,49,50,8,19,0.4044368600682594,0.8,0.19999999999999998,0.6000000000000001
gpt-oss-20b,633420a679153f203fc61a88a953629e,5ed6f015438981f1515f0c3c9b3dd53fa6ec85cd221fe2b691d8ed8bb67ee982,True,51,52,5,10,0.2772808586762075,0.25,0.19999999999999998,0.15
gpt-oss-20b,5e7abd32af948047598121dd03ac97b6,531322c787ee3a565e6655cd62e82dafed018e0d9d44ab1f79ec9f5a29e1fdd9,False,56,57,6,44,0.8427876823338736,0.4921052631578947,0.15000000000000002,0.2
gpt-oss-20b,719442a3ee1c00332a6b77c30ce987cd,a3b2d6a2e4b30d150d6a6ca3f4a70cdc1b4b9a2bd1a6b8452d02e62a870a3de0,False,31,32,3,7,0.21670428893905191,0.4736842105263158,0.052631578947368446,0.4736842105263158
gpt-oss-20b,633420a679153f203fc61a88a953629e,28acd02fb032ad09303be7c62a78e3c933c5a74310f7cecc858266547893eb92,False,72,73,8,63,0.8688118811881188,0.9,0.16666666666666663,0.30000000000000004
gpt-oss-20b,6cae95de019b8b107893b29e2418ab4a,39b121b93bd51cf97b7a2ab1fd8a781b922fe8250d7b6ba3780fdfb838b8a906,True,32,33,8,21,0.757455268389662,0.7,0.16052631578947366,0.45000000000000007
gpt-oss-20b,6cae95de019b8b107893b29e2418ab4a,29a5b7278de3e4bd08955301dbd43fc85cd7d32d165d1f3bb86eb4c186b33435,False,19,20,6,6,0.4631578947368421,0.8999999999999999,0.19999999999999996,0.8
gpt-oss-20b,711f389c59ebfcb9eb04d37c86efae77,2eb138eefa10ec364c88bed46204543d7dd24b59b31b454a2070b4471a978a56,True,75,76,11,15,0.2036036036036036,0.7500000000000001,0.15000000000000002,0.7500000000000001
gpt-oss-20b,85684e0c092976faa0b788ef96b0a1ff,37be0387b1b1e54333f40b78b3164951f28a505b46f7e9d7a7a6db3868ca317d,True,74,75,3,70,0.958204334365325,0.5,0.15,0.25
gpt-oss-20b,85684e0c092976faa0b788ef96b0a1ff,d50a4b05d5cfca6ef997000b2e57e3b7a4781b06a09ce925516983df5659ae5d,False,26,27,4,18,0.7780612244897959,0.9473684210526316,0.19999999999999998,0.5789473684210527
gpt-oss-20b,711f389c59ebfcb9eb04d37c86efae77,8ffaff282bfd361f1a87c7c400b155b9ec6c6b8f55146d0f7f926cfdb8be38e7,False,120,121,10,54,0.41318681318681316,0.55,0.19999999999999998,0.4
gpt-oss-20b,8c88e2f998f2ec7a396f40c6d5452b84,19d36ab946da7c632aa72b2bb1906893b00883e188941b88bee3354d89d969fc,True,27,28,5,11,0.6459510357815442,0.8,0.1921052631578947,0.6000000000000001
gpt-oss-20b,855d2426bc87f84b919fa59d39097374,277f0530c44c484da7b89f1c8ead74080caa3c19e3c5b26a9e458338c819204d,True,39,40,3,33,0.86892177589852,0.85,0.19999999999999998,0.35
gpt-oss-20b,839d5849b985de3b732f197086218847,535040321b7a8a148b74737f2a1ea85ef7976ef02f4f4b8be3f2689b207953d5,False,108,109,9,80,0.740316421167485,0.4421052631578947,0.19999999999999998,0.25
gpt-oss-20b,8c88e2f998f2ec7a396f40c6d5452b84,8d0d1fc55502bed6fabdcb40b03577940c3fd5da41effc04ea420df380fb664e,False,103,104,6,96,0.9441920830629461,0.65,0.19999999999999998,0.24999999999999997
gpt-oss-20b,855d2426bc87f84b919fa59d39097374,37ecb12c2bbecca2c6e5696009874e2b93074e206323b2510ed393a15053e386,False,57,58,3,35,0.5938803894297635,0.6421052631578947,0.19999999999999998,0.15
gpt-oss-20b,967834058a7e6f5cb903d6d983ecba7e,ef40e622fc08223fa60ae2c83188be7b414bf9b5d560e19128062f1c18d5116c,True,52,53,9,51,0.9779310344827586,0.8999999999999999,0.15789473684210528,0.29078947368421054
gpt-oss-20b,967834058a7e6f5cb903d6d983ecba7e,77517a9931b5cb2eff291beceab201687a0ed15cb1c0a75f51cebe4cefed6cf9,False,43,44,7,39,0.9267822736030829,0.581578947368421,0.09999999999999999,0.23157894736842102
gpt-oss-20b,8b5ae4c8982f0b55e7334ff4117d6a4f,c340e9570b89bd0f827a5bca4909be9d3f65a0320340c84f711fa2fd28a448ef,True,51,52,6,51,1.0,0.7447368421052633,0.0,0.45
gpt-oss-20b,8b5ae4c8982f0b55e7334ff4117d6a4f,a249d278a6dc61338cd981b78c66658e7912e552c7b7148b0db3682ad7e2102f,False,67,68,7,62,0.9533213644524237,0.85,0.15000000000000002,0.3
gpt-oss-20b,9d8432d3b13c02fb04b55e0a74c6c063,b6fe8abdf129c4d245986cdec61d7cee370c8f9ab26e3c76907b9a3dc8b60533,True,119,120,9,0,0.0018259281801582471,0.14999999999999997,0.14999999999999997,0.11111111111111113
gpt-oss-20b,88537bcf54e128709d3d84d9a954aa6f,aa5e6cdeaa2e7e98eef7af713ec9ab08192032a3e2834ac4dcf0cf6afcdffec5,True,261,262,17,252,0.9670243391782256,0.5,0.19999999999999998,0.3973684210526316
gpt-oss-20b,8e99e185c9670ed801211fba5a2e93f9,6d3f29eaaa14da694ae03ef821d2f586a0fbb3aa05c7d17c8a3ed325cafc9667,True,34,35,7,21,0.6300675675675675,0.25,0.0,0.17368421052631577
gpt-oss-20b,8e99e185c9670ed801211fba5a2e93f9,acc602cbaf4c09b6dbc4b00d9bf38be86644e88425af6059342b2214cf817385,False,43,44,3,4,0.12655601659751037,0.9000000000000001,0.15000000000000002,0.9000000000000001
gpt-oss-20b,88537bcf54e128709d3d84d9a954aa6f,a3fefee18ef47e234c608be7bd8d1871304378140ad00dc1223d3a52ae4cbf55,False,137,138,16,134,0.9766397124887691,0.8947368421052633,0.09736842105263158,0.3236842105263158
gpt-oss-20b,9d8432d3b13c02fb04b55e0a74c6c063,2db84af8d9952e563a9b550a4282a47e6cd9dc4adc9d6b95175eee706838b590,False,220,221,18,219,0.9935138183869149,1.0,0.050000000000000024,0.3710526315789473
gpt-oss-20b,8d4129f4074a7419ef8017429041fac4,01ab17f0fc389cd28475411bc9b52fc24cbfb2f6bef79894008248b138c03ab0,True,60,61,5,29,0.5024630541871922,0.55,0.10526315789473684,0.3736842105263158
gpt-oss-20b,8d4129f4074a7419ef8017429041fac4,89a77b1d5ef5b04259c5380fec56ec71413f394e948af94fb93619b7cded4d75,False,47,48,6,26,0.5365296803652968,0.8,0.15789473684210528,0.49999999999999994
gpt-oss-20b,9c22e95143200153a9b0c049452517e1,14b634c516ce10a2309149e5bd0f2ccdadf1c8c2017d01db1cb8c7b9f9ceaa5c,True,107,108,9,104,0.9722991689750693,0.44999999999999996,0.2,0.25
gpt-oss-20b,b1e59a85b6e9c1e020d2392193d668fb,a075137ab878cc1c26d7acac18fd04c1527a645856b3b77e0598cf0e569fb0ae,True,83,84,12,79,0.956386292834891,0.7,0.17631578947368423,0.4
gpt-oss-20b,99056c3c2db73e4929ee1df107d73688,68a7096ee44919edd852a5f8c81d04f3f72170f9e85e0bda2e0b07e50831f8d4,True,85,86,6,37,0.4001743679163034,0.368421052631579,0.2,0.19473684210526315
gpt-oss-20b,b1e59a85b6e9c1e020d2392193d668fb,84dbb51db98fb176709d2ebecfe9528d1fbf9ab2e178d264fa4caef5fab98e0a,False,141,142,10,92,0.6723800195886386,0.9999999999999999,0.2,0.6999999999999998
gpt-oss-20b,99056c3c2db73e4929ee1df107d73688,8d904b06a55fe290acd36085f5d27db2b6370ad4559ba1539ded9b2a6510263f,False,109,110,6,100,0.9151689432063264,0.39736842105263154,0.19999999999999998,0.09736842105263156
gpt-oss-20b,b9e317df6f71d14e177013c57587becf,e582900ea5ce0717d7dcb5eeb42764b2870460fac4edefe813f07e69091e8af6,True,15,16,3,2,0.2125984251968504,0.4,0.15000000000000002,0.4
gpt-oss-20b,9c22e95143200153a9b0c049452517e1,e5b21b2235f9838db49c605a9ef3816059e6a6093d343e520b3f4b73cc5a853c,False,243,244,12,236,0.9754175858808698,1.0,0.19999999999999996,0.25
gpt-oss-20b,ab0226a3a9dc01c8c9b91a47198bed63,02b934286a66b738d47694f4e23caf6c8753befc9a6d5e5be5ccfb18cd7cbdc0,True,36,37,4,19,0.6162280701754386,0.8,0.19999999999999998,0.543421052631579
gpt-oss-20b,b9e317df6f71d14e177013c57587becf,730548b31e151edcfde9639fbaadcb52972a7224705b84c5a66e31bf6a06f207,False,16,17,2,5,0.3472222222222222,0.85,0.15000000000000002,0.85
gpt-oss-20b,ab0226a3a9dc01c8c9b91a47198bed63,b8cf07c622f91482623620510f19181e8532a24fda4702f83c75675e2823ba44,False,107,108,7,104,0.9838160136286201,1.0,0.15000000000000002,0.35
gpt-oss-20b,ab944ef1e6f39bfd785f38954f9458c1,d748dc38318d7a3b0caa0a3dbe7e68ab14ed82cd7b9ac8f0fb313167bdc56fa5,True,48,49,12,41,0.9037656903765691,0.8000000000000002,0.19999999999999998,0.2421052631578947
gpt-oss-20b,beea037b8f8cec59caa352ec11f501da,478cf573bc7a05f0dfb739593ead991ecc127c437fa70756e57b3daa3eafc30e,True,61,62,11,54,0.8995901639344263,0.736842105263158,0.15789473684210528,0.4368421052631579
gpt-oss-20b,ab944ef1e6f39bfd785f38954f9458c1,e0c03b428e6a24878e5cf2d8fd1ba8e9971c12f8cfbe389f2a67617fe835734d,False,40,41,4,7,0.1673582295988935,0.3,0.2,0.19999999999999996
gpt-oss-20b,b2b6765627a78f61fac9ba35346d7b1d,b042057970171d07f9abca42d9b8eb2ce9b9eb7c5186256da2d99893680f33ae,True,80,81,18,56,0.7407407407407407,0.631578947368421,0.2,0.5315789473684212
gpt-oss-20b,c150008220a1497832471d8e8d4e2edb,739b7605ad1b91cc8101469e990073135fa1ba6bb7236094ffcdc2042eb7124e,False,47,48,9,47,1.0,0.85,0.0,0.7
gpt-oss-20b,b1e9764076e3a29c4c3c4738b878b57a,838672256415023951c11f0d497269c3b05cb13841ea0dac9fcdfb161f9f1af8,True,202,203,38,178,0.889153349200952,0.9473684210526315,0.2,0.4342105263157895
gpt-oss-20b,cee4809157546a43546571ac67323953,23e00a30d05deef2e70125ae783d972e1e9202bb97848e2a3412ef9880d037e2,True,41,42,5,6,0.16984732824427481,0.85,0.09999999999999998,0.85
gpt-oss-20b,b2b6765627a78f61fac9ba35346d7b1d,e5a36505b67d6e68357d4a75d881de284a85dd5cb36099e485927641e63d1c06,False,140,141,21,135,0.9825648973266176,1.0,0.15,0.6499999999999999
gpt-oss-20b,cee4809157546a43546571ac67323953,741e80967b0bffdaf7bd02be699a4d8472b14d2a93e5556921d9727618ac9b1f,False,34,35,6,10,0.2560386473429952,0.5,0.15000000000000002,0.30000000000000004
gpt-oss-20b,d5242ac7089552f0687edd0e403512da,7bd1420abff96b9ae8d69551b37407ee48405532c8ae3331615924add03ce0fb,True,51,52,9,8,0.14556962025316456,0.35000000000000003,0.19999999999999998,0.35000000000000003
gpt-oss-20b,b1e9764076e3a29c4c3c4738b878b57a,ea6a1013a899a1b530a1a459655b600d0805f49a7f4dfb3e429fec34521b165a,False,250,251,41,191,0.7615727830451757,0.8823529411764707,0.2,0.47352941176470587
gpt-oss-20b,bcac057435ccb3a54effa545db18a3d1,61e05244a98c2d3ee06a2933d1370d407376eed508969b0499d68ffb62d110dc,True,64,65,9,0,0.0029644268774703555,0.19999999999999996,0.19999999999999996,0.09999999999999998
gpt-oss-20b,bcac057435ccb3a54effa545db18a3d1,8ce35f98e09a6286d3090b23b696956cd99473be4638dbdf4662996e7f52a002,False,185,186,44,184,0.9968264043160902,0.9,0.0,0.3210526315789473
gpt-oss-20b,d5242ac7089552f0687edd0e403512da,acf8ea31f8c0f12ab27461ce09a8d9ac30738d4eead8f89e359c905cde86bf2d,False,286,287,15,272,0.9604825291181365,1.0,0.19999999999999996,0.4
gpt-oss-20b,c13ba1d468ea408964a3ccd245638056,8c824b082288ba7eb2f1600af71f41637d259e76837872952eb83f0578aa7dd3,True,24,25,2,13,0.6169590643274854,0.4,0.09999999999999999,0.275
gpt-oss-20b,c13ba1d468ea408964a3ccd245638056,a8884a46188a52caace6db15d91383a164ca423b7166c5b43ef072c155da0f23,False,21,22,2,11,0.6367713004484304,0.6,0.19999999999999998,0.4
gpt-oss-20b,da2bd7e45b94e13e1fb97126ca03fcc4,a80c4e25d0a46a44d3374ab1e5639c9d45bfa314c9c5939d5433a46dafe73e08,True,49,50,6,34,0.7658898305084746,0.5789473684210527,0.09999999999999999,0.42105263157894735
gpt-oss-20b,bc3da8074eec813548bda5ec813b8a9b,3d8a54ea771a77ebceb1d8f208ca7796bfcbd6f8e28cd58700a53be922d529b8,False,165,166,6,161,0.9823008849557522,0.9473684210526316,0.17647058823529416,0.14736842105263154
gpt-oss-20b,da2bd7e45b94e13e1fb97126ca03fcc4,8c3378ea5fa611dfbf58f6a12ebce550b1b68b3137ff1a59ccec562d3cea8419,False,28,29,8,4,0.14575645756457564,0.44999999999999996,0.15000000000000002,0.44999999999999996
gpt-oss-20b,bf8e15580571e5c3976117c303cf144e,cdbb808fba92cab4a2f4d9f4ab5c462dd183766353c06b4dacd3d7fc01b232aa,True,38,39,26,33,0.8841567291311755,0.6000000000000001,0.19999999999999996,0.3736842105263158
gpt-oss-20b,ead218181cb76fdbdefd5ea17e01be5b,f6ce89a16a872d1b46a74c5b3fd81359196abea117820fff38c5c945e5cd8a28,True,33,34,13,31,0.9449838187702265,0.7894736842105263,0.10526315789473684,0.2394736842105263
gpt-oss-20b,cc91c75860966ea7d69d7a716a857add,271c2983e7357a56205075b688e00cc58a909ee701d248b924e8ef021402ed3b,False,57,58,6,4,0.07976878612716763,0.33333333333333337,0.19999999999999996,0.2833333333333333
gpt-oss-20b,bf8e15580571e5c3976117c303cf144e,a5497c854e13246a15c6130b4bd2b18bae27bf56fcc223ba2b94c440305e73d3,False,95,96,27,86,0.9238776837996097,0.95,0.15000000000000002,0.5
gpt-oss-20b,ead218181cb76fdbdefd5ea17e01be5b,dc135879e2c3df146c3fc33ac7ad29c97843f80d6e9c15fe7071482c40d5a7aa,False,52,53,19,31,0.61795166858458,0.9500000000000001,0.15789473684210528,0.7500000000000001
gpt-oss-20b,d35ff55eca6c7f6db36a73934025f3c5,8eaba85069895d5709890dfd1a3460734a9a05ea6264de3894c853466ca28d64,True,15,16,3,7,0.319672131147541,0.30000000000000004,0.0,0.30000000000000004
gpt-oss-20b,c95386c8d35897f730a382e76e5ae272,3446ec7a645805e850bf8dca38054a90bf4e53c104856410843da37cc06462fe,True,28,29,3,0,0.00974025974025974,0.050000000000000024,0.050000000000000024,0.050000000000000024
gpt-oss-20b,c95386c8d35897f730a382e76e5ae272,6e8dd66ec743a009bc7f4976c260086362999636950e415160a31437d309f587,False,71,72,9,69,0.9843234323432343,0.9500000000000001,0.15,0.24999999999999997
gpt-oss-20b,d35ff55eca6c7f6db36a73934025f3c5,67c6940de80beec27f7afa11e397ca1da2ce44f10ca84ad363fe5709db6f364f,False,124,125,5,88,0.7284020327498588,0.8421052631578947,0.19999999999999998,0.6368421052631579
gpt-oss-20b,d2a373fbe65bd86a11545430c5394c7f,f152c73c8d1a5237734226f8c24928ae2514db8b9c3bad982256001e91f3a926,True,69,70,3,47,0.6794717887154862,0.6921052631578948,0.19999999999999998,0.23684210526315788
gpt-oss-20b,d9e1496466a6206a8617add56ddce386,bae892aea3bbdb06836f80ca12b93cd3b220149ba11cfc2d9e7d1be1264e68eb,True,99,100,10,95,0.9611499611499611,0.8499999999999999,0.050000000000000024,0.25000000000000006
gpt-oss-20b,f5479a460521f2a3b96e7924882b06d9,fa36c45f6f72a79a69842644bf1ee78d4ba4ecf28388884d165a1633f96e718f,False,180,181,19,180,1.0,0.9,0.0,0.6210526315789475
gpt-oss-20b,d2a373fbe65bd86a11545430c5394c7f,9ac817f5bc5b036136fcda49bd9815cca78b871e888023756488f6a126c626d9,False,113,114,3,79,0.7378984651711924,0.6,0.2,0.3
gpt-oss-20b,d9e1496466a6206a8617add56ddce386,141678a05a3407cb3561912a013514b4e186d8d2ffc85f7dcee7fe19605dfbeb,False,50,51,8,24,0.4673076923076923,0.9,0.19999999999999996,0.8499999999999999
gpt-oss-20b,fc75c4214c86972be10f49fa2b6b58ee,37345403c93d22a0ac2788ef611cda9539061e4e9dd8488c18f1a6935e47d238,True,46,47,8,33,0.6142384105960265,0.5473684210526315,0.19473684210526315,0.33289473684210524
gpt-oss-20b,d9520eadbc83f9f98a8fb0442b0a7acc,3c88f70ec2ae4840fa1032751585e7ce5e1102500e63187b9e3a146f17139432,True,147,148,4,123,0.8205369759773905,0.55,0.15000000000000002,0.10000000000000003
gpt-oss-20b,dfa32d028f082d978149d2633a2c8bf3,2705f9d617c242bd3ebc3ba8bb586771d23eb22ce1d4637478495cbdc1b9fc64,True,132,133,4,9,0.09198645598194131,0.30000000000000004,0.16666666666666663,0.25
gpt-oss-20b,dfa32d028f082d978149d2633a2c8bf3,20065f7d6148965723c6a978ce91a53b9509dadefd7cae672bf256f8c8df052f,False,59,60,3,48,0.8346456692913385,0.7,0.19999999999999996,0.29999999999999993
gpt-oss-20b,f448710697f1d3734fbc187ad15c748c,383a6833ceceee512eaebf01a69f76a5f1802a8c910721a6e219a611780a4be1,True,21,22,1,0,0.011278195488721804,0.0,0.0,0.0
gpt-oss-20b,d9520eadbc83f9f98a8fb0442b0a7acc,0eee096708a6d6d48a0d11e6dcf59aa5b1e10889303452e251bf2b8ee2adda16,False,161,162,5,77,0.47531172069825434,1.0,0.19999999999999996,0.85
gpt-oss-20b,f448710697f1d3734fbc187ad15c748c,388a16d549e458ed62bd2c7a709150ccb89eddfa0ac5a9a87fa614f24689ee32,False,30,31,2,20,0.6538461538461539,0.95,0.09999999999999999,0.6861111111111111
gpt-oss-20b,fb9fdfc495c899901c9c864e13bfeaff,e114605ee51758a39022f6985e80541a46987ec171f726c206e5d875ca7d2bd8,True,38,39,2,1,0.06981981981981981,0.30000000000000004,0.19999999999999998,0.30000000000000004
gpt-oss-20b,df37dd0f3c463be2b4787059b63a9028,fe7d3248f37cb9dcd86b4c3c644dc2d1ee9453bfdbd98308d3fb11a5658ff42a,True,54,55,8,0,0.0055147058823529415,0.1078947368421053,0.1078947368421053,0.09999999999999998
gpt-oss-20b,fc75c4214c86972be10f49fa2b6b58ee,83e6b8dae9ab66f5f8c2a37b629f96e56d81d056c62ef9e8547ae07ef54f16f5,False,300,301,23,299,0.9987951807228915,0.7894736842105262,0.0625,0.5789473684210525
gpt-oss-20b,fb9fdfc495c899901c9c864e13bfeaff,51b9014076deda60ebba05eb6f8a6fa5ce423849c2410ae8ddb9d9b01bea45bb,False,61,62,3,28,0.5030450669914738,0.85,0.19999999999999998,0.7
gpt-oss-20b,df37dd0f3c463be2b4787059b63a9028,634727476d89ee628e401690f8c7bf24ffd09161d722c6c4d1d1b5fecdc4e56d,False,79,80,12,77,0.9872476089266737,1.0,0.052631578947368446,0.8
gpt-oss-20b,f03a4eea989b069fe918734d9e1c2644,77b002b7092554ad620516591add0b2ac8142cd99b3a72f8d02f60b38f0fa363,True,62,63,14,51,0.812807881773399,0.85,0.19999999999999998,0.35
gpt-oss-20b,f03a4eea989b069fe918734d9e1c2644,df62b497c8a75900705e15ccdbfc560bcdebeeadc89475a41d9c905e21985c8f,False,61,62,11,18,0.3528918692372171,0.9500000000000002,0.19999999999999998,0.8500000000000001
gpt-oss-20b,fa3f1534a8d672e364f916665953a826,c32d2e835b4871bd5ea4a367ee5ecc3326fed35031a3850e39b7c31561ab9848,True,40,41,4,3,0.13553530751708429,0.75,0.2,0.6986842105263158
gpt-oss-20b,fa3f1534a8d672e364f916665953a826,61656f522b3abe3a96e96d67d5ab685e0103c48a7e78a94c2088d1444d311be5,False,64,65,3,19,0.24549918166939444,0.65,0.19999999999999998,0.65
gpt-oss-20b,fdb1907f7938f5641e21a14cd72d5adb,afbd476b9148f3972cd8556e179adadde175232a99fcb75c9a54e2762aac76f8,True,308,309,12,293,0.9629107981220657,0.6342105263157894,0.2,0.3157894736842105
gpt-oss-20b,fdb1907f7938f5641e21a14cd72d5adb,a8361cc3b87ca01d6395edafc583722df0e24b889f551c1016c511a914646fc5,False,246,247,14,246,1.0,1.0,0.0,0.4473684210526316
glm-4.7-flash,0148cedaed162d8c1591e7dad5de6dec,73450eb456f491b62dc63beefdf67f3898fd7a5a7abe1dbb0c3a20fb2cc8224c,True,272,273,17,65,0.2902746844840386,0.30000000000000004,0.19999999999999996,0.30000000000000004
glm-4.7-flash,0148cedaed162d8c1591e7dad5de6dec,4360b056c4fc7a2f5dc1504f96ee904938d476570e0b3344dabf1405a5f35b88,False,320,321,21,211,0.6670820353063344,0.55,0.19999999999999998,0.39999999999999997
glm-4.7-flash,34f92cdb48573ee3ec1837da4f60ff3f,36831e560304a916113388e55b8fde9ae772c84d009b3b62c005370854151f9f,False,312,313,54,237,0.7623095997166135,0.9000000000000001,0.2,0.55
glm-4.7-flash,5e08bb89aa461993e01a5790857ce599,f33f38954083f80ae62d8f50ce4f1cd75beefd59455c7180cc3740e7c1229ab2,True,219,220,35,143,0.6694989745092295,0.7500000000000001,0.2,0.55
glm-4.7-flash,5e08bb89aa461993e01a5790857ce599,e02572e1ae6d8d3c9536bdd1261efafbecea6c22bb657899a1d6ebddd8838bbd,False,142,143,28,41,0.3202269963518444,0.9500000000000001,0.09999999999999999,0.9500000000000001
glm-4.7-flash,85684e0c092976faa0b788ef96b0a1ff,1bbc1062230223ab05c0b7d99013c8209df442c32d5811380c62ad52f3428591,True,158,159,70,77,0.4592705167173252,0.7499999999999998,0.15000000000000002,0.6315789473684208
glm-4.7-flash,85684e0c092976faa0b788ef96b0a1ff,61e9fd244cf3e294ea22a17fb852f8620a40abab8dab807a50a6193371f8090e,False,241,242,73,87,0.36871903750884644,0.9500000000000002,0.19999999999999996,0.8500000000000002
glm-4.7-flash,ab944ef1e6f39bfd785f38954f9458c1,0bc3b0aae08da273a96feaf6f875cf38dd64206d99009562cfa65cdfa1ba9e14,True,306,307,119,225,0.7655430711610487,0.9500000000000003,0.19999999999999998,0.85
glm-4.7-flash,ab944ef1e6f39bfd785f38954f9458c1,5359cb94f325cf6ecb0a1dbb9cb45056be63c4e6b7fdb6aa5219eb23bf9cbe61,False,217,218,145,194,0.8863861386138614,0.9500000000000003,0.19473684210526315,0.5500000000000002
glm-4.7-flash,cc91c75860966ea7d69d7a716a857add,6e67e65a674138e7473e9eaec9c24ab4a5e0aad8fcfe34005201a07ae2a0a167,True,58,59,42,22,0.3692679002413516,0.75,0.14999999999999997,0.7
glm-4.7-flash,f03a4eea989b069fe918734d9e1c2644,b8ef975e1bd41c5f5c3a87947902eb30c7088aada65cb597838a7058d65824c6,True,32,33,30,22,0.7670850767085077,0.85,0.050000000000000024,0.7000000000000001
glm-4.7-flash,f03a4eea989b069fe918734d9e1c2644,99b0e2c9e0afcff644f642a7555183ce87728fb60d1c405b13d99159d0db9aa9,False,32,33,54,10,0.22950819672131148,0.9500000000000001,0.10000000000000003,0.9
glm-4.7-flash,02b15d84011aa2ed96dcb904e63129bb,cc0f21aef8b915c4c9a7b6bc0788c31df424db916d6470daec85488bcb55f5df,False,222,223,130,89,0.45535449421536633,0.9500000000000002,0.19999999999999996,0.9000000000000001
glm-4.7-flash,3544e050c3ae29b6422ea56dc506cd8d,3bafd715e4b0de7e4e9e6ffb0610d820c3e95cae54d49a3e7a7d181e801b180a,True,112,113,113,45,0.37033582089552236,0.5,0.19999999999999996,0.19999999999999998
glm-4.7-flash,5e7abd32af948047598121dd03ac97b6,16c1ebefd8ac68a88bffa93ee5739adf0e32824e84568839357476aa6e2104b4,True,44,45,14,8,0.17777777777777778,0.5,0.050000000000000024,0.35
glm-4.7-flash,88537bcf54e128709d3d84d9a954aa6f,2a2bec12489ddc66de996da99298a8d9caeec523764170fdc2ef1bd29bedb17a,True,103,104,84,22,0.21911540416878494,0.7500000000000002,0.1,0.7500000000000001
glm-4.7-flash,88537bcf54e128709d3d84d9a954aa6f,0b01fc68368eb243316b9c561190d6fced77057ec62e1376e8047b9f47006aaa,False,274,275,158,47,0.23032518760823553,1.0,0.19999999999999998,0.9999999999999999
glm-4.7-flash,b1e59a85b6e9c1e020d2392193d668fb,6e1ca271cd2420e503cc7795d93a822d963c99788e6d823631063d682fe00c90,False,250,251,128,85,0.3277435265104809,1.0000000000000002,0.2,0.9999999999999999
glm-4.7-flash,cee4809157546a43546571ac67323953,61cd0ef603f492b4e875ff18071d55780388ce376a6d39cc58c9b014c54ec3d1,True,65,66,64,18,0.3819709702062643,0.40000000000000013,0.19999999999999996,0.25
glm-4.7-flash,cee4809157546a43546571ac67323953,ccfe2994f69f6714a1d02c00702d3f8b73114607e1a444e80f91854d8e09745b,False,63,64,65,49,0.820730671197961,0.8000000000000002,0.09999999999999999,0.7000000000000001
glm-4.7-flash,f31c3814e305d57f67bdcfac27ec4bc2,cc88411760adf26468ebd49ea567a100dec6e5a6adffffd800b45248fc059a0e,True,141,142,74,111,0.7506129597197898,0.6500000000000001,0.2,0.5973684210526315
glm-4.7-flash,07dbd8eabfba4b1d9d665331dea90335,1f1d1ab36785ddf2aba9420c7c6bc14e3f59f7abee2ece61fb6024f30fc36b61,True,62,63,37,12,0.17534456355283307,0.35,0.15000000000000002,0.26315789473684215
glm-4.7-flash,07dbd8eabfba4b1d9d665331dea90335,f4b8318fb88b5fe16cd21164d64159ae00370d46bc6a1f200afc37c4d24a8907,False,45,46,52,26,0.5806100217864923,1.0,0.15,0.7000000000000001
glm-4.7-flash,392e2a9bea699b47177b6179d80b2b23,0b515ef8dfc2d07559388b3433c8466dc06ce074cfe06b913d58255cccf4ceff,True,122,123,72,30,0.3051438535309503,0.9,0.09999999999999998,0.9
glm-4.7-flash,61f7d8bcb43d0bd0621b066d85eb2529,f0fa6f84acd96a810ff8f49628fbe6dc6faa3586fd0457e450b13e9b90561681,True,302,303,163,267,0.858508604206501,1.0,0.19999999999999998,0.85
glm-4.7-flash,61f7d8bcb43d0bd0621b066d85eb2529,c140ff20211d7a33f7a08892892b6bcdbae9e4b9dcdc7ab7ae7a9a10e72aa560,False,222,223,163,124,0.5319540229885057,0.9499999999999998,0.15000000000000002,0.7000000000000002
glm-4.7-flash,8b5ae4c8982f0b55e7334ff4117d6a4f,4ccce22195c7223e39943f94df1c893a1aaf271b0ebf3c336c35d5d0a5cc099c,True,124,125,21,75,0.6011932078935291,0.85,0.09999999999999998,0.6499999999999999
glm-4.7-flash,8b5ae4c8982f0b55e7334ff4117d6a4f,3283baaaeb941768f508912d36a41261a9d84abe6afea8e13dbd6a851b45c759,False,52,53,13,23,0.43709825528007346,0.75,0.19999999999999996,0.6
glm-4.7-flash,b1e9764076e3a29c4c3c4738b878b57a,307d087ba43e15684262887f3c1aeb81a9b7577e8941ceefdf330c85b04e415c,True,242,243,117,65,0.24661373190098085,0.65,0.2,0.65
glm-4.7-flash,f448710697f1d3734fbc187ad15c748c,05540cc07f9f1861272df7877439088218d870595f131965b8d5076a7cdb59d1,True,50,51,15,0,0.0,0.1,0.1,0.09999999999999999
glm-4.7-flash,f448710697f1d3734fbc187ad15c748c,f138919245cb386cca5639b25c83b301f119c4b78c9fe34d9f362117dc17ae24,False,89,90,8,55,0.6621848739495798,0.95,0.19999999999999998,0.7999999999999999
glm-4.7-flash,0a3c768a49d4110f6c1604ace9951ee5,c777baecbb42ab80b8090ca3ad62c6edf9dbc41fd205ff8885637aaee90e06d1,True,285,286,33,121,0.49343891402714934,0.8947368421052632,0.15000000000000002,0.8421052631578947
glm-4.7-flash,3ffd64fa59b0f373586831b18ec69d1f,d51f1865121af630b9ff435319623a95be1a6a829e108c0e26ffb222f8bc440b,True,329,330,78,149,0.46035805626598464,0.7000000000000001,0.19999999999999996,0.6499999999999999
glm-4.7-flash,3ffd64fa59b0f373586831b18ec69d1f,bea7ac8ec0967283e16d4b1428fcba5a94b05113c2d1330b8f569804e9e94e81,False,170,171,90,32,0.18310708898944192,1.0,0.19999999999999998,1.0
glm-4.7-flash,633420a679153f203fc61a88a953629e,e6ae6ff6476d9e84235f707aa869368f97e5d18894e878afd9836c2e4fd51909,True,113,114,20,19,0.17476190476190476,0.5,0.19999999999999998,0.3
glm-4.7-flash,633420a679153f203fc61a88a953629e,e86d2fcad549d52cd9942fb32c1e4effa83af500b217ce96ae0f25ea9c98975d,False,136,137,23,116,0.8799643016510487,0.7999999999999999,0.15000000000000002,0.5
glm-4.7-flash,8c88e2f998f2ec7a396f40c6d5452b84,c6aa5864354e82084e773c195022f9a5b996cfa613eb31214b9248000f6dd295,True,56,57,13,26,0.37444279346210996,0.7500000000000001,0.15000000000000002,0.675
glm-4.7-flash,8c88e2f998f2ec7a396f40c6d5452b84,1d86c8b0ee5e0f1e39805124213d476d7973156e22d224fd55720bb7014efd75,False,322,323,46,140,0.4495917979874691,0.8,0.19999999999999998,0.4
glm-4.7-flash,b2b6765627a78f61fac9ba35346d7b1d,bf0f6d0b3b718c8d689df93237c64fdbfd20c9dee9251d69cb86d3a25c0785d1,True,85,86,107,43,0.49372804816859006,0.8,0.19999999999999998,0.65
glm-4.7-flash,b2b6765627a78f61fac9ba35346d7b1d,fb149d42a1b8acd416da4f5dcd5fa160bafb9a036084b9c051128423a736434d,False,138,139,93,65,0.5410821643286573,0.8500000000000002,0.15,0.8000000000000002
glm-4.7-flash,d35ff55eca6c7f6db36a73934025f3c5,26020ff46f6067196f17030f225e032c20632f0d5d37caf8f980e3b91667836a,True,59,60,28,11,0.16138763197586728,0.45,0.19999999999999998,0.44999999999999996
glm-4.7-flash,d35ff55eca6c7f6db36a73934025f3c5,7373a138bb3f86d945650ee0a69ac422e845f89985263ebcb87ccb7c987ab6a6,False,204,205,36,95,0.49085872576177286,0.7,0.15,0.5499999999999999
glm-4.7-flash,f5479a460521f2a3b96e7924882b06d9,ee48b707875b5b193dbe26d188d462a7e28c12d6af2a07905103cc4574526e12,False,101,102,62,32,0.30201698513800423,0.9500000000000001,0.09999999999999999,0.9500000000000001
glm-4.7-flash,0a50a7f439c2c0e933b8132ed7650075,91352b2bd6d1d7760cddc7ac725aa3a22ba917a51f278d91e62d56f5fc773f6c,True,57,58,31,8,0.10406342913776016,0.35000000000000003,0.19999999999999996,0.09999999999999999
glm-4.7-flash,0a50a7f439c2c0e933b8132ed7650075,51563f956eb9e75bcf6ffec7809bce94dfc038a6aceb79240ea025ad0dd825fe,False,243,244,91,200,0.82734375,1.0,0.19999999999999998,0.9500000000000002
glm-4.7-flash,40548af835e36bf1d06c74be11ea5d70,e07fea2f4b091074340d5322c5eeb52fa443eb09ff1f53740a1267b885b33400,True,78,79,74,28,0.38308457711442784,0.9500000000000003,0.2,0.9500000000000002
glm-4.7-flash,40548af835e36bf1d06c74be11ea5d70,f95bb5a851a26994ca4e68593e2e8ea1327706a7b861331eeea3bf3279195d1a,False,112,113,68,38,0.357593605384939,0.9000000000000004,0.19999999999999998,0.9000000000000002
glm-4.7-flash,8d4129f4074a7419ef8017429041fac4,20dc2da23790f9c08879d97ba58ceba663f796534a9c74870cb812f2b407f24c,True,148,149,34,39,0.3288162614587485,0.9,0.15000000000000002,0.9
glm-4.7-flash,8d4129f4074a7419ef8017429041fac4,c6d5dc16f3d6b8fdf85b6df84c441d228f77f75155fd094dc884f672acb85935,False,163,164,40,100,0.6617255796275181,0.7500000000000001,0.2,0.5
glm-4.7-flash,b456600e51f08dfb7754936792b3800e,ec0b9449699bf7ecbae4407843cd87e7b9cb12ffb4744edef481b55e47af3182,False,172,173,121,33,0.20466738197424894,0.9500000000000002,0.15,0.95
glm-4.7-flash,d5242ac7089552f0687edd0e403512da,94edcf7e26d267fecfa56053026eae466e6c944a7842862816267229f56749ca,True,113,114,52,20,0.15547703180212014,0.6500000000000001,0.19999999999999998,0.65
glm-4.7-flash,d5242ac7089552f0687edd0e403512da,2c66d5fae107fbfa69d02bda936336b3fe1d77e26295cacd2ccefdd552b09407,False,53,54,48,16,0.25345247766043866,0.9,0.050000000000000024,0.9
glm-4.7-flash,fa3f1534a8d672e364f916665953a826,e0c99f8bf081706762e48d239bc5c4630fc0916671f8b4bbb16a5caeaadc56ff,True,77,78,108,28,0.35832349468713104,0.5000000000000001,0.16052631578947368,0.5
glm-4.7-flash,fa3f1534a8d672e364f916665953a826,0776ce0ea835da2281c6f4df2280eea0fe3fdbf1fbbd7bee126a87d82eebd885,False,177,178,139,117,0.6380116959064327,1.0,0.2,0.7
glm-4.7-flash,11340d814fe69bcd7dec113898fd5947,aa61c9cee15ef0dabfcafe74e16c7ab5abc04d42ebe62573cfa9bb615e0fa550,False,245,246,112,80,0.33964163478961146,0.6999999999999998,0.2,0.5289473684210525
glm-4.7-flash,42657169f520db24ecd36735fa5fcd7f,f9d655f986ea602d6da2eb9493c95410c9dc9dddffb5c8b89596d32fbf4bc249,True,191,192,25,73,0.4400355344980752,0.85,0.14999999999999997,0.7999999999999999
glm-4.7-flash,6a6759f19289095fe5bdee59a062046c,ea651021aa2034d9e5d1dbbb5fb52aeba661fbaf86637a70f9b91ff946952f3c,True,45,46,42,14,0.2414553472987872,0.4,0.2,0.4
glm-4.7-flash,6a6759f19289095fe5bdee59a062046c,d272956d0dda7105288ef1956aac1634531424d6ddec1a98309a7ef4b447f3d0,False,174,175,68,24,0.14970880438506337,1.0,0.15000000000000002,1.0
glm-4.7-flash,8e99e185c9670ed801211fba5a2e93f9,e39922c1465daa93db5f0cd977009d6bd93bef9271f5a7dce75b9b092ee4f025,True,204,205,169,111,0.5971223021582733,1.0000000000000002,0.19999999999999998,0.9500000000000001
glm-4.7-flash,b9e317df6f71d14e177013c57587becf,c64892da6999e18e2696d74c917ee8f86d915cc5418130a028c6563c15129246,True,60,61,16,27,0.441025641025641,0.631578947368421,0.19999999999999996,0.581578947368421
glm-4.7-flash,b9e317df6f71d14e177013c57587becf,5b83a2acd94d5d12776c3f8a3d780f92e34139e6b8caa72b44ba3df0d86d5fad,False,35,36,12,17,0.43648648648648647,0.75,0.15000000000000002,0.7
glm-4.7-flash,d9520eadbc83f9f98a8fb0442b0a7acc,9afa8c0553e074dbb7b429e551242f325b82b7ab58f3dd31f7fd817236aa3abb,True,79,80,17,27,0.3736743605739239,0.55,0.14473684210526316,0.55
glm-4.7-flash,d9520eadbc83f9f98a8fb0442b0a7acc,8ee332502507b2ea2ab7c76b8592ae583510c61b32a7588c0416957a59c6295a,False,62,63,14,9,0.15750670241286863,0.8500000000000001,0.09999999999999999,0.8500000000000001
glm-4.7-flash,fb9fdfc495c899901c9c864e13bfeaff,4022cc5511306f04c5363f37d26577582ef21e227e4abecc92bd29f9af87b230,True,40,41,8,0,0.0,0.19999999999999996,0.19999999999999996,0.0
glm-4.7-flash,fb9fdfc495c899901c9c864e13bfeaff,021c663ef67d39834a5924a92b33594386f595155aef014fe4c88355849c3d6d,False,150,151,12,114,0.733836560551362,0.9,0.15000000000000002,0.8
glm-4.7-flash,14a87d69ccc079d85a0f5d57dc4a7bdb,1466d4cce58cf59181cbb3bf928f34db8a02d6aa27a2fe5d391ff0a399eade2c,True,82,83,21,41,0.5237741456166419,0.6000000000000001,0.050000000000000024,0.6000000000000001
glm-4.7-flash,44182d567f7978b8cf0aa37c5ce0d4aa,ad123216bbb987880df30364a3def58e50c305ba585042fa2f34418e15ed1180,True,210,211,57,56,0.33417605148241786,1.0,0.19999999999999996,1.0
glm-4.7-flash,6c4cccbdfe3340d1de38720b444b4e83,a4245708a05802146ab3eaf378cc414451b48a91398758077eaecd6c630f3acf,True,73,74,77,27,0.36919159770846594,0.7000000000000003,0.15000000000000002,0.7000000000000002
glm-4.7-flash,6c4cccbdfe3340d1de38720b444b4e83,9168cd942728510904a02deadcd8724e1b05000123846bf0ea1f58f9933cc6b2,False,121,122,57,14,0.11077080142930067,0.9500000000000002,0.15000000000000002,0.9500000000000002
glm-4.7-flash,967834058a7e6f5cb903d6d983ecba7e,eda4c836c75380ed49ea9cc29771d9cd354855600f164513d2ec79336a207086,True,139,140,22,22,0.15964848041010618,0.7000000000000001,0.2,0.65
glm-4.7-flash,967834058a7e6f5cb903d6d983ecba7e,ad742c8e9dc9dd77e446a01a065bcd5059f5b1aa6384b8f02720b5155f0f83f6,False,145,146,36,79,0.6050389032975176,1.0000000000000002,0.2,1.0
glm-4.7-flash,bc3da8074eec813548bda5ec813b8a9b,7b4d246d6180bc8067f1f92139c10c1fa714a69317f61d4a707b9c362ba22c62,True,258,259,66,78,0.37281553398058254,0.4500000000000001,0.19999999999999996,0.24999999999999997
glm-4.7-flash,bc3da8074eec813548bda5ec813b8a9b,835f0d6cb931a2b37d1852d4995589cb4878edf668bffca0907716ba70d68909,False,4,5,19,4,1.0,0.5500000000000002,0.0,0.42105263157894746
glm-4.7-flash,d9e1496466a6206a8617add56ddce386,4832f6608e50ef415dbca3b9f98755a7b07f25a793e3e9a6a9ad202846d4b6ac,True,84,85,57,62,0.7483296213808464,1.0,0.15000000000000002,0.7500000000000001
glm-4.7-flash,d9e1496466a6206a8617add56ddce386,59e56862785c3d6bfd45af63b8ce099661b5ddb3bc6491d8f3083afe69cbc8d6,False,29,30,27,15,0.42916666666666664,0.9000000000000001,0.15000000000000002,0.8500000000000001
glm-4.7-flash,fc75c4214c86972be10f49fa2b6b58ee,df6b1577bd0ecf9ff12e4ea93100695860425c9f4655060cf06b91433695d26f,False,338,339,198,187,0.5612207602339181,1.0,0.2,0.8973684210526314
glm-4.7-flash,224470287933cd1645a9c37f922eb1c8,359cff442f436934632dbdee6ae6fec7f1870a98f89bcb1f32d2b9df8ea4eee4,False,292,293,54,154,0.5355812991311544,1.0000000000000002,0.19999999999999998,1.0
glm-4.7-flash,6cae95de019b8b107893b29e2418ab4a,2b0bb813ccc85be002ad035be0469a9f4bb2541e47319d877eade7a2cce4a553,False,38,39,25,17,0.34532374100719426,0.9,0.050000000000000024,0.9
glm-4.7-flash,99056c3c2db73e4929ee1df107d73688,7592260487d6f9cd04f81c45106c55307e4407267885c175ef75fb5c81c3d1c4,True,196,197,55,39,0.21719584152851926,0.7500000000000002,0.2,0.7500000000000002
glm-4.7-flash,99056c3c2db73e4929ee1df107d73688,4b818a1d0d28d2f296e2ee401ef3cabb56c6bb7831fd0e2a3260b91a8a1bf61e,False,288,289,44,120,0.4219685628742515,0.7000000000000001,0.2,0.6000000000000001
glm-4.7-flash,bcac057435ccb3a54effa545db18a3d1,14a9b7522b4cb2610599acb324459642a60f0dae90a3b4419b89c1bca9e7b611,True,105,106,229,34,0.364477335800185,1.0000000000000002,0.19999999999999998,1.0000000000000002
glm-4.7-flash,bcac057435ccb3a54effa545db18a3d1,de8f5db17e20ac7312441fe1aebaff9d1a294cccc9bf86644d12bfa216eefb6c,False,332,333,275,145,0.4443281707827543,1.0000000000000004,0.2,1.0000000000000002
glm-4.7-flash,da2bd7e45b94e13e1fb97126ca03fcc4,920e3bdd25392d30f25583e0461dd8083fe64e47e8f1f868b09973b0a87044f0,True,193,194,61,117,0.5980392156862745,1.0,0.15,0.8
glm-4.7-flash,da2bd7e45b94e13e1fb97126ca03fcc4,c37874945d095004de3e135a7755fcfc78316b5e287ac9cdc9f8ce23cc59fcff,False,62,63,53,23,0.3675496688741722,0.95,0.19999999999999998,0.8999999999999999
glm-4.7-flash,24686977bb5ff6eaee7dac452c92c4be,1ad07400b2dad6ab74fb94a1e9aa3286d662753f691ea8b4ea007f608768e068,True,51,52,64,13,0.2706349206349206,0.9500000000000001,0.19999999999999998,0.9500000000000001
glm-4.7-flash,24686977bb5ff6eaee7dac452c92c4be,75839765f4c227068f0b1d89cbb15b59791db7348344d33258a266ec71832dc7,False,134,135,158,73,0.6010174418604651,1.0000000000000002,0.2,0.9500000000000002
glm-4.7-flash,47601c56544121804558b55dbddc694b,79393d9abcf4205932effabf3c12e683b2d326214ae4134be4d1eab004a2d7cd,True,69,70,32,26,0.3368945868945869,0.55,0.19999999999999998,0.35000000000000003
glm-4.7-flash,47601c56544121804558b55dbddc694b,d977d9afafeaac901b5db5a0e63be540855e83623217f8583a2ef67bd87cc646,False,93,94,34,38,0.3882567137005007,1.0,0.19999999999999998,1.0
glm-4.7-flash,711f389c59ebfcb9eb04d37c86efae77,2b5c1412cd0c7cf86f45b89c848bf2c91b58cf1e5aaf5f2ffa8e42649df9e158,True,55,56,19,17,0.28307123034227566,0.44999999999999996,0.19999999999999998,0.44999999999999996
glm-4.7-flash,711f389c59ebfcb9eb04d37c86efae77,1c8db804d7c7a8df06d94e3b7f51205dd6193e95aa253e4a65f52c88277ee0a2,False,58,59,30,31,0.459546925566343,0.8500000000000001,0.19999999999999998,0.5250000000000001
glm-4.7-flash,9c22e95143200153a9b0c049452517e1,e48537ceb9aa459ad6d9aa0db3f8905548be7e80f992e63c947fc88ded72c871,True,196,197,89,92,0.4298742913482869,0.8,0.15000000000000002,0.75
glm-4.7-flash,9c22e95143200153a9b0c049452517e1,f47e2ccb957cf80c6a80f617d52c6e6774bb7f0581c3c416443290ae9b63207a,False,267,268,188,198,0.7417171357320983,1.0,0.19999999999999998,0.9999999999999998
glm-4.7-flash,beea037b8f8cec59caa352ec11f501da,c8fdd1c758506b66ca9174c1d9788425c1a58803ee36346e742e0fac64d7b9ba,True,26,27,36,9,0.25,0.7500000000000001,0.052631578947368446,0.7500000000000001
glm-4.7-flash,beea037b8f8cec59caa352ec11f501da,1791b5666d38dfa0b4929aab09d8329438bf086abd4c6f71c017c4a8536c8135,False,56,57,34,14,0.23666343355965083,0.7000000000000001,0.19999999999999998,0.6500000000000001
glm-4.7-flash,df37dd0f3c463be2b4787059b63a9028,d6ac27c2e32e3cd8f6fe36f79aea1faa66c690e0f44cbfadf570c95e478e7db9,True,50,51,83,17,0.25726872246696036,0.6000000000000003,0.19999999999999998,0.6000000000000001
glm-4.7-flash,258c0f33efb3e637962b4ea8f6971d09,f8730a9f89eb49b7c1cfdc6d476e8d68ec67bc15b15d9da7b3fdae93d6814f27,True,186,187,69,55,0.3172077922077922,0.75,0.2,0.7000000000000001
glm-4.7-flash,48d8738209cbe3d0f3490417e6c37914,57496d07e0f94950d9100df79f830d9c5f2b0f150939b0a70caeea797765c397,True,74,75,54,66,0.8940845070422535,0.9500000000000002,0.19999999999999998,0.9000000000000001
glm-4.7-flash,715eb949cafa36ccc69ff816a68a68bd,118356764ff8814af26e0a796dc37ed0834270346623b32d872ff253a56ef83d,True,91,92,133,41,0.42155525238744884,0.9999999999999999,0.2,0.9499999999999998
glm-4.7-flash,715eb949cafa36ccc69ff816a68a68bd,f66d2f965a9abed82eef1dd65edba2a9d86281a646fa04833290fce24d4460c6,False,84,85,124,51,0.6005929690808979,0.9473684210526315,0.15000000000000002,0.7407894736842104
glm-4.7-flash,9d8432d3b13c02fb04b55e0a74c6c063,bab68997abb7b1315f8128cb437cd3e74f94f6f236ed64a79c5b1f79f7981726,False,250,251,95,116,0.46280651143622503,1.0000000000000002,0.19999999999999996,0.9750000000000001
glm-4.7-flash,bf8e15580571e5c3976117c303cf144e,21a0949470ff49e5359f919ef1165a35323ff0fe2e011b2aa4dd18029a2018d8,False,257,258,81,38,0.1712782986508118,1.0000000000000002,0.19999999999999998,1.0
glm-4.7-flash,dfa32d028f082d978149d2633a2c8bf3,74926859d1b7eb0e7cb6e07fbe873b72306b0488cf632a9a97699a064e06c951,True,111,112,79,34,0.3328785811732606,0.65,0.09999999999999999,0.5500000000000002
glm-4.7-flash,dfa32d028f082d978149d2633a2c8bf3,baa1890f0f8a3ec0863dcf2c0bfa732d3d4da1a1dadb473007de6fb40fcaa4d5,False,223,224,87,68,0.3204443494979705,0.9500000000000003,0.15000000000000002,0.9500000000000002
glm-4.7-flash,27f2b910c19b40bb9f36ce9a3a8909af,05e8b723f7ac07382910a014e2d3f7a3c5e8bee44211511a158da125c7794fc7,True,150,151,99,65,0.4282422646477946,0.7000000000000001,0.15000000000000002,0.65
glm-4.7-flash,27f2b910c19b40bb9f36ce9a3a8909af,e0197da839568906d6f2a00055ee26b28b54fea26a4b019211d6e6db79c05994,False,184,185,139,64,0.3927238805970149,0.75,0.2,0.75
glm-4.7-flash,4abc3a40659612c935b6036cf7018466,501a7d44b89c049942505d8789cecb3c158901e24cfe09690bd6fa135a501066,True,145,146,154,59,0.4837421563034798,0.8500000000000001,0.2,0.65
glm-4.7-flash,4abc3a40659612c935b6036cf7018466,28230232e6648f24ffe20fb796feac7f198b75d18a39ea69014e085c407aa3a2,False,55,56,59,16,0.23059360730593606,0.9500000000000001,0.09999999999999998,0.9500000000000001
glm-4.7-flash,7351fe5f8ee14ff826bc262030efc469,10d16d1035218fa1888612333473588066552f0e5786f5c3c4aebc51174d6228,False,83,84,23,34,0.4131396083385976,0.8,0.15000000000000002,0.7
glm-4.7-flash,c13ba1d468ea408964a3ccd245638056,1eb610e35a9050ab0d44ec038d5227aca0f8124f4ba219eeea3406a2ec626daf,False,200,201,23,123,0.6586462189317821,0.9,0.15,0.7999999999999999
glm-4.7-flash,e71511f59eb934d904d9e69b91fb59ac,76f174726bf56b12d85cda8e1511e5eaa9198b26532360ce20fd92a16b08b239,False,107,108,48,53,0.4777388694347174,0.8500000000000001,0.19999999999999998,0.7000000000000001
glm-4.7-flash,288897f502a272f8f0b8b999354a154d,379faaf94d068c9a70750e7a874255163ba4560d279e6c798cf4c276eed8cee1,False,299,300,79,13,0.06527415143603134,0.7777777777777779,0.19999999999999998,0.7777777777777778
glm-4.7-flash,4ac69654711e8b95f09faca42e95c605,92e54f1e44584ad4cd53ecbb2a401ea5fa52e0ffd36cd33b6c9c0ae1e571b1dc,False,115,116,77,93,0.8169785486079416,0.55,0.19999999999999996,0.45
glm-4.7-flash,7d75815cb2310bdcf17826679b94cee2,286230e63d9e72c1dd13e7c9bd63fd7bf0a329e40ed28188ec1d6e296339a838,True,46,47,53,12,0.36018411967779057,0.7000000000000002,0.19999999999999996,0.5
glm-4.7-flash,a670afa64f606d20eed4a435fc89d120,6cb3e5bb803018a15c2028631050305565c74b4ff4eceb9ec18ee36d1137e529,True,50,51,114,20,0.32344213649851633,1.0000000000000002,0.09999999999999998,1.0000000000000002
glm-4.7-flash,a670afa64f606d20eed4a435fc89d120,f2d74c7838db16db07d217d99812bee671d171fa4a07af64455f5336c49b6022,False,76,77,118,17,0.22776711452335252,1.0000000000000002,0.2,1.0000000000000002
glm-4.7-flash,c150008220a1497832471d8e8d4e2edb,8f7139537a53d14297e330e03e0857d3a32ab22d0fdb8d37b7a92849d04edc29,True,100,101,38,7,0.06732776617954071,0.4500000000000001,0.2,0.45000000000000007
glm-4.7-flash,e84545b4073db0c4d84a58b5f4243d50,85f1d92febaf4866a6729716a4fb13eb342bbb7720921ba77868cb61d022cd84,True,86,87,11,27,0.3983548766157462,0.55,0.09999999999999999,0.55
glm-4.7-flash,e84545b4073db0c4d84a58b5f4243d50,779273f5a384c7f40babfe5c0888e6477d8b5e8330f156be491e99fc7065e1ab,False,175,176,17,36,0.22814856185423066,1.0,0.19999999999999996,1.0
glm-4.7-flash,28c328b44b6a8b287cd1e29bfc9c17eb,df882243712ba468484104f295da9dcd56c2465027003283c4462d030c834c85,True,67,68,54,22,0.23483057525610718,0.8000000000000002,0.19999999999999998,0.8
glm-4.7-flash,28c328b44b6a8b287cd1e29bfc9c17eb,c205055a82c57efe737ddff486bb36eea3acca84bffdce9d45f184d4608cccbb,False,62,63,42,32,0.5015923566878981,0.9999999999999999,0.09999999999999999,0.7934210526315788
glm-4.7-flash,5355d6e5738c1e76aa8f1441131c9295,a5a6a9a1da91c0217b8eac4853e5248db94976099d205e3a56eda31af7523749,True,104,105,34,29,0.23898228078146297,0.8500000000000002,0.10000000000000003,0.8500000000000001
glm-4.7-flash,839d5849b985de3b732f197086218847,094757b64dfefa987c316ff904fcfad036356b5c47d0fd1dae43ecc652408937,True,210,211,46,55,0.28433216877183554,0.5499999999999999,0.15000000000000002,0.4000000000000001
glm-4.7-flash,839d5849b985de3b732f197086218847,742f702ab1cb91bd8994f42b168f260fb4f25826c0ea812f03f6fbc802dae64e,False,149,150,26,17,0.16587850127319026,1.0,0.19999999999999998,1.0
glm-4.7-flash,ab0226a3a9dc01c8c9b91a47198bed63,007af9e13451a3dc0ad41554d420d15729aec5ac4e2c7f9c602841fb2b2af76a,True,47,48,14,9,0.20883977900552486,0.45,0.15000000000000002,0.39999999999999997
glm-4.7-flash,c4ce6239240ed6d8489f1ee8bf9a4784,d8228ed2c40ccf4bedea1ae709c112760f9bbdaba2350ef7aac8e89869fcb2b9,False,209,210,20,24,0.17434693278544175,0.9,0.15000000000000002,0.9
glm-4.7-flash,e9c3b2227f99155be055e871c23ef702,a46b6a7d67f5cca07326de561c7f3dfad072ce2cddef216f28dfbe96045e56ac,True,116,117,26,26,0.24206200971236458,0.4,0.09999999999999999,0.4
glm-4.7-flash,e9c3b2227f99155be055e871c23ef702,cb92988e7abe7928cab0639a3c92bdb5c3d40d742208b93b24427fc3225c5279,False,187,188,33,177,0.9526901669758813,0.9500000000000001,0.15000000000000002,0.85
glm-4.7-flash,34d053d3a9b3a1f013655f7223718de7,168756db524f831b277f4bec029aad978f50b98fce02f7917b365afd190c8ac3,True,269,270,75,144,0.548614266242617,0.6500000000000001,0.2,0.35
glm-4.7-flash,34d053d3a9b3a1f013655f7223718de7,751c30e68f202d671ba116507134f2f27b25822392486c36b111ee9c9e7db232,False,144,145,68,66,0.47920433996383366,0.6500000000000001,0.19999999999999996,0.525
glm-4.7-flash,5bebb5ccb1b21ef642e37fb57088d0af,e8fd4118ca360a1986cbc1dc1b51cfb49e3fdb235d555945a109826ee8ec546d,True,257,258,120,213,0.835549926113574,0.8500000000000001,0.19999999999999996,0.6000000000000001
glm-4.7-flash,5bebb5ccb1b21ef642e37fb57088d0af,6cffa262662ec0637e05df28837de84049dba54274ffbd437a1e172589c869df,False,121,122,64,19,0.20395002015316405,0.8000000000000002,0.2,0.8
glm-4.7-flash,855d2426bc87f84b919fa59d39097374,d0fe72a24db0bab3f395e07dd290f85dc29c947d18a48246479497c613764226,True,56,57,17,22,0.30259067357512953,0.6000000000000001,0.19736842105263155,0.5486842105263158
glm-4.7-flash,855d2426bc87f84b919fa59d39097374,848b85778af52c7c41477c042d5ca3d733d93683f9d819c824201049b25dc4de,False,161,162,20,43,0.34879948085658663,1.0,0.2,1.0
glm-4.7-flash,ab79da6338f2deff095e1bf3b5b4d9f0,8fe36c09eeac9ffb6eb19c6fb34f9d57e2b8209ca135e9af3f1c0528d1ca61a9,True,46,47,35,17,0.26600441501103755,0.4000000000000001,0.050000000000000024,0.4000000000000001
glm-4.7-flash,ab79da6338f2deff095e1bf3b5b4d9f0,bd7769ef16c36131ce00ff26d8fb93968ef29bb14ac16d3eebbb9ba188574ccc,False,228,229,47,94,0.445078847199565,1.0,0.19999999999999996,0.8500000000000001
glm-4.7-flash,c95386c8d35897f730a382e76e5ae272,1820b90c15f1fb29e10fa4e167b572e068bf58538b7e136f8f7f2f53f980173c,True,162,163,64,66,0.4296817172464841,0.6315789473684211,0.19999999999999998,0.4
glm-4.7-flash,c95386c8d35897f730a382e76e5ae272,6fa7ce6cb4b0e67115ee234836219277d68d5f49636962c37a1e5b4b50e3febc,False,113,114,46,37,0.35297157622739017,0.9500000000000001,0.2,0.95
glm-4.7-flash,cc91c75860966ea7d69d7a716a857add,5f494632162108bf04da608cc93a138e898701f465d6d94978e74b299386712c,False,345,346,81,69,0.22462732285072493,0.6500000000000001,0.19999999999999998,0.6
glm-4.7-flash,3544e050c3ae29b6422ea56dc506cd8d,cdde01a5833ee98287eb509d7af4b9e02b6fa1ea1208ae602bb7a64fec59809b,False,510,511,209,375,0.709534834771627,0.9000000000000001,0.19999999999999998,0.8500000000000001
glm-4.7-flash,5e7abd32af948047598121dd03ac97b6,0b5a1f396eecd13636044ab491984fdfb254465f8fdcd0146a725ff5bd987576,False,367,368,22,48,0.17026427274561226,0.9473684210526316,0.2,0.9
glm-4.7-flash,b1e59a85b6e9c1e020d2392193d668fb,42e31b61f50fafc018004e899086d726e10f17510d64af171c4c9f48490ad08a,True,357,358,64,53,0.22474881015335801,0.7000000000000001,0.19999999999999998,0.7
glm-4.7-flash,392e2a9bea699b47177b6179d80b2b23,f5eff48fe899f017c78b01916eaa8b76e033935f7633a0ef69394571c389642c,False,517,518,103,305,0.6171875,0.8000000000000002,0.2,0.7000000000000001
glm-4.7-flash,b1e9764076e3a29c4c3c4738b878b57a,a754faffac40125ac967f7e832d1ac66dcdcf918111b41611e206f63ee550a14,False,416,417,213,94,0.21211305518169582,1.0,0.2,1.0
glm-4.7-flash,0a3c768a49d4110f6c1604ace9951ee5,c2dc4fc771ee7b2567be90452ab776116796d02e99809789a0ba74ee1f0201bb,False,401,402,30,152,0.4006628292342578,0.9,0.1973684210526316,0.85
glm-4.7-flash,69e678eb784186f4820bb4b3d48b33b9,f6c1fd35da2530320175b61d9fccbf27c074a6caf225e019b00ea460ecb8304e,True,634,635,281,270,0.42652734632401396,0.9473684210526314,0.19999999999999998,0.9473684210526313
glm-4.7-flash,11340d814fe69bcd7dec113898fd5947,9f07527942a35e02d43cddb287bbd29ff05e60257a26ef084207ae1c87dcc759,True,343,344,104,342,0.9975144987572494,1.0000000000000002,0.10000000000000002,0.8500000000000002
glm-4.7-flash,14a87d69ccc079d85a0f5d57dc4a7bdb,2fc36d78f4d7ec7f5025474c898a91ae5d3b0b7583a1da6bfaff49e0fb2b9dcb,False,542,543,60,449,0.8195578786888816,1.0000000000000002,0.19999999999999996,0.9473684210526316
glm-4.7-flash,44182d567f7978b8cf0aa37c5ce0d4aa,33d7aa0cb4a2be835dd484060ad5ebad4d371ec7f1bc6b098a6c32b93bf3f026,False,375,376,71,157,0.43083727314320575,0.7500000000000002,0.1578947368421053,0.6
glm-4.7-flash,224470287933cd1645a9c37f922eb1c8,a508fb43c687a104a2a623cdadf032fbb1e04c6150d3865f7b8f3b6c4faf2dc4,True,951,952,78,946,0.9920847959253906,0.8500000000000001,0.09999999999999999,0.7000000000000001
glm-4.7-flash,df37dd0f3c463be2b4787059b63a9028,faf4a15864f40d90ddab6a0b9016f0458ae1ae4a44d1742f73b1c43ac28d52a6,False,457,458,211,230,0.5580745851815344,1.0000000000000002,0.2,0.9500000000000002
glm-4.7-flash,258c0f33efb3e637962b4ea8f6971d09,93270b3e3c9f270cb9eaf3ef9e96519a94c67157e0432a800f038338d1141af2,False,354,355,37,243,0.6855860189193522,0.8421052631578947,0.15000000000000002,0.8421052631578947
glm-4.7-flash,48d8738209cbe3d0f3490417e6c37914,eeab997f191be48dfe1c194b097d638f07ea993d6bd7215d8c8bbd4ba778b3e6,False,592,593,63,547,0.935016111707841,0.8,0.2,0.65
glm-4.7-flash,a255fd4b2fac78a3faaf47bd17cd723f,2aa3b0e97a23d6151e5c66deb5b4875724ccf5c4f250050890b2eaaa7ff3d01a,True,618,619,119,259,0.43220082669623955,0.8000000000000002,0.19999999999999998,0.7000000000000001
glm-4.7-flash,5355d6e5738c1e76aa8f1441131c9295,6a16233d73023a373965038ddfd9a7c8400af04b0394f2dac4419bc41947c909,False,649,650,99,297,0.4676470588235294,0.6973684210526317,0.2,0.44736842105263147
glm-4.7-flash,c4ce6239240ed6d8489f1ee8bf9a4784,efa07c99a0a45fa76bcc4b245a153ac3aed05864cefb6762a1e91b318a1ab19a,True,464,465,32,89,0.23154796939376104,0.5,0.15000000000000002,0.09999999999999998
glm-4.7-flash,ead218181cb76fdbdefd5ea17e01be5b,009cab8d8ee8cd84678fe0391eafff51a8592b8a75c651ed3f29c8393605715c,True,443,444,139,301,0.6698448840187847,1.0,0.15000000000000002,0.8500000000000001
gemma-4-31b-it,02b15d84011aa2ed96dcb904e63129bb,b116d0a1b6cd2a2daa896aebbc562a9940bcbf0dfb0a03335112cb08242ca377,True,161,162,4,147,0.9205298013245033,0.9,0.15000000000000002,0.09999999999999998
gemma-4-31b-it,02b15d84011aa2ed96dcb904e63129bb,0b31f91612c0d8b01110009686ae2e0f475fbdc61d7dfac82945a4afd8a3a111,False,174,175,4,40,0.26304873833390946,1.0,0.19999999999999998,1.0
gemma-4-31b-it,4ac69654711e8b95f09faca42e95c605,72aa5250000f3d4cd1059f861971b28c49d1860615d8bc766e3381d8caf34251,True,287,288,15,199,0.6737481031866465,0.9,0.15000000000000002,0.45000000000000007
gemma-4-31b-it,4ac69654711e8b95f09faca42e95c605,af3e3703669e449c4a1e9e59b09241bd6ce5d89f9024cb4656d900209b7c98b8,False,301,302,20,77,0.2785123966942149,0.6500000000000001,0.2,0.35
gemma-4-31b-it,ab944ef1e6f39bfd785f38954f9458c1,512d38152afd6aadeda97341225334991a22afc36a8b41d7fd93e7d64e13de47,True,223,224,6,0,0.0008833922261484099,0.19999999999999998,0.19999999999999998,0.19999999999999998
gemma-4-31b-it,058cf31a49867fb29c66658776a61192,f751411534df6e68e1ff9f677a9b520f5bcbd1efcddf4241a261e6a20c7a888d,True,203,204,9,117,0.5567942151250377,0.65,0.050000000000000024,0.4
gemma-4-31b-it,09ea98d7d3d7c2d1118697f0d8791db8,b6202e3586c2db593ed348b9c03203b6834187e6659d15d66227890597b0cb63,True,180,181,11,29,0.22815137489790363,0.29473684210526313,0.19999999999999996,0.21052631578947367
gemma-4-31b-it,058cf31a49867fb29c66658776a61192,2648a02b90f18b3548279bcbc58a67e216c55dece47990f2b9416a5524e15d9f,False,134,135,10,24,0.20383204239706482,0.8,0.19999999999999998,0.6499999999999999
gemma-4-31b-it,09ea98d7d3d7c2d1118697f0d8791db8,1e0cb25b0cb039072d8277b5d24a43fd4d9a170ba234bfafdbfb4ffd758cc466,False,186,187,8,92,0.5456176319835981,1.0,0.19999999999999998,0.9
gemma-4-31b-it,61f7d8bcb43d0bd0621b066d85eb2529,79b3c24f0e81a4f3c4eb6c9c1a00ed5479ad6aa28aa09fbbf7ca6365367d19eb,True,179,180,17,109,0.6756349006789037,0.75,0.15,0.6000000000000001
gemma-4-31b-it,4fa61733d0d0662b085c3ecdf3a66cf9,1132fca1f9d9ac39a273b6f3ecde62a319f58172921648738edaf4afda8e3ddf,True,232,233,8,78,0.38201649374833735,0.8500000000000001,0.19999999999999998,0.8500000000000001
gemma-4-31b-it,61f7d8bcb43d0bd0621b066d85eb2529,9491c84b3a3dea9669291da18097f225ed3573414e5ce6f4f535a6427a110301,False,190,191,21,52,0.3575388026607539,0.7000000000000001,0.09999999999999999,0.7000000000000001
gemma-4-31b-it,4fa61733d0d0662b085c3ecdf3a66cf9,85f5f57ebfba856273fa61c6bdb8a41b14c08ae3046fb667ec60ef4a1d2fb4d9,False,223,224,8,71,0.35337124289195776,0.9500000000000001,0.15000000000000002,0.9500000000000001
gemma-4-31b-it,b2b6765627a78f61fac9ba35346d7b1d,819cc1e2baec096224b7e0e0873fa1ded9e529350866a80bad139fac0cd558e7,True,112,113,3,30,0.27655591951333647,0.6000000000000001,0.09999999999999999,0.09999999999999999
gemma-4-31b-it,b2b6765627a78f61fac9ba35346d7b1d,c7c3e2d87a28c42384210091f1dacb2a229245206f1a0d3388db2293e25fe85b,False,129,130,4,28,0.2253968253968254,1.0,0.09999999999999999,1.0
gemma-4-31b-it,14a87d69ccc079d85a0f5d57dc4a7bdb,ff854d1421448787c68c3693c889ec5ac5d1bebce94442d70fa2ae416e54cdff,True,335,336,2,252,0.7728770131771596,0.8,0.15000000000000002,0.19999999999999998
gemma-4-31b-it,711f389c59ebfcb9eb04d37c86efae77,49fca9de0611ac14a06226930cf7db237a6ae9043e77640bce6bef54c8f40ebc,True,243,244,5,58,0.27509481668773705,0.44999999999999996,0.2,0.25
gemma-4-31b-it,711f389c59ebfcb9eb04d37c86efae77,8e290a007508f3debeb0730bf4f1958ab41a8d42633ecca9792a852d8ccab709,False,221,222,8,15,0.08954378010767923,0.8,0.09999999999999999,0.8
gemma-4-31b-it,633420a679153f203fc61a88a953629e,903cb98ca09d00efa6978c4882b624e269a72055ebb9ef19c3b581b92cd1f1e0,True,192,193,2,0,0.0009264978381717109,0.050000000000000024,0.050000000000000024,0.0
gemma-4-31b-it,633420a679153f203fc61a88a953629e,465253e4053156f064c1e6b6b42d4c4fcd102fe4e41e131521681533e5528ac1,False,280,281,2,161,0.6252414681262073,1.0,0.19999999999999998,0.35
gemma-4-31b-it,b456600e51f08dfb7754936792b3800e,63a4a0c41ae2cd5611f5df2030f331c52c7a3f31224c2b0ee676b91c1b5e5cb7,True,336,337,2,200,0.6543665436654367,0.7,0.09999999999999999,0.19999999999999998
gemma-4-31b-it,b456600e51f08dfb7754936792b3800e,971b26081129c9e398f92174476b7c3129d25c97c74a21fe1d5fd1ab478d92d7,False,57,58,2,56,0.9928425357873211,0.6,0.05000000000000002,0.30000000000000004
gemma-4-31b-it,24686977bb5ff6eaee7dac452c92c4be,fbcdbc7426d543ddd6fdd65ba526bdc84ad318fc3b97e4eeb38b689efe16c28e,True,168,169,7,62,0.4209021601016518,0.8,0.19999999999999998,0.775
gemma-4-31b-it,24686977bb5ff6eaee7dac452c92c4be,f5fc7be053c0cc7cee9b4793505eeca535cb5154b2cd899cc6af848f20b16c73,False,216,217,12,122,0.6006996501749126,0.85,0.19999999999999996,0.65
gemma-4-31b-it,715eb949cafa36ccc69ff816a68a68bd,73e6c4263c81441b0a9b0a01b4e8a314b58db325909ac1ebd28307296a3de82d,True,187,188,11,23,0.19491978609625668,0.55,0.19999999999999998,0.55
gemma-4-31b-it,715eb949cafa36ccc69ff816a68a68bd,56dc5b0b97186ad62f9841318a704d5af1601b40445a25f308d172f60acb50e1,False,272,273,13,124,0.4652439024390244,0.9,0.19999999999999998,0.8
gemma-4-31b-it,e84545b4073db0c4d84a58b5f4243d50,691531b48a1750ac56542c2b7b436f11eaab6ee13ee7c48b13c2d006a362d081,True,137,138,2,6,0.03937947494033413,0.25,0.19999999999999998,0.15000000000000002
gemma-4-31b-it,e84545b4073db0c4d84a58b5f4243d50,0199e2dd092a3d9070f21342247a96603c4648fe5fda2605c046ebd0e87917e4,False,280,281,2,222,0.7911149825783972,0.75,0.2,0.7
gemma-4-31b-it,2600ed7d2340c964a027e94ed65d75f2,9b18a32d62855c780a87b7a6f8307d6951a2432878f75087cc335f1cc9f8909d,True,251,252,4,125,0.5083892617449665,0.6000000000000001,0.09999999999999999,0.5
gemma-4-31b-it,2600ed7d2340c964a027e94ed65d75f2,278407bff404c87212ef4efadcc531d27741ccb96a91d546afae59aa6f711748,False,183,184,3,27,0.2376470588235294,0.45,0.2,0.45
gemma-4-31b-it,719442a3ee1c00332a6b77c30ce987cd,027e1f1ec30d98a69b6be1be38f5b84975a08ced33684557acb81221b86704c1,True,227,228,4,0,0.0008593526210254941,0.15,0.15,0.050000000000000024
gemma-4-31b-it,719442a3ee1c00332a6b77c30ce987cd,00bd7a64357ff0ba93d52c6f5e0af5ccc7c1d8b6b892ab677c5e8de96484209e,False,284,285,5,73,0.2854422344477359,1.0,0.15000000000000002,1.0
gemma-4-31b-it,fa3f1534a8d672e364f916665953a826,629617f67487f536bec8055545e447641b232c128e2aae1b66fca4e2414ff5f5,True,171,172,4,1,0.005456198848135798,0.35000000000000003,0.15000000000000002,0.35
gemma-4-31b-it,fa3f1534a8d672e364f916665953a826,63d4fb05e3aea5944b800130028f466201692bd2c4cb5fe077ab7ee41f71db91,False,229,230,4,0,0.0007208073041806823,0.15,0.15,0.15
gemma-4-31b-it,27f2b910c19b40bb9f36ce9a3a8909af,f29e257334f879219851dc99fbe8929ce662e18a9bed40a9553ac4300a05a229,True,193,194,4,72,0.46253521126760566,0.8500000000000001,0.19999999999999996,0.75
gemma-4-31b-it,27f2b910c19b40bb9f36ce9a3a8909af,efdaf36a9247a9e700dac739e5fb7ee9216b018d44ea4f2cbc11237c4ac64b11,False,176,177,4,44,0.290955091714105,0.6,0.19999999999999998,0.6
gemma-4-31b-it,7d75815cb2310bdcf17826679b94cee2,2e9dbff9a41c86d488bf03f98cfc0e6a561787efff54f2c05f5e3083c34777ca,True,315,316,25,18,0.07563678786700369,0.7000000000000001,0.19999999999999998,0.7
gemma-4-31b-it,7d75815cb2310bdcf17826679b94cee2,55cb984026926429ce4a8d790541d248eed3580552b2a3c1281a4ee50b4fa4ba,False,247,248,47,161,0.6548282265552461,1.0000000000000002,0.0,0.8000000000000002
gemma-4-31b-it,fc75c4214c86972be10f49fa2b6b58ee,23ba056627ccd5f59ba3cae8148706aeaa8d89c22fc4ebc786b08259e6125c6d,True,272,273,80,179,0.6763754045307443,0.8500000000000001,0.19999999999999998,0.7000000000000001
gemma-4-31b-it,288897f502a272f8f0b8b999354a154d,14628945edb20e419bf5242b785bd3f492267e09c097840c864ac97d2bf509e7,True,124,125,2,0,0.0014395393474088292,0.09999999999999998,0.09999999999999998,0.050000000000000024
gemma-4-31b-it,288897f502a272f8f0b8b999354a154d,fb124bf5a401be89c223234eecbff8cd899fd4b36108b1adf51f862c718b619c,False,260,261,3,83,0.3116821318106115,0.95,0.15000000000000002,0.8999999999999999
gemma-4-31b-it,839d5849b985de3b732f197086218847,738becf16a16295a73455c7f39199093bf9b13e4683c5d65c05644a907714e22,True,268,269,4,40,0.16462992852201982,0.6,0.15000000000000002,0.6
gemma-4-31b-it,839d5849b985de3b732f197086218847,60fc6cd9b2f678a1600eb02a314422b16ea74d46599b9e96f05518a1de95587b,False,295,296,4,47,0.17606915377616014,0.4,0.14999999999999997,0.4
gemma-4-31b-it,28891dd6ff7aaeaf92456def52f81530,b2fc5ffe73f172290cb85525bb53e8e7b13978d794b4aefdd6a650b6a2523410,True,228,229,20,49,0.24372955288985823,0.5,0.2,0.30000000000000004
gemma-4-31b-it,28891dd6ff7aaeaf92456def52f81530,5b6f6bcb478164dce6031ae17acefd9e9cc146a7cf6b59b861726302d5d0b78e,False,144,145,17,20,0.16262135922330098,0.9000000000000001,0.19999999999999996,0.9000000000000001
gemma-4-31b-it,88537bcf54e128709d3d84d9a954aa6f,5a17231de1cc64c2e9736f21b66e1ece7f5577d2125d7671f2205e61ffde9eb8,True,321,322,6,112,0.3907125700560448,0.7,0.15000000000000002,0.25
gemma-4-31b-it,88537bcf54e128709d3d84d9a954aa6f,8d4d08f76aed6f0a9af32c436152f5c127a89cfe37647fc3ba0b9ecc72740a0e,False,225,226,8,112,0.5448020375086826,0.9,0.15000000000000002,0.8
gemma-4-31b-it,28d28d258ac6a1478eba8edc77a6c82a,da041bc6fae7a6cc1adbcc4be5eb5268f73252353d321eac490d14219fdfeda9,True,300,301,13,69,0.2694099378881988,0.6500000000000001,0.2,0.6500000000000001
gemma-4-31b-it,28d28d258ac6a1478eba8edc77a6c82a,95c9c81ecd49ea0e8e0adfe60558a797c0f92a163550257d91e8b07c1919bc91,False,265,266,26,207,0.7932574235320384,1.0,0.19999999999999996,0.7500000000000001
gemma-4-31b-it,967834058a7e6f5cb903d6d983ecba7e,eaf4f602ee12a8cba44e4af9c1c73b4232baaced8dbdb984aaa173a60dea1975,True,164,165,2,10,0.08717047451669596,0.30000000000000004,0.19999999999999996,0.19999999999999998
gemma-4-31b-it,967834058a7e6f5cb903d6d983ecba7e,76ac6432abdb292ba71273a36a4b407bd05cb0c82860da7996bfa9c3cfd6bd6f,False,223,224,3,91,0.4398615517738679,0.6,0.19999999999999996,0.5
gemma-4-31b-it,2d167450cef58742130e16740cd99dd1,8c6fcab6165ec7b58081dcf2f9b5aebc9c3379b912f37007e1ce9dad98bb01d5,True,157,158,8,28,0.17673455298584742,0.6,0.19999999999999998,0.6
gemma-4-31b-it,2d167450cef58742130e16740cd99dd1,c1e2e9526b9597a32c0a546d6686745a8dcf99c6fb8c53604c6cb09f0dee8586,False,240,241,9,91,0.418370055747279,0.75,0.2,0.6
gemma-4-31b-it,99056c3c2db73e4929ee1df107d73688,f47597ea04ee5ba53829ab97548fd0388000fa6e6ff63b2172140fffbfe714a8,True,231,232,3,120,0.5256353098528757,0.95,0.2,0.8
gemma-4-31b-it,99056c3c2db73e4929ee1df107d73688,d55977c553228aa2f4b366fbd66dc6edc9b1cf2d9e0be2b95526bf088fc15260,False,191,192,3,0,0.0009244992295839754,0.19999999999999998,0.19999999999999998,0.0
gemma-4-31b-it,42657169f520db24ecd36735fa5fcd7f,6f90c62ff709531f94774510b7e6e755b3d07cf2e54109e2d46b1490bf94a725,False,266,267,2,66,0.27361910855193006,0.7,0.15000000000000002,0.7
gemma-4-31b-it,9d8432d3b13c02fb04b55e0a74c6c063,fd2a8a0285b29cd378c6d285586322d6b8c44070257de8c82f8d545bf5f34dba,True,99,100,2,23,0.28928765633496467,0.85,0.09999999999999999,0.85
gemma-4-31b-it,9d8432d3b13c02fb04b55e0a74c6c063,ccc3611cdb7e0f2d10e565e702e34edada81b76cbfb6746e01199af8db7bd2a3,False,113,114,2,24,0.15173596228032576,0.5,0.15000000000000002,0.19999999999999998
gemma-4-31b-it,44182d567f7978b8cf0aa37c5ce0d4aa,f63fc593f8d6ebbf90aba9fb6f72b091ed9add9304528874efb91c80a2ca6d1b,True,297,298,5,96,0.3633015597920277,0.8500000000000001,0.19999999999999996,0.85
gemma-4-31b-it,44182d567f7978b8cf0aa37c5ce0d4aa,83297929cee1efc83d7c18f694b9eebfe66ab294000f52a3633bfd6d99464659,False,202,203,4,22,0.14080195898377718,0.25,0.19999999999999998,0.19999999999999998
gemma-4-31b-it,a670afa64f606d20eed4a435fc89d120,9c641a2d729fd1b8c0026152087070fa64ab4d516f22755a74c7d8411a2736bc,True,259,260,19,42,0.1865553801037672,0.9000000000000001,0.10000000000000003,0.9000000000000001
gemma-4-31b-it,46f5a66a841fae109fc92ccdb9448abe,a42eb5ddfacd423a6e67bdd0d6fa2245e2630fbe065cc4b13f92fae979532df8,True,250,251,14,79,0.351128818061089,0.6,0.1657894736842105,0.575
gemma-4-31b-it,46f5a66a841fae109fc92ccdb9448abe,3ccb5946c1d615a67cbddabefc740069d449cae30d6d1b6fcffc89580a7493d0,False,198,199,11,85,0.4709283649212978,0.65,0.19999999999999996,0.65
gemma-4-31b-it,ab0226a3a9dc01c8c9b91a47198bed63,f095c3157db3ab33e151ff5b8bffa6b73feb24ddc7f76a8222b77aacfad6fdd9,True,208,209,3,0,0.0008429334082607474,0.09999999999999999,0.09999999999999999,0.050000000000000024
gemma-4-31b-it,4abc3a40659612c935b6036cf7018466,0b309869da189c64b1ba1ab4a536fab938cb5dc247cf674f0b0c04e623685082,True,258,259,4,20,0.07300652219650747,0.55,0.19999999999999996,0.55
gemma-4-31b-it,4abc3a40659612c935b6036cf7018466,e71c36cb8942288ef2d2138d4cdfeb13a6c0a5db078da959c84458d5da7041fc,False,107,108,3,12,0.17567567567567569,0.6,0.09999999999999999,0.6
gemma-4-31b-it,ab79da6338f2deff095e1bf3b5b4d9f0,13c944d8ad7eeea45af7e606f363325fc486e745f613159141ea546751fe864f,True,157,158,3,29,0.1788549937317175,0.39999999999999997,0.0,0.30000000000000004
gemma-4-31b-it,ab79da6338f2deff095e1bf3b5b4d9f0,e164c9fc221f5549732164926f9ef2a34aab360a24fbe1fac2110c2cecb809f0,False,229,230,3,116,0.5006415191172697,0.65,0.15000000000000002,0.6
gemma-4-31b-it,a670afa64f606d20eed4a435fc89d120,104eea2dd529f7799d72b9b1238c72feb26a080b0993e05c121b84eb1f5d8ede,False,387,388,29,94,0.2566929133858268,0.9000000000000001,0.15,0.9
gemma-4-31b-it,14a87d69ccc079d85a0f5d57dc4a7bdb,8909d1c989687df5ea7f5bf1b618346cfa61d84a8abea831a326fc700fd80395,False,354,355,2,28,0.0811000175162025,0.4,0.19999999999999998,0.4
qwq-32b,0148cedaed162d8c1591e7dad5de6dec,39299ca7159c80959461e7c997721436f87c1b16ee33c2a6366e9fdcd3c9ac66,True,30,31,3,1,0.014209591474245116,0.26315789473684215,0.15000000000000002,0.0
qwq-32b,0148cedaed162d8c1591e7dad5de6dec,89cd45e336e73ba5c5ffdc454a3996fa3e6fff4d9c278ac65224ec217a73c858,False,81,82,2,26,0.28488372093023256,0.9,0.15789473684210528,0.85
qwq-32b,258c0f33efb3e637962b4ea8f6971d09,b63ca6bd95cd67dfb95f71f92163b1ae8576db863b3d5089e6c1cfbb71c801a8,True,102,103,6,4,0.04283054003724395,0.3,0.19473684210526315,0.050000000000000024
qwq-32b,258c0f33efb3e637962b4ea8f6971d09,da0ad998fc22e1e16078d0ae36eeae966d6f827dc06ddc36da235afa1fcb2b33,False,83,84,6,30,0.34134615384615385,0.95,0.19999999999999998,0.8999999999999999
qwq-32b,28c328b44b6a8b287cd1e29bfc9c17eb,848d6af2fd2cd78c1de88984cb9e59a4e4de44607c577ac9b8787759352d8054,True,15,16,5,8,0.4129032258064516,0.30000000000000004,0.0,0.30000000000000004
qwq-32b,28c328b44b6a8b287cd1e29bfc9c17eb,599586631ef912413fcef9f30c12b69cd5dd09fd76ea9e63829ba758f7a57f8b,False,28,29,5,13,0.43159922928709055,0.9473684210526316,0.15000000000000002,0.9473684210526316
qwq-32b,3ffd64fa59b0f373586831b18ec69d1f,6fc2cdb1bd12fc14a9792788ec37edc89eca9ef6a7e332089453b71d4ffc05a2,True,72,73,4,51,0.7453341360626129,0.85,0.19999999999999996,0.29999999999999993
qwq-32b,3ffd64fa59b0f373586831b18ec69d1f,a70e7faa695b1e1ad2d3bc0ba10d265c0c215d93e3e93189bee6995582c9958f,False,33,34,4,19,0.42776523702031605,0.6499999999999999,0.0,0.35
qwq-32b,48d8738209cbe3d0f3490417e6c37914,cf9558c1f217dfabb794d603cd1fd025659dbd335f179b39e1bba766d8ddd565,True,168,169,12,167,0.9979890835966676,0.85,0.2,0.3500000000000001
qwq-32b,48d8738209cbe3d0f3490417e6c37914,7f1419aa0f666aa0ee41f6da589573a133c9c28e6a07743870010c11904a8e42,False,90,91,10,28,0.3204225352112676,0.95,0.15,0.8999999999999999
qwq-32b,5bebb5ccb1b21ef642e37fb57088d0af,edf9569a0b62247ab7447ea1941344cc7993a6f822ce82780cffe53eb46ab563,True,63,64,5,35,0.49487418452935694,0.65,0.050000000000000024,0.3
qwq-32b,5bebb5ccb1b21ef642e37fb57088d0af,0d6225c635f3f4a946baa6b25634f40659c65fc9a3a9b1cc3d1fe1ee8fe1bf7c,False,103,104,13,29,0.24430955993930198,0.44999999999999996,0.16052631578947368,0.39999999999999997
qwq-32b,6c4cccbdfe3340d1de38720b444b4e83,93a814620f809810d03fcb40ae9f17300f69cbf81b0ddfd7d459e2239661701e,True,46,47,2,1,0.007334963325183374,0.25,0.19999999999999998,0.0
qwq-32b,6c4cccbdfe3340d1de38720b444b4e83,dd51ec56bc2cbe93a22c35dae829eceed0a3b6db0209bd8ae6b07adb93c827bf,False,200,201,10,146,0.7270448135380758,1.0,0.19999999999999998,0.6
qwq-32b,7351fe5f8ee14ff826bc262030efc469,647b87affa4703a27d7fd25017b4dc592914111b6d65d19f578727dd13c5530c,True,76,77,3,72,0.9402489626556016,0.6,0.19999999999999998,0.35
qwq-32b,7351fe5f8ee14ff826bc262030efc469,3cfdf67d7f98c8fe484011b5ebd26bf93f87498955b895bb617ad07b13aceadc,False,61,62,3,7,0.14405204460966542,0.7,0.19999999999999998,0.7
qwq-32b,88537bcf54e128709d3d84d9a954aa6f,9096f2fdd90c73f76ac9b8450010c3c195455079803b6acf5acd5a26a776a2eb,True,73,74,6,23,0.33103975535168195,0.7222222222222222,0.10526315789473684,0.6722222222222222
qwq-32b,88537bcf54e128709d3d84d9a954aa6f,5a8fbbd2d8cd7de03b99aaccb4e85e344c5ae5c08480e4f476e4e63421ce4107,False,35,36,6,16,0.45354523227383864,0.7000000000000001,0.09999999999999999,0.6473684210526316
qwq-32b,a670afa64f606d20eed4a435fc89d120,0fd3f3888c2b5247b86d67303acc7c9b7a1db5842965acf55567e851d2cd7a50,True,89,90,17,49,0.5420928402832416,0.95,0.15,0.48684210526315796
qwq-32b,a670afa64f606d20eed4a435fc89d120,f89c18d2ac2c522f7c6583e6cc17e4074bc982c97f0d1bb36ffb6bb691e9ac60,False,103,104,15,37,0.3382352941176471,0.95,0.2,0.85
qwq-32b,bc3da8074eec813548bda5ec813b8a9b,55eea4b0633e4dc2a7f373330ec81d48c3cb996da11d2efe29a218cb0c12d7a8,True,120,121,6,65,0.5636998254799301,0.4763157894736842,0.11695906432748537,0.09999999999999998
qwq-32b,bc3da8074eec813548bda5ec813b8a9b,0a32b21977ed520d6d36cb2368fd8a48dcde03ce7c7b8f84d5a9b55b4f640a0b,False,67,68,5,27,0.41487143849895763,0.85,0.15789473684210528,0.7973684210526315
qwq-32b,c4ce6239240ed6d8489f1ee8bf9a4784,59d750b789546a7a05773120b8c28306e713911304172bc65125e4f61b366e4f,True,79,80,4,0,0.0,0.10526315789473684,0.10526315789473684,0.10526315789473684
qwq-32b,c4ce6239240ed6d8489f1ee8bf9a4784,39f7691a2e9dcf69852d21840d66bb53d9c82d33e1c9f1db000b9ff4e59833a4,False,140,141,5,105,0.7367788461538461,1.0,0.19999999999999998,0.35
qwq-32b,d9e1496466a6206a8617add56ddce386,127cd3b88c8860f8da2eb5b50209b6340ac2599e2d756309983e1b98126cf4eb,True,52,53,5,21,0.38496583143507973,0.9,0.19999999999999998,0.8
qwq-32b,d9e1496466a6206a8617add56ddce386,9eab93899021c8c22f61035b77818bf6d5d474c0dee40fa90935d0f27faae9d4,False,60,61,6,22,0.3582089552238806,0.39999999999999997,0.09999999999999999,0.15000000000000002
qwq-32b,e9c3b2227f99155be055e871c23ef702,0f7620dcf9b1f5b55edebbd68fb8a20dbf56c121c7127e594dd84367d775b944,True,206,207,6,30,0.1404532967032967,0.5000000000000001,0.09999999999999998,0.19999999999999998
qwq-32b,e9c3b2227f99155be055e871c23ef702,bd833a5dc3516a8b6c2ee1134c143b0a7bba2b46113a152fb8d0e43444c6fa8c,False,116,117,6,93,0.7717502558853634,1.0,0.15000000000000002,0.8460526315789474
qwq-32b,fb9fdfc495c899901c9c864e13bfeaff,2f0e9b69bb08bddf173fd62b8c86b9aeaa1ff0d62946bbe39ea462d5c3b39f2a,True,46,47,3,13,0.3227953410981697,0.8421052631578947,0.19999999999999998,0.7657894736842106
qwq-32b,fb9fdfc495c899901c9c864e13bfeaff,8dbc78c581f02dc9f24f059e5bdd8bc5147b70a3d0e103f62535df400e1a016a,False,44,45,3,31,0.7312186978297162,0.5555555555555556,0.09999999999999999,0.30000000000000004
qwq-32b,02b15d84011aa2ed96dcb904e63129bb,8c61e58d463d0d036348ad0ed8c083ac4d305449fd5fb16bc7ab4d1a2552a5b7,True,166,167,16,157,0.9327917282127031,0.8,0.19999999999999998,0.44999999999999996
qwq-32b,2600ed7d2340c964a027e94ed65d75f2,4cc349330183586d5a1df970711afb9b65e2e7fa2a5d2683bcc2cc8199010222,True,81,82,4,19,0.21889250814332248,0.4736842105263158,0.050000000000000024,0.4736842105263158
qwq-32b,2600ed7d2340c964a027e94ed65d75f2,2fd44b7bb33771cf3b583196ba31b4894f20269e24f82b5fe7e48a3c4c670fcf,False,76,77,4,14,0.2465642683912692,0.5,0.052631578947368446,0.44999999999999996
qwq-32b,34d053d3a9b3a1f013655f7223718de7,d6be2c0ef21ab2e9763bcccac3f6b565a21c4e2a6d2ce39336c1571e7b7fd5e9,True,36,37,2,15,0.4748803827751196,0.6,0.19999999999999998,0.15000000000000002
qwq-32b,34d053d3a9b3a1f013655f7223718de7,40b1c3da129ab2d1b9804a7d8cae9c65f842db1cb5bb234f3dc6155026633d4f,False,31,32,2,10,0.3240611961057024,0.85,0.050000000000000024,0.85
qwq-32b,42657169f520db24ecd36735fa5fcd7f,166282b52bd85aa40d4c13b1371d9f7cd95fb467e75eae04238bd4674e8f6398,True,119,120,5,100,0.8427507665352606,0.5789473684210525,0.15,0.3289473684210526
qwq-32b,42657169f520db24ecd36735fa5fcd7f,4e5e9a42a71f76d618356a0a3980cdc84bcf2af2f04f2e5e136996f0086e2344,False,114,115,6,89,0.7533460803059273,0.9473684210526316,0.19736842105263153,0.6473684210526316
qwq-32b,4abc3a40659612c935b6036cf7018466,e71bc4132ba47ade8df24c882f8409f04707580e1f441e60f10d7c15b29b2dcb,True,33,34,13,16,0.3726027397260274,0.25,0.10000000000000003,0.2
qwq-32b,4abc3a40659612c935b6036cf7018466,001725222645f22ffecf37043e46a4cd7629e5451e0fa8a0cdf8e38faa46cf1c,False,26,27,14,19,0.6836158192090396,0.8,0.050000000000000024,0.3236842105263158
qwq-32b,5e7abd32af948047598121dd03ac97b6,8374a2cd0e0b168f7a5a2d2792079c9f79c27a75afac7687e9fcb050a30a130a,True,132,133,5,19,0.13793103448275862,0.4,0.2,0.4
qwq-32b,5e7abd32af948047598121dd03ac97b6,3669ab564988e9dc35f55fad8015b993a5cc3268dbc17b0d918cd554c66037c2,False,79,80,5,21,0.24188034188034188,0.65,0.15,0.65
qwq-32b,6cae95de019b8b107893b29e2418ab4a,ccf673ef64808762891fd0f9cb0624dcc89009769572b05204ae38cf6aef3bab,True,83,84,7,66,0.7974683544303798,0.5,0.1,0.19999999999999996
qwq-32b,6cae95de019b8b107893b29e2418ab4a,0fd01d1d4eed81452d21fc4c274d55209d3e7649e2524a1b2f1fc6789b70f539,False,24,25,7,12,0.45979381443298967,0.8500000000000001,0.0,0.8500000000000001
qwq-32b,7d75815cb2310bdcf17826679b94cee2,60923ece7812676a4fcfb8fb5fdb76165dc6bc4313528b23f6c857d9314a6ad9,True,22,23,7,10,0.45080500894454384,0.65,0.050000000000000024,0.65
qwq-32b,7d75815cb2310bdcf17826679b94cee2,c3e8b6e68340f2178c261e5334de0e8527c1cf45bea4db60e85ca4da52f7e9cc,False,83,84,12,83,1.0,0.75,0.0,0.35
qwq-32b,8d4129f4074a7419ef8017429041fac4,38dede87a6d65151bc0e42c0e452e4cd252fda99ebc276bcd6cb4c7cdf510e24,True,120,121,4,110,0.916615194564546,0.7,0.15000000000000002,0.25
qwq-32b,8d4129f4074a7419ef8017429041fac4,57f9accde3580e0dec23f3e2753076b1be0951c6136228c3ad6025616f280e9b,False,61,62,3,46,0.7212543554006968,0.6,0.19999999999999998,0.39999999999999997
qwq-32b,ab0226a3a9dc01c8c9b91a47198bed63,86d204965bb52940b291f2ff05b39184c4e05185665175aef2a5799291edf96a,True,44,45,5,0,0.0,0.16578947368421051,0.16578947368421051,0.15000000000000002
qwq-32b,ab0226a3a9dc01c8c9b91a47198bed63,60f9fffae8787389a5d60efbd7ab8d1192a618a389c43d0c4b49bc4396a98050,False,76,77,7,22,0.3253846153846154,0.9,0.19473684210526318,0.8
qwq-32b,beea037b8f8cec59caa352ec11f501da,053a1729b9943d25f9e6671e34ce1e63b78e8bab6eccd39f96e6857012b71757,True,68,69,12,0,0.0,0.10000000000000003,0.10000000000000003,0.09999999999999999
qwq-32b,beea037b8f8cec59caa352ec11f501da,6de212d08dd5d2fdbff5c661a9a0b497b319a3b02cfbf25fdd142e488ef073f6,False,30,31,5,13,0.37719298245614036,1.0,0.0,1.0
qwq-32b,d2a373fbe65bd86a11545430c5394c7f,ee8e6cdaad7b591a42c7e0e8d025e2e9a1fb27de2b48e96c858f8ffd4e90dca8,True,101,102,5,98,0.963129048330842,0.95,0.19999999999999996,0.7
qwq-32b,d2a373fbe65bd86a11545430c5394c7f,a80f7a83cdf81b6a02bfd05b9014abf1871eee7cb9eb09682bbc23728a0c1df8,False,39,40,5,2,0.05576679340937896,0.25,0.19999999999999998,0.25
qwq-32b,da2bd7e45b94e13e1fb97126ca03fcc4,3ae7b678f547d4f9c8f7530ae4129a13549cc3c3cbee46e3711c6d877810e8ef,True,81,82,17,17,0.18166804293971925,0.4289473684210525,0.19999999999999998,0.15000000000000002
qwq-32b,da2bd7e45b94e13e1fb97126ca03fcc4,aba7b6fc35138d66a7dc202d03b35a85469ebe7a65f46459402e3f19ca53a4c3,False,55,56,19,35,0.6012269938650306,0.9000000000000001,0.15,0.39999999999999997
qwq-32b,ead218181cb76fdbdefd5ea17e01be5b,cf2852f2ecfbed01c007f8101c0dce45af9825a758e22c37e1e51b3ff535f036,True,251,252,34,238,0.939784442361762,1.0,0.15000000000000002,0.23157894736842105
qwq-32b,ead218181cb76fdbdefd5ea17e01be5b,882a0394baedc21b37790a78570c887418037096960f34f838f6e04581dad917,False,40,41,8,18,0.4443037974683544,0.55,0.15000000000000002,0.4705882352941177
qwq-32b,0a3c768a49d4110f6c1604ace9951ee5,2a80a06aab1a4df3a76c0cd59189358e9d52394185501db23de37294e2bd9e24,True,49,50,4,24,0.5175834084761046,0.9500000000000001,0.09999999999999999,0.85
qwq-32b,0a3c768a49d4110f6c1604ace9951ee5,a92c546e4a9cb066aac6ee74a92e86b49c1c0d31868651cd108bfa0286ad67b5,False,74,75,5,50,0.6991150442477876,0.65,0.2,0.45
qwq-32b,27f2b910c19b40bb9f36ce9a3a8909af,c7d30ecf4341abc691bcbeec4f9bc3037216f869cf703d1ee70b666423e0cf81,True,64,65,9,43,0.724045545880777,0.45,0.19999999999999998,0.24736842105263157
qwq-32b,27f2b910c19b40bb9f36ce9a3a8909af,c796ce402947657af136ce2db799f4eed4ea0a0cd1d574a44b02a681ba6dde48,False,48,49,8,43,0.8344627299128751,0.8,0.1263157894736842,0.35
qwq-32b,34f92cdb48573ee3ec1837da4f60ff3f,0332a69aff303d86488b79b65c7bd6bc6d16b2cce8a394002ac0092acba5c528,True,37,38,6,4,0.08695652173913043,0.4,0.17251461988304095,0.052631578947368446
qwq-32b,34f92cdb48573ee3ec1837da4f60ff3f,01b38155460682e6f4397689a49df5dc091223a0d60b1b81586d5f34dadad078,False,35,36,5,17,0.49568221070811747,0.85,0.09999999999999999,0.7999999999999999
qwq-32b,44182d567f7978b8cf0aa37c5ce0d4aa,8946a91f7f859a3e4a06585e76e1a11bf9ea4b9ea9a1fcbdb8309d1c9f149c1c,True,62,63,9,15,0.28834870075440067,0.5000000000000001,0.15170278637770898,0.5
qwq-32b,44182d567f7978b8cf0aa37c5ce0d4aa,ba4a9146725ccb610195ef679c408df3275fd5a8bbb92c53e961d2f417ee0b95,False,63,64,8,7,0.1360485268630849,0.4375,0.18333333333333335,0.4375
qwq-32b,4ac69654711e8b95f09faca42e95c605,3c77db07dd2c5e5d327b2f5c7fa2e8342d053175285459f1e779f75b74798ef6,True,107,108,7,40,0.42802056555269924,0.95,0.15000000000000002,0.85
qwq-32b,4ac69654711e8b95f09faca42e95c605,87350f9d7274ca58018ea1eed4ab4059b0c6a1c3cd0c86b318e83cc7ca3836ca,False,39,40,4,1,0.008290155440414507,0.26315789473684215,0.19999999999999998,0.26315789473684215
qwq-32b,61f7d8bcb43d0bd0621b066d85eb2529,41ba42d56f643a65814d3bcdbb8923276e3f1c2bcbb22d8a5616c93b19d580f8,True,71,72,11,69,0.9825436408977556,0.55,0.050000000000000024,0.30000000000000004
qwq-32b,61f7d8bcb43d0bd0621b066d85eb2529,69573d15b2560da7052b7297316ded4c09c46887ecb87384ce96b89b251caf65,False,128,129,14,128,1.0,0.9,0.0,0.35000000000000003
qwq-32b,711f389c59ebfcb9eb04d37c86efae77,dbdf5d9f1f33d5640b2d45f61d2c6a73c45203f74a815d97021bce868b7b0993,True,34,35,8,11,0.3231939163498099,0.6499999999999999,0.15000000000000002,0.6499999999999999
qwq-32b,711f389c59ebfcb9eb04d37c86efae77,bba00ce49a0308d6756868f613acd8ae7f02469753fbd4ed011760becb2d114b,False,81,82,11,56,0.7057308435286542,0.65,0.15000000000000002,0.45000000000000007
qwq-32b,839d5849b985de3b732f197086218847,4cc196cb3b957994044fe16b7e6c862d499709b1f53b817927f0a56584802bef,True,168,169,5,146,0.8753086419753087,0.4,0.19999999999999998,0.30000000000000004
qwq-32b,839d5849b985de3b732f197086218847,e9efa8cf773be8cca780c985590f938ce6cca2a58a00a4b5685c71412feff43a,False,61,62,6,27,0.42857142857142855,0.7368421052631579,0.2,0.6342105263157893
qwq-32b,9c22e95143200153a9b0c049452517e1,ca7650bcc28cec3c1d8cea8dc6c3645b8ab0a7ece76ea8ab359798da1fed9de2,True,54,55,10,16,0.3034825870646766,0.5263157894736842,0.052631578947368446,0.5263157894736842
qwq-32b,9c22e95143200153a9b0c049452517e1,af72617845b8ed3cb9cf805de50fb608b2afe4e4b3ccb21972fb9a6e041c66bf,False,104,105,12,103,0.9874131944444444,1.0,0.09999999999999998,0.9473684210526316
qwq-32b,ab79da6338f2deff095e1bf3b5b4d9f0,162bc2b0026b4704032f14c4cc65c718ce34dfa22319f43f9049d7a1bb6da2de,True,43,44,9,19,0.43733333333333335,0.8500000000000001,0.052631578947368446,0.8500000000000001
qwq-32b,ab79da6338f2deff095e1bf3b5b4d9f0,8d6ff5c7bd0728b45fb82df2561703b57a29a908dcd9f1487a7a1693d64750ed,False,22,23,9,11,0.53125,0.55,0.10000000000000002,0.5249999999999999
qwq-32b,bf8e15580571e5c3976117c303cf144e,7472de0cb07588a7ffee1c30d814bbae1b16a537de9750c4532ebd38097e80bb,True,66,67,12,29,0.45376845376845376,0.75,0.15000000000000002,0.75
qwq-32b,bf8e15580571e5c3976117c303cf144e,96ad8ae5844b3d64dabdf4dc35b30b5c25848cd88ee3426bf591e4c57122a492,False,162,163,14,51,0.32480252764612955,0.9000000000000001,0.19999999999999998,0.8000000000000002
qwq-32b,d35ff55eca6c7f6db36a73934025f3c5,b4373e516c35efc7404344a6ab2063ec50ceeb9f5031d4965aa35c64576f8f1a,True,30,31,3,3,0.08635578583765112,0.65,0.19999999999999998,0.65
qwq-32b,d35ff55eca6c7f6db36a73934025f3c5,aff55cd39778e63cc7a61cf44d5673a2e0910b43b3211d1be70b3b49dacd9ee4,False,36,37,3,3,0.09336941813261164,0.6000000000000001,0.19999999999999998,0.6000000000000001
qwq-32b,df37dd0f3c463be2b4787059b63a9028,fe46d5c11d0a82335362a8134d209ed57711ba46c5e4ee3c3fb2acddf52653cb,True,49,50,4,5,0.10143042912873862,0.25,0.19999999999999998,0.0
qwq-32b,df37dd0f3c463be2b4787059b63a9028,85fbbcdd951cdd11c6dd4b3a22f1870e0d0cb0ae17d694add26d09fce82d63df,False,58,59,4,30,0.5148413510747185,0.9500000000000001,0.15000000000000002,0.9
qwq-32b,f31c3814e305d57f67bdcfac27ec4bc2,26b420c50c2b071c59542606ec265436861ad9add95bd8afc6e281fca2b3c345,True,57,58,4,0,0.0,0.09736842105263158,0.09736842105263158,0.052631578947368446
qwq-32b,f31c3814e305d57f67bdcfac27ec4bc2,94428a9915ac1430f13264bd04845456e289532305592234cbbc95ee0552f973,False,86,87,4,12,0.17128139085640695,0.9473684210526316,0.09999999999999999,0.9473684210526316
qwq-32b,11340d814fe69bcd7dec113898fd5947,95abce59bb42b975a67873ff564c0ee49fc56936ca686681d80a1dccc2f81399,True,34,35,13,34,1.0,0.7500000000000001,0.0,0.3500000000000001
qwq-32b,11340d814fe69bcd7dec113898fd5947,c19e0fe5e69810d2429d75603f734445ae79d84220cfc7ec3b7dc927760c033c,False,120,121,13,56,0.4719507781397032,0.4,0.19999999999999998,0.2
qwq-32b,288897f502a272f8f0b8b999354a154d,14531725a85e291b4787fd2017b416e6563d6589fd2642fcd567ed4fa7ce8adb,True,249,250,8,11,0.04254313401087213,0.45000000000000007,0.2,0.14999999999999994
qwq-32b,288897f502a272f8f0b8b999354a154d,05d79f349b0fceda9b78033afb1b7118166896849c08ce0ec7b61d8f1966707d,False,164,165,7,40,0.23200822481151473,0.7,0.15000000000000002,0.7
qwq-32b,3544e050c3ae29b6422ea56dc506cd8d,fde349ee49ab8bcb7e6835d17cf6459a930ae7effffbf7b9147f5c8b58050cb7,True,94,95,4,0,0.0,0.09999999999999998,0.09999999999999998,0.050000000000000024
qwq-32b,3544e050c3ae29b6422ea56dc506cd8d,152bceb94386f7428ad239103bd805252a584ebe0793d9bd6d5ca0254872d4ea,False,59,60,4,20,0.3172782874617737,0.95,0.0,0.95
qwq-32b,46f5a66a841fae109fc92ccdb9448abe,f531e94d767d2fd1a288c888b470c19ea86646d0bdb7c2847e8de8d3ec4098ce,True,45,46,8,26,0.5782493368700266,1.0,0.15789473684210528,0.4722222222222222
qwq-32b,46f5a66a841fae109fc92ccdb9448abe,29ede6860bc6755beb12eb33ff698a9d921974682ff9fb7a3dbe8b7e1a7958bc,False,78,79,10,73,0.9175686927560366,0.45,0.17222222222222222,0.2618421052631579
qwq-32b,4d6344707f7581b02e4f545c4d51d472,bf6abc6095b57ee48afeedacfa3f73a67000f757040b79ebb1a6062f0ad1be5b,True,51,52,4,51,1.0,0.8500000000000001,0.0,0.3
qwq-32b,4d6344707f7581b02e4f545c4d51d472,bc6bbaed7996a82e9d77416185fa1db7c845946a3f99f570cfa5392dec374e8f,False,48,49,4,2,0.027692307692307693,0.25,0.1657894736842105,0.25
qwq-32b,69e678eb784186f4820bb4b3d48b33b9,d8792046668dc6f4c78f2b4f940c68050da6209cea9c7d44a6e6754cf59754be,True,57,58,10,11,0.2494553376906318,0.4,0.15000000000000002,0.4
qwq-32b,69e678eb784186f4820bb4b3d48b33b9,34c1058b72997e249988a8ef0a5f344603971a87e303b1cbf53a37f8a8f958c7,False,52,53,8,51,0.9806996381182147,0.85,0.04999999999999997,0.75
qwq-32b,715eb949cafa36ccc69ff816a68a68bd,6d1114601c63cf3de4d2e3c3e220768313519dac6c0141f2de496b2665eaa504,True,76,77,10,13,0.1894167167769092,0.5,0.050000000000000024,0.25
qwq-32b,715eb949cafa36ccc69ff816a68a68bd,06ada615d3cfdf2079d35bd4f54bae0b92bc16423d0cf6bab37bc9faa1e1429d,False,92,93,16,53,0.5769061260467166,0.8500000000000001,0.19999999999999998,0.6000000000000001
qwq-32b,855d2426bc87f84b919fa59d39097374,59f2cbe77f62b8ae5a179afdc3a8f6f588ed2fe7f8cda82b74eccf5d2ebe45d4,True,80,81,3,34,0.4749190938511327,0.6,0.19999999999999998,0.35
qwq-32b,855d2426bc87f84b919fa59d39097374,1a5f4d0358f3c3dbb2dca48de057da16bd780173f5584940491d338fa1c62925,False,23,24,3,16,0.6468085106382979,0.4,0.15,0.24999999999999997
qwq-32b,9d8432d3b13c02fb04b55e0a74c6c063,d5d358ac6f02e5783ec0778f62931aedf7c8ac2a6f3b5f5b32bac1aff97d8edb,True,110,111,7,69,0.66484268125855,0.6973684210526316,0.1578947368421053,0.3960526315789473
qwq-32b,9d8432d3b13c02fb04b55e0a74c6c063,fcd6d1d7efb2be37cbf2f85c8622909883847da99d137923179cbdfccabd976a,False,52,53,8,35,0.6346153846153846,0.8,0.15789473684210528,0.6499999999999999
qwq-32b,ab944ef1e6f39bfd785f38954f9458c1,e71bd2f7380df745bf2c5fc766431f906c1533a41f8fe420e76ad912dcd0f8e6,True,88,89,18,56,0.5860927152317881,0.65,0.18333333333333335,0.4
qwq-32b,ab944ef1e6f39bfd785f38954f9458c1,065db248c7872cc1813f1bb530cbd2e9aa11cbc493563f832e3fd0000ee9d9a0,False,63,64,21,50,0.7280858676207513,0.8,0.19999999999999996,0.5000000000000001
qwq-32b,c13ba1d468ea408964a3ccd245638056,5bc715e11f501167224d27ee4eeefe85e90909b4acbcba6568afa34d0f7f1764,True,29,30,3,27,0.9166666666666666,1.0,0.15000000000000002,0.09999999999999999
qwq-32b,c13ba1d468ea408964a3ccd245638056,415871ced5003659f932b3f34296b2d48e763966c9fb73dcdaa1b1b7299ba8a1,False,100,101,6,10,0.0855421686746988,0.2777777777777778,0.17251461988304093,0.15000000000000002
qwq-32b,d5242ac7089552f0687edd0e403512da,c69b7779f5b5fa7e6f3bf089c9f708caf9b31ab99a4a4d3ed5a19bbd5d3c27bc,True,222,223,3,220,0.9920948616600791,0.9,0.13888888888888887,0.35
qwq-32b,d5242ac7089552f0687edd0e403512da,bdf5ecc0a66e06a276444a4da2d34d2e35017011d2665ff6e4b85ab73965d1cf,False,30,31,4,12,0.3121869782971619,0.25,0.19999999999999998,0.2
qwq-32b,dfa32d028f082d978149d2633a2c8bf3,776dab66716db116ecdb0fcf5963266064e1db50508ebdf097ef26c2c141d500,True,39,40,10,25,0.6328437917222964,0.7000000000000002,0.17777777777777776,0.7000000000000001
qwq-32b,dfa32d028f082d978149d2633a2c8bf3,75911906cb6b4db9b0c022e7cac5f702cd3ee193391eb6294de6d1985b9d0f4b,False,20,21,7,9,0.4132029339853301,0.6842105263157894,0.052631578947368446,0.6842105263157894
qwq-32b,f5479a460521f2a3b96e7924882b06d9,2ef032c80ceb4187744b2da97ea542cfa04b0eb68fac8200e613e67b01bca2b3,False,49,50,16,16,0.3020361990950226,0.8500000000000001,0.09999999999999998,0.8500000000000001
qwq-32b,224470287933cd1645a9c37f922eb1c8,cb6ace971c562fcf652d17b0b2288fb5d4373f259de6bd6f3cc5adcb1859bc38,True,69,70,1,0,0.0,0.0,0.0,0.0
qwq-32b,224470287933cd1645a9c37f922eb1c8,6ebcf8af66e72290a340596840f7a041a2d736c7b13a1e15786a611e4c1c67d8,False,86,87,2,0,0.0,0.050000000000000024,0.050000000000000024,0.0
qwq-32b,28891dd6ff7aaeaf92456def52f81530,b3451e5b013d1367f999fa3ef7d8f8bdcbb6f5878c74ed12e1c6aad5d403aeef,True,104,105,25,32,0.3326122228231477,0.35000000000000003,0.2,0.30000000000000004
qwq-32b,28891dd6ff7aaeaf92456def52f81530,11eabedc3e0195a49aa4ca985e23b03271f73da56c37f7b1e0856c86001fbf46,False,165,166,61,155,0.9235406091370558,0.9500000000000002,0.2,0.2
qwq-32b,392e2a9bea699b47177b6179d80b2b23,296c5f11f5807b9076d325445402eafc0de69d9578edcb6c48cc2610a2597871,True,47,48,8,43,0.875882946518668,0.25,0.1921052631578947,0.14999999999999997
qwq-32b,392e2a9bea699b47177b6179d80b2b23,f0803cd84a6860dccebb435e54c3f87122981245b6ea5d5deb927bb6543adad1,False,166,167,18,107,0.6482094492928077,1.0,0.19999999999999998,0.5027777777777778
qwq-32b,47601c56544121804558b55dbddc694b,28caf5136b13426bbf73b864feafff65df84172206b939d3c53a158adf75b854,True,33,34,3,8,0.2961730449251248,0.55,0.05526315789473681,0.5
qwq-32b,47601c56544121804558b55dbddc694b,842d2a7022a331f664937dce94099108806260e98bb3cc926d6aaade61f1ec68,False,21,22,3,11,0.4693396226415094,0.6,0.2,0.35
qwq-32b,5355d6e5738c1e76aa8f1441131c9295,06a66399b75c4cb99fb6909dacefcd618cb518bc7c6c49ea9234b61c3102c058,True,22,23,2,0,0.0,0.09999999999999999,0.09999999999999999,0.09999999999999999
qwq-32b,5355d6e5738c1e76aa8f1441131c9295,573044d97b28cb6d6c1f7601b77e697f42b6f507eb6a272e4c8c6120d1da7582,False,38,39,2,10,0.2781136638452237,0.9473684210526316,0.09999999999999999,0.9473684210526316
qwq-32b,6a6759f19289095fe5bdee59a062046c,0e6ee68a62a4f6412b55af9abbcf69d9f6b8546fa3fcc364d9f6f62fc5235dbe,True,35,36,4,0,0.0,0.052631578947368446,0.052631578947368446,0.0
qwq-32b,6a6759f19289095fe5bdee59a062046c,d0c2505595af6cb724734a4edb25cf5aab5ebe4815e33d796980406c0afca936,False,103,104,6,13,0.16666666666666666,0.9,0.11764705882352942,0.9
qwq-32b,719442a3ee1c00332a6b77c30ce987cd,f39752be0372d202e499b536622756c069a4431554dec8c0a5a9aae9d7a531f4,True,82,83,10,46,0.5616547334924423,0.8,0.2,0.425
qwq-32b,719442a3ee1c00332a6b77c30ce987cd,761f3ce7e438199a82b675f51a98b80a9544387f215e1e0667d407f946395fd3,False,44,45,9,24,0.4972451790633609,1.0,0.15,0.8
qwq-32b,85684e0c092976faa0b788ef96b0a1ff,9d063bfc9fd5717d56b64b06038c0c03a9d07b7e59c2b8e7185470fe7b7e7dd8,True,115,116,10,106,0.9096276112624887,0.8333333333333335,0.19999999999999998,0.8333333333333334
qwq-32b,85684e0c092976faa0b788ef96b0a1ff,8f445ff3782e6689a0ac48cebf36f07f9afd12369c2336402535ac048d15d9e4,False,29,30,10,14,0.4146868250539957,0.5116959064327484,0.15,0.368421052631579
qwq-32b,a255fd4b2fac78a3faaf47bd17cd723f,3e1965def37b6b66e76d94f0ca7252620a68634bc577575c189fd3638aefad09,True,70,71,9,8,0.12752293577981652,0.3236842105263158,0.2,0.19999999999999998
qwq-32b,a255fd4b2fac78a3faaf47bd17cd723f,854808ede90841d86d8352540dda016cd726f4376b7f8357d8590106bb03e6fe,False,187,188,20,147,0.7516703786191536,0.8421052631578947,0.09999999999999999,0.39210526315789473
qwq-32b,b9e317df6f71d14e177013c57587becf,c8233ff679c4a3309df109f88fdc6a023c3d5d4a3caa2ca4eee0b7dd8032b4fc,True,31,32,2,13,0.41001564945226915,0.85,0.0,0.85
qwq-32b,b9e317df6f71d14e177013c57587becf,3fd12a80b2e2d7e841a3d19adb9a1e4a4227f4fadeb3340b37da00a85c40a1bd,False,28,29,2,11,0.3660377358490566,0.25,0.050000000000000024,0.19999999999999998
qwq-32b,c150008220a1497832471d8e8d4e2edb,1a0d72a323a0ceb564bf7435f414b0a4fe032ad94e1a7650eed62bf3ca4eaf20,True,87,88,5,11,0.10568031704095113,0.35,0.19999999999999996,0.35
qwq-32b,c150008220a1497832471d8e8d4e2edb,4d658f9a872d08b53eaa250f7f55b21fb1a0aad831f32778be264820a96a5d9a,False,37,38,5,13,0.2906530089628681,0.8947368421052632,0.15,0.8947368421052632
qwq-32b,d9520eadbc83f9f98a8fb0442b0a7acc,b045daf28fd4a1212d239e49d6cab41d9eb3e3c9840ac7292b2d4d400f6151a4,True,115,116,6,44,0.39991122947181534,0.75,0.2,0.6
qwq-32b,d9520eadbc83f9f98a8fb0442b0a7acc,e4787b4bbab5bbe8ffa1e357d1e83d0ecbca67b550a8c591d16102540413caac,False,47,48,6,18,0.3771551724137931,0.4,0.2,0.30000000000000004
qwq-32b,e71511f59eb934d904d9e69b91fb59ac,b7d618f6bc537db96a62f47fa00f3683a920775c2c54bf84ab8a5d3ac7497d06,True,90,91,5,0,0.0,0.2,0.2,0.09999999999999999
qwq-32b,e71511f59eb934d904d9e69b91fb59ac,bd573361277a67ca6875a9475d4ddc497628d019858af8169485367eb0783e93,False,118,119,4,83,0.7409031126698816,0.9,0.19999999999999996,0.225
qwq-32b,fa3f1534a8d672e364f916665953a826,818c33b59c5854937ed38b4c00ca9e8b3402344eacc081b804c0e6e7dc419257,True,46,47,8,42,0.8849557522123894,0.8999999999999999,0.14999999999999997,0.85
qwq-32b,fa3f1534a8d672e364f916665953a826,a7d4265c9818856af772783fa7ef6d71764d782836ec0bf749357b177589a3eb,False,36,37,4,1,0.0113314447592068,0.20000000000000004,0.15,0.19999999999999996
